party_id,party_at_fault,party1_type,party1_dir_of_travel,party1_move_pre_acc,party2_type,party2_dir_of_travel,party2_move_pre_acc,type_of_collision,involves_pedestrian,involves_bicycle,involves_motorcycle,involves_vehicle,ped_action,point,mviw
489,,Bicyclist,South,Proceeding Straight,Unknown,Unknown,Unknown,Not Stated,0,0,0,0,No Pedestrian Involved,POINT (-122.419181704 37.7831014),Non-Collision
490,1.0,Driver,South,Proceeding Straight,Unknown,Unknown,Unknown,Hit Object,0,0,0,1,No Pedestrian Involved,POINT (-122.420130343 37.746576031),Other Object
491,1.0,Driver,East,Making Right Turn,Pedestrian,North,Proceeding Straight,Vehicle/Pedestrian,1,0,0,1,Crossing in Crosswalk at Intersection,POINT (-122.41790141 37.785167215),Pedestrian
492,1.0,Driver,West,Making Right Turn,Bicyclist,West,Proceeding Straight,Broadside,0,1,0,1,No Pedestrian Involved,POINT (-122.423396761 37.771885644),Bicycle
493,1.0,Driver,Not Stated,Making Left Turn,Driver,North,Making Left Turn,Sideswipe,0,0,0,1,No Pedestrian Involved,POINT (-122.395150932 37.789234699),Other Motor Vehicle
494,,Driver,South,Making Left Turn,Pedestrian,East,Proceeding Straight,Vehicle/Pedestrian,1,0,0,1,Crossing in Crosswalk at Intersection,POINT (-122.400933082 37.792108404),Pedestrian
495,1.0,Driver,North,Passing Other Vehicle,Driver,North,Stopped In Road,Sideswipe,0,0,0,1,No Pedestrian Involved,POINT (-122.388743154 37.740268088),Other Motor Vehicle
496,1.0,Other,South,Making Left Turn,Driver,West,Proceeding Straight,Broadside,0,0,0,1,No Pedestrian Involved,POINT (-122.415315615 37.780719177),Other Object
497,1.0,Driver,North,Proceeding Straight,Driver,North,Stopped In Road,Rear End,0,0,0,1,No Pedestrian Involved,POINT (-122.466541411 37.767295369),Other Motor Vehicle
498,1.0,Driver,East,Changing Lanes,Driver,East,Proceeding Straight,Sideswipe,0,0,0,1,No Pedestrian Involved,POINT (-122.419254629 37.774863506),Other Motor Vehicle
499,1.0,Driver,East,Proceeding Straight,Unknown,Unknown,Unknown,Overturned,0,0,0,1,No Pedestrian Involved,POINT (-122.413840734 37.733017881),Fixed Object
500,1.0,Driver,East,Making Left Turn,Bicyclist,West,Proceeding Straight,Head-On,0,1,0,1,No Pedestrian Involved,POINT (-122.41469003 37.758895989),Bicycle
501,1.0,Driver,East,Proceeding Straight,Driver,East,Stopped In Road,Rear End,0,0,0,1,No Pedestrian Involved,POINT (-122.48665391 37.729585937),Other Motor Vehicle
502,1.0,Driver,South,Stopped In Road,Driver,South,Stopped In Road,Rear End,0,0,0,1,No Pedestrian Involved,POINT (-122.408815168 37.781055889),Other Motor Vehicle
503,1.0,Driver,West,Merging,Bicyclist,West,Proceeding Straight,Broadside,0,1,0,1,No Pedestrian Involved,POINT (-122.421230692 37.763328993),Bicycle
504,1.0,Driver,East,Proceeding Straight,Driver,North,Proceeding Straight,Broadside,0,0,0,1,No Pedestrian Involved,POINT (-122.402377492 37.779458715),Other Motor Vehicle
505,1.0,Pedestrian,East,Proceeding Straight,Driver,South,Making Right Turn,Sideswipe,1,0,0,1,Crossing in Crosswalk at Intersection,POINT (-122.421885135 37.764903692),Pedestrian
506,,Bicyclist,West,Proceeding Straight,Driver,West,Making Right Turn,Broadside,0,1,0,1,No Pedestrian Involved,POINT (-122.474692756 37.713674015),Bicycle
507,1.0,Driver,East,Proceeding Straight,Driver,South,Proceeding Straight,Broadside,0,0,0,1,No Pedestrian Involved,POINT (-122.421941248 37.773036051),Other Motor Vehicle
508,1.0,Driver,North,Making Left Turn,Driver,South,Proceeding Straight,Hit Object,0,0,0,1,No Pedestrian Involved,POINT (-122.439297625 37.782450481),Fixed Object
509,,Bicyclist,East,Proceeding Straight,Unknown,Unknown,Unknown,Hit Object,0,0,0,0,No Pedestrian Involved,POINT (-122.412488611 37.780482846),Other Object
510,1.0,Other,North,Proceeding Straight,Driver,North,Changing Lanes,Vehicle/Pedestrian,1,0,0,1,No Pedestrian Involved,POINT (-122.420653869 37.790412744),Other Motor Vehicle
511,1.0,Driver,South,Stopped,Driver,South,Proceeding Straight,Rear End,0,0,0,1,No Pedestrian Involved,POINT (-122.418194058 37.748233753),Other Motor Vehicle
512,,Driver,East,Stopped In Road,Driver,East,Stopped In Road,Rear End,0,0,0,1,No Pedestrian Involved,POINT (-122.452533423 37.723094453),Other Motor Vehicle
513,1.0,Driver,West,Proceeding Straight,Driver,East,Proceeding Straight,Other,0,0,0,1,No Pedestrian Involved,POINT (-122.420439518 37.781030842),Non-Collision
514,,Driver,East,Stopped,Driver,East,Other,Rear End,0,0,0,1,No Pedestrian Involved,POINT (-122.415613781 37.768537387),Other Motor Vehicle
515,,Pedestrian,West,Entering Traffic,Driver,North,Making Right Turn,Vehicle/Pedestrian,1,0,0,1,No Pedestrian Involved,POINT (-122.466830335 37.786568136),Pedestrian
516,1.0,Driver,North,Making Left Turn,Driver,South,Proceeding Straight,Head-On,0,0,0,1,No Pedestrian Involved,POINT (-122.464172023 37.76413087),Other Motor Vehicle
517,1.0,Driver,Not Stated,Making Left Turn,Pedestrian,North,Not Stated,Vehicle/Pedestrian,1,0,0,1,Crossing in Crosswalk at Intersection,POINT (-122.484705307 37.780080213),Pedestrian
518,1.0,Driver,North,Changing Lanes,Driver,North,Proceeding Straight,Rear End,0,0,0,1,No Pedestrian Involved,POINT (-122.392791225 37.778884809),Other Motor Vehicle
519,1.0,Driver,North,Proceeding Straight,Driver,South,Stopped In Road,Head-On,0,0,0,1,No Pedestrian Involved,POINT (-122.407773228 37.767955144),Other Motor Vehicle
520,1.0,Driver,East,Making Right Turn,Driver,East,Proceeding Straight,Sideswipe,0,0,0,1,No Pedestrian Involved,POINT (-122.419506294 37.776368869),Other Motor Vehicle
521,1.0,Driver,South,Proceeding Straight,Driver,South,Parking Maneuver,Rear End,0,0,0,1,No Pedestrian Involved,POINT (-122.411594375 37.734222071),Other Motor Vehicle
522,2.0,Pedestrian,Not Stated,Not Stated,Driver,East,Proceeding Straight,Vehicle/Pedestrian,1,0,0,1,"In Road, Including Shoulder",POINT (-122.394973923 37.723057349),Pedestrian
523,1.0,Driver,North,Ran Off Road,Unknown,Unknown,Unknown,Head-On,0,0,0,1,No Pedestrian Involved,POINT (-122.417805819 37.784709804),Other Object
524,1.0,Driver,West,Proceeding Straight,Driver,South,Proceeding Straight,Broadside,0,0,0,1,No Pedestrian Involved,POINT (-122.47462383 37.743096614),Other Motor Vehicle
525,1.0,Driver,North,Proceeding Straight,Unknown,Unknown,Unknown,Overturned,0,0,0,1,No Pedestrian Involved,POINT (-122.471486575 37.769522859),Fixed Object
526,1.0,Bicyclist,East,Proceeding Straight,Driver,South,Proceeding Straight,Broadside,0,1,0,1,No Pedestrian Involved,POINT (-122.433929087 37.749695809),Bicycle
527,1.0,Driver,South,Proceeding Straight,Driver,South,Proceeding Straight,Rear End,0,0,0,1,No Pedestrian Involved,POINT (-122.446104332 37.77399682),Other Motor Vehicle
528,,Bicyclist,South,Proceeding Straight,Parked Vehicle,South,Parked,Head-On,0,1,0,0,No Pedestrian Involved,POINT (-122.420786912 37.753429272),Bicycle
529,,Driver,East,Proceeding Straight,Driver,East,Stopped,Rear End,0,0,0,1,No Pedestrian Involved,POINT (-122.44660865 37.720724224),Other Motor Vehicle
530,1.0,Driver,North,Proceeding Straight,Unknown,Unknown,Unknown,Not Stated,0,0,0,1,No Pedestrian Involved,POINT (-122.472572455 37.717173869),Other Object
531,1.0,Driver,South,Proceeding Straight,Pedestrian,East,Proceeding Straight,Vehicle/Pedestrian,1,0,0,1,Crossing Not in Crosswalk,POINT (-122.391521351 37.732431908),Pedestrian
532,1.0,Driver,North,Proceeding Straight,Driver,North,Stopped In Road,Rear End,0,0,0,1,No Pedestrian Involved,POINT (-122.390891409 37.778617152),Other Motor Vehicle
533,1.0,Driver,West,Changing Lanes,Driver,West,Proceeding Straight,Sideswipe,0,0,0,1,No Pedestrian Involved,POINT (-122.438581571 37.787324904),Other Motor Vehicle
534,1.0,Driver,West,Proceeding Straight,Driver,West,Making Right Turn,Sideswipe,0,0,0,1,No Pedestrian Involved,POINT (-122.410076848 37.772526444),Other Motor Vehicle
535,1.0,Driver,West,Proceeding Straight,Driver,West,Stopped In Road,Rear End,0,0,0,1,No Pedestrian Involved,POINT (-122.434356181 37.774468329),Other Motor Vehicle
536,1.0,Driver,South,Proceeding Straight,Unknown,Unknown,Unknown,Hit Object,0,0,0,1,No Pedestrian Involved,POINT (-122.47216229 37.730433683),Fixed Object
537,1.0,Pedestrian,East,Other,Driver,North,Proceeding Straight,Vehicle/Pedestrian,1,0,0,1,Crossing Not in Crosswalk,POINT (-122.472173619 37.778728021),Pedestrian
538,1.0,Driver,North,Backing,Driver,North,Stopped In Road,Sideswipe,0,0,0,1,No Pedestrian Involved,POINT (-122.496993418 37.73837343),Other Motor Vehicle
539,1.0,Driver,East,Proceeding Straight,Parked Vehicle,Not Stated,Parked,Rear End,0,0,0,1,No Pedestrian Involved,POINT (-122.410642626 37.786082069),Parked Motor Vehicle
540,,Pedestrian,Not Stated,Not Stated,Driver,West,Proceeding Straight,Vehicle/Pedestrian,1,0,0,1,"In Road, Including Shoulder",POINT (-122.409514734 37.806128379),Pedestrian
541,1.0,Driver,North,Making Right Turn,Driver,North,Proceeding Straight,Overturned,0,0,0,1,No Pedestrian Involved,POINT (-122.414669837 37.776197617),Non-Collision
542,1.0,Driver,South,Proceeding Straight,Driver,East,Proceeding Straight,Broadside,0,0,0,1,No Pedestrian Involved,POINT (-122.424170564 37.799484533),Motor Vehicle on Other Roadway
543,1.0,Driver,South,Proceeding Straight,Driver,West,Making Left Turn,Broadside,0,0,0,1,No Pedestrian Involved,POINT (-122.47528561 37.714130222),Other Motor Vehicle
544,1.0,Driver,South,Making Left Turn,Driver,East,Proceeding Straight,Broadside,0,0,0,1,No Pedestrian Involved,POINT (-122.459005468 37.71138733),Other Motor Vehicle
545,1.0,Driver,North,Making Left Turn,Pedestrian,South,Proceeding Straight,Vehicle/Pedestrian,1,0,0,1,Crossing in Crosswalk at Intersection,POINT (-122.414711003 37.77623052),Pedestrian
546,1.0,Driver,East,Proceeding Straight,Driver,North,Proceeding Straight,Broadside,0,0,0,1,No Pedestrian Involved,POINT (-122.433973158 37.781218802),Other Motor Vehicle
547,1.0,Driver,West,Proceeding Straight,Driver,West,Stopped,Rear End,0,0,0,1,No Pedestrian Involved,POINT (-122.46644249 37.765924663),Other Motor Vehicle
548,1.0,Driver,East,Slowing/Stopping,Driver,East,Stopped In Road,Rear End,0,0,0,1,No Pedestrian Involved,POINT (-122.44569731 37.787400748),Other Motor Vehicle
549,1.0,Bicyclist,East,Proceeding Straight,Driver,North,Making Left Turn,Broadside,0,1,0,1,No Pedestrian Involved,POINT (-122.433851103 37.748895972),Bicycle
550,1.0,Driver,West,Making Left Turn,Other,East,Proceeding Straight,Head-On,0,0,0,1,No Pedestrian Involved,POINT (-122.433512992 37.74891619),Not Stated
551,1.0,Pedestrian,Not Stated,Stopped In Road,Driver,South,Backing,Vehicle/Pedestrian,1,0,0,1,"In Road, Including Shoulder",POINT (-122.417284996 37.774468734),Pedestrian
552,1.0,Driver,East,Making Left Turn,Driver,North,Proceeding Straight,Broadside,0,0,0,1,No Pedestrian Involved,POINT (-122.441317764 37.718634056),Other Motor Vehicle
553,1.0,Driver,West,Proceeding Straight,Driver,North,Not Stated,Broadside,0,0,0,1,No Pedestrian Involved,POINT (-122.416413489 37.75396777),Other Motor Vehicle
554,1.0,Driver,North,Proceeding Straight,Driver,North,Proceeding Straight,Rear End,0,0,0,1,No Pedestrian Involved,POINT (-122.413676361 37.780926855),Other Motor Vehicle
555,,Driver,West,Proceeding Straight,Driver,West,Proceeding Straight,Rear End,0,0,0,1,No Pedestrian Involved,POINT (-122.428948567 37.76750446),Other Motor Vehicle
556,1.0,Driver,East,Entering Traffic,Driver,South,Stopped,Broadside,0,0,0,1,No Pedestrian Involved,POINT (-122.464190038 37.764388862),Other Motor Vehicle
557,,Driver,West,Parked,Pedestrian,North,Stopped In Road,Vehicle/Pedestrian,1,0,0,1,Crossing in Crosswalk at Intersection,POINT (-122.402228639 37.798429701),Pedestrian
558,,Pedestrian,West,Other,Driver,Not Stated,Proceeding Straight,Vehicle/Pedestrian,1,0,0,1,Crossing Not in Crosswalk,POINT (-122.415127953 37.775889703),Pedestrian
559,1.0,Driver,South,Proceeding Straight,Driver,North,Making Left Turn,Head-On,0,0,0,1,No Pedestrian Involved,POINT (-122.459178766 37.785681691),Other Motor Vehicle
560,1.0,Driver,Not Stated,Parked,Bicyclist,Not Stated,Proceeding Straight,Sideswipe,0,1,0,1,No Pedestrian Involved,POINT (-122.40163425 37.800432388),Bicycle
561,1.0,Pedestrian,South,Other,Driver,East,Proceeding Straight,Vehicle/Pedestrian,1,0,0,1,Crossing Not in Crosswalk,POINT (-122.425769018 37.777477026),Pedestrian
562,1.0,Driver,East,Proceeding Straight,Pedestrian,East,Proceeding Straight,Vehicle/Pedestrian,1,0,0,1,"In Road, Including Shoulder",POINT (-122.414583441 37.78368042),Pedestrian
563,1.0,Driver,South,Proceeding Straight,Bicyclist,West,Proceeding Straight,Broadside,0,1,0,1,No Pedestrian Involved,POINT (-122.445081963 37.802561816),Bicycle
564,1.0,Pedestrian,South,Proceeding Straight,Driver,West,Proceeding Straight,Vehicle/Pedestrian,1,0,0,1,Crossing Not in Crosswalk,POINT (-122.408898871 37.777588155),Pedestrian
565,1.0,Driver,West,Proceeding Straight,Driver,South,Making Left Turn,Broadside,0,0,0,1,No Pedestrian Involved,POINT (-122.399974261 37.721637499),Other Motor Vehicle
566,,Driver,South,Proceeding Straight,Unknown,Unknown,Unknown,Other,0,0,0,1,No Pedestrian Involved,POINT (-122.423165553 37.777815246),Other Object
567,,Pedestrian,North,Proceeding Straight,Driver,West,Proceeding Straight,Vehicle/Pedestrian,1,0,0,1,Crossing in Crosswalk at Intersection,POINT (-122.41314805 37.780993783),Pedestrian
568,1.0,Driver,South,Proceeding Straight,Driver,South,Proceeding Straight,Rear End,0,0,0,1,No Pedestrian Involved,POINT (-122.399537243 37.786661533),Other Motor Vehicle
569,1.0,Driver,East,Ran Off Road,Unknown,Unknown,Unknown,Hit Object,0,0,0,1,No Pedestrian Involved,POINT (-122.416989519 37.789113664),Fixed Object
570,1.0,Driver,West,Entering Traffic,Driver,West,Proceeding Straight,Sideswipe,0,0,0,1,No Pedestrian Involved,,Other Motor Vehicle
571,1.0,Pedestrian,Not Stated,Proceeding Straight,Driver,East,Proceeding Straight,Vehicle/Pedestrian,1,0,0,1,"In Road, Including Shoulder",POINT (-122.419052607 37.758632567),Pedestrian
572,1.0,Driver,East,Making U Turn,Driver,West,Proceeding Straight,Broadside,0,0,0,1,No Pedestrian Involved,POINT (-122.446916797 37.72029726),Other Motor Vehicle
573,1.0,Driver,North,Changing Lanes,Driver,North,Proceeding Straight,Rear End,0,0,0,1,No Pedestrian Involved,POINT (-122.404357349 37.744764435),Other Motor Vehicle
574,1.0,Bicyclist,East,Proceeding Straight,Parked Vehicle,Not Stated,Parked,Sideswipe,0,0,0,0,No Pedestrian Involved,POINT (-122.440745497 37.770797827),Parked Motor Vehicle
575,1.0,Driver,West,Making Left Turn,Pedestrian,North,Not Stated,Vehicle/Pedestrian,1,0,0,1,Crossing Not in Crosswalk,POINT (-122.397385538 37.782553593),Pedestrian
576,1.0,Driver,South,Proceeding Straight,Driver,West,Proceeding Straight,Broadside,0,0,0,1,No Pedestrian Involved,POINT (-122.42063825 37.781960766),Other Motor Vehicle
577,,Driver,North,Proceeding Straight,Unknown,Unknown,Unknown,Hit Object,0,0,0,1,No Pedestrian Involved,POINT (-122.445435992 37.715425417),Fixed Object
578,1.0,Driver,East,Making Left Turn,Driver,South,Proceeding Straight,Broadside,0,0,0,1,No Pedestrian Involved,POINT (-122.398211815 37.714412664),Other Motor Vehicle
579,,Driver,South,Proceeding Straight,Driver,South,Stopped In Road,Rear End,0,0,0,1,No Pedestrian Involved,POINT (-122.39538132 37.796775449),Other Motor Vehicle
580,1.0,Driver,East,Proceeding Straight,Pedestrian,South,Not Stated,Vehicle/Pedestrian,1,0,0,1,Crossing in Crosswalk at Intersection,POINT (-122.449666857 37.775395152),Pedestrian
581,1.0,Pedestrian,West,Proceeding Straight,Driver,South,Stopped In Road,Broadside,1,0,0,1,Crossing Not in Crosswalk,POINT (-122.422328955 37.79036966),Other Motor Vehicle
582,1.0,Driver,West,Proceeding Straight,Driver,West,Stopped,Rear End,0,0,0,1,No Pedestrian Involved,POINT (-122.440171495 37.772784456),Other Motor Vehicle
583,,Driver,East,Not Stated,Driver,North,Not Stated,Broadside,0,0,0,1,No Pedestrian Involved,POINT (-122.427354637 37.750895899),Other Motor Vehicle
584,1.0,Pedestrian,West,Not Stated,Driver,North,Proceeding Straight,Vehicle/Pedestrian,1,0,0,1,Crossing in Crosswalk at Intersection,POINT (-122.394046389 37.795432406),Pedestrian
585,1.0,Pedestrian,East,Stopped In Road,Driver,South,Proceeding Straight,Vehicle/Pedestrian,1,0,0,1,Crossing Not in Crosswalk,POINT (-122.415895919 37.712148411),Pedestrian
586,1.0,Driver,South,Backing,Parked Vehicle,West,Parked,Vehicle/Pedestrian,1,0,0,1,"In Road, Including Shoulder",POINT (-122.467536952 37.739312449),Pedestrian
587,1.0,Driver,South,Proceeding Straight,Unknown,Unknown,Unknown,Overturned,0,0,0,1,No Pedestrian Involved,POINT (-122.397034795 37.789332653),Fixed Object
588,1.0,Driver,West,Other,Driver,West,Proceeding Straight,Sideswipe,0,0,0,1,No Pedestrian Involved,POINT (-122.397357125 37.720625597),Other Motor Vehicle
589,1.0,Driver,North,Making U Turn,Driver,North,Proceeding Straight,Broadside,0,0,0,1,No Pedestrian Involved,POINT (-122.458504636 37.776190406),Other Motor Vehicle
590,1.0,Driver,North,Proceeding Straight,Pedestrian,Not Stated,Stopped In Road,Vehicle/Pedestrian,1,0,0,1,Not in Road,POINT (-122.406475552 37.795144465),Pedestrian
591,1.0,Driver,North,Proceeding Straight,Pedestrian,West,Proceeding Straight,Vehicle/Pedestrian,1,0,0,1,Crossing in Crosswalk at Intersection,POINT (-122.408079101 37.794940688),Pedestrian
592,1.0,Bicyclist,North,Proceeding Straight,Driver,West,Making Right Turn,Broadside,0,1,0,1,No Pedestrian Involved,POINT (-122.428436981 37.734950949),Bicycle
593,1.0,Driver,East,Proceeding Straight,Pedestrian,East,Stopped,Vehicle/Pedestrian,1,0,0,1,"In Road, Including Shoulder",POINT (-122.428805597 37.742764287),Pedestrian
594,1.0,Driver,North,Proceeding Straight,Driver,West,Proceeding Straight,Head-On,0,0,0,1,No Pedestrian Involved,POINT (-122.495226538 37.753413818),Other Motor Vehicle
595,1.0,Driver,East,Proceeding Straight,Unknown,Unknown,Unknown,Hit Object,0,0,0,1,No Pedestrian Involved,POINT (-122.493090701 37.731397259),Fixed Object
596,1.0,Driver,West,Making Left Turn,Driver,South,Proceeding Straight,Overturned,0,0,0,1,No Pedestrian Involved,POINT (-122.410829501 37.734732915),Other Motor Vehicle
597,1.0,Driver,North,Merging,Driver,North,Making Left Turn,Sideswipe,0,0,0,1,No Pedestrian Involved,POINT (-122.407206394 37.798776309),Other Motor Vehicle
598,1.0,Driver,East,Proceeding Straight,Driver,North,Proceeding Straight,Broadside,0,0,0,1,No Pedestrian Involved,POINT (-122.415613781 37.768537387),Other Motor Vehicle
599,,Driver,South,Changing Lanes,Bicyclist,South,Proceeding Straight,Broadside,0,1,0,1,No Pedestrian Involved,POINT (-122.404070257 37.777272703),Bicycle
600,1.0,Driver,East,Proceeding Straight,Driver,East,Parked,Rear End,0,0,0,1,No Pedestrian Involved,POINT (-122.452542839 37.766427289),Other Motor Vehicle
601,1.0,Driver,North,Proceeding Straight,Parked Vehicle,North,Not Stated,Rear End,0,0,0,1,No Pedestrian Involved,POINT (-122.397761936 37.78285362),Parked Motor Vehicle
602,1.0,Driver,West,Making Left Turn,Bicyclist,South,Proceeding Straight,Broadside,0,1,0,1,No Pedestrian Involved,POINT (-122.4215784 37.76170091),Bicycle
603,1.0,Driver,South,Slowing/Stopping,Driver,South,Stopped In Road,Rear End,0,0,0,1,No Pedestrian Involved,POINT (-122.475288555 37.737454742),Other Motor Vehicle
604,1.0,Driver,East,Proceeding Straight,Driver,East,Stopped,Rear End,0,0,0,1,No Pedestrian Involved,POINT (-122.426526727 37.78790556),Other Motor Vehicle
605,1.0,Bicyclist,East,Proceeding Straight,Driver,East,Stopped,Rear End,0,1,0,1,No Pedestrian Involved,POINT (-122.417226194 37.805169649),Bicycle
606,,Driver,West,Proceeding Straight,Pedestrian,South,Proceeding Straight,Vehicle/Pedestrian,1,0,0,1,Crossing in Crosswalk at Intersection,POINT (-122.446547179 37.731537299),Pedestrian
607,1.0,Driver,South,Proceeding Straight,Pedestrian,East,Not Stated,Broadside,1,0,0,1,Not Stated,POINT (-122.43851739 37.719714398),Pedestrian
608,1.0,Driver,West,Proceeding Straight,Pedestrian,North,Proceeding Straight,Vehicle/Pedestrian,1,0,0,1,Crossing in Crosswalk at Intersection,POINT (-122.440999069 37.799198586),Pedestrian
609,1.0,Driver,South,Proceeding Straight,Driver,North,Proceeding Straight,Rear End,0,0,0,1,No Pedestrian Involved,POINT (-122.392607049 37.793984778),Other Motor Vehicle
610,1.0,Bicyclist,West,Proceeding Straight,Driver,Not Stated,Making Left Turn,Sideswipe,0,1,0,1,No Pedestrian Involved,POINT (-122.423290172 37.797680262),Bicycle
611,1.0,Driver,North,Proceeding Straight,Driver,East,Proceeding Straight,Broadside,0,0,0,1,No Pedestrian Involved,POINT (-122.424136499 37.774824795),Other Motor Vehicle
612,,Driver,Not Stated,Making Right Turn,Pedestrian,Not Stated,Proceeding Straight,Vehicle/Pedestrian,1,0,0,1,Crossing in Crosswalk at Intersection,POINT (-122.410764828 37.783214313),Pedestrian
613,1.0,Driver,North,Proceeding Straight,Pedestrian,West,Proceeding Straight,Vehicle/Pedestrian,1,0,0,1,Crossing in Crosswalk at Intersection,POINT (-122.471355902 37.743226753),Pedestrian
614,1.0,Driver,East,Making Left Turn,Driver,West,Proceeding Straight,Broadside,0,0,0,1,No Pedestrian Involved,POINT (-122.465237442 37.739686646),Other Motor Vehicle
615,1.0,Driver,East,Proceeding Straight,Driver,East,Making Right Turn,Sideswipe,0,0,0,1,No Pedestrian Involved,POINT (-122.449435 37.804126739),Other Motor Vehicle
616,1.0,Driver,East,Making U Turn,Driver,West,Proceeding Straight,Broadside,0,0,0,1,No Pedestrian Involved,POINT (-122.418490582 37.765122507),Other Motor Vehicle
617,1.0,Driver,South,Passing Other Vehicle,Driver,South,Making Right Turn,Sideswipe,0,0,0,1,No Pedestrian Involved,POINT (-122.415126956 37.779788528),Other Motor Vehicle
618,1.0,Driver,East,Proceeding Straight,Bicyclist,East,Stopped In Road,Vehicle/Pedestrian,1,1,0,1,"In Road, Including Shoulder",POINT (-122.401212892 37.789329777),Bicycle
619,,Bicyclist,West,Proceeding Straight,Bicyclist,West,Proceeding Straight,Sideswipe,0,0,0,0,No Pedestrian Involved,POINT (-122.416261263 37.772492916),Not Stated
620,1.0,Bicyclist,West,Proceeding Straight,Driver,North,Proceeding Straight,Broadside,0,1,0,1,No Pedestrian Involved,POINT (-122.476033098 37.748647508),Bicycle
621,1.0,Pedestrian,North,Other,Driver,West,Changing Lanes,Vehicle/Pedestrian,1,0,0,1,Crossing Not in Crosswalk,POINT (-122.414396588 37.786572143),Pedestrian
622,1.0,Driver,West,Proceeding Straight,Driver,South,Making Left Turn,Sideswipe,0,0,0,1,No Pedestrian Involved,POINT (-122.399369534 37.785899248),Other Motor Vehicle
623,1.0,Driver,South,Making Left Turn,Driver,East,Proceeding Straight,Broadside,0,0,0,1,No Pedestrian Involved,POINT (-122.410310841 37.806027717),Other Motor Vehicle
624,1.0,Driver,South,Stopped In Road,Bicyclist,South,Proceeding Straight,Other,0,1,0,1,No Pedestrian Involved,POINT (-122.403675767 37.784016283),Bicycle
625,1.0,Driver,South,Proceeding Straight,Unknown,Unknown,Unknown,Hit Object,0,0,0,1,No Pedestrian Involved,POINT (-122.428686203 37.764729599),Other Object
626,1.0,Driver,East,Proceeding Straight,Driver,South,Proceeding Straight,Broadside,0,0,0,1,No Pedestrian Involved,POINT (-122.475083581 37.780528535),Other Motor Vehicle
627,1.0,Other,North,Stopped,Bicyclist,North,Proceeding Straight,Sideswipe,0,1,0,0,No Pedestrian Involved,POINT (-122.412849623 37.770444961),Bicycle
628,1.0,Driver,North,Proceeding Straight,Driver,South,Stopped In Road,Head-On,0,0,0,1,No Pedestrian Involved,POINT (-122.414683767 37.794288119),Other Object
629,1.0,Driver,West,Proceeding Straight,Parked Vehicle,East,Parked,Sideswipe,0,0,0,1,No Pedestrian Involved,POINT (-122.388633818 37.728908429),Parked Motor Vehicle
630,1.0,Driver,East,Proceeding Straight,Parked Vehicle,West,Parked,Broadside,0,0,0,1,No Pedestrian Involved,POINT (-122.503709454 37.745555424),Parked Motor Vehicle
631,1.0,Bicyclist,East,Proceeding Straight,Driver,West,Making Left Turn,Head-On,0,1,0,1,No Pedestrian Involved,POINT (-122.476575148 37.786128282),Bicycle
632,1.0,Driver,North,Not Stated,Driver,North,Proceeding Straight,Sideswipe,0,0,0,1,No Pedestrian Involved,POINT (-122.394079843 37.788381021),Other Motor Vehicle
633,1.0,Driver,North,Making Left Turn,Driver,South,Proceeding Straight,Broadside,0,0,0,1,No Pedestrian Involved,POINT (-122.430181237 37.729859826),Other Motor Vehicle
634,1.0,Driver,West,Proceeding Straight,Driver,South,Proceeding Straight,Broadside,0,0,0,1,No Pedestrian Involved,POINT (-122.400485537 37.795875004),Other Motor Vehicle
635,1.0,Driver,North,Proceeding Straight,Driver,West,Proceeding Straight,Broadside,0,0,0,1,No Pedestrian Involved,POINT (-122.483936155 37.783930868),Other Motor Vehicle
636,1.0,Driver,West,Proceeding Straight,Driver,North,Proceeding Straight,Broadside,0,0,0,1,No Pedestrian Involved,POINT (-122.417609443 37.770407418),Other Motor Vehicle
637,1.0,Driver,Not Stated,Parking Maneuver,Bicyclist,Not Stated,Proceeding Straight,Other,0,1,0,1,No Pedestrian Involved,POINT (-122.431742477 37.777678533),Bicycle
638,,Pedestrian,West,Proceeding Straight,Driver,North,Proceeding Straight,Vehicle/Pedestrian,1,0,0,1,"In Road, Including Shoulder",POINT (-122.396504486 37.793097083),Pedestrian
639,,Driver,East,Parked,Pedestrian,Not Stated,Other,Vehicle/Pedestrian,1,0,0,1,"In Road, Including Shoulder",POINT (-122.417486595 37.765183135),Pedestrian
640,,Bicyclist,East,Proceeding Straight,Unknown,Unknown,Unknown,Other,0,0,0,0,No Pedestrian Involved,POINT (-122.435092235 37.762658149),Other Object
641,1.0,Driver,West,Proceeding Straight,Driver,West,Stopped,Rear End,0,0,0,1,No Pedestrian Involved,POINT (-122.405607548 37.732438658),Other Motor Vehicle
642,1.0,Driver,West,Proceeding Straight,Driver,West,Proceeding Straight,Rear End,0,0,0,1,No Pedestrian Involved,POINT (-122.439265087 37.787237867),Other Motor Vehicle
643,1.0,Driver,North,Making Left Turn,Driver,West,Proceeding Straight,Broadside,0,0,0,1,No Pedestrian Involved,POINT (-122.40063332 37.764897508),Other Motor Vehicle
644,1.0,Driver,South,Proceeding Straight,Driver,West,Proceeding Straight,Broadside,0,0,0,1,No Pedestrian Involved,POINT (-122.397574467 37.789762599),Other Motor Vehicle
645,1.0,Driver,West,Proceeding Straight,Driver,South,Proceeding Straight,Broadside,0,0,0,1,No Pedestrian Involved,POINT (-122.429652125 37.724343337),Other Motor Vehicle
646,1.0,Bicyclist,North,Proceeding Straight,Unknown,Unknown,Unknown,Sideswipe,0,0,0,0,No Pedestrian Involved,POINT (-122.481367953 37.778134813),Parked Motor Vehicle