party_id,party_at_fault,party1_type,party1_dir_of_travel,party1_move_pre_acc,party2_type,party2_dir_of_travel,party2_move_pre_acc,type_of_collision,involves_pedestrian,involves_bicycle,involves_motorcycle,involves_vehicle,ped_action,point,mviw
647,,Driver,East,Proceeding Straight,Driver,East,Making Left Turn,Sideswipe,0,0,0,1,No Pedestrian Involved,POINT (-122.44697122 37.781140515),Other Motor Vehicle
648,1.0,Driver,North,Slowing/Stopping,Driver,North,Stopped In Road,Rear End,0,0,0,1,No Pedestrian Involved,POINT (-122.479394249 37.771555476),Other Motor Vehicle
649,1.0,Driver,North,Proceeding Straight,Driver,West,Proceeding Straight,Broadside,0,0,0,1,No Pedestrian Involved,POINT (-122.400789194 37.712016314),Other Motor Vehicle
650,1.0,Driver,West,Making Left Turn,Bicyclist,East,Proceeding Straight,Broadside,0,1,0,1,No Pedestrian Involved,POINT (-122.45584313 37.779941488),Bicycle
651,1.0,Driver,East,Proceeding Straight,Unknown,Unknown,Unknown,Overturned,0,0,0,1,No Pedestrian Involved,POINT (-122.400375515 37.794994517),Fixed Object
652,1.0,Driver,West,Making Left Turn,Pedestrian,West,Proceeding Straight,Vehicle/Pedestrian,1,0,0,1,Crossing in Crosswalk at Intersection,POINT (-122.438365501 37.777794189),Pedestrian
653,1.0,Driver,South,Making Right Turn,Bicyclist,South,Proceeding Straight,Broadside,0,1,0,1,No Pedestrian Involved,POINT (-122.495427999 37.748628154),Bicycle
654,1.0,Driver,North,Proceeding Straight,Driver,North,Stopped In Road,Rear End,0,0,0,1,No Pedestrian Involved,POINT (-122.447695066 37.800831913),Other Motor Vehicle
655,1.0,Driver,West,Making Left Turn,Driver,East,Stopped,Broadside,0,0,0,1,No Pedestrian Involved,POINT (-122.475773242 37.744918718),Other Motor Vehicle
656,2.0,Driver,West,Changing Lanes,Driver,West,Entering Traffic,Sideswipe,0,0,0,1,No Pedestrian Involved,POINT (-122.400338528 37.74950056),Other Motor Vehicle
657,,Driver,South,Making Right Turn,Pedestrian,West,Proceeding Straight,Vehicle/Pedestrian,1,0,0,1,Crossing in Crosswalk at Intersection,POINT (-122.41005693 37.788082188),Pedestrian
658,1.0,Driver,East,Making Left Turn,Driver,East,Proceeding Straight,Sideswipe,0,0,0,1,No Pedestrian Involved,POINT (-122.422199174 37.768139683),Other Motor Vehicle
659,1.0,Pedestrian,East,Proceeding Straight,Driver,South,Proceeding Straight,Vehicle/Pedestrian,1,0,0,1,Crossing in Crosswalk at Intersection,POINT (-122.44098199 37.799234036),Pedestrian
660,1.0,Driver,East,Proceeding Straight,Driver,North,Proceeding Straight,Broadside,0,0,0,1,No Pedestrian Involved,POINT (-122.395843499 37.781321258),Other Motor Vehicle
661,,Driver,South,Proceeding Straight,Driver,West,Making Left Turn,Broadside,0,0,0,1,No Pedestrian Involved,POINT (-122.38758527 37.750263378),Other Motor Vehicle
662,1.0,Driver,North,Proceeding Straight,Driver,North,Stopped In Road,Sideswipe,0,0,0,1,No Pedestrian Involved,POINT (-122.403027515 37.744591631),Other Motor Vehicle
663,1.0,Driver,South,Proceeding Straight,Bicyclist,South,Proceeding Straight,Sideswipe,0,1,0,1,No Pedestrian Involved,POINT (-122.432659686 37.728659992),Bicycle
664,1.0,Driver,South,Proceeding Straight,Driver,West,Proceeding Straight,Broadside,0,0,0,1,No Pedestrian Involved,POINT (-122.386398905 37.738983051),Other Motor Vehicle
665,1.0,Driver,West,Proceeding Straight,Bicyclist,South,Proceeding Straight,Broadside,0,1,0,1,No Pedestrian Involved,POINT (-122.464296829 37.765962834),Bicycle
666,1.0,Driver,South,Making Left Turn,Driver,East,Proceeding Straight,Broadside,0,0,0,1,No Pedestrian Involved,POINT (-122.390527234 37.780606757),Other Motor Vehicle
667,1.0,Driver,East,Proceeding Straight,Driver,East,Making Right Turn,Sideswipe,0,0,0,1,No Pedestrian Involved,POINT (-122.392485618 37.764097998),Other Motor Vehicle
668,1.0,Driver,North,Proceeding Straight,Bicyclist,North,Proceeding Straight,Rear End,0,1,0,1,No Pedestrian Involved,POINT (-122.406206123 37.751580841),Bicycle
669,1.0,Driver,West,Proceeding Straight,Parked Vehicle,West,Parked,Sideswipe,0,0,0,1,No Pedestrian Involved,POINT (-122.417917358 37.746835005),Other Motor Vehicle
670,1.0,Driver,West,Proceeding Straight,Pedestrian,North,Proceeding Straight,Vehicle/Pedestrian,1,0,0,1,Crossing in Crosswalk at Intersection,POINT (-122.483634953 37.732354695),Pedestrian
671,1.0,Driver,East,Proceeding Straight,Pedestrian,South,Proceeding Straight,Vehicle/Pedestrian,1,0,0,1,Crossing in Crosswalk at Intersection,POINT (-122.459756647 37.762935496),Pedestrian
672,,Driver,South,Proceeding Straight,Driver,East,Proceeding Straight,Rear End,0,0,0,1,No Pedestrian Involved,POINT (-122.431429102 37.785235875),Other Motor Vehicle
673,1.0,Driver,North,Making Left Turn,Driver,West,Proceeding Straight,Sideswipe,0,0,0,1,No Pedestrian Involved,POINT (-122.490096579 37.779839833),Other Motor Vehicle
674,1.0,Other,North,Making U Turn,Driver,North,Proceeding Straight,Head-On,0,0,0,1,No Pedestrian Involved,POINT (-122.413105243 37.765447608),Other Object
675,,Driver,North,Proceeding Straight,Driver,West,Proceeding Straight,Broadside,0,0,0,1,No Pedestrian Involved,POINT (-122.42063825 37.781960766),Other Motor Vehicle
676,1.0,Driver,East,Proceeding Straight,Pedestrian,North,Proceeding Straight,Vehicle/Pedestrian,1,0,0,1,Crossing in Crosswalk at Intersection,POINT (-122.478985558 37.72088443),Pedestrian
677,1.0,Driver,East,Changing Lanes,Driver,East,Proceeding Straight,Sideswipe,0,0,0,1,No Pedestrian Involved,POINT (-122.43333389 37.788970607),Other Motor Vehicle
678,,Driver,West,Other,Driver,West,Proceeding Straight,Broadside,0,0,0,1,No Pedestrian Involved,POINT (-122.397888834 37.793472862),Other Motor Vehicle
679,1.0,Driver,North,Proceeding Straight,Driver,North,Stopped,Rear End,0,0,0,1,No Pedestrian Involved,POINT (-122.41610762 37.750771087),Other Motor Vehicle
680,1.0,Bicyclist,East,Proceeding Straight,Bicyclist,South,Proceeding Straight,Broadside,0,1,0,0,No Pedestrian Involved,POINT (-122.41287444 37.762588217),Bicycle
681,1.0,Driver,West,Proceeding Straight,Pedestrian,Not Stated,Not Stated,Vehicle/Pedestrian,1,0,0,1,"In Road, Including Shoulder",POINT (-122.410269948 37.787098635),Pedestrian
682,1.0,Driver,East,Making Left Turn,Pedestrian,North,Proceeding Straight,Vehicle/Pedestrian,1,0,0,1,Crossing in Crosswalk at Intersection,POINT (-122.4390886 37.772921982),Pedestrian
683,1.0,Driver,East,Making Left Turn,Driver,North,Proceeding Straight,Broadside,0,0,0,1,No Pedestrian Involved,POINT (-122.426693184 37.767869019),Other Motor Vehicle
684,1.0,Bicyclist,South,Proceeding Straight,Driver,South,Parking Maneuver,Broadside,0,1,0,1,No Pedestrian Involved,POINT (-122.513350225 37.778048246),Bicycle
685,1.0,Driver,North,Making Left Turn,Driver,South,Proceeding Straight,Broadside,0,0,0,1,No Pedestrian Involved,POINT (-122.454885125 37.710478554),Other Motor Vehicle
686,1.0,Driver,South,Making Left Turn,Pedestrian,West,Proceeding Straight,Vehicle/Pedestrian,1,0,0,1,Crossing in Crosswalk at Intersection,POINT (-122.416449123 37.786310218),Pedestrian
687,,Pedestrian,West,Proceeding Straight,Driver,South,Proceeding Straight,Vehicle/Pedestrian,1,0,0,1,Crossing in Crosswalk at Intersection,POINT (-122.396570765 37.788962964),Pedestrian
688,1.0,Driver,East,Proceeding Straight,Unknown,Unknown,Unknown,Head-On,0,0,0,1,No Pedestrian Involved,POINT (-122.414176323 37.718126716),Fixed Object
689,1.0,Driver,West,Making Left Turn,Bicyclist,East,Proceeding Straight,Broadside,0,1,0,1,No Pedestrian Involved,POINT (-122.412416426 37.765489809),Bicycle
690,1.0,Other,Not Stated,Proceeding Straight,Unknown,Unknown,Unknown,Not Stated,0,0,0,0,No Pedestrian Involved,POINT (-122.403660677 37.788894429),Fixed Object
691,1.0,Driver,East,Changing Lanes,Other,East,Proceeding Straight,Sideswipe,0,0,0,1,No Pedestrian Involved,POINT (-122.421069822 37.782862072),Other Object
692,1.0,Driver,South,Making Left Turn,Driver,South,Proceeding Straight,Sideswipe,0,0,0,1,No Pedestrian Involved,POINT (-122.413157691 37.77745742),Other Motor Vehicle
693,1.0,Driver,North,Proceeding Straight,Driver,West,Proceeding Straight,Broadside,1,0,0,1,"In Road, Including Shoulder",POINT (-122.436935447 37.787532503),Other Motor Vehicle
694,1.0,Driver,North,Proceeding Straight,Parked Vehicle,North,Parked,Hit Object,0,0,0,1,No Pedestrian Involved,POINT (-122.406304986 37.794263627),Other Motor Vehicle
695,1.0,Driver,East,Proceeding Straight,Driver,East,Proceeding Straight,Broadside,0,0,0,1,No Pedestrian Involved,POINT (-122.411338575 37.785994603),Motor Vehicle on Other Roadway
696,,Driver,North,Proceeding Straight,Driver,West,Making Left Turn,Broadside,0,0,0,1,No Pedestrian Involved,POINT (-122.485076787 37.718574359),Other Motor Vehicle
697,1.0,Driver,North,Proceeding Straight,Driver,West,Proceeding Straight,Broadside,0,0,0,1,No Pedestrian Involved,POINT (-122.408226726 37.787359262),Other Motor Vehicle
698,1.0,Pedestrian,North,Entering Traffic,Driver,East,Proceeding Straight,Vehicle/Pedestrian,1,0,0,1,Crossing Not in Crosswalk,POINT (-122.411266554 37.757494363),Pedestrian
699,,Driver,East,Proceeding Straight,Driver,South,Proceeding Straight,Broadside,0,0,0,1,No Pedestrian Involved,POINT (-122.395944828 37.737784055),Other Motor Vehicle
700,1.0,Driver,East,Making Left Turn,Driver,West,Proceeding Straight,Broadside,0,0,0,1,No Pedestrian Involved,POINT (-122.410829501 37.734732915),Other Motor Vehicle
701,1.0,Driver,North,Proceeding Straight,Driver,East,Making Left Turn,Broadside,0,0,0,1,No Pedestrian Involved,POINT (-122.396957839 37.796346861),Other Motor Vehicle
702,1.0,Driver,West,Proceeding Straight,Bicyclist,West,Proceeding Straight,Rear End,0,1,0,1,No Pedestrian Involved,POINT (-122.437798747 37.774991948),Bicycle
703,1.0,Driver,West,Proceeding Straight,Driver,South,Proceeding Straight,Broadside,0,0,0,1,No Pedestrian Involved,POINT (-122.412782128 37.784866245),Other Motor Vehicle
704,1.0,Pedestrian,South,Proceeding Straight,Driver,West,Backing,Vehicle/Pedestrian,1,0,0,1,Crossing Not in Crosswalk,POINT (-122.40907552 37.795720126),Pedestrian
705,1.0,Driver,West,Proceeding Straight,Driver,West,Stopped In Road,Rear End,0,0,0,1,No Pedestrian Involved,POINT (-122.421886446 37.764917378),Other Motor Vehicle
706,1.0,Driver,South,Proceeding Straight,Driver,East,Proceeding Straight,Broadside,0,0,0,1,No Pedestrian Involved,POINT (-122.478744374 37.756013655),Other Motor Vehicle
707,1.0,Driver,North,Proceeding Straight,Driver,East,Proceeding Straight,Broadside,0,0,0,1,No Pedestrian Involved,POINT (-122.405615267 37.778505105),Other Motor Vehicle
708,1.0,Driver,South,Proceeding Straight,Driver,West,Proceeding Straight,Broadside,0,0,0,1,No Pedestrian Involved,POINT (-122.40115972 37.782024267),Other Motor Vehicle
709,1.0,Driver,South,Backing,Pedestrian,West,Proceeding Straight,Rear End,1,0,0,1,Not in Road,POINT (-122.506999208 37.760377066),Pedestrian
710,1.0,Driver,West,Backing,Bicyclist,South,Proceeding Straight,Broadside,0,1,0,1,No Pedestrian Involved,POINT (-122.421425213 37.760101294),Bicycle
711,1.0,Driver,West,Proceeding Straight,Parked Vehicle,Not Stated,Parked,Sideswipe,0,0,0,1,No Pedestrian Involved,POINT (-122.432186825 37.800269376),Parked Motor Vehicle
712,1.0,Driver,North,Proceeding Straight,Driver,North,Stopped,Rear End,0,0,0,1,No Pedestrian Involved,POINT (-122.479365035 37.771162628),Other Motor Vehicle
713,1.0,Driver,West,Backing,Driver,East,Stopped In Road,Other,0,0,0,1,No Pedestrian Involved,POINT (-122.413560416 37.768661317),Other Motor Vehicle
714,1.0,Driver,South,Proceeding Straight,Pedestrian,South,Not Stated,Sideswipe,1,0,0,1,"In Road, Including Shoulder",POINT (-122.389088508 37.732859465),Pedestrian
715,1.0,Driver,South,Making Left Turn,Driver,North,Proceeding Straight,Sideswipe,0,0,0,1,No Pedestrian Involved,POINT (-122.38470554 37.740897516),Other Motor Vehicle
716,,Other,North,Proceeding Straight,Unknown,Unknown,Unknown,Other,0,0,0,0,No Pedestrian Involved,POINT (-122.405658785 37.806673632),Non-Collision
717,1.0,Driver,South,Making Left Turn,Pedestrian,East,Proceeding Straight,Head-On,1,0,0,1,Crossing in Crosswalk at Intersection,POINT (-122.404593827 37.727374301),Pedestrian
718,1.0,Driver,East,Proceeding Straight,Driver,East,Changing Lanes,Sideswipe,0,0,0,1,No Pedestrian Involved,POINT (-122.485228935 37.714694513),Other Motor Vehicle
719,1.0,Other,South,Parked,Bicyclist,South,Other,Other,0,1,0,0,No Pedestrian Involved,POINT (-122.435071361 37.724322818),Bicycle
720,1.0,Driver,North,Making Left Turn,Pedestrian,North,Proceeding Straight,Head-On,1,0,0,1,Crossing in Crosswalk at Intersection,POINT (-122.415577015 37.769591161),Pedestrian
721,1.0,Bicyclist,East,Proceeding Straight,Driver,East,Entering Traffic,Rear End,0,1,0,1,No Pedestrian Involved,POINT (-122.409945482 37.784268588),Bicycle
722,1.0,Driver,East,Proceeding Straight,Driver,East,Proceeding Straight,Rear End,0,0,0,1,No Pedestrian Involved,POINT (-122.458731622 37.779333159),Other Motor Vehicle
723,1.0,Driver,South,Proceeding Straight,Driver,West,Proceeding Straight,Broadside,0,0,0,1,No Pedestrian Involved,POINT (-122.444495124 37.716090099),Other Motor Vehicle
724,1.0,Bicyclist,North,Proceeding Straight,Driver,South,Making Right Turn,Broadside,0,1,0,1,No Pedestrian Involved,POINT (-122.409127429 37.752769579),Bicycle
725,,Pedestrian,South,Other,Driver,West,Proceeding Straight,Vehicle/Pedestrian,1,0,0,1,"In Road, Including Shoulder",POINT (-122.390557146 37.735670329),Pedestrian
726,1.0,Driver,North,Changing Lanes,Driver,North,Proceeding Straight,Overturned,0,0,0,1,No Pedestrian Involved,POINT (-122.421906423 37.788543218),Non-Collision
727,,Driver,East,Making Left Turn,Pedestrian,South,Proceeding Straight,Vehicle/Pedestrian,1,0,0,1,Crossing in Crosswalk at Intersection,POINT (-122.392052962 37.786765483),Pedestrian
728,1.0,Driver,West,Making Right Turn,Unknown,Unknown,Unknown,Overturned,0,0,0,1,No Pedestrian Involved,POINT (-122.403863018 37.798222971),Not Stated
729,1.0,Pedestrian,South,Other,Driver,West,Proceeding Straight,Vehicle/Pedestrian,1,0,0,1,Crossing Not in Crosswalk,POINT (-122.441050163 37.723342146),Pedestrian
730,1.0,Other,South,Stopped In Road,Driver,South,Proceeding Straight,Sideswipe,0,0,0,1,No Pedestrian Involved,POINT (-122.410019679 37.787889768),Other Motor Vehicle
731,1.0,Driver,East,Proceeding Straight,Bicyclist,East,Proceeding Straight,Rear End,0,1,0,1,No Pedestrian Involved,POINT (-122.414738425 37.760505117),Bicycle
732,1.0,Driver,East,Proceeding Straight,Bicyclist,East,Proceeding Straight,Sideswipe,0,1,0,1,No Pedestrian Involved,POINT (-122.415932688 37.775252658),Bicycle
733,,Driver,South,Proceeding Straight,Unknown,Unknown,Unknown,Broadside,0,0,0,1,No Pedestrian Involved,POINT (-122.388217935 37.784506524),Train
734,1.0,Driver,South,Proceeding Straight,Driver,East,Proceeding Straight,Broadside,0,0,0,1,No Pedestrian Involved,POINT (-122.439480382 37.783308487),Fixed Object
735,1.0,Pedestrian,West,Other,Driver,North,Proceeding Straight,Broadside,1,0,0,1,Crossing Not in Crosswalk,POINT (-122.434021846 37.781459412),Pedestrian
736,1.0,Driver,North,Making Right Turn,Bicyclist,West,Proceeding Straight,Broadside,0,1,0,1,No Pedestrian Involved,POINT (-122.412567955 37.748364302),Bicycle
737,1.0,Driver,West,Proceeding Straight,Unknown,Unknown,Unknown,Hit Object,0,0,0,1,No Pedestrian Involved,POINT (-122.437341674 37.76187249),Fixed Object
738,1.0,Driver,North,Proceeding Straight,Driver,North,Stopped In Road,Rear End,0,0,0,1,No Pedestrian Involved,POINT (-122.420146193 37.74519267),Other Motor Vehicle
739,1.0,Bicyclist,East,Proceeding Straight,Driver,East,Proceeding Straight,Rear End,0,1,0,1,No Pedestrian Involved,POINT (-122.375946827 37.730926167),Bicycle
740,1.0,Driver,Not Stated,Proceeding Straight,Bicyclist,West,Making Left Turn,Rear End,0,1,0,1,No Pedestrian Involved,POINT (-122.433734773 37.771688274),Bicycle
741,1.0,Driver,North,Making Left Turn,Driver,West,Proceeding Straight,Broadside,0,0,0,1,No Pedestrian Involved,POINT (-122.494427166 37.749705768),Other Motor Vehicle
742,,Bicyclist,East,Proceeding Straight,Driver,North,Proceeding Straight,Broadside,0,1,0,1,No Pedestrian Involved,POINT (-122.404613421 37.793565084),Bicycle
743,,Driver,North,Proceeding Straight,Driver,West,Proceeding Straight,Broadside,0,0,0,1,No Pedestrian Involved,POINT (-122.438740183 37.77965963),Other Motor Vehicle
744,1.0,Pedestrian,South,Other,Driver,West,Proceeding Straight,Vehicle/Pedestrian,1,0,0,1,"In Road, Including Shoulder",POINT (-122.455926014 37.713194483),Pedestrian
745,,Driver,South,Proceeding Straight,Driver,North,Making U Turn,Broadside,0,0,0,1,No Pedestrian Involved,POINT (-122.424581089 37.769734697),Other Motor Vehicle
746,1.0,Driver,West,Making Left Turn,Pedestrian,North,Proceeding Straight,Vehicle/Pedestrian,1,0,0,1,Crossing in Crosswalk at Intersection,POINT (-122.433647124 37.787950272),Pedestrian
747,1.0,Driver,South,Proceeding Straight,Driver,East,Proceeding Straight,Broadside,0,0,0,1,No Pedestrian Involved,POINT (-122.399958736 37.793209102),Other Motor Vehicle
748,2.0,Driver,West,Proceeding Straight,Pedestrian,North,Entering Traffic,Vehicle/Pedestrian,1,0,0,1,Crossing in Crosswalk at Intersection,POINT (-122.428968715 37.767467406),Pedestrian
749,1.0,Driver,South,Making Right Turn,Pedestrian,East,Ran Off Road,Vehicle/Pedestrian,1,0,0,1,Crossing in Crosswalk at Intersection,POINT (-122.414542643 37.757310287),Pedestrian
750,1.0,Driver,North,Entering Traffic,Driver,East,Proceeding Straight,Sideswipe,0,0,0,1,No Pedestrian Involved,POINT (-122.441348539 37.78410655),Other Motor Vehicle
751,,Driver,West,Entering Traffic,Unknown,Unknown,Unknown,Overturned,0,0,0,1,No Pedestrian Involved,POINT (-122.432617777 37.780435412),Non-Collision
752,1.0,Pedestrian,West,Entering Traffic,Driver,South,Proceeding Straight,Vehicle/Pedestrian,1,0,0,1,Crossing Not in Crosswalk,POINT (-122.422867145 37.793553491),Pedestrian
753,1.0,Driver,East,Proceeding Straight,Driver,North,Proceeding Straight,Broadside,0,0,0,1,No Pedestrian Involved,POINT (-122.398584636 37.733638848),Other Motor Vehicle
754,,Driver,Not Stated,Backing,Pedestrian,Not Stated,Not Stated,Not Stated,1,0,0,1,Not in Road,POINT (-122.412782128 37.784866246),Pedestrian
755,1.0,Driver,West,Proceeding Straight,Parked Vehicle,West,Parked,Sideswipe,0,0,0,1,No Pedestrian Involved,POINT (-122.43214039 37.780496261),Parked Motor Vehicle
756,1.0,Driver,South,Proceeding Straight,Pedestrian,East,Proceeding Straight,Vehicle/Pedestrian,1,0,0,1,Crossing in Crosswalk at Intersection,POINT (-122.440819384 37.789824058),Pedestrian
757,1.0,Driver,South,Proceeding Straight,Driver,South,Stopped In Road,Rear End,0,0,0,1,No Pedestrian Involved,POINT (-122.475674663 37.743107616),Other Motor Vehicle
758,1.0,Driver,East,Entering Traffic,Bicyclist,South,Proceeding Straight,Broadside,0,1,0,1,No Pedestrian Involved,POINT (-122.435436363 37.788452567),Bicycle
759,,Driver,West,Proceeding Straight,Pedestrian,South,Not Stated,Broadside,1,0,0,1,Crossing in Crosswalk at Intersection,POINT (-122.406475552 37.795144465),Pedestrian
760,1.0,Bicyclist,East,Proceeding Straight,Driver,East,Making Right Turn,Sideswipe,0,1,0,1,No Pedestrian Involved,POINT (-122.422622699 37.772492629),Bicycle
761,1.0,Driver,North,Proceeding Straight,Driver,West,Proceeding Straight,Broadside,0,0,0,1,No Pedestrian Involved,POINT (-122.4172048 37.790045141),Other Motor Vehicle
762,1.0,Other,Not Stated,Other,Driver,North,Stopped,Other,0,1,0,1,No Pedestrian Involved,POINT (-122.418658583 37.775558163),Bicycle
763,1.0,Driver,East,Making Right Turn,Driver,East,Proceeding Straight,Broadside,0,0,0,1,No Pedestrian Involved,POINT (-122.4266996 37.795316271),Other Motor Vehicle
764,1.0,Driver,South,Making Left Turn,Driver,East,Proceeding Straight,Broadside,0,0,0,1,No Pedestrian Involved,POINT (-122.426755544 37.803936418),Motor Vehicle on Other Roadway
765,1.0,Driver,West,Making Left Turn,Driver,East,Proceeding Straight,Broadside,0,0,0,1,No Pedestrian Involved,POINT (-122.441671638 37.782233947),Other Motor Vehicle
766,,Driver,East,Proceeding Straight,Driver,East,Parked,Rear End,0,0,0,1,No Pedestrian Involved,POINT (-122.416020695 37.758815657),Other Motor Vehicle
767,1.0,Driver,South,Proceeding Straight,Parked Vehicle,South,Parked,Sideswipe,0,0,0,1,No Pedestrian Involved,POINT (-122.489770079 37.775433496),Parked Motor Vehicle
768,1.0,Bicyclist,West,Proceeding Straight,Driver,North,Making Right Turn,Broadside,0,1,0,1,No Pedestrian Involved,POINT (-122.494402494 37.764686191),Bicycle
769,1.0,Driver,East,Making Left Turn,Driver,North,Proceeding Straight,Broadside,0,0,0,1,No Pedestrian Involved,POINT (-122.468309608 37.737417148),Other Motor Vehicle
770,1.0,Driver,West,Making Right Turn,Bicyclist,West,Proceeding Straight,Sideswipe,0,1,0,1,No Pedestrian Involved,POINT (-122.409387006 37.777977087),Bicycle
771,1.0,Driver,West,Making Left Turn,Driver,East,Proceeding Straight,Broadside,0,0,0,1,No Pedestrian Involved,POINT (-122.466468874 37.750939436),Other Motor Vehicle
772,1.0,Driver,North,Proceeding Straight,Unknown,Unknown,Unknown,Overturned,0,0,0,1,No Pedestrian Involved,POINT (-122.461241122 37.783575365),Non-Collision
773,1.0,Driver,East,Making Left Turn,Pedestrian,North,Not Stated,Vehicle/Pedestrian,1,0,0,1,Crossing in Crosswalk at Intersection,POINT (-122.411429984 37.748316443),Pedestrian
774,,Bicyclist,West,Making Left Turn,Pedestrian,East,Proceeding Straight,Broadside,1,0,0,0,Crossing in Crosswalk at Intersection,POINT (-122.402384826 37.77860429),Pedestrian
775,1.0,Driver,Not Stated,Proceeding Straight,Bicyclist,Not Stated,Proceeding Straight,Other,0,1,0,1,No Pedestrian Involved,POINT (-122.407159488 37.779738906),Bicycle
776,1.0,Driver,North,Proceeding Straight,Parked Vehicle,North,Parked,Sideswipe,0,0,0,1,No Pedestrian Involved,POINT (-122.439514366 37.722470122),Parked Motor Vehicle
777,1.0,Driver,North,Making Right Turn,Pedestrian,East,Other,Vehicle/Pedestrian,1,0,0,1,Crossing in Crosswalk at Intersection,POINT (-122.408667084 37.785388249),Pedestrian
778,1.0,Driver,East,Slowing/Stopping,Driver,East,Stopped In Road,Rear End,0,0,0,1,No Pedestrian Involved,POINT (-122.40704073 37.772469003),Other Motor Vehicle
779,1.0,Driver,East,Ran Off Road,Unknown,Unknown,Unknown,Head-On,0,0,0,1,No Pedestrian Involved,POINT (-122.377404251 37.736712152),Fixed Object
780,1.0,Driver,West,Proceeding Straight,Driver,North,Proceeding Straight,Broadside,0,0,0,1,No Pedestrian Involved,POINT (-122.440440115 37.788067166),Other Motor Vehicle
781,1.0,Driver,East,Making Left Turn,Pedestrian,South,Proceeding Straight,Vehicle/Pedestrian,1,0,0,1,Crossing in Crosswalk at Intersection,POINT (-122.432315163 37.712229151),Pedestrian
782,,Driver,North,Proceeding Straight,Driver,West,Proceeding Straight,Broadside,0,0,0,1,No Pedestrian Involved,POINT (-122.408708674 37.780971183),Other Motor Vehicle
783,1.0,Driver,East,Proceeding Straight,Driver,East,Stopped,Rear End,0,0,0,1,No Pedestrian Involved,POINT (-122.408708674 37.780971183),Other Motor Vehicle
784,1.0,Driver,South,Making Left Turn,Pedestrian,East,Not Stated,Vehicle/Pedestrian,1,0,0,1,Crossing in Crosswalk at Intersection,POINT (-122.404933346 37.781499508),Pedestrian
785,1.0,Driver,West,Making Right Turn,Pedestrian,South,Entering Traffic,Vehicle/Pedestrian,1,0,0,1,Crossing in Crosswalk at Intersection,POINT (-122.390939755 37.733997934),Pedestrian
786,1.0,Driver,West,Making Right Turn,Bicyclist,West,Making Left Turn,Other,0,1,0,1,No Pedestrian Involved,POINT (-122.461523603 37.751503562),Bicycle
787,1.0,Driver,West,Making Left Turn,Driver,North,Proceeding Straight,Broadside,0,0,0,1,No Pedestrian Involved,POINT (-122.429602912 37.730493299),Other Motor Vehicle
788,1.0,Driver,North,Proceeding Straight,Driver,North,Stopped In Road,Rear End,0,0,0,1,No Pedestrian Involved,POINT (-122.41046501 37.772841102),Other Motor Vehicle
789,1.0,Pedestrian,East,Proceeding Straight,Driver,North,Making Left Turn,Broadside,1,0,0,1,Crossing in Crosswalk at Intersection,POINT (-122.437149524 37.721575002),Pedestrian
790,,Driver,West,Proceeding Straight,Bicyclist,Not Stated,Proceeding Straight,Sideswipe,0,0,0,1,No Pedestrian Involved,POINT (-122.481785355 37.771888004),Pedestrian
791,1.0,Driver,North,Backing,Pedestrian,North,Proceeding Straight,Vehicle/Pedestrian,1,0,0,1,"In Road, Including Shoulder",POINT (-122.408958374 37.801580786),Pedestrian
792,1.0,Driver,East,Proceeding Straight,Driver,West,Proceeding Straight,Head-On,0,0,0,1,No Pedestrian Involved,POINT (-122.420899477 37.718713263),Other Motor Vehicle
793,1.0,Driver,East,Proceeding Straight,Driver,West,Proceeding Straight,Sideswipe,0,0,0,1,No Pedestrian Involved,POINT (-122.420985383 37.750476972),Other Motor Vehicle
794,1.0,Bicyclist,North,Other,Driver,North,Making Right Turn,Sideswipe,0,1,0,1,No Pedestrian Involved,POINT (-122.423135268 37.742509744),Bicycle
795,1.0,Driver,West,Proceeding Straight,Driver,North,Proceeding Straight,Broadside,0,0,0,1,No Pedestrian Involved,POINT (-122.435471952 37.765727474),Other Motor Vehicle
796,,Driver,East,Ran Off Road,Unknown,Unknown,Unknown,Hit Object,0,0,0,1,No Pedestrian Involved,POINT (-122.471751029 37.712681221),Fixed Object
797,1.0,Driver,West,Proceeding Straight,Parked Vehicle,West,Parked,Sideswipe,0,0,0,1,No Pedestrian Involved,POINT (-122.455252545 37.774686905),Parked Motor Vehicle
798,1.0,Driver,East,Changing Lanes,Driver,East,Changing Lanes,Rear End,0,0,0,1,No Pedestrian Involved,POINT (-122.415112455 37.785520213),Other Motor Vehicle
799,1.0,Driver,North,Making U Turn,Driver,South,Proceeding Straight,Head-On,0,0,0,1,No Pedestrian Involved,POINT (-122.419531738 37.763626553),Other Motor Vehicle
800,1.0,Driver,South,Proceeding Straight,Bicyclist,West,Proceeding Straight,Broadside,0,1,0,1,No Pedestrian Involved,POINT (-122.444119472 37.789457083),Bicycle
801,,Driver,East,Entering Traffic,Parked Vehicle,East,Parked,Rear End,0,0,0,1,No Pedestrian Involved,POINT (-122.429713 37.766741),Parked Motor Vehicle
802,1.0,Driver,South,Backing,Pedestrian,Not Stated,Stopped In Road,Vehicle/Pedestrian,1,0,0,1,Not in Road,POINT (-122.406702121 37.789466052),Pedestrian