party_id,party_at_fault,party1_type,party1_dir_of_travel,party1_move_pre_acc,party2_type,party2_dir_of_travel,party2_move_pre_acc,type_of_collision,involves_pedestrian,involves_bicycle,involves_motorcycle,involves_vehicle,ped_action,point,mviw
1897,1.0,Driver,East,Making Left Turn,Other,North,Proceeding Straight,Broadside,0,0,0,1,No Pedestrian Involved,POINT (-122.410730717 37.76817787),Other Object
1898,1.0,Driver,West,Changing Lanes,Driver,West,Ran Off Road,Sideswipe,0,0,0,1,No Pedestrian Involved,POINT (-122.401957435 37.739301544),Other Motor Vehicle
1899,1.0,Driver,South,Proceeding Straight,Driver,South,Stopped In Road,Rear End,0,0,0,1,No Pedestrian Involved,POINT (-122.463090536 37.764013696),Other Motor Vehicle
1900,1.0,Driver,South,Making Right Turn,Bicyclist,East,Proceeding Straight,Broadside,0,1,0,1,No Pedestrian Involved,POINT (-122.433218739 37.777490367),Bicycle
1901,1.0,Driver,East,Making Left Turn,Bicyclist,North,Proceeding Straight,Broadside,0,1,0,1,No Pedestrian Involved,POINT (-122.420664801 37.752103646),Bicycle
1902,1.0,Driver,West,Proceeding Straight,Unknown,Unknown,Unknown,Hit Object,0,0,0,1,No Pedestrian Involved,POINT (-122.414865251 37.776104438),Fixed Object
1903,1.0,Driver,West,Proceeding Straight,Driver,South,Making Left Turn,Broadside,0,0,0,1,No Pedestrian Involved,POINT (-122.415945943 37.728398837),Other Motor Vehicle
1904,1.0,Driver,West,Proceeding Straight,Bicyclist,North,Proceeding Straight,Broadside,0,1,0,1,No Pedestrian Involved,POINT (-122.445820512 37.782488032),Bicycle
1905,1.0,Driver,North,Proceeding Straight,Unknown,Unknown,Unknown,Overturned,0,0,0,1,No Pedestrian Involved,POINT (-122.410206544 37.800315499),Non-Collision
1906,1.0,Driver,North,Proceeding Straight,Driver,North,Proceeding Straight,Broadside,0,0,0,1,No Pedestrian Involved,POINT (-122.504752583 37.743642931),Other Motor Vehicle
1907,1.0,Driver,North,Changing Lanes,Unknown,Unknown,Unknown,Overturned,0,0,0,1,No Pedestrian Involved,POINT (-122.471796617 37.774414041),Not Stated
1908,,Bicyclist,South,Passing Other Vehicle,Unknown,Unknown,Unknown,Other,0,0,0,0,No Pedestrian Involved,POINT (-122.387081711 37.755610298),Non-Collision
1909,1.0,Driver,North,Ran Off Road,Unknown,Unknown,Unknown,Overturned,0,0,0,1,No Pedestrian Involved,POINT (-122.471928081 37.772670477),Other Object
1910,1.0,Driver,North,Proceeding Straight,Driver,West,Proceeding Straight,Broadside,0,0,0,1,No Pedestrian Involved,POINT (-122.401314504 37.793987063),Other Motor Vehicle
1911,1.0,Driver,North,Making Left Turn,Driver,East,Proceeding Straight,Head-On,0,0,0,1,No Pedestrian Involved,POINT (-122.412631803 37.730137609),Other Motor Vehicle
1912,1.0,Driver,North,Proceeding Straight,Driver,North,Stopped In Road,Rear End,0,0,0,1,No Pedestrian Involved,POINT (-122.471604293 37.714537207),Other Motor Vehicle
1913,1.0,Driver,North,Proceeding Straight,Pedestrian,East,Not Stated,Vehicle/Pedestrian,1,0,0,1,Crossing in Crosswalk at Intersection,POINT (-122.475539788 37.74118664),Pedestrian
1914,1.0,Driver,South,Making Left Turn,Driver,East,Proceeding Straight,Head-On,0,0,0,1,No Pedestrian Involved,POINT (-122.410486689 37.765605839),Other Motor Vehicle
1915,,Driver,East,Making Left Turn,Driver,West,Proceeding Straight,Broadside,0,0,0,1,No Pedestrian Involved,POINT (-122.401555702 37.740961928),Other Motor Vehicle
1916,1.0,Driver,East,Proceeding Straight,Driver,East,Stopped In Road,Rear End,0,0,0,1,No Pedestrian Involved,POINT (-122.46755888 37.78083253),Other Motor Vehicle
1917,1.0,Driver,West,Making Left Turn,Driver,East,Proceeding Straight,Head-On,0,0,0,1,No Pedestrian Involved,POINT (-122.400784748 37.723616209),Other Motor Vehicle
1918,1.0,Driver,East,Proceeding Straight,Driver,East,Stopped In Road,Rear End,0,0,0,1,No Pedestrian Involved,POINT (-122.40258903 37.785725772),Other Motor Vehicle
1919,1.0,Driver,South,Proceeding Straight,Driver,East,Proceeding Straight,Broadside,0,0,0,1,No Pedestrian Involved,POINT (-122.430778024 37.7185302),Other Motor Vehicle
1920,1.0,Driver,East,Making Left Turn,Driver,East,Proceeding Straight,Sideswipe,0,0,0,1,No Pedestrian Involved,POINT (-122.409848678 37.79002527),Other Motor Vehicle
1921,1.0,Driver,South,Proceeding Straight,Driver,North,Stopped,Head-On,0,0,0,1,No Pedestrian Involved,POINT (-122.379414514 37.736272455),Other Motor Vehicle
1922,1.0,Driver,South,Making Right Turn,Pedestrian,Not Stated,Proceeding Straight,Vehicle/Pedestrian,1,0,0,1,Crossing in Crosswalk at Intersection,POINT (-122.460842964 37.762627643),Pedestrian
1923,1.0,Bicyclist,North,Proceeding Straight,Driver,West,Proceeding Straight,Broadside,0,1,0,1,No Pedestrian Involved,POINT (-122.420008321 37.770111449),Bicycle
1924,1.0,Bicyclist,South,Proceeding Straight,Driver,East,Traveling Wrong Way,Head-On,0,1,0,1,No Pedestrian Involved,POINT (-122.410589872 37.771029779),Bicycle
1925,1.0,Driver,North,Proceeding Straight,Driver,North,Proceeding Straight,Rear End,0,0,0,1,No Pedestrian Involved,POINT (-122.447168331 37.782773973),Other Motor Vehicle
1926,2.0,Driver,South,Proceeding Straight,Pedestrian,East,Proceeding Straight,Vehicle/Pedestrian,1,0,0,1,Crossing Not in Crosswalk,POINT (-122.43408821 37.717040061),Pedestrian
1927,1.0,Bicyclist,South,Entering Traffic,Driver,West,Proceeding Straight,Broadside,0,1,0,1,No Pedestrian Involved,POINT (-122.407587387 37.769586076),Bicycle
1928,1.0,Driver,North,Changing Lanes,Driver,North,Proceeding Straight,Sideswipe,0,0,0,1,No Pedestrian Involved,POINT (-122.392793983 37.778887012),Other Motor Vehicle
1929,1.0,Driver,East,Making Left Turn,Pedestrian,South,Proceeding Straight,Vehicle/Pedestrian,1,0,0,1,Crossing in Crosswalk at Intersection,POINT (-122.432304655 37.712214385),Pedestrian
1930,1.0,Pedestrian,South,Proceeding Straight,Driver,South,Making Left Turn,Vehicle/Pedestrian,1,0,0,1,Crossing Not in Crosswalk,POINT (-122.43412663 37.733534012),Pedestrian
1931,1.0,Driver,East,Parking Maneuver,Bicyclist,East,Proceeding Straight,Sideswipe,0,1,0,1,No Pedestrian Involved,POINT (-122.434004498 37.779302504),Bicycle
1932,1.0,Driver,East,Proceeding Straight,Driver,South,Proceeding Straight,Broadside,0,0,0,1,No Pedestrian Involved,POINT (-122.422407117 37.774084975),Other Motor Vehicle
1933,1.0,Driver,East,Proceeding Straight,Driver,East,Making Right Turn,Sideswipe,0,0,0,1,No Pedestrian Involved,POINT (-122.490521998 37.733988534),Other Motor Vehicle
1934,1.0,Driver,South,Ran Off Road,Parked Vehicle,Not Stated,Parked,Rear End,0,0,0,1,No Pedestrian Involved,POINT (-122.429740595 37.72137198),Parked Motor Vehicle
1935,1.0,Pedestrian,South,Other,Driver,West,Slowing/Stopping,Vehicle/Pedestrian,1,0,0,1,"In Road, Including Shoulder",POINT (-122.413620066 37.788588146),Pedestrian
1936,1.0,Driver,West,Proceeding Straight,Driver,North,Proceeding Straight,Broadside,0,0,0,1,No Pedestrian Involved,POINT (-122.447673894 37.709071115),Other Motor Vehicle
1937,1.0,Driver,East,Making Left Turn,Pedestrian,North,Not Stated,Vehicle/Pedestrian,1,0,0,1,Crossing in Crosswalk at Intersection,POINT (-122.48636996 37.742580467),Pedestrian
1938,1.0,Driver,South,Proceeding Straight,Pedestrian,East,Proceeding Straight,Vehicle/Pedestrian,1,0,0,1,Crossing in Crosswalk at Intersection,POINT (-122.433849479 37.797311576),Pedestrian
1939,1.0,Driver,North,Proceeding Straight,Driver,West,Proceeding Straight,Sideswipe,0,0,0,1,No Pedestrian Involved,POINT (-122.493877443 37.757211299),Other Motor Vehicle
1940,1.0,Other,South,Proceeding Straight,Driver,East,Proceeding Straight,Broadside,0,0,0,1,No Pedestrian Involved,POINT (-122.394981481 37.777089333),Other Motor Vehicle
1941,1.0,Bicyclist,East,Proceeding Straight,Unknown,Unknown,Unknown,Overturned,0,0,0,0,No Pedestrian Involved,POINT (-122.393060894 37.776019936),Not Stated
1942,,Driver,East,Proceeding Straight,Driver,North,Stopped,Head-On,0,0,0,1,No Pedestrian Involved,POINT (-122.402961157 37.778148963),Other Motor Vehicle
1943,1.0,Driver,North,Proceeding Straight,Driver,East,Proceeding Straight,Broadside,0,0,0,1,No Pedestrian Involved,POINT (-122.495877086 37.762735073),Motor Vehicle on Other Roadway
1944,1.0,Driver,South,Proceeding Straight,Driver,South,Stopped,Rear End,0,0,0,1,No Pedestrian Involved,POINT (-122.417753194 37.769815078),Other Motor Vehicle
1945,1.0,Bicyclist,North,Traveling Wrong Way,Driver,West,Proceeding Straight,Broadside,0,1,0,1,No Pedestrian Involved,POINT (-122.417501463 37.776540894),Bicycle
1946,1.0,Driver,West,Proceeding Straight,Driver,West,Stopped In Road,Rear End,0,0,0,1,No Pedestrian Involved,POINT (-122.485228935 37.714694513),Other Motor Vehicle
1947,1.0,Driver,West,Parked,Bicyclist,West,Proceeding Straight,Sideswipe,0,1,0,1,No Pedestrian Involved,POINT (-122.438378014 37.773962842),Bicycle
1948,1.0,Driver,East,Making Left Turn,Pedestrian,South,Proceeding Straight,Vehicle/Pedestrian,1,0,0,1,Crossing in Crosswalk at Intersection,POINT (-122.398048348 37.779576079),Pedestrian
1949,1.0,Driver,North,Parked,Parked Vehicle,North,Parked,Rear End,0,0,0,1,No Pedestrian Involved,POINT (-122.384382596 37.736894568),Parked Motor Vehicle
1950,1.0,Driver,Unknown,North,Unknown,Unknown,Unknown,Hit Object,0,0,0,1,No Pedestrian Involved,POINT (-122.413418913 37.76893997),Fixed Object
1951,1.0,Driver,West,Making Left Turn,Pedestrian,North,Other,Vehicle/Pedestrian,1,0,0,1,Crossing in Crosswalk at Intersection,POINT (-122.447689613 37.710762339),Pedestrian
1952,,Driver,East,Proceeding Straight,Pedestrian,Not Stated,Proceeding Straight,Other,1,0,0,1,Crossing in Crosswalk at Intersection,POINT (-122.422598043 37.775020696),Pedestrian
1953,1.0,Driver,South,Proceeding Straight,Unknown,Unknown,Unknown,Overturned,0,0,0,1,No Pedestrian Involved,POINT (-122.405623861 37.749854326),Fixed Object
1954,1.0,Driver,North,Making Left Turn,Pedestrian,East,Proceeding Straight,Vehicle/Pedestrian,1,0,0,1,Crossing in Crosswalk at Intersection,POINT (-122.403205081 37.773051102),Pedestrian
1955,1.0,Driver,West,Parked,Bicyclist,West,Proceeding Straight,Sideswipe,0,1,0,1,No Pedestrian Involved,POINT (-122.461953465 37.773852757),Bicycle
1956,1.0,Driver,South,Making Left Turn,Driver,East,Proceeding Straight,Other,0,0,0,1,No Pedestrian Involved,POINT (-122.47398247 37.780575382),Non-Collision
1957,1.0,Driver,South,Proceeding Straight,Pedestrian,West,Proceeding Straight,Vehicle/Pedestrian,1,0,0,1,Crossing in Crosswalk at Intersection,POINT (-122.429127985 37.769456128),Pedestrian
1958,1.0,Driver,North,Changing Lanes,Driver,North,Proceeding Straight,Sideswipe,0,0,0,1,No Pedestrian Involved,POINT (-122.413980459 37.802923799),Other Motor Vehicle
1959,1.0,Driver,North,Making Left Turn,Driver,North,Proceeding Straight,Sideswipe,0,0,0,1,No Pedestrian Involved,POINT (-122.403841564 37.789829339),Other Motor Vehicle
1960,1.0,Driver,Not Stated,Passing Other Vehicle,Driver,South,Making Left Turn,Sideswipe,0,0,0,1,No Pedestrian Involved,POINT (-122.404099703 37.728834999),Other Motor Vehicle
1961,1.0,Driver,South,Making U Turn,Driver,South,Proceeding Straight,Broadside,0,0,0,1,No Pedestrian Involved,POINT (-122.399425241 37.72140037),Other Motor Vehicle
1962,,Driver,West,Proceeding Straight,Unknown,Unknown,Unknown,Overturned,0,0,0,1,No Pedestrian Involved,POINT (-122.490226581 37.764841011),Non-Collision
1963,1.0,Driver,South,Entering Traffic,Driver,South,Proceeding Straight,Sideswipe,0,0,0,1,No Pedestrian Involved,POINT (-122.466248471 37.763147287),Other Motor Vehicle
1964,1.0,Driver,South,Proceeding Straight,Driver,East,Proceeding Straight,Broadside,0,0,0,1,No Pedestrian Involved,POINT (-122.434729993 37.784944006),Other Motor Vehicle
1965,1.0,Driver,South,Proceeding Straight,Parked Vehicle,South,Parked,Overturned,0,0,0,1,No Pedestrian Involved,POINT (-122.39277892 37.753999236),Parked Motor Vehicle
1966,1.0,Driver,East,Proceeding Straight,Pedestrian,North,Proceeding Straight,Vehicle/Pedestrian,1,0,0,1,Crossing in Crosswalk at Intersection,POINT (-122.408914449 37.731428097),Pedestrian
1967,1.0,Driver,North,Backing,Pedestrian,West,Other,Vehicle/Pedestrian,1,0,0,1,Not in Road,POINT (-122.403746649 37.727998454),Pedestrian
1968,1.0,Driver,West,Making Right Turn,Pedestrian,South,Proceeding Straight,Vehicle/Pedestrian,1,0,0,1,Crossing in Crosswalk at Intersection,POINT (-122.397383446 37.792405521),Pedestrian
1969,1.0,Driver,West,Making Left Turn,Pedestrian,West,Proceeding Straight,Vehicle/Pedestrian,1,0,0,1,Crossing in Crosswalk at Intersection,POINT (-122.469769991 37.782701905),Pedestrian
1970,1.0,Driver,East,Making Left Turn,Bicyclist,West,Proceeding Straight,Broadside,0,1,0,1,No Pedestrian Involved,POINT (-122.412512255 37.780478511),Bicycle
1971,1.0,Pedestrian,East,Proceeding Straight,Driver,North,Making Left Turn,Vehicle/Pedestrian,1,0,0,1,Crossing in Crosswalk at Intersection,POINT (-122.411325582 37.785996236),Pedestrian
1972,,Driver,North,Proceeding Straight,Unknown,Unknown,Unknown,Other,0,0,0,1,No Pedestrian Involved,POINT (-122.410621465 37.767026383),Non-Collision
1973,1.0,Driver,South,Proceeding Straight,Driver,West,Proceeding Straight,Broadside,0,0,0,1,No Pedestrian Involved,POINT (-122.409735889 37.770348517),Other Motor Vehicle
1974,1.0,Driver,North,Other,Driver,North,Stopped,Not Stated,0,0,0,1,No Pedestrian Involved,POINT (-122.407842061 37.776746109),Not Stated
1975,1.0,Driver,North,Proceeding Straight,Pedestrian,East,Not Stated,Vehicle/Pedestrian,1,0,0,1,Crossing Not in Crosswalk,POINT (-122.492375158 37.781676654),Pedestrian
1976,1.0,Driver,West,Making Left Turn,Pedestrian,East,Not Stated,Vehicle/Pedestrian,1,0,0,1,Crossing in Crosswalk at Intersection,POINT (-122.396034765 37.78853593),Pedestrian
1977,1.0,Driver,East,Making Left Turn,Pedestrian,South,Other,Not Stated,1,0,0,1,Crossing in Crosswalk at Intersection,POINT (-122.403139295 37.794666281),Pedestrian
1978,1.0,Driver,West,Proceeding Straight,Driver,West,Stopped In Road,Rear End,0,0,0,1,No Pedestrian Involved,POINT (-122.417299242 37.782383563),Other Motor Vehicle
1979,1.0,Driver,East,Parked,Bicyclist,East,Proceeding Straight,Other,0,1,0,1,No Pedestrian Involved,POINT (-122.416535648 37.768481736),Bicycle
1980,1.0,Driver,North,Proceeding Straight,Other,East,Proceeding Straight,Broadside,0,0,0,1,No Pedestrian Involved,POINT (-122.405607548 37.732438658),Other Motor Vehicle
1981,1.0,Bicyclist,North,Changing Lanes,Driver,North,Proceeding Straight,Sideswipe,0,0,0,1,No Pedestrian Involved,POINT (-122.422840577 37.741027408),Other Motor Vehicle
1982,1.0,Driver,West,Proceeding Straight,Driver,North,Proceeding Straight,Broadside,0,0,0,1,No Pedestrian Involved,POINT (-122.45584313 37.779941488),Other Motor Vehicle
1983,1.0,Driver,West,Proceeding Straight,Pedestrian,North,Proceeding Straight,Broadside,1,0,0,1,Crossing in Crosswalk at Intersection,POINT (-122.412985492 37.72917262),Pedestrian
1984,1.0,Driver,South,Proceeding Straight,Driver,South,Making Left Turn,Sideswipe,0,0,0,1,No Pedestrian Involved,POINT (-122.402752244 37.729357163),Other Motor Vehicle
1985,,Driver,South,Stopped,Driver,South,Changing Lanes,Not Stated,0,0,0,1,No Pedestrian Involved,POINT (-122.393444735 37.786472338),Other Motor Vehicle
1986,1.0,Driver,South,Changing Lanes,Driver,North,Proceeding Straight,Sideswipe,0,0,0,1,No Pedestrian Involved,POINT (-122.485172063 37.714803267),Other Motor Vehicle
1987,1.0,Pedestrian,South,Stopped,Other,East,Other,Broadside,1,0,0,0,Crossing in Crosswalk at Intersection,POINT (-122.428948567 37.76750446),Not Stated
1988,1.0,Driver,North,Proceeding Straight,Driver,North,Making Left Turn,Rear End,0,0,0,1,No Pedestrian Involved,POINT (-122.441691159 37.715572699),Other Motor Vehicle
1989,1.0,Driver,East,Proceeding Straight,Driver,North,Proceeding Straight,Broadside,0,0,0,1,No Pedestrian Involved,POINT (-122.503003725 37.749329835),Other Motor Vehicle
1990,1.0,Driver,North,Proceeding Straight,Driver,North,Proceeding Straight,Rear End,0,0,0,1,No Pedestrian Involved,POINT (-122.418088098 37.78610104),Other Motor Vehicle
1991,1.0,Bicyclist,East,Proceeding Straight,Driver,North,Proceeding Straight,Broadside,0,1,0,1,No Pedestrian Involved,POINT (-122.420439518 37.781030842),Bicycle
1992,1.0,Driver,West,Changing Lanes,Driver,West,Proceeding Straight,Sideswipe,0,0,0,1,No Pedestrian Involved,POINT (-122.406709315 37.780094943),Other Motor Vehicle
1993,1.0,Driver,East,Proceeding Straight,Bicyclist,East,Proceeding Straight,Sideswipe,0,1,0,1,No Pedestrian Involved,POINT (-122.424825559 37.780472178),Bicycle
1994,1.0,Driver,South,Making Left Turn,Parked Vehicle,South,Parked,Rear End,0,0,0,1,No Pedestrian Involved,POINT (-122.450124109 37.766622395),Parked Motor Vehicle
1995,,Driver,North,Proceeding Straight,Driver,North,Stopped In Road,Rear End,0,0,0,1,No Pedestrian Involved,POINT (-122.463763736 37.758283343),Other Motor Vehicle
1996,1.0,Driver,West,Making Left Turn,Pedestrian,North,Proceeding Straight,Vehicle/Pedestrian,1,0,0,1,Crossing in Crosswalk at Intersection,POINT (-122.423959244 37.763167824),Pedestrian
1997,1.0,Pedestrian,South,Proceeding Straight,Driver,East,Proceeding Straight,Vehicle/Pedestrian,1,0,0,1,Crossing Not in Crosswalk,POINT (-122.477010887 37.761699375),Pedestrian
1998,1.0,Bicyclist,South,Proceeding Straight,Unknown,Unknown,Unknown,Hit Object,0,0,0,0,No Pedestrian Involved,POINT (-122.415320569 37.776717705),Other Object
1999,1.0,Driver,East,Changing Lanes,Parked Vehicle,East,Parked,Sideswipe,0,0,0,1,No Pedestrian Involved,POINT (-122.412147507 37.785892927),Parked Motor Vehicle
2000,1.0,Driver,South,Proceeding Straight,Driver,South,Stopped,Rear End,0,0,0,1,No Pedestrian Involved,POINT (-122.407431809 37.791742255),Other Motor Vehicle
2001,1.0,Driver,South,Proceeding Straight,Pedestrian,East,Proceeding Straight,Head-On,1,0,0,1,Crossing in Crosswalk at Intersection,POINT (-122.47262579 37.786314806),Pedestrian
2002,1.0,Driver,West,Making Right Turn,Driver,West,Backing,Rear End,0,0,0,1,No Pedestrian Involved,POINT (-122.408074986 37.785463345),Other Motor Vehicle
2003,1.0,Driver,South,Making Right Turn,Other,East,Proceeding Straight,Broadside,0,0,0,1,No Pedestrian Involved,POINT (-122.393181333 37.793230492),Not Stated
2004,1.0,Driver,East,Proceeding Straight,Driver,East,Stopped In Road,Rear End,0,0,0,1,No Pedestrian Involved,POINT (-122.421654859 37.804586996),Other Motor Vehicle
2005,1.0,Driver,South,Proceeding Straight,Pedestrian,West,Proceeding Straight,Vehicle/Pedestrian,1,0,0,1,Crossing in Crosswalk at Intersection,POINT (-122.495367017 37.755268511),Pedestrian
2006,1.0,Driver,West,Proceeding Straight,Pedestrian,Not Stated,Proceeding Straight,Vehicle/Pedestrian,1,0,0,1,Crossing in Crosswalk at Intersection,POINT (-122.430280615 37.771171162),Pedestrian
2007,1.0,Driver,West,Proceeding Straight,Driver,East,Making Left Turn,Broadside,0,0,0,1,No Pedestrian Involved,POINT (-122.41600028 37.711914556),Other Motor Vehicle
2008,1.0,Driver,North,Proceeding Straight,Pedestrian,East,Proceeding Straight,Vehicle/Pedestrian,1,0,0,1,Crossing in Crosswalk Not at Intersection,POINT (-122.510332984 37.767425839),Pedestrian
2009,1.0,Driver,South,Proceeding Straight,Driver,West,Proceeding Straight,Broadside,0,0,0,1,No Pedestrian Involved,POINT (-122.399763353 37.792257948),Other Motor Vehicle
2010,1.0,Driver,South,Making Right Turn,Driver,East,Stopped In Road,Broadside,0,0,0,1,No Pedestrian Involved,POINT (-122.476423522 37.754242188),Motor Vehicle on Other Roadway
2011,1.0,Driver,East,Proceeding Straight,Pedestrian,South,Not Stated,Vehicle/Pedestrian,1,0,0,1,Crossing in Crosswalk at Intersection,POINT (-122.450145641 37.766729074),Pedestrian
2012,1.0,Driver,West,Stopped,Driver,West,Proceeding Straight,Sideswipe,0,0,0,1,No Pedestrian Involved,POINT (-122.417744446 37.773750159),Parked Motor Vehicle
2013,1.0,Pedestrian,West,Entering Traffic,Driver,North,Proceeding Straight,Vehicle/Pedestrian,1,0,0,1,Crossing in Crosswalk at Intersection,POINT (-122.419823931 37.766660071),Pedestrian
2014,,Driver,South,Parking Maneuver,Parked Vehicle,South,Parked,Sideswipe,0,0,0,1,No Pedestrian Involved,POINT (-122.473025222 37.731590192),Parked Motor Vehicle
2015,1.0,Driver,North,Proceeding Straight,Driver,South,Making Left Turn,Broadside,0,0,0,1,No Pedestrian Involved,POINT (-122.453979523 37.771428395),Other Motor Vehicle
2016,1.0,Driver,West,Making Left Turn,Pedestrian,West,Not Stated,Vehicle/Pedestrian,1,0,0,1,Crossing in Crosswalk at Intersection,POINT (-122.459176505 37.785650437),Pedestrian
2017,1.0,Driver,East,Proceeding Straight,Driver,East,Making Left Turn,Broadside,0,0,0,1,No Pedestrian Involved,POINT (-122.386265014 37.717178949),Other Motor Vehicle
2018,1.0,Driver,North,Making Left Turn,Driver,West,Proceeding Straight,Broadside,0,0,0,1,No Pedestrian Involved,POINT (-122.426755544 37.803936418),Other Motor Vehicle
2019,1.0,Driver,South,Making Left Turn,Pedestrian,East,Proceeding Straight,Vehicle/Pedestrian,1,0,0,1,Crossing in Crosswalk at Intersection,POINT (-122.432974116 37.733310827),Pedestrian
2020,1.0,Driver,North,Proceeding Straight,Driver,West,Making Left Turn,Broadside,0,0,0,1,No Pedestrian Involved,POINT (-122.403435725 37.805184902),Other Motor Vehicle
2021,1.0,Bicyclist,East,Proceeding Straight,Unknown,Unknown,Unknown,Other,0,0,0,0,No Pedestrian Involved,POINT (-122.405546408 37.79056869),Non-Collision
2022,1.0,Driver,East,Making Left Turn,Driver,East,Making Left Turn,Broadside,0,0,0,1,No Pedestrian Involved,POINT (-122.395843499 37.781321257),Other Motor Vehicle
2023,1.0,Other,West,Proceeding Straight,Driver,West,Making Right Turn,Broadside,0,0,0,1,No Pedestrian Involved,POINT (-122.406479403 37.782731636),Other Motor Vehicle
2024,,Bicyclist,North,Proceeding Straight,Driver,West,Other,Other,0,0,0,1,No Pedestrian Involved,POINT (-122.388365445 37.782601147),Non-Collision
2025,1.0,Bicyclist,East,Proceeding Straight,Pedestrian,Not Stated,Not Stated,Vehicle/Pedestrian,1,0,0,0,Not in Road,POINT (-122.418942814 37.710743891),Pedestrian
2026,1.0,Driver,East,Making Right Turn,Bicyclist,East,Proceeding Straight,Broadside,0,1,0,1,No Pedestrian Involved,POINT (-122.423396761 37.771885644),Bicycle
2027,1.0,Driver,East,Proceeding Straight,Parked Vehicle,East,Parked,Overturned,0,0,0,1,No Pedestrian Involved,POINT (-122.451221694 37.729871801),Parked Motor Vehicle
2028,1.0,Driver,North,Proceeding Straight,Driver,North,Stopped In Road,Rear End,0,0,0,1,No Pedestrian Involved,POINT (-122.393232787 37.727733468),Other Motor Vehicle
2029,1.0,Driver,West,Proceeding Straight,Pedestrian,South,Proceeding Straight,Vehicle/Pedestrian,1,0,0,1,Crossing in Crosswalk at Intersection,POINT (-122.479382975 37.78033469),Pedestrian
2030,1.0,Driver,West,Changing Lanes,Driver,West,Making Left Turn,Broadside,0,0,0,1,No Pedestrian Involved,POINT (-122.494043474 37.760949279),Other Motor Vehicle
2031,1.0,Bicyclist,South,Proceeding Straight,Driver,West,Making Left Turn,Broadside,0,1,0,1,No Pedestrian Involved,POINT (-122.431011539 37.774902831),Bicycle
2032,1.0,Driver,South,Proceeding Straight,Driver,North,Making Left Turn,Head-On,0,0,0,1,No Pedestrian Involved,POINT (-122.407065797 37.760661266),Other Motor Vehicle
2033,1.0,Driver,North,Proceeding Straight,Driver,West,Proceeding Straight,Other,0,0,0,1,No Pedestrian Involved,POINT (-122.423019379 37.785441445),Other Motor Vehicle
2034,1.0,Driver,Not Stated,Proceeding Straight,Bicyclist,South,Proceeding Straight,Sideswipe,0,0,0,1,No Pedestrian Involved,POINT (-122.397150366 37.719295158),Parked Motor Vehicle
2035,1.0,Driver,South,Entering Traffic,Driver,South,Proceeding Straight,Rear End,0,0,0,1,No Pedestrian Involved,POINT (-122.387220048 37.745934931),Other Motor Vehicle
2036,1.0,Bicyclist,East,Proceeding Straight,Driver,South,Proceeding Straight,Not Stated,0,1,0,1,No Pedestrian Involved,POINT (-122.419273433 37.783567785),Bicycle
2037,,Driver,North,Proceeding Straight,Driver,North,Making Left Turn,Broadside,0,0,0,1,No Pedestrian Involved,POINT (-122.395150932 37.7892347),Other Motor Vehicle
2038,1.0,Other,South,Proceeding Straight,Driver,East,Proceeding Straight,Broadside,0,0,0,1,No Pedestrian Involved,POINT (-122.412969667 37.785789585),Other Motor Vehicle
2039,1.0,Driver,East,Making U Turn,Driver,North,Proceeding Straight,Broadside,0,0,0,1,No Pedestrian Involved,POINT (-122.40969326 37.781754328),Other Motor Vehicle
2040,1.0,Driver,North,Proceeding Straight,Driver,West,Proceeding Straight,Broadside,0,0,0,1,No Pedestrian Involved,POINT (-122.415577015 37.769591161),Other Motor Vehicle
2041,1.0,Driver,North,Proceeding Straight,Unknown,Unknown,Unknown,Hit Object,0,0,0,1,No Pedestrian Involved,POINT (-122.394206077 37.776037675),Fixed Object
2042,,Driver,North,Making U Turn,Driver,North,Proceeding Straight,Sideswipe,0,0,0,1,No Pedestrian Involved,POINT (-122.400969959 37.721290779),Other Motor Vehicle
2043,1.0,Pedestrian,South,Other,Driver,West,Proceeding Straight,Broadside,1,0,0,1,Crossing Not in Crosswalk,POINT (-122.447301513 37.782391642),Pedestrian
2044,1.0,Driver,South,Proceeding Straight,Driver,South,Stopped,Rear End,0,0,0,1,No Pedestrian Involved,POINT (-122.397980977 37.718177726),Other Motor Vehicle
2045,1.0,Pedestrian,East,Other,Driver,South,Making Right Turn,Vehicle/Pedestrian,1,0,0,1,Crossing in Crosswalk Not at Intersection,POINT (-122.419486477 37.729046445),Pedestrian
2046,1.0,Driver,West,Proceeding Straight,Pedestrian,South,Not Stated,Vehicle/Pedestrian,1,0,0,1,Crossing Not in Crosswalk,POINT (-122.455983622 37.765031391),Pedestrian
2047,1.0,Driver,East,Parking Maneuver,Pedestrian,Not Stated,Stopped,Vehicle/Pedestrian,1,0,0,1,"In Road, Including Shoulder",POINT (-122.419833775 37.783018748),Pedestrian
2048,1.0,Driver,North,Entering Traffic,Driver,North,Proceeding Straight,Sideswipe,0,0,0,1,No Pedestrian Involved,POINT (-122.414108838 37.752752376),Other Motor Vehicle
2049,1.0,Driver,North,Making Left Turn,Driver,South,Proceeding Straight,Head-On,0,0,0,1,No Pedestrian Involved,POINT (-122.432648623 37.774692661),Other Motor Vehicle
2050,1.0,Driver,East,Proceeding Straight,Driver,South,Stopped In Road,Broadside,1,0,0,1,Not in Road,POINT (-122.490159796 37.780749592),Other Motor Vehicle
2051,1.0,Driver,North,Making Right Turn,Unknown,Unknown,Unknown,Rear End,0,0,0,1,No Pedestrian Involved,POINT (-122.448678464 37.712762263),Other Motor Vehicle