party_id,party_at_fault,party1_type,party1_dir_of_travel,party1_move_pre_acc,party2_type,party2_dir_of_travel,party2_move_pre_acc,type_of_collision,involves_pedestrian,involves_bicycle,involves_motorcycle,involves_vehicle,ped_action,point,mviw
2208,1.0,Driver,South,Making Left Turn,Driver,South,Making Left Turn,Sideswipe,0,0,0,1,No Pedestrian Involved,POINT (-122.407080641 37.736394946),Other Motor Vehicle
2209,1.0,Driver,North,Making Left Turn,Driver,South,Proceeding Straight,Head-On,0,0,0,1,No Pedestrian Involved,POINT (-122.391244493 37.733223263),Other Motor Vehicle
2210,1.0,Driver,East,Proceeding Straight,Other,East,Proceeding Straight,Not Stated,0,0,0,1,No Pedestrian Involved,POINT (-122.412416426 37.765489809),Other Motor Vehicle
2211,1.0,Driver,West,Making Left Turn,Driver,South,Proceeding Straight,Head-On,0,0,0,1,No Pedestrian Involved,POINT (-122.423413055 37.795737109),Other Motor Vehicle
2212,1.0,Driver,West,Proceeding Straight,Driver,West,Proceeding Straight,Rear End,0,0,0,1,No Pedestrian Involved,POINT (-122.430824395 37.766013731),Other Motor Vehicle
2213,1.0,Driver,East,Proceeding Straight,Driver,East,Proceeding Straight,Rear End,0,0,0,1,No Pedestrian Involved,POINT (-122.472600989 37.717188442),Other Motor Vehicle
2214,1.0,Driver,South,Proceeding Straight,Pedestrian,West,Other,Vehicle/Pedestrian,1,0,0,1,Crossing in Crosswalk at Intersection,POINT (-122.447148009 37.789071387),Pedestrian
2215,1.0,Driver,West,Making Left Turn,Bicyclist,East,Proceeding Straight,Broadside,0,1,0,1,No Pedestrian Involved,POINT (-122.402060967 37.723919994),Bicycle
2216,1.0,Driver,South,Proceeding Straight,Driver,East,Proceeding Straight,Broadside,0,0,0,1,No Pedestrian Involved,POINT (-122.427396397 37.782056939),Other Motor Vehicle
2217,1.0,Driver,North,Proceeding Straight,Parked Vehicle,South,Not Stated,Overturned,0,0,0,1,No Pedestrian Involved,POINT (-122.488962434 37.763793659),Parked Motor Vehicle
2218,,Bicyclist,East,Proceeding Straight,Unknown,Unknown,Unknown,Other,0,0,0,0,No Pedestrian Involved,POINT (-122.413046079 37.770051719),Non-Collision
2219,1.0,Driver,South,Proceeding Straight,Driver,South,Stopped In Road,Rear End,0,0,0,1,No Pedestrian Involved,POINT (-122.457020658 37.71013478),Other Motor Vehicle
2220,1.0,Pedestrian,South,Proceeding Straight,Driver,East,Proceeding Straight,Vehicle/Pedestrian,1,0,0,1,Crossing Not in Crosswalk,POINT (-122.418707647 37.775519314),Pedestrian
2221,,Driver,South,Proceeding Straight,Other,South,Proceeding Straight,Sideswipe,0,0,0,1,No Pedestrian Involved,POINT (-122.419921369 37.786795024),Other Motor Vehicle
2222,1.0,Driver,South,Making U Turn,Bicyclist,East,Proceeding Straight,Broadside,0,1,0,1,No Pedestrian Involved,POINT (-122.459161921 37.771314267),Bicycle
2223,1.0,Driver,North,Other,Driver,West,Proceeding Straight,Overturned,0,0,0,1,No Pedestrian Involved,POINT (-122.452069955 37.785871705),Other Motor Vehicle
2224,1.0,Driver,South,Making Left Turn,Pedestrian,West,Proceeding Straight,Vehicle/Pedestrian,1,0,0,1,Crossing in Crosswalk at Intersection,POINT (-122.415005455 37.795877319),Pedestrian
2225,1.0,Driver,North,Proceeding Straight,Pedestrian,South,Stopped,Hit Object,1,0,0,1,Not in Road,POINT (-122.422652544 37.783619097),Pedestrian
2226,1.0,Driver,South,Merging,Driver,South,Proceeding Straight,Rear End,0,0,0,1,No Pedestrian Involved,POINT (-122.423152627 37.755322736),Other Motor Vehicle
2227,1.0,Driver,South,Stopped In Road,Bicyclist,West,Proceeding Straight,Broadside,0,1,0,1,No Pedestrian Involved,POINT (-122.416413489 37.75396777),Bicycle
2228,1.0,Driver,East,Making Right Turn,Driver,East,Proceeding Straight,Sideswipe,0,0,0,1,No Pedestrian Involved,POINT (-122.392722833 37.788686662),Other Motor Vehicle
2229,1.0,Driver,South,Proceeding Straight,Driver,West,Proceeding Straight,Broadside,0,0,0,1,No Pedestrian Involved,POINT (-122.411277937 37.771578677),Other Motor Vehicle
2230,1.0,Driver,South,Making Left Turn,Pedestrian,North,Proceeding Straight,Vehicle/Pedestrian,1,0,0,1,Crossing in Crosswalk at Intersection,POINT (-122.46960522 37.780781517),Pedestrian
2231,1.0,Driver,West,Proceeding Straight,Pedestrian,North,Proceeding Straight,Broadside,1,0,0,1,Not Stated,POINT (-122.412782128 37.784866246),Other Motor Vehicle
2232,1.0,Driver,South,Proceeding Straight,Driver,North,Stopped,Broadside,0,0,0,1,No Pedestrian Involved,POINT (-122.472465345 37.717369273),Fixed Object
2233,1.0,Bicyclist,West,Proceeding Straight,Driver,South,Proceeding Straight,Broadside,0,1,0,1,No Pedestrian Involved,POINT (-122.396565871 37.788959063),Bicycle
2234,1.0,Driver,South,Proceeding Straight,Driver,South,Stopped,Rear End,0,0,0,1,No Pedestrian Involved,POINT (-122.476163214 37.750512277),Other Motor Vehicle
2235,1.0,Driver,South,Proceeding Straight,Driver,South,Proceeding Straight,Sideswipe,0,0,0,1,No Pedestrian Involved,POINT (-122.418662342 37.754549077),Other Motor Vehicle
2236,1.0,Other,East,Proceeding Straight,Unknown,Unknown,Unknown,Other,0,0,0,0,No Pedestrian Involved,POINT (-122.389193604 37.789023626),Non-Collision
2237,1.0,Driver,West,Making Left Turn,Pedestrian,South,Proceeding Straight,Vehicle/Pedestrian,1,0,0,1,Crossing in Crosswalk at Intersection,POINT (-122.478615696 37.754145767),Pedestrian
2238,1.0,Driver,East,Proceeding Straight,Unknown,Unknown,Unknown,Hit Object,0,0,0,1,No Pedestrian Involved,POINT (-122.476965319 37.745881929),Fixed Object
2239,,Driver,South,Proceeding Straight,Driver,South,Stopped,Rear End,0,0,0,1,No Pedestrian Involved,POINT (-122.437275661 37.721355597),Other Motor Vehicle
2240,,Bicyclist,East,Proceeding Straight,Pedestrian,East,Not Stated,Other,1,0,0,0,Not in Road,POINT (-122.444437196 37.805493628),Pedestrian
2241,1.0,Driver,East,Proceeding Straight,Driver,East,Not Stated,Rear End,0,0,0,1,No Pedestrian Involved,POINT (-122.408127077 37.794031827),Other Motor Vehicle
2242,1.0,Driver,North,Making Left Turn,Driver,South,Proceeding Straight,Broadside,0,0,0,1,No Pedestrian Involved,POINT (-122.405288397 37.796909057),Not Stated
2243,1.0,Driver,North,Proceeding Straight,Driver,West,Proceeding Straight,Broadside,0,0,0,1,No Pedestrian Involved,POINT (-122.439737346 37.730732907),Other Motor Vehicle
2244,2.0,Driver,West,Proceeding Straight,Bicyclist,South,Proceeding Straight,Broadside,0,1,0,1,No Pedestrian Involved,POINT (-122.420344368 37.77177025),Bicycle
2245,1.0,Bicyclist,South,Making Left Turn,Driver,East,Proceeding Straight,Sideswipe,0,1,0,1,No Pedestrian Involved,POINT (-122.503998513 37.735379549),Bicycle
2246,,Driver,North,Backing,Driver,South,Backing,Rear End,0,0,0,1,No Pedestrian Involved,POINT (-122.418816419 37.756154061),Other Motor Vehicle
2247,1.0,Driver,West,Making Left Turn,Pedestrian,North,Other,Vehicle/Pedestrian,1,0,0,1,Crossing in Crosswalk at Intersection,POINT (-122.406667931 37.797864613),Pedestrian
2248,2.0,Driver,South,Slowing/Stopping,Driver,South,Proceeding Straight,Rear End,0,0,0,1,No Pedestrian Involved,POINT (-122.419042037 37.774639275),Not Stated
2249,1.0,Driver,West,Proceeding Straight,Pedestrian,North,Not Stated,Vehicle/Pedestrian,1,0,0,1,Crossing in Crosswalk at Intersection,POINT (-122.434867189 37.777280223),Pedestrian
2250,,Driver,South,Proceeding Straight,Driver,West,Proceeding Straight,Broadside,0,0,0,1,No Pedestrian Involved,POINT (-122.407685033 37.767081982),Other Motor Vehicle
2251,1.0,Driver,North,Proceeding Straight,Driver,North,Stopped In Road,Rear End,0,0,0,1,No Pedestrian Involved,POINT (-122.39894284 37.794149919),Other Motor Vehicle
2252,,Driver,North,Proceeding Straight,Unknown,Unknown,Unknown,Overturned,0,0,0,1,No Pedestrian Involved,POINT (-122.431874203 37.804244609),Non-Collision
2253,,Driver,East,Proceeding Straight,Driver,North,Making Left Turn,Broadside,0,0,0,1,No Pedestrian Involved,POINT (-122.445650064 37.805368466),Other Motor Vehicle
2254,1.0,Driver,South,Proceeding Straight,Unknown,Unknown,Unknown,Hit Object,0,0,0,1,No Pedestrian Involved,POINT (-122.393061328 37.76278773),Fixed Object
2255,1.0,Driver,West,Proceeding Straight,Pedestrian,North,Proceeding Straight,Vehicle/Pedestrian,1,0,0,1,Crossing in Crosswalk at Intersection,POINT (-122.400424331 37.785065198),Pedestrian
2256,1.0,Driver,East,Making Left Turn,Pedestrian,South,Proceeding Straight,Vehicle/Pedestrian,1,0,0,1,Crossing in Crosswalk at Intersection,POINT (-122.415505179 37.781654262),Pedestrian
2257,1.0,Driver,North,Making Left Turn,Driver,West,Proceeding Straight,Broadside,0,0,0,1,No Pedestrian Involved,POINT (-122.390319484 37.788134502),Other Motor Vehicle
2258,1.0,Driver,South,Proceeding Straight,Driver,West,Proceeding Straight,Broadside,0,0,0,1,No Pedestrian Involved,POINT (-122.416566641 37.755568278),Other Motor Vehicle
2259,1.0,Driver,South,Making Right Turn,Pedestrian,East,Proceeding Straight,Vehicle/Pedestrian,1,0,0,1,Crossing in Crosswalk at Intersection,POINT (-122.492417459 37.751662025),Pedestrian
2260,1.0,Driver,South,Making Left Turn,Driver,East,Proceeding Straight,Broadside,0,0,0,1,No Pedestrian Involved,POINT (-122.454885125 37.710478554),Other Motor Vehicle
2261,1.0,Pedestrian,East,Making Right Turn,Driver,East,Making Right Turn,Vehicle/Pedestrian,1,0,0,1,"In Road, Including Shoulder",POINT (-122.410259028 37.782236624),Pedestrian
2262,1.0,Driver,East,Making Right Turn,Bicyclist,North,Proceeding Straight,Broadside,0,1,0,1,No Pedestrian Involved,POINT (-122.39723446 37.785963992),Bicycle
2263,1.0,Pedestrian,North,Not Stated,Driver,South,Making Left Turn,Vehicle/Pedestrian,1,0,0,1,Crossing in Crosswalk at Intersection,POINT (-122.422455747 37.748023043),Pedestrian
2264,1.0,Driver,East,Parked,Driver,East,Proceeding Straight,Sideswipe,0,0,0,1,No Pedestrian Involved,POINT (-122.415577163 37.805375309),Other Motor Vehicle
2265,1.0,Driver,West,Making Left Turn,Bicyclist,East,Proceeding Straight,Broadside,0,1,0,1,No Pedestrian Involved,POINT (-122.471810402 37.73101993),Bicycle
2266,1.0,Bicyclist,North,Proceeding Straight,Unknown,Unknown,Unknown,Hit Object,0,0,0,0,No Pedestrian Involved,POINT (-122.423396761 37.771885644),Other Object
2267,1.0,Bicyclist,West,Making Right Turn,Driver,West,Making Right Turn,Broadside,0,1,0,1,No Pedestrian Involved,POINT (-122.402708154 37.783259236),Bicycle
2268,1.0,Driver,East,Proceeding Straight,Driver,North,Proceeding Straight,Broadside,0,0,0,1,No Pedestrian Involved,POINT (-122.459178767 37.785681691),Other Motor Vehicle
2269,,Other,West,Proceeding Straight,Unknown,Unknown,Unknown,Other,0,0,0,0,No Pedestrian Involved,POINT (-122.413053818 37.747201829),Non-Collision
2270,,Parked Vehicle,Not Stated,Backing,Unknown,Unknown,Unknown,Other,0,0,0,0,No Pedestrian Involved,POINT (-122.433653316 37.720500642),Pedestrian
2271,,Driver,East,Proceeding Straight,Driver,North,Not Stated,Broadside,0,0,0,1,No Pedestrian Involved,POINT (-122.394300038 37.78008973),Other Motor Vehicle
2272,1.0,Driver,North,Proceeding Straight,Unknown,Unknown,Unknown,Head-On,0,0,0,1,No Pedestrian Involved,POINT (-122.428644212 37.764291229),Fixed Object
2273,,Driver,West,Proceeding Straight,Unknown,Unknown,Unknown,Hit Object,0,0,0,1,No Pedestrian Involved,POINT (-122.41820104 37.732210517),Fixed Object
2274,1.0,Driver,East,Entering Traffic,Other,West,Proceeding Straight,Broadside,0,0,0,1,No Pedestrian Involved,POINT (-122.417152394 37.765203313),Other Object
2275,1.0,Other,East,Proceeding Straight,Pedestrian,North,Proceeding Straight,Head-On,1,0,0,0,"In Road, Including Shoulder",POINT (-122.412712157 37.782965726),Pedestrian
2276,1.0,Driver,East,Making Right Turn,Bicyclist,South,Proceeding Straight,Broadside,0,1,0,1,No Pedestrian Involved,POINT (-122.424136499 37.774824795),Bicycle
2277,,Driver,West,Proceeding Straight,Driver,South,Proceeding Straight,Broadside,1,0,0,1,Not in Road,POINT (-122.421004111 37.755317907),Other Motor Vehicle
2278,1.0,Driver,South,Proceeding Straight,Driver,South,Stopped,Rear End,0,0,0,1,No Pedestrian Involved,POINT (-122.41424826 37.754252102),Other Motor Vehicle
2279,1.0,Driver,North,Proceeding Straight,Driver,East,Proceeding Straight,Broadside,0,0,0,1,No Pedestrian Involved,POINT (-122.415155086 37.763696766),Motor Vehicle on Other Roadway
2280,1.0,Other,North,Traveling Wrong Way,Driver,East,Proceeding Straight,Broadside,0,0,0,1,No Pedestrian Involved,POINT (-122.406398878 37.786615347),Other Motor Vehicle
2281,1.0,Driver,West,Making Right Turn,Parked Vehicle,West,Parked,Sideswipe,0,0,0,1,No Pedestrian Involved,POINT (-122.413442208 37.777232695),Parked Motor Vehicle
2282,1.0,Driver,West,Proceeding Straight,Unknown,Unknown,Unknown,Head-On,0,0,0,1,No Pedestrian Involved,POINT (-122.466534914 37.727073196),Fixed Object
2283,1.0,Driver,West,Making Left Turn,Driver,West,Proceeding Straight,Rear End,0,0,0,1,No Pedestrian Involved,POINT (-122.445902366 37.772995406),Motor Vehicle on Other Roadway
2284,1.0,Pedestrian,South,Proceeding Straight,Driver,East,Making Right Turn,Vehicle/Pedestrian,1,0,0,1,Crossing in Crosswalk at Intersection,POINT (-122.401126341 37.7930603),Pedestrian
2285,1.0,Driver,West,Entering Traffic,Driver,West,Proceeding Straight,Broadside,0,0,0,1,No Pedestrian Involved,POINT (-122.422487364 37.74801345),Other Motor Vehicle
2286,1.0,Driver,North,Proceeding Straight,Driver,East,Proceeding Straight,Broadside,0,0,0,1,No Pedestrian Involved,POINT (-122.430453101 37.724725123),Other Motor Vehicle
2287,,Driver,South,Proceeding Straight,Parked Vehicle,South,Parked,Sideswipe,0,0,0,1,No Pedestrian Involved,POINT (-122.453767281 37.770320729),Parked Motor Vehicle
2288,1.0,Driver,North,Proceeding Straight,Driver,North,Proceeding Straight,Rear End,0,0,0,1,No Pedestrian Involved,POINT (-122.416238521 37.752098996),Other Motor Vehicle
2289,1.0,Driver,East,Proceeding Straight,Driver,East,Proceeding Straight,Sideswipe,0,0,0,1,No Pedestrian Involved,POINT (-122.395522195 37.7766623),Other Motor Vehicle
2290,1.0,Driver,Not Stated,Backing,Pedestrian,South,Entering Traffic,Vehicle/Pedestrian,1,0,0,1,"In Road, Including Shoulder",POINT (-122.40557149 37.788650029),Pedestrian
2291,,Bicyclist,East,Proceeding Straight,Unknown,Unknown,Unknown,Other,0,0,0,0,No Pedestrian Involved,POINT (-122.446161091 37.799556099),Non-Collision
2292,1.0,Bicyclist,North,Proceeding Straight,Driver,East,Making Right Turn,Broadside,0,1,0,1,No Pedestrian Involved,POINT (-122.406186564 37.751366903),Bicycle
2293,1.0,Driver,East,Making Left Turn,Driver,West,Proceeding Straight,Broadside,0,0,0,1,No Pedestrian Involved,POINT (-122.468023917 37.773303834),Other Motor Vehicle
2294,1.0,Driver,South,Proceeding Straight,Driver,South,Proceeding Straight,Other,0,0,0,1,No Pedestrian Involved,POINT (-122.471013164 37.709086684),Non-Collision
2295,1.0,Driver,North,Proceeding Straight,Driver,West,Proceeding Straight,Broadside,0,0,0,1,No Pedestrian Involved,POINT (-122.484595238 37.778165835),Other Motor Vehicle
2296,1.0,Driver,South,Entering Traffic,Unknown,Unknown,Unknown,Overturned,0,0,0,1,No Pedestrian Involved,POINT (-122.450130072 37.758154384),Fixed Object
2297,1.0,Driver,North,Making Left Turn,Driver,South,Proceeding Straight,Head-On,0,0,0,1,No Pedestrian Involved,POINT (-122.392936685 37.786067532),Other Motor Vehicle
2298,1.0,Bicyclist,East,Entering Traffic,Driver,South,Proceeding Straight,Broadside,0,1,0,1,No Pedestrian Involved,POINT (-122.478324821 37.765399136),Bicycle
2299,1.0,Driver,South,Proceeding Straight,Driver,West,Proceeding Straight,Head-On,0,0,0,1,No Pedestrian Involved,POINT (-122.393736929 37.721408461),Other Motor Vehicle
2300,1.0,Bicyclist,North,Other,Driver,North,Proceeding Straight,Broadside,0,1,0,1,No Pedestrian Involved,POINT (-122.390433038 37.750118341),Bicycle
2301,1.0,Driver,South,Stopped In Road,Driver,West,Proceeding Straight,Broadside,0,0,0,1,No Pedestrian Involved,POINT (-122.418698425 37.765109955),Other Motor Vehicle
2302,1.0,Driver,East,Proceeding Straight,Unknown,Unknown,Unknown,Head-On,0,0,0,1,No Pedestrian Involved,POINT (-122.4149427 37.778499937),Fixed Object
2303,1.0,Driver,West,Making Left Turn,Driver,South,Proceeding Straight,Broadside,0,0,0,1,No Pedestrian Involved,POINT (-122.498001637 37.731277832),Other Motor Vehicle
2304,1.0,Driver,West,Proceeding Straight,Unknown,Unknown,Unknown,Overturned,0,0,0,1,No Pedestrian Involved,POINT (-122.478682912 37.728291906),Fixed Object
2305,1.0,Driver,West,Proceeding Straight,Parked Vehicle,West,Parked,Rear End,0,0,0,1,No Pedestrian Involved,POINT (-122.442255309 37.756655329),Parked Motor Vehicle
2306,1.0,Driver,South,Proceeding Straight,Driver,South,Stopped,Rear End,0,0,0,1,No Pedestrian Involved,POINT (-122.455592237 37.711476666),Other Motor Vehicle
2307,1.0,Driver,East,Making Right Turn,Bicyclist,East,Proceeding Straight,Broadside,0,1,0,1,No Pedestrian Involved,POINT (-122.422186439 37.772909123),Bicycle
2308,1.0,Driver,East,Proceeding Straight,Driver,East,Stopped,Rear End,0,0,0,1,No Pedestrian Involved,POINT (-122.471263092 37.765666846),Other Motor Vehicle
2309,1.0,Driver,South,Proceeding Straight,Driver,East,Proceeding Straight,Vehicle/Pedestrian,1,0,0,1,Not in Road,POINT (-122.416259706 37.785375975),Pedestrian
2310,1.0,Driver,Not Stated,Changing Lanes,Driver,North,Proceeding Straight,Sideswipe,0,1,0,1,No Pedestrian Involved,POINT (-122.417104361 37.781243923),Bicycle
2311,1.0,Driver,East,Proceeding Straight,Pedestrian,North,Proceeding Straight,Vehicle/Pedestrian,1,0,0,1,Crossing in Crosswalk at Intersection,POINT (-122.472789705 37.76375233),Pedestrian
2312,1.0,Driver,West,Proceeding Straight,Driver,South,Making Left Turn,Broadside,0,0,0,1,No Pedestrian Involved,POINT (-122.491342619 37.734007858),Other Motor Vehicle
2313,,Driver,East,Making Left Turn,Unknown,Unknown,Unknown,Sideswipe,0,0,0,1,No Pedestrian Involved,POINT (-122.435086157 37.764116262),Fixed Object
2314,1.0,Bicyclist,North,Proceeding Straight,Driver,West,Proceeding Straight,Broadside,0,1,0,1,No Pedestrian Involved,POINT (-122.474854932 37.761794144),Bicycle
2315,1.0,Driver,Not Stated,Other,Parked Vehicle,Not Stated,Parked,Sideswipe,0,0,0,1,No Pedestrian Involved,POINT (-122.475512257 37.718920594),Parked Motor Vehicle
2316,,Driver,South,Proceeding Straight,Bicyclist,South,Proceeding Straight,Sideswipe,0,0,0,1,No Pedestrian Involved,POINT (-122.416821259 37.788148721),Parked Motor Vehicle
2317,1.0,Driver,South,Proceeding Straight,Driver,South,Stopped In Road,Rear End,0,0,0,1,No Pedestrian Involved,POINT (-122.424089206 37.774302603),Other Motor Vehicle
2318,1.0,Driver,East,Proceeding Straight,Driver,North,Making Left Turn,Broadside,0,0,0,1,No Pedestrian Involved,POINT (-122.41228115 37.710866063),Other Motor Vehicle
2319,1.0,Driver,South,Stopped In Road,Bicyclist,South,Passing Other Vehicle,Sideswipe,0,1,0,1,No Pedestrian Involved,POINT (-122.388274112 37.7837809),Bicycle
2320,1.0,Driver,East,Passing Other Vehicle,Driver,East,Stopped In Road,Sideswipe,0,0,0,1,No Pedestrian Involved,POINT (-122.438587133 37.776803772),Other Motor Vehicle
2321,1.0,Driver,South,Making Left Turn,Pedestrian,South,Stopped,Rear End,1,0,0,1,"In Road, Including Shoulder",POINT (-122.476630049 37.741138228),Pedestrian
2322,1.0,Driver,East,Making Left Turn,Pedestrian,North,Proceeding Straight,Vehicle/Pedestrian,1,0,0,1,Crossing in Crosswalk at Intersection,POINT (-122.435372983 37.771479485),Pedestrian
2323,1.0,Pedestrian,East,Proceeding Straight,Driver,North,Stopped In Road,Sideswipe,1,0,0,1,Crossing Not in Crosswalk,POINT (-122.435000702 37.760888933),Pedestrian
2324,,Driver,East,Proceeding Straight,Driver,East,Making Left Turn,Rear End,0,0,0,1,No Pedestrian Involved,POINT (-122.404864794 37.784006613),Other Motor Vehicle
2325,1.0,Driver,South,Making Left Turn,Driver,South,Making Left Turn,Rear End,0,0,0,1,No Pedestrian Involved,POINT (-122.413587569 37.763823207),Other Motor Vehicle
2326,1.0,Driver,North,Proceeding Straight,Driver,North,Stopped,Rear End,0,0,0,1,No Pedestrian Involved,POINT (-122.43742294 37.773133493),Other Motor Vehicle
2327,1.0,Driver,South,Proceeding Straight,Driver,East,Proceeding Straight,Broadside,0,0,0,1,No Pedestrian Involved,POINT (-122.47510247 37.734625573),Other Motor Vehicle
2328,1.0,Driver,West,Proceeding Straight,Pedestrian,North,Other,Vehicle/Pedestrian,1,0,0,1,"In Road, Including Shoulder",POINT (-122.502476736 37.741861723),Pedestrian
2329,1.0,Driver,North,Proceeding Straight,Driver,North,Proceeding Straight,Head-On,1,0,0,1,Not in Road,POINT (-122.400382133 37.722633285),Other Motor Vehicle
2330,,Driver,East,Proceeding Straight,Pedestrian,North,Not Stated,Vehicle/Pedestrian,1,0,0,1,Crossing in Crosswalk at Intersection,POINT (-122.439480381 37.783308487),Pedestrian
2331,1.0,Driver,East,Making Right Turn,Bicyclist,East,Proceeding Straight,Broadside,0,1,0,1,No Pedestrian Involved,POINT (-122.421941248 37.773036051),Bicycle
2332,1.0,Driver,North,Making Right Turn,Driver,North,Proceeding Straight,Broadside,0,0,0,1,No Pedestrian Involved,POINT (-122.477136067 37.763642106),Other Motor Vehicle
2333,1.0,Driver,East,Proceeding Straight,Driver,East,Proceeding Straight,Rear End,0,0,0,1,No Pedestrian Involved,POINT (-122.392936685 37.786067532),Other Motor Vehicle
2334,1.0,Other,North,Proceeding Straight,Driver,West,Proceeding Straight,Broadside,0,0,0,1,No Pedestrian Involved,POINT (-122.422043813 37.766539577),Other Motor Vehicle
2335,1.0,Driver,North,Entering Traffic,Driver,North,Proceeding Straight,Sideswipe,0,0,0,1,No Pedestrian Involved,POINT (-122.420979697 37.755458222),Other Motor Vehicle
2336,1.0,Driver,North,Making Left Turn,Driver,West,Proceeding Straight,Head-On,0,0,0,1,No Pedestrian Involved,POINT (-122.47510247 37.734625573),Other Motor Vehicle
2337,1.0,Driver,North,Making Left Turn,Driver,West,Proceeding Straight,Sideswipe,0,0,0,1,No Pedestrian Involved,POINT (-122.477362831 37.766062486),Other Motor Vehicle
2338,1.0,Bicyclist,North,Proceeding Straight,Pedestrian,North,Not Stated,Rear End,1,0,0,0,"In Road, Including Shoulder",POINT (-122.42581532 37.759076627),Pedestrian
2339,,Driver,West,Ran Off Road,Unknown,Unknown,Unknown,Hit Object,0,0,0,1,No Pedestrian Involved,POINT (-122.434739589 37.770603939),Fixed Object
2340,1.0,Driver,East,Backing,Driver,West,Stopped In Road,Rear End,0,0,0,1,No Pedestrian Involved,POINT (-122.408766356 37.793046331),Other Motor Vehicle
2341,1.0,Driver,South,Other Unsafe Turning,Driver,North,Proceeding Straight,Broadside,0,0,0,1,No Pedestrian Involved,POINT (-122.443347264 37.750082609),Other Motor Vehicle
2342,1.0,Pedestrian,North,Other,Driver,East,Proceeding Straight,Vehicle/Pedestrian,1,0,0,1,Crossing Not in Crosswalk,POINT (-122.421001549 37.758514832),Pedestrian
2343,1.0,Pedestrian,East,Proceeding Straight,Driver,South,Making Right Turn,Vehicle/Pedestrian,1,0,0,1,Crossing in Crosswalk at Intersection,POINT (-122.40422493 37.784445931),Pedestrian
2344,1.0,Driver,East,Proceeding Straight,Driver,East,Stopped In Road,Rear End,0,0,0,1,No Pedestrian Involved,POINT (-122.474757085 37.734554217),Other Motor Vehicle
2345,1.0,Driver,West,Making Right Turn,Driver,West,Proceeding Straight,Broadside,0,0,0,1,No Pedestrian Involved,POINT (-122.390434709 37.744106677),Other Motor Vehicle
2346,1.0,Driver,East,Proceeding Straight,Driver,North,Making Left Turn,Broadside,0,0,0,1,No Pedestrian Involved,POINT (-122.435839971 37.73387533),Other Motor Vehicle
2347,1.0,Pedestrian,West,Proceeding Straight,Driver,North,Proceeding Straight,Vehicle/Pedestrian,1,0,0,1,Crossing Not in Crosswalk,POINT (-122.420977124 37.783352075),Pedestrian
2348,1.0,Driver,East,Making Left Turn,Driver,North,Proceeding Straight,Broadside,0,0,0,1,No Pedestrian Involved,POINT (-122.403920882 37.78069905),Other Motor Vehicle
2349,1.0,Pedestrian,North,Proceeding Straight,Driver,East,Slowing/Stopping,Broadside,1,0,0,1,Crossing Not in Crosswalk,POINT (-122.489772446 37.742430736),Pedestrian
2350,1.0,Driver,North,Making Left Turn,Pedestrian,North,Proceeding Straight,Vehicle/Pedestrian,1,0,0,1,Crossing in Crosswalk at Intersection,POINT (-122.40202542 37.786248152),Pedestrian
2351,1.0,Driver,North,Proceeding Straight,Pedestrian,East,Proceeding Straight,Vehicle/Pedestrian,1,0,0,1,Crossing in Crosswalk at Intersection,POINT (-122.408079101 37.794940688),Pedestrian
2352,1.0,Driver,South,Proceeding Straight,Pedestrian,West,Proceeding Straight,Vehicle/Pedestrian,1,0,0,1,Crossing in Crosswalk at Intersection,POINT (-122.421758104 37.78754814),Pedestrian
2353,1.0,Driver,North,Proceeding Straight,Driver,North,Slowing/Stopping,Rear End,1,0,0,1,Crossing Not in Crosswalk,POINT (-122.421337321 37.785749083),Other Motor Vehicle
2354,,Driver,West,Proceeding Straight,Unknown,Unknown,Unknown,Other,0,0,0,1,No Pedestrian Involved,POINT (-122.433567086 37.763942554),Non-Collision
2355,1.0,Driver,East,Slowing/Stopping,Driver,East,Slowing/Stopping,Rear End,0,0,0,1,No Pedestrian Involved,POINT (-122.46138744 37.725032117),Other Motor Vehicle
2356,1.0,Driver,South,Proceeding Straight,Driver,East,Proceeding Straight,Broadside,0,0,0,1,No Pedestrian Involved,POINT (-122.415761511 37.799616465),Other Motor Vehicle
2357,1.0,Driver,West,Proceeding Straight,Unknown,Unknown,Unknown,Hit Object,0,0,0,1,No Pedestrian Involved,POINT (-122.454617803 37.78402999),Fixed Object
2358,1.0,Driver,North,Making Left Turn,Bicyclist,South,Proceeding Straight,Broadside,0,1,0,1,No Pedestrian Involved,POINT (-122.459178766 37.785681691),Bicycle
2359,1.0,Driver,North,Slowing/Stopping,Driver,North,Proceeding Straight,Rear End,0,0,0,1,No Pedestrian Involved,POINT (-122.483866215 37.726731817),Other Motor Vehicle
2360,1.0,Driver,South,Making Left Turn,Pedestrian,West,Not Stated,Vehicle/Pedestrian,1,0,0,1,Crossing in Crosswalk at Intersection,POINT (-122.425797424 37.790851035),Pedestrian
2361,1.0,Other,North,Proceeding Straight,Driver,West,Proceeding Straight,Broadside,0,0,0,1,No Pedestrian Involved,POINT (-122.440780072 37.802618613),Other Motor Vehicle
2362,1.0,Driver,East,Backing,Pedestrian,North,Proceeding Straight,Vehicle/Pedestrian,1,0,0,1,Crossing Not in Crosswalk,POINT (-122.446003748 37.710736128),Pedestrian
2363,,Driver,West,Proceeding Straight,Driver,North,Proceeding Straight,Broadside,0,0,0,1,No Pedestrian Involved,POINT (-122.44191562 37.78690033),Other Motor Vehicle