party_id,party_at_fault,party1_type,party1_dir_of_travel,party1_move_pre_acc,party2_type,party2_dir_of_travel,party2_move_pre_acc,type_of_collision,involves_pedestrian,involves_bicycle,involves_motorcycle,involves_vehicle,ped_action,point,mviw
4238,1.0,Driver,East,Proceeding Straight,Pedestrian,South,Not Stated,Sideswipe,1,0,0,1,Crossing in Crosswalk at Intersection,POINT (-122.408066548 37.783991487),Pedestrian
4239,1.0,Driver,East,Proceeding Straight,Driver,North,Proceeding Straight,Broadside,0,0,0,1,No Pedestrian Involved,POINT (-122.426161767 37.731168532),Other Motor Vehicle
4240,1.0,Driver,West,Making Left Turn,Driver,South,Proceeding Straight,Broadside,0,0,0,1,No Pedestrian Involved,POINT (-122.426076502 37.761427133),Other Motor Vehicle
4241,1.0,Driver,North,Proceeding Straight,Driver,North,Stopped,Rear End,0,0,0,1,No Pedestrian Involved,POINT (-122.432003326 37.788159074),Other Motor Vehicle
4242,1.0,Driver,North,Proceeding Straight,Driver,North,Proceeding Straight,Rear End,0,0,0,1,No Pedestrian Involved,POINT (-122.420937913 37.775129143),Other Motor Vehicle
4243,1.0,Driver,North,Making Right Turn,Unknown,Unknown,Unknown,Other,0,0,0,1,No Pedestrian Involved,POINT (-122.423466053 37.804354925),Other Object
4244,1.0,Pedestrian,North,Not Stated,Driver,East,Proceeding Straight,Vehicle/Pedestrian,1,0,0,1,Crossing in Crosswalk at Intersection,POINT (-122.47301902 37.782552607),Pedestrian
4245,,Driver,South,Proceeding Straight,Driver,West,Proceeding Straight,Broadside,0,0,0,1,No Pedestrian Involved,POINT (-122.401074129 37.721534399),Other Motor Vehicle
4246,1.0,Driver,South,Proceeding Straight,Parked Vehicle,South,Parked,Rear End,0,0,0,1,No Pedestrian Involved,POINT (-122.419258876 37.760787228),Parked Motor Vehicle
4247,1.0,Pedestrian,Not Stated,Not Stated,Driver,East,Proceeding Straight,Vehicle/Pedestrian,1,0,0,1,"In Road, Including Shoulder",POINT (-122.421805425 37.786587948),Pedestrian
4248,1.0,Driver,North,Proceeding Straight,Driver,East,Proceeding Straight,Not Stated,0,0,0,1,No Pedestrian Involved,POINT (-122.429652126 37.724343337),Other Motor Vehicle
4249,1.0,Driver,East,Proceeding Straight,Driver,East,Making Left Turn,Sideswipe,0,0,0,1,No Pedestrian Involved,POINT (-122.415397511 37.789316587),Other Motor Vehicle
4250,1.0,Driver,South,Stopped In Road,Driver,South,Proceeding Straight,Not Stated,0,0,0,1,No Pedestrian Involved,POINT (-122.388481187 37.789571919),Other Motor Vehicle
4251,,Bicyclist,West,Proceeding Straight,Pedestrian,South,Proceeding Straight,Broadside,1,0,0,0,Not in Road,POINT (-122.40819305 37.788319574),Pedestrian
4252,1.0,Driver,East,Proceeding Straight,Driver,South,Proceeding Straight,Other,0,0,0,1,No Pedestrian Involved,POINT (-122.443132454 37.776226036),Other Object
4253,2.0,Driver,West,Making Left Turn,Driver,South,Proceeding Straight,Broadside,0,0,0,1,No Pedestrian Involved,POINT (-122.478190826 37.763514758),Other Motor Vehicle
4254,1.0,Driver,North,Proceeding Straight,Driver,North,Entering Traffic,Sideswipe,0,0,0,1,No Pedestrian Involved,POINT (-122.420901271 37.764976898),Other Motor Vehicle
4255,1.0,Driver,East,Making Right Turn,Pedestrian,Not Stated,Not Stated,Hit Object,1,0,0,1,Not in Road,POINT (-122.41626551 37.752372788),Fixed Object
4256,1.0,Driver,Not Stated,Making Right Turn,Driver,East,Proceeding Straight,Broadside,0,0,0,1,No Pedestrian Involved,POINT (-122.411950087 37.805824932),Other Motor Vehicle
4257,1.0,Driver,North,Making Left Turn,Pedestrian,North,Other,Vehicle/Pedestrian,1,0,0,1,Crossing in Crosswalk at Intersection,POINT (-122.413385237 37.769502005),Pedestrian
4258,1.0,Driver,West,Proceeding Straight,Driver,South,Proceeding Straight,Broadside,0,0,0,1,No Pedestrian Involved,POINT (-122.413161445 37.786729745),Other Motor Vehicle
4259,1.0,Driver,South,Proceeding Straight,Driver,West,Proceeding Straight,Broadside,0,0,0,1,No Pedestrian Involved,POINT (-122.416071735 37.784448842),Other Motor Vehicle
4260,1.0,Driver,South,Proceeding Straight,Driver,South,Proceeding Straight,Broadside,0,0,0,1,No Pedestrian Involved,POINT (-122.375978296 37.822371729),Other Motor Vehicle
4261,1.0,Pedestrian,East,Proceeding Straight,Driver,North,Proceeding Straight,Vehicle/Pedestrian,1,0,0,1,Crossing in Crosswalk at Intersection,POINT (-122.414387602 37.755699465),Pedestrian
4262,1.0,Driver,North,Proceeding Straight,Driver,West,Proceeding Straight,Broadside,0,0,0,1,No Pedestrian Involved,POINT (-122.473119809 37.784421468),Other Motor Vehicle
4263,1.0,Driver,West,Proceeding Straight,Bicyclist,South,Proceeding Straight,Broadside,0,1,0,1,No Pedestrian Involved,POINT (-122.469261662 37.710601795),Bicycle
4264,1.0,Driver,West,Proceeding Straight,Bicyclist,North,Proceeding Straight,Broadside,0,0,0,1,No Pedestrian Involved,POINT (-122.405288397 37.796909057),Other Motor Vehicle
4265,,Driver,West,Making Left Turn,Bicyclist,East,Proceeding Straight,Broadside,1,1,0,1,Not Stated,POINT (-122.457789624 37.766014768),Bicycle
4266,1.0,Pedestrian,South,Proceeding Straight,Driver,East,Proceeding Straight,Vehicle/Pedestrian,1,0,0,1,Crossing Not in Crosswalk,POINT (-122.419461738 37.765063853),Pedestrian
4267,1.0,Driver,West,Proceeding Straight,Unknown,Unknown,Unknown,Head-On,0,0,0,1,No Pedestrian Involved,POINT (-122.385586506 37.741305211),Fixed Object
4268,1.0,Driver,South,Proceeding Straight,Driver,East,Making Left Turn,Broadside,0,0,0,1,No Pedestrian Involved,POINT (-122.406978585 37.739566272),Other Motor Vehicle
4269,1.0,Driver,North,Proceeding Straight,Parked Vehicle,North,Parked,Rear End,0,0,0,1,No Pedestrian Involved,POINT (-122.408284157 37.804123597),Other Motor Vehicle
4270,1.0,Driver,Not Stated,Parked,Driver,North,Making Right Turn,Sideswipe,0,0,0,1,No Pedestrian Involved,POINT (-122.39111245 37.718072495),Parked Motor Vehicle
4271,1.0,Driver,North,Proceeding Straight,Driver,North,Stopped In Road,Rear End,0,0,0,1,No Pedestrian Involved,POINT (-122.485027503 37.719333875),Other Motor Vehicle
4272,,Driver,North,Proceeding Straight,Unknown,Unknown,Unknown,Hit Object,0,0,0,1,No Pedestrian Involved,POINT (-122.374594409 37.829990755),Other Object
4273,1.0,Driver,East,Proceeding Straight,Driver,West,Proceeding Straight,Broadside,0,0,0,1,No Pedestrian Involved,POINT (-122.455289746 37.770929659),Other Motor Vehicle
4274,2.0,Driver,East,Proceeding Straight,Pedestrian,North,Not Stated,Vehicle/Pedestrian,1,0,0,1,Crossing Not in Crosswalk,POINT (-122.385394545 37.728016463),Pedestrian
4275,1.0,Driver,East,Making Left Turn,Pedestrian,South,Proceeding Straight,Head-On,1,0,0,1,Crossing in Crosswalk at Intersection,POINT (-122.427357436 37.773455462),Pedestrian
4276,1.0,Driver,South,Passing Other Vehicle,Driver,South,Proceeding Straight,Sideswipe,0,0,0,1,No Pedestrian Involved,POINT (-122.511580932 37.776432436),Other Motor Vehicle
4277,1.0,Driver,East,Proceeding Straight,Driver,East,Proceeding Straight,Other,0,0,0,1,No Pedestrian Involved,POINT (-122.390698495 37.762925746),Parked Motor Vehicle
4278,1.0,Driver,North,Proceeding Straight,Driver,East,Proceeding Straight,Broadside,0,0,0,1,No Pedestrian Involved,POINT (-122.431946798 37.752225724),Other Motor Vehicle
4279,,Driver,East,Making Left Turn,Pedestrian,South,Proceeding Straight,Sideswipe,1,0,0,1,Crossing Not in Crosswalk,POINT (-122.485807576 37.780037953),Pedestrian
4280,1.0,Driver,South,Proceeding Straight,Driver,North,Stopped In Road,Not Stated,0,0,0,1,No Pedestrian Involved,POINT (-122.40955134 37.802254147),Other Motor Vehicle
4281,1.0,Driver,South,Making Right Turn,Driver,South,Stopped In Road,Sideswipe,0,0,0,1,No Pedestrian Involved,POINT (-122.42063825 37.781960766),Other Motor Vehicle
4282,1.0,Driver,South,Proceeding Straight,Driver,South,Stopped,Rear End,0,0,0,1,No Pedestrian Involved,POINT (-122.401916454 37.77909057),Other Motor Vehicle
4283,1.0,Pedestrian,Not Stated,Not Stated,Driver,East,Proceeding Straight,Sideswipe,1,0,0,1,"In Road, Including Shoulder",POINT (-122.414313754 37.791390068),Pedestrian
4284,1.0,Driver,North,Proceeding Straight,Driver,North,Stopped,Rear End,0,0,0,1,No Pedestrian Involved,POINT (-122.433524705 37.804033455),Other Motor Vehicle
4285,1.0,Pedestrian,East,Proceeding Straight,Driver,South,Proceeding Straight,Vehicle/Pedestrian,1,0,0,1,Crossing Not in Crosswalk,POINT (-122.433876347 37.725901983),Pedestrian
4286,1.0,Driver,North,Parked,Bicyclist,North,Proceeding Straight,Sideswipe,0,1,0,1,No Pedestrian Involved,POINT (-122.414244045 37.754208325),Bicycle
4287,,Driver,East,Proceeding Straight,Driver,East,Stopped In Road,Rear End,0,0,0,1,No Pedestrian Involved,POINT (-122.411367743 37.748258359),Other Motor Vehicle
4288,1.0,Driver,West,Making Left Turn,Unknown,Unknown,Unknown,Other,0,0,0,1,No Pedestrian Involved,POINT (-122.397735641 37.78227704),Non-Collision
4289,1.0,Driver,East,Proceeding Straight,Parked Vehicle,East,Parked,Rear End,0,0,0,1,No Pedestrian Involved,POINT (-122.454552133 37.784031657),Parked Motor Vehicle
4290,1.0,Driver,South,Merging,Driver,South,Parking Maneuver,Rear End,0,0,0,1,No Pedestrian Involved,POINT (-122.477080044 37.763204152),Other Motor Vehicle
4291,1.0,Driver,West,Proceeding Straight,Pedestrian,South,Proceeding Straight,Vehicle/Pedestrian,1,0,0,1,Crossing in Crosswalk at Intersection,POINT (-122.466245431 37.77899586),Pedestrian
4292,1.0,Driver,North,Making Right Turn,Pedestrian,West,Not Stated,Vehicle/Pedestrian,1,0,0,1,Crossing in Crosswalk at Intersection,POINT (-122.464303631 37.766072198),Pedestrian
4293,1.0,Driver,West,Proceeding Straight,Unknown,Unknown,Unknown,Hit Object,0,0,0,1,No Pedestrian Involved,POINT (-122.450135686 37.784480903),Fixed Object
4294,1.0,Driver,East,Proceeding Straight,Driver,East,Stopped In Road,Rear End,0,0,0,1,No Pedestrian Involved,POINT (-122.441840762 37.76102928),Other Motor Vehicle
4295,1.0,Pedestrian,North,Proceeding Straight,Driver,East,Making Left Turn,Vehicle/Pedestrian,1,0,0,1,Crossing Not in Crosswalk,POINT (-122.406764495 37.788464246),Pedestrian
4296,1.0,Driver,West,Proceeding Straight,Parked Vehicle,West,Parked,Sideswipe,0,0,0,1,No Pedestrian Involved,POINT (-122.41197441 37.713796943),Parked Motor Vehicle
4297,1.0,Driver,North,Making U Turn,Driver,East,Proceeding Straight,Broadside,0,0,0,1,No Pedestrian Involved,POINT (-122.393187683 37.780968804),Other Motor Vehicle
4298,1.0,Pedestrian,West,Proceeding Straight,Driver,South,Proceeding Straight,Vehicle/Pedestrian,1,0,0,1,Crossing Not in Crosswalk,POINT (-122.452343017 37.724178603),Pedestrian
4299,1.0,Driver,North,Making Left Turn,Driver,South,Proceeding Straight,Broadside,0,0,0,1,No Pedestrian Involved,POINT (-122.400784748 37.723616209),Other Motor Vehicle
4300,1.0,Driver,North,Making Right Turn,Driver,West,Proceeding Straight,Head-On,0,0,0,1,No Pedestrian Involved,POINT (-122.390603651 37.734746095),Other Motor Vehicle
4301,1.0,Driver,North,Proceeding Straight,Driver,West,Proceeding Straight,Broadside,0,0,0,1,No Pedestrian Involved,POINT (-122.407304847 37.763187802),Other Motor Vehicle
4302,1.0,Driver,North,Proceeding Straight,Driver,West,Proceeding Straight,Broadside,0,0,0,1,No Pedestrian Involved,POINT (-122.428335614 37.786712656),Other Motor Vehicle
4303,1.0,Driver,West,Proceeding Straight,Pedestrian,North,Proceeding Straight,Vehicle/Pedestrian,1,0,0,1,Crossing in Crosswalk at Intersection,POINT (-122.468596705 37.765835),Pedestrian
4304,1.0,Driver,South,Proceeding Straight,Unknown,Unknown,Unknown,Hit Object,0,0,0,1,No Pedestrian Involved,POINT (-122.427080365 37.748057006),Fixed Object
4305,1.0,Driver,South,Proceeding Straight,Driver,South,Stopped In Road,Rear End,0,0,0,1,No Pedestrian Involved,POINT (-122.409903483 37.787295201),Other Motor Vehicle
4306,1.0,Driver,Not Stated,Proceeding Straight,Driver,South,Stopped,Rear End,0,0,0,1,No Pedestrian Involved,POINT (-122.412631126 37.784111712),Other Motor Vehicle
4307,1.0,Driver,East,Proceeding Straight,Parked Vehicle,East,Parked,Overturned,0,0,0,1,No Pedestrian Involved,POINT (-122.383803253 37.732434023),Parked Motor Vehicle
4308,,Driver,West,Proceeding Straight,Driver,West,Proceeding Straight,Sideswipe,0,0,0,1,No Pedestrian Involved,POINT (-122.441019562 37.716459546),Other Motor Vehicle
4309,,Driver,South,Slowing/Stopping,Driver,South,Stopped In Road,Rear End,0,0,0,1,No Pedestrian Involved,POINT (-122.486552073 37.729585011),Other Motor Vehicle
4310,1.0,Driver,North,Proceeding Straight,Driver,North,Stopped,Rear End,0,0,0,1,No Pedestrian Involved,POINT (-122.402840618 37.779828524),Other Motor Vehicle
4311,1.0,Driver,East,Proceeding Straight,Driver,East,Stopped,Rear End,0,0,0,1,No Pedestrian Involved,POINT (-122.474854933 37.761794143),Other Motor Vehicle
4312,1.0,Driver,East,Making Left Turn,Pedestrian,South,Proceeding Straight,Vehicle/Pedestrian,1,0,0,1,Crossing Not in Crosswalk,POINT (-122.393082476 37.782649665),Pedestrian
4313,1.0,Driver,South,Making Right Turn,Other,South,Proceeding Straight,Broadside,0,0,0,1,No Pedestrian Involved,POINT (-122.408516331 37.773759701),Other Motor Vehicle
4314,1.0,Driver,West,Making Left Turn,Bicyclist,East,Proceeding Straight,Broadside,0,1,0,1,No Pedestrian Involved,POINT (-122.471833448 37.730997846),Bicycle
4315,1.0,Driver,West,Proceeding Straight,Parked Vehicle,West,Parked,Sideswipe,0,0,0,1,No Pedestrian Involved,POINT (-122.392423898 37.734838681),Parked Motor Vehicle
4316,,Driver,West,Making Left Turn,Driver,East,Proceeding Straight,Broadside,0,0,0,1,No Pedestrian Involved,POINT (-122.444847225 37.746945373),Other Motor Vehicle
4317,1.0,Driver,South,Making Left Turn,Driver,East,Proceeding Straight,Broadside,0,0,0,1,No Pedestrian Involved,POINT (-122.420278831 37.748125284),Other Motor Vehicle
4318,1.0,Driver,Not Stated,Making Right Turn,Pedestrian,North,Not Stated,Vehicle/Pedestrian,1,0,0,1,Crossing in Crosswalk at Intersection,POINT (-122.417880055 37.78516993),Pedestrian
4319,,Other,South,Proceeding Straight,Unknown,Unknown,Unknown,Other,0,0,0,0,No Pedestrian Involved,POINT (-122.422134434 37.767472922),Non-Collision
4320,,Driver,North,Proceeding Straight,Driver,West,Proceeding Straight,Broadside,0,0,0,1,No Pedestrian Involved,POINT (-122.394828761 37.7652476),Other Motor Vehicle
4321,,Driver,East,Proceeding Straight,Driver,South,Proceeding Straight,Broadside,0,0,0,1,No Pedestrian Involved,POINT (-122.434033481 37.724316372),Other Motor Vehicle
4322,1.0,Driver,North,Making Left Turn,Pedestrian,East,Proceeding Straight,Vehicle/Pedestrian,1,0,0,1,Crossing in Crosswalk at Intersection,POINT (-122.411699232 37.787872169),Pedestrian
4323,1.0,Other,East,Other,Driver,East,Other,Sideswipe,0,0,0,1,No Pedestrian Involved,POINT (-122.422774891 37.761628102),Other Motor Vehicle
4324,1.0,Driver,South,Stopped,Other,South,Proceeding Straight,Head-On,0,0,0,1,No Pedestrian Involved,POINT (-122.397704486 37.786338616),Pedestrian
4325,1.0,Driver,North,Proceeding Straight,Driver,North,Stopped,Sideswipe,0,0,0,1,No Pedestrian Involved,POINT (-122.424037883 37.737441898),Other Motor Vehicle
4326,1.0,Pedestrian,North,Not Stated,Driver,South,Proceeding Straight,Vehicle/Pedestrian,1,0,0,1,"In Road, Including Shoulder",POINT (-122.396030965 37.721384739),Pedestrian
4327,1.0,Driver,West,Entering Traffic,Bicyclist,North,Proceeding Straight,Sideswipe,0,1,0,1,No Pedestrian Involved,POINT (-122.397704486 37.786338616),Bicycle
4328,,Driver,West,Not Stated,Driver,West,Making Left Turn,Sideswipe,0,0,0,1,No Pedestrian Involved,POINT (-122.382279349 37.733631794),Fixed Object
4329,1.0,Driver,North,Proceeding Straight,Driver,West,Proceeding Straight,Broadside,0,0,0,1,No Pedestrian Involved,POINT (-122.472572454 37.717173869),Other Motor Vehicle
4330,1.0,Driver,East,Merging,Driver,East,Proceeding Straight,Sideswipe,0,0,0,1,No Pedestrian Involved,POINT (-122.480652271 37.782209293),Other Motor Vehicle
4331,1.0,Driver,South,Proceeding Straight,Driver,South,Proceeding Straight,Rear End,0,0,0,1,No Pedestrian Involved,POINT (-122.475158929 37.724767556),Other Motor Vehicle
4332,,Driver,East,Making U Turn,Bicyclist,East,Proceeding Straight,Broadside,0,1,0,1,No Pedestrian Involved,POINT (-122.415499911 37.752419609),Bicycle
4333,1.0,Driver,West,Parking Maneuver,Bicyclist,West,Proceeding Straight,Sideswipe,0,1,0,1,No Pedestrian Involved,POINT (-122.389201688 37.780288936),Bicycle
4334,1.0,Driver,South,Making Left Turn,Driver,West,Proceeding Straight,Broadside,0,0,0,1,No Pedestrian Involved,POINT (-122.40772727 37.765771697),Other Motor Vehicle
4335,1.0,Driver,West,Making Right Turn,Driver,West,Proceeding Straight,Broadside,0,0,0,1,No Pedestrian Involved,POINT (-122.419255606 37.775147074),Other Motor Vehicle
4336,1.0,Driver,North,Proceeding Straight,Driver,North,Making U Turn,Broadside,0,0,0,1,No Pedestrian Involved,POINT (-122.432050482 37.780051883),Other Motor Vehicle
4337,1.0,Pedestrian,South,Proceeding Straight,Driver,East,Proceeding Straight,Vehicle/Pedestrian,1,0,0,1,Crossing in Crosswalk at Intersection,POINT (-122.478304879 37.780381192),Pedestrian
4338,1.0,Driver,West,Proceeding Straight,Pedestrian,South,Proceeding Straight,Vehicle/Pedestrian,1,0,0,1,Crossing in Crosswalk at Intersection,POINT (-122.44655943 37.728274957),Pedestrian
4339,1.0,Driver,West,Changing Lanes,Driver,West,Proceeding Straight,Sideswipe,0,0,0,1,No Pedestrian Involved,POINT (-122.477512697 37.765391395),Other Motor Vehicle
4340,1.0,Pedestrian,South,Other,Driver,East,Proceeding Straight,Vehicle/Pedestrian,1,0,0,1,"In Road, Including Shoulder",POINT (-122.407677665 37.784231953),Pedestrian
4341,1.0,Driver,South,Proceeding Straight,Driver,South,Stopped,Rear End,0,0,0,1,No Pedestrian Involved,POINT (-122.39858951 37.790571225),Other Motor Vehicle
4342,1.0,Driver,South,Proceeding Straight,Driver,East,Proceeding Straight,Broadside,0,0,0,1,No Pedestrian Involved,POINT (-122.427644648 37.72125762),Other Motor Vehicle
4343,1.0,Bicyclist,North,Proceeding Straight,Unknown,Unknown,Unknown,Hit Object,0,0,0,0,No Pedestrian Involved,POINT (-122.443266455 37.757806147),Fixed Object
4344,1.0,Driver,East,Making Left Turn,Pedestrian,North,Proceeding Straight,Vehicle/Pedestrian,1,0,0,1,Crossing in Crosswalk at Intersection,POINT (-122.415577015 37.769591161),Pedestrian
4345,1.0,Pedestrian,North,Other,Driver,East,Proceeding Straight,Vehicle/Pedestrian,1,0,0,1,Crossing in Crosswalk at Intersection,POINT (-122.4034308 37.787641849),Pedestrian
4346,,Driver,East,Making U Turn,Driver,East,Proceeding Straight,Broadside,0,0,0,1,No Pedestrian Involved,POINT (-122.400954632 37.793082184),Other Motor Vehicle
4347,1.0,Bicyclist,West,Other,Unknown,Unknown,Unknown,Hit Object,0,0,0,0,No Pedestrian Involved,POINT (-122.432957627 37.801235699),Fixed Object
4348,1.0,Driver,North,Changing Lanes,Bicyclist,North,Proceeding Straight,Sideswipe,0,1,0,1,No Pedestrian Involved,POINT (-122.39249933 37.793768814),Bicycle
4349,1.0,Driver,North,Making Left Turn,Driver,North,Proceeding Straight,Broadside,0,0,0,1,No Pedestrian Involved,POINT (-122.499058976 37.731576071),Other Motor Vehicle
4350,1.0,Driver,South,Making Right Turn,Bicyclist,South,Proceeding Straight,Broadside,0,1,0,1,No Pedestrian Involved,POINT (-122.419738734 37.785892901),Bicycle
4351,1.0,Driver,East,Proceeding Straight,Unknown,Unknown,Unknown,Overturned,0,0,0,1,No Pedestrian Involved,POINT (-122.412471378 37.800032399),Non-Collision
4352,1.0,Other,East,Proceeding Straight,Driver,East,Making Right Turn,Broadside,0,0,0,1,No Pedestrian Involved,POINT (-122.421941248 37.773036051),Other Motor Vehicle
4353,1.0,Pedestrian,Not Stated,Other,Driver,West,Proceeding Straight,Vehicle/Pedestrian,1,0,0,1,"In Road, Including Shoulder",POINT (-122.411259305 37.785059436),Pedestrian
4354,1.0,Driver,Not Stated,Other,Bicyclist,Not Stated,Other,Vehicle/Pedestrian,1,0,0,1,No Pedestrian Involved,POINT (-122.453107198 37.723244037),Pedestrian
4355,1.0,Driver,South,Stopped In Road,Driver,East,Proceeding Straight,Broadside,0,0,0,1,No Pedestrian Involved,POINT (-122.413587569 37.763823207),Other Motor Vehicle
4356,,Bicyclist,East,Proceeding Straight,Unknown,Unknown,Unknown,Overturned,0,0,0,0,No Pedestrian Involved,POINT (-122.401314823 37.789275436),Other Object
4357,1.0,Bicyclist,East,Traveling Wrong Way,Driver,West,Making Right Turn,Head-On,0,1,0,1,No Pedestrian Involved,POINT (-122.392624536 37.729278454),Bicycle
4358,1.0,Driver,South,Proceeding Straight,Pedestrian,East,Proceeding Straight,Broadside,1,0,0,1,Not Stated,POINT (-122.494015411 37.735031014),Pedestrian
4359,1.0,Driver,North,Passing Other Vehicle,Driver,North,Making Left Turn,Sideswipe,0,0,0,1,No Pedestrian Involved,POINT (-122.464304175 37.781348257),Other Motor Vehicle
4360,,Bicyclist,South,Proceeding Straight,Bicyclist,Not Stated,Proceeding Straight,Sideswipe,0,1,0,0,No Pedestrian Involved,POINT (-122.419927949 37.786827527),Bicycle
4361,1.0,Driver,East,Making Left Turn,Driver,West,Proceeding Straight,Head-On,0,0,0,1,No Pedestrian Involved,POINT (-122.38963664 37.786223778),Other Motor Vehicle
4362,1.0,Driver,North,Making Left Turn,Driver,West,Proceeding Straight,Broadside,0,0,0,1,No Pedestrian Involved,POINT (-122.414241573 37.783723783),Other Motor Vehicle
4363,1.0,Bicyclist,North,Making Left Turn,Driver,South,Proceeding Straight,Broadside,0,1,0,1,No Pedestrian Involved,POINT (-122.503040637 37.72525955),Bicycle
4364,1.0,Driver,Not Stated,Making Right Turn,Driver,South,Proceeding Straight,Broadside,0,0,0,1,No Pedestrian Involved,POINT (-122.394099271 37.785149309),Other Motor Vehicle
4365,1.0,Driver,West,Making U Turn,Bicyclist,East,Proceeding Straight,Sideswipe,0,1,0,1,No Pedestrian Involved,POINT (-122.464577484 37.762245363),Bicycle
4366,1.0,Driver,East,Making Right Turn,Bicyclist,Not Stated,Proceeding Straight,Broadside,0,1,0,1,No Pedestrian Involved,POINT (-122.43051468 37.766155789),Bicycle
4367,1.0,Other,East,Proceeding Straight,Driver,North,Proceeding Straight,Broadside,0,0,0,1,No Pedestrian Involved,POINT (-122.388475894 37.741107633),Other Motor Vehicle
4368,1.0,Driver,East,Proceeding Straight,Unknown,Unknown,Unknown,Other,0,0,0,1,No Pedestrian Involved,POINT (-122.471721028 37.765654954),Non-Collision
4369,1.0,Driver,North,Proceeding Straight,Driver,North,Stopped,Rear End,0,0,0,1,No Pedestrian Involved,POINT (-122.424102442 37.739823779),Other Motor Vehicle
4370,1.0,Driver,East,Making Left Turn,Driver,East,Proceeding Straight,Sideswipe,0,0,0,1,No Pedestrian Involved,POINT (-122.419547854 37.784960259),Other Motor Vehicle
4371,1.0,Bicyclist,West,Proceeding Straight,Driver,South,Proceeding Straight,Not Stated,0,1,0,1,No Pedestrian Involved,POINT (-122.399504511 37.790805376),Bicycle
4372,1.0,Driver,North,Proceeding Straight,Pedestrian,East,Proceeding Straight,Sideswipe,1,0,0,1,Crossing in Crosswalk at Intersection,POINT (-122.423048804 37.793935005),Pedestrian
4373,1.0,Driver,South,Making Left Turn,Pedestrian,East,Proceeding Straight,Vehicle/Pedestrian,1,0,0,1,Crossing in Crosswalk at Intersection,POINT (-122.460224422 37.721834688),Pedestrian
4374,1.0,Driver,West,Proceeding Straight,Pedestrian,West,Proceeding Straight,Vehicle/Pedestrian,1,0,0,1,Crossing in Crosswalk at Intersection,POINT (-122.41007597 37.796492762),Pedestrian
4375,1.0,Driver,West,Proceeding Straight,Driver,West,Proceeding Straight,Rear End,0,0,0,1,No Pedestrian Involved,POINT (-122.411577928 37.771341874),Other Motor Vehicle
4376,,Driver,North,Proceeding Straight,Driver,North,Stopped,Rear End,0,0,0,1,No Pedestrian Involved,POINT (-122.476417087 37.754254937),Other Motor Vehicle
4377,1.0,Bicyclist,West,Proceeding Straight,Bicyclist,West,Slowing/Stopping,Rear End,0,0,0,0,No Pedestrian Involved,POINT (-122.413979481 37.779262749),Not Stated
4378,1.0,Driver,South,Proceeding Straight,Unknown,Unknown,Unknown,Overturned,0,0,0,1,No Pedestrian Involved,POINT (-122.423800671 37.761565673),Not Stated
4379,1.0,Bicyclist,West,Entering Traffic,Driver,East,Proceeding Straight,Broadside,0,1,0,1,No Pedestrian Involved,POINT (-122.459035385 37.714055303),Bicycle
4380,1.0,Driver,North,Making Left Turn,Driver,South,Proceeding Straight,Head-On,0,0,0,1,No Pedestrian Involved,POINT (-122.423959243 37.763167824),Other Motor Vehicle
4381,1.0,Driver,East,Proceeding Straight,Driver,South,Making Left Turn,Sideswipe,0,0,0,1,No Pedestrian Involved,POINT (-122.477239889 37.780439637),Other Motor Vehicle
4382,1.0,Pedestrian,West,Other,Driver,South,Proceeding Straight,Vehicle/Pedestrian,1,0,0,1,Crossing in Crosswalk at Intersection,POINT (-122.39562276 37.722431604),Pedestrian
4383,1.0,Driver,West,Proceeding Straight,Unknown,Unknown,Unknown,Hit Object,0,0,0,1,No Pedestrian Involved,POINT (-122.461242254 37.721831255),Fixed Object
4384,2.0,Driver,West,Proceeding Straight,Pedestrian,West,Proceeding Straight,Vehicle/Pedestrian,1,0,0,1,Crossing Not in Crosswalk,POINT (-122.414741222 37.778719429),Pedestrian
4385,1.0,Driver,North,Making Left Turn,Pedestrian,East,Proceeding Straight,Vehicle/Pedestrian,1,0,0,1,Crossing in Crosswalk at Intersection,POINT (-122.422839193 37.784552017),Pedestrian
4386,1.0,Driver,South,Proceeding Straight,Pedestrian,East,Proceeding Straight,Vehicle/Pedestrian,1,0,0,1,Crossing in Crosswalk at Intersection,POINT (-122.49334904 37.734058069),Non-Collision
4387,1.0,Driver,East,Making Right Turn,Bicyclist,East,Proceeding Straight,Sideswipe,0,1,0,1,No Pedestrian Involved,POINT (-122.419668973 37.765051337),Bicycle
4388,1.0,Driver,North,Slowing/Stopping,Driver,North,Slowing/Stopping,Not Stated,0,0,0,1,No Pedestrian Involved,POINT (-122.434532917 37.733681863),Not Stated
4389,1.0,Driver,South,Making Left Turn,Driver,South,Proceeding Straight,Sideswipe,0,0,0,1,No Pedestrian Involved,POINT (-122.422526345 37.771595104),Other Motor Vehicle
4390,1.0,Bicyclist,East,Making Left Turn,Driver,East,Proceeding Straight,Sideswipe,0,1,0,1,No Pedestrian Involved,POINT (-122.428948567 37.76750446),Bicycle
4391,1.0,Driver,West,Making U Turn,Bicyclist,South,Proceeding Straight,Broadside,0,1,0,1,No Pedestrian Involved,POINT (-122.392077449 37.78184617),Bicycle
4392,1.0,Driver,North,Proceeding Straight,Parked Vehicle,Not Stated,Not Stated,Head-On,0,0,0,1,No Pedestrian Involved,POINT (-122.385857745 37.739583278),Other Motor Vehicle