party_id,party_at_fault,party1_type,party1_dir_of_travel,party1_move_pre_acc,party2_type,party2_dir_of_travel,party2_move_pre_acc,type_of_collision,involves_pedestrian,involves_bicycle,involves_motorcycle,involves_vehicle,ped_action,point,mviw
7046,1.0,Pedestrian,North,Not Stated,Driver,East,Proceeding Straight,Vehicle/Pedestrian,1,0,0,1,Crossing Not in Crosswalk,POINT (-122.416291701 37.777493844),Pedestrian
7047,1.0,Driver,West,Proceeding Straight,Driver,South,Proceeding Straight,Broadside,0,0,0,1,No Pedestrian Involved,POINT (-122.42458109 37.769734696),Other Motor Vehicle
7048,,Driver,East,Proceeding Straight,Parked Vehicle,Not Stated,Parked,Sideswipe,0,0,0,1,No Pedestrian Involved,POINT (-122.450167796 37.771515066),Parked Motor Vehicle
7049,1.0,Driver,South,Entering Traffic,Driver,South,Proceeding Straight,Sideswipe,0,0,0,1,No Pedestrian Involved,POINT (-122.47066223 37.715168729),Other Motor Vehicle
7050,1.0,Driver,South,Proceeding Straight,Driver,South,Stopped In Road,Rear End,0,0,0,1,No Pedestrian Involved,POINT (-122.426532921 37.7944912),Other Motor Vehicle
7051,1.0,Driver,South,Proceeding Straight,Driver,South,Proceeding Straight,Rear End,0,0,0,1,No Pedestrian Involved,POINT (-122.394725647 37.787492854),Other Motor Vehicle
7052,1.0,Driver,West,Proceeding Straight,Parked Vehicle,West,Parked,Overturned,0,0,0,1,No Pedestrian Involved,POINT (-122.444431473 37.782569697),Parked Motor Vehicle
7053,1.0,Driver,North,Proceeding Straight,Driver,North,Proceeding Straight,Overturned,0,0,0,1,No Pedestrian Involved,POINT (-122.47247198 37.78382144),Non-Collision
7054,1.0,Driver,West,Proceeding Straight,Driver,North,Proceeding Straight,Broadside,0,0,0,1,No Pedestrian Involved,POINT (-122.411885658 37.788807543),Other Motor Vehicle
7055,1.0,Driver,South,Proceeding Straight,Driver,South,Slowing/Stopping,Rear End,0,0,0,1,No Pedestrian Involved,POINT (-122.420159239 37.779207948),Other Motor Vehicle
7056,,Bicyclist,East,Changing Lanes,Driver,East,Proceeding Straight,Sideswipe,0,1,0,1,No Pedestrian Involved,POINT (-122.41822117 37.748165689),Bicycle
7057,1.0,Driver,North,Making Right Turn,Bicyclist,North,Proceeding Straight,Broadside,0,1,0,1,No Pedestrian Involved,POINT (-122.401489835 37.785829214),Bicycle
7058,1.0,Driver,West,Making U Turn,Driver,West,Proceeding Straight,Rear End,0,0,0,1,No Pedestrian Involved,POINT (-122.39131627 37.787347296),Other Motor Vehicle
7059,1.0,Driver,South,Not Stated,Driver,South,Stopped In Road,Rear End,0,0,0,1,No Pedestrian Involved,POINT (-122.422487364 37.74801345),Other Motor Vehicle
7060,1.0,Driver,West,Making Left Turn,Pedestrian,North,Proceeding Straight,Vehicle/Pedestrian,1,0,0,1,Crossing in Crosswalk at Intersection,POINT (-122.414241573 37.783723783),Pedestrian
7061,1.0,Driver,East,Proceeding Straight,Driver,West,Proceeding Straight,Sideswipe,0,0,0,1,No Pedestrian Involved,POINT (-122.464074252 37.772305973),Other Motor Vehicle
7062,1.0,Pedestrian,South,Other,Driver,West,Proceeding Straight,Vehicle/Pedestrian,1,0,0,1,Crossing in Crosswalk at Intersection,POINT (-122.423864133 37.75030238),Pedestrian
7063,1.0,Driver,South,Parked,Bicyclist,South,Proceeding Straight,Other,0,1,0,1,No Pedestrian Involved,POINT (-122.437585729 37.774174671),Bicycle
7064,1.0,Driver,South,Proceeding Straight,Unknown,Unknown,Unknown,Hit Object,0,0,0,1,No Pedestrian Involved,POINT (-122.398994173 37.715344409),Fixed Object
7065,1.0,Driver,West,Making Right Turn,Pedestrian,North,Proceeding Straight,Vehicle/Pedestrian,1,0,0,1,No Pedestrian Involved,POINT (-122.417753194 37.769815079),Pedestrian
7066,1.0,Driver,West,Making U Turn,Driver,West,Proceeding Straight,Sideswipe,0,0,0,1,No Pedestrian Involved,POINT (-122.396941733 37.775541199),Other Motor Vehicle
7067,1.0,Driver,South,Passing Other Vehicle,Driver,West,Proceeding Straight,Broadside,0,0,0,1,No Pedestrian Involved,POINT (-122.418483975 37.763496435),Other Motor Vehicle
7068,1.0,Driver,South,Making Right Turn,Bicyclist,South,Proceeding Straight,Sideswipe,0,1,0,1,No Pedestrian Involved,POINT (-122.403046883 37.794216038),Bicycle
7069,1.0,Driver,South,Proceeding Straight,Driver,East,Proceeding Straight,Broadside,0,0,0,1,No Pedestrian Involved,POINT (-122.414387602 37.755699465),Other Motor Vehicle
7070,1.0,Driver,North,Slowing/Stopping,Driver,South,Making Left Turn,Broadside,0,0,0,1,No Pedestrian Involved,POINT (-122.500220954 37.718955559),Other Motor Vehicle
7071,,Bicyclist,South,Proceeding Straight,Driver,South,Parking Maneuver,Rear End,0,1,0,1,No Pedestrian Involved,POINT (-122.402116259 37.789681497),Bicycle
7072,1.0,Driver,Not Stated,Not Stated,Pedestrian,Not Stated,Other,Vehicle/Pedestrian,1,0,0,1,Crossing in Crosswalk at Intersection,POINT (-122.458946891 37.766255606),Pedestrian
7073,1.0,Driver,South,Making Left Turn,Pedestrian,Not Stated,Other,Vehicle/Pedestrian,1,0,0,1,Crossing in Crosswalk at Intersection,POINT (-122.39875545 37.776568383),Pedestrian
7074,,Driver,West,Proceeding Straight,Pedestrian,West,Parked,Rear End,1,0,0,1,No Pedestrian Involved,POINT (-122.416022102 37.780629664),Other Motor Vehicle
7075,1.0,Driver,South,Making Left Turn,Pedestrian,West,Proceeding Straight,Vehicle/Pedestrian,1,0,0,1,Crossing in Crosswalk at Intersection,POINT (-122.424147154 37.73986923),Pedestrian
7076,1.0,Driver,South,Making Left Turn,Pedestrian,South,Not Stated,Vehicle/Pedestrian,1,0,0,1,Crossing in Crosswalk at Intersection,POINT (-122.423715203 37.780613632),Pedestrian
7077,1.0,Driver,South,Proceeding Straight,Pedestrian,West,Proceeding Straight,Vehicle/Pedestrian,1,0,0,1,Crossing in Crosswalk at Intersection,POINT (-122.417756822 37.7927922),Pedestrian
7078,1.0,Driver,North,Proceeding Straight,Pedestrian,East,Proceeding Straight,Broadside,1,0,0,1,Crossing in Crosswalk at Intersection,POINT (-122.414711003 37.77623052),Pedestrian
7079,1.0,Driver,West,Proceeding Straight,Unknown,Unknown,Unknown,Sideswipe,0,0,0,1,No Pedestrian Involved,POINT (-122.401767362 37.734752678),Not Stated
7080,1.0,Driver,South,Stopped In Road,Driver,South,Stopped In Road,Rear End,0,0,0,1,No Pedestrian Involved,POINT (-122.407159488 37.779738906),Other Motor Vehicle
7081,1.0,Driver,East,Proceeding Straight,Bicyclist,North,Proceeding Straight,Broadside,0,1,0,1,No Pedestrian Involved,POINT (-122.458371099 37.774308895),Bicycle
7082,1.0,Driver,East,Other,Parked Vehicle,Not Stated,Parked,Rear End,0,0,0,1,No Pedestrian Involved,POINT (-122.460450422 37.774044152),Other Motor Vehicle
7083,1.0,Driver,South,Making Left Turn,Pedestrian,West,Not Stated,Vehicle/Pedestrian,1,0,0,1,Crossing in Crosswalk at Intersection,POINT (-122.412782128 37.784866245),Pedestrian
7084,1.0,Pedestrian,Not Stated,Other,Driver,North,Proceeding Straight,Vehicle/Pedestrian,1,0,0,1,Crossing Not in Crosswalk,POINT (-122.419425408 37.801062214),Pedestrian
7085,1.0,Driver,North,Proceeding Straight,Driver,East,Proceeding Straight,Broadside,0,0,0,1,No Pedestrian Involved,POINT (-122.40696829 37.77252627),Other Motor Vehicle
7086,1.0,Driver,South,Making Left Turn,Pedestrian,East,Proceeding Straight,Broadside,1,0,0,1,Crossing in Crosswalk at Intersection,POINT (-122.392639386 37.752544683),Pedestrian
7087,1.0,Driver,East,Making Left Turn,Parked Vehicle,East,Not Stated,Rear End,0,0,0,1,No Pedestrian Involved,POINT (-122.436446405 37.752678401),Parked Motor Vehicle
7088,,Driver,Not Stated,Other,Unknown,Unknown,Unknown,Other,0,0,0,1,No Pedestrian Involved,POINT (-122.430792298 37.728628381),Non-Collision
7089,1.0,Driver,West,Proceeding Straight,Driver,West,Proceeding Straight,Other,0,0,0,1,No Pedestrian Involved,POINT (-122.432648623 37.774692661),Parked Motor Vehicle
7090,1.0,Driver,South,Proceeding Straight,Driver,East,Proceeding Straight,Broadside,0,0,0,1,No Pedestrian Involved,POINT (-122.440061199 37.786179583),Other Motor Vehicle
7091,1.0,Driver,North,Making Left Turn,Driver,East,Proceeding Straight,Other,0,0,0,1,No Pedestrian Involved,POINT (-122.430233237 37.779782794),Non-Collision
7092,1.0,Driver,North,Making Left Turn,Pedestrian,South,Not Stated,Vehicle/Pedestrian,1,0,0,1,Crossing in Crosswalk at Intersection,POINT (-122.464194501 37.764129883),Pedestrian
7093,1.0,Driver,West,Making Left Turn,Driver,South,Proceeding Straight,Broadside,0,0,0,1,No Pedestrian Involved,POINT (-122.404070257 37.777272703),Other Motor Vehicle
7094,,Driver,South,Proceeding Straight,Driver,South,Other,Other,0,0,0,1,No Pedestrian Involved,POINT (-122.393920942 37.786851767),Non-Collision
7095,1.0,Driver,South,Proceeding Straight,Parked Vehicle,Not Stated,Parked,Rear End,0,0,0,1,No Pedestrian Involved,POINT (-122.401478825 37.771675381),Other Motor Vehicle
7096,1.0,Driver,West,Proceeding Straight,Bicyclist,West,Proceeding Straight,Rear End,0,1,0,1,No Pedestrian Involved,POINT (-122.436121923 37.777117921),Bicycle
7097,1.0,Driver,South,Stopped In Road,Bicyclist,South,Proceeding Straight,Not Stated,0,1,0,1,No Pedestrian Involved,POINT (-122.404953412 37.785036518),Bicycle
7098,1.0,Driver,West,Proceeding Straight,Driver,West,Stopped In Road,Rear End,0,0,0,1,No Pedestrian Involved,POINT (-122.437610624 37.774061647),Other Motor Vehicle
7099,1.0,Driver,East,Passing Other Vehicle,Driver,East,Stopped In Road,Rear End,0,0,0,1,No Pedestrian Involved,POINT (-122.404000388 37.774872397),Other Motor Vehicle
7100,1.0,Pedestrian,East,Proceeding Straight,Bicyclist,South,Proceeding Straight,Vehicle/Pedestrian,1,0,0,0,Crossing in Crosswalk at Intersection,POINT (-122.419738734 37.785892901),Pedestrian
7101,1.0,Driver,East,Proceeding Straight,Driver,West,Stopped In Road,Rear End,0,0,0,1,No Pedestrian Involved,POINT (-122.424399158 37.769745616),Other Motor Vehicle
7102,1.0,Driver,South,Proceeding Straight,Parked Vehicle,Not Stated,Parked,Overturned,0,0,0,1,No Pedestrian Involved,POINT (-122.434729993 37.784944006),Parked Motor Vehicle
7103,1.0,Driver,East,Proceeding Straight,Driver,North,Making Left Turn,Broadside,0,0,0,1,No Pedestrian Involved,POINT (-122.397863386 37.766369339),Other Motor Vehicle
7104,1.0,Driver,South,Backing,Driver,West,Proceeding Straight,Other,0,0,0,1,No Pedestrian Involved,POINT (-122.392724211 37.737825931),Other Motor Vehicle
7105,1.0,Driver,East,Making Left Turn,Driver,West,Proceeding Straight,Broadside,0,0,0,1,No Pedestrian Involved,POINT (-122.477362831 37.766062486),Other Motor Vehicle
7106,1.0,Driver,East,Making Right Turn,Driver,East,Proceeding Straight,Broadside,0,0,0,1,No Pedestrian Involved,POINT (-122.419506294 37.77636887),Other Motor Vehicle
7107,1.0,Bicyclist,North,Changing Lanes,Driver,North,Proceeding Straight,Sideswipe,0,1,0,1,No Pedestrian Involved,POINT (-122.422500836 37.771322318),Bicycle
7108,1.0,Bicyclist,South,Proceeding Straight,Unknown,Unknown,Unknown,Other,0,0,0,0,No Pedestrian Involved,POINT (-122.401973427 37.804072251),Non-Collision
7109,1.0,Driver,Not Stated,Proceeding Straight,Parked Vehicle,Not Stated,Parked,Head-On,0,0,0,1,No Pedestrian Involved,POINT (-122.409980949 37.73974706),Fixed Object
7110,1.0,Bicyclist,East,Proceeding Straight,Driver,East,Changing Lanes,Other,0,1,0,1,No Pedestrian Involved,POINT (-122.412479935 37.770629854),Bicycle
7111,1.0,Driver,South,Making Right Turn,Bicyclist,East,Proceeding Straight,Other,0,0,0,1,No Pedestrian Involved,POINT (-122.43742294 37.773133492),Non-Collision
7112,1.0,Driver,East,Making Left Turn,Driver,West,Proceeding Straight,Head-On,0,0,0,1,No Pedestrian Involved,POINT (-122.410310841 37.806027718),Other Motor Vehicle
7113,1.0,Driver,East,Crossed Into Opposing Lane,Driver,East,Making Left Turn,Broadside,0,0,0,1,No Pedestrian Involved,POINT (-122.413923049 37.729646838),Other Motor Vehicle
7114,1.0,Driver,North,Making Right Turn,Pedestrian,East,Not Stated,Vehicle/Pedestrian,1,0,0,1,Crossing in Crosswalk at Intersection,POINT (-122.394981481 37.777089333),Pedestrian
7115,1.0,Pedestrian,North,Proceeding Straight,Driver,West,Proceeding Straight,Vehicle/Pedestrian,1,0,0,1,"In Road, Including Shoulder",POINT (-122.49722191 37.758934412),Pedestrian
7116,1.0,Driver,East,Proceeding Straight,Driver,South,Proceeding Straight,Broadside,0,0,0,1,No Pedestrian Involved,POINT (-122.409309179 37.784349269),Other Motor Vehicle
7117,1.0,Driver,North,Proceeding Straight,Driver,North,Stopped In Road,Vehicle/Pedestrian,1,0,0,1,No Pedestrian Involved,POINT (-122.472133372 37.71599157),Pedestrian
7118,1.0,Driver,East,Proceeding Straight,Driver,South,Making Left Turn,Broadside,0,0,0,1,No Pedestrian Involved,POINT (-122.438362146 37.761703799),Other Motor Vehicle
7119,1.0,Driver,North,Proceeding Straight,Unknown,Unknown,Unknown,Hit Object,0,0,0,1,No Pedestrian Involved,POINT (-122.506717429 37.735469758),Fixed Object
7120,1.0,Driver,South,Making Left Turn,Pedestrian,West,Proceeding Straight,Vehicle/Pedestrian,1,0,0,1,Crossing in Crosswalk at Intersection,POINT (-122.409497526 37.785282917),Pedestrian
7121,,Driver,East,Proceeding Straight,Unknown,Unknown,Unknown,Other,0,0,0,1,No Pedestrian Involved,POINT (-122.395303872 37.779296391),Non-Collision
7122,1.0,Bicyclist,North,Entering Traffic,Driver,West,Proceeding Straight,Broadside,0,1,0,1,No Pedestrian Involved,POINT (-122.407587387 37.769586076),Bicycle
7123,1.0,Driver,North,Proceeding Straight,Driver,East,Proceeding Straight,Broadside,0,0,0,1,No Pedestrian Involved,POINT (-122.418593945 37.753836588),Other Motor Vehicle
7124,,Driver,East,Proceeding Straight,Driver,North,Making Left Turn,Broadside,0,0,0,1,No Pedestrian Involved,POINT (-122.447751553 37.721155307),Other Motor Vehicle
7125,1.0,Driver,West,Making Right Turn,Pedestrian,Not Stated,Proceeding Straight,Vehicle/Pedestrian,1,0,0,1,Crossing in Crosswalk at Intersection,POINT (-122.450852984 37.745825832),Pedestrian
7126,1.0,Driver,West,Making Left Turn,Driver,South,Proceeding Straight,Broadside,0,0,0,1,No Pedestrian Involved,POINT (-122.437610624 37.774061647),Other Motor Vehicle
7127,1.0,Driver,East,Making Right Turn,Driver,Not Stated,Parked,Vehicle/Pedestrian,1,0,0,1,"In Road, Including Shoulder",POINT (-122.401480559 37.763578652),Pedestrian
7128,,Driver,South,Parking Maneuver,Parked Vehicle,Not Stated,Parked,Head-On,0,0,0,1,No Pedestrian Involved,POINT (-122.418483975 37.763496435),Parked Motor Vehicle
7129,1.0,Driver,South,Making Left Turn,Driver,East,Proceeding Straight,Broadside,0,0,0,1,No Pedestrian Involved,POINT (-122.498452832 37.74578604),Other Motor Vehicle
7130,1.0,Driver,North,Stopped In Road,Driver,East,Stopped In Road,Broadside,1,0,0,1,Crossing in Crosswalk at Intersection,POINT (-122.40784206 37.776746109),Other Motor Vehicle
7131,1.0,Driver,South,Proceeding Straight,Driver,West,Proceeding Straight,Broadside,0,0,0,1,No Pedestrian Involved,POINT (-122.420178126 37.804790308),Other Motor Vehicle
7132,1.0,Pedestrian,South,Proceeding Straight,Driver,West,Proceeding Straight,Vehicle/Pedestrian,1,0,0,1,Crossing Not in Crosswalk,POINT (-122.402226026 37.788655839),Pedestrian
7133,1.0,Driver,East,Proceeding Straight,Driver,East,Stopped In Road,Rear End,0,0,0,1,No Pedestrian Involved,POINT (-122.493330784 37.764732912),Other Motor Vehicle
7134,1.0,Pedestrian,East,Not Stated,Driver,North,Proceeding Straight,Rear End,1,0,0,1,Crossing Not in Crosswalk,POINT (-122.423251677 37.786588999),Other Motor Vehicle
7135,1.0,Driver,North,Proceeding Straight,Driver,East,Proceeding Straight,Broadside,0,0,0,1,No Pedestrian Involved,POINT (-122.418655872 37.788909612),Other Motor Vehicle
7136,1.0,Pedestrian,East,Not Stated,Driver,South,Proceeding Straight,Vehicle/Pedestrian,1,0,0,1,Crossing Not in Crosswalk,POINT (-122.40882006 37.781059781),Pedestrian
7137,,Bicyclist,North,Proceeding Straight,Driver,East,Making Right Turn,Other,0,0,0,1,No Pedestrian Involved,POINT (-122.398617492 37.769390865),Not Stated
7138,1.0,Driver,East,Making Left Turn,Driver,East,Proceeding Straight,Sideswipe,0,0,0,1,No Pedestrian Involved,POINT (-122.431951802 37.779564149),Other Motor Vehicle
7139,1.0,Driver,East,Making Left Turn,Pedestrian,South,Not Stated,Vehicle/Pedestrian,1,0,0,1,Crossing in Crosswalk at Intersection,POINT (-122.458637161 37.7672),Pedestrian
7140,1.0,Bicyclist,North,Proceeding Straight,Driver,East,Proceeding Straight,Other,0,1,0,1,No Pedestrian Involved,POINT (-122.410263525 37.797420186),Bicycle
7141,1.0,Driver,West,Backing,Driver,East,Stopped In Road,Rear End,0,0,0,1,No Pedestrian Involved,POINT (-122.440328099 37.805498533),Other Motor Vehicle
7142,1.0,Pedestrian,Not Stated,Stopped In Road,Driver,North,Proceeding Straight,Vehicle/Pedestrian,1,0,0,1,Crossing Not in Crosswalk,POINT (-122.408401551 37.788293194),Pedestrian
7143,1.0,Driver,West,Proceeding Straight,Driver,West,Stopped In Road,Rear End,0,0,0,1,No Pedestrian Involved,POINT (-122.512061103 37.779107226),Other Motor Vehicle
7144,2.0,Driver,North,Proceeding Straight,Other,North,Not Stated,Hit Object,0,0,0,1,No Pedestrian Involved,POINT (-122.399578001 37.720872529),Fixed Object
7145,1.0,Driver,West,Proceeding Straight,Bicyclist,North,Proceeding Straight,Broadside,0,1,0,1,No Pedestrian Involved,POINT (-122.43119112 37.767595241),Bicycle
7146,1.0,Driver,East,Making Left Turn,Driver,East,Proceeding Straight,Sideswipe,0,0,0,1,No Pedestrian Involved,POINT (-122.435105769 37.786810542),Other Motor Vehicle
7147,1.0,Pedestrian,Not Stated,Stopped In Road,Driver,South,Backing,Vehicle/Pedestrian,1,0,0,1,"In Road, Including Shoulder",POINT (-122.417340768 37.782388208),Pedestrian
7148,1.0,Driver,East,Proceeding Straight,Driver,West,Making Left Turn,Broadside,0,0,0,1,No Pedestrian Involved,POINT (-122.38758527 37.750263378),Other Motor Vehicle
7149,1.0,Driver,West,Proceeding Straight,Driver,West,Stopped In Road,Sideswipe,0,0,0,1,No Pedestrian Involved,POINT (-122.418733319 37.782202216),Other Motor Vehicle
7150,1.0,Driver,South,Changing Lanes,Driver,South,Proceeding Straight,Rear End,0,0,0,1,No Pedestrian Involved,POINT (-122.494885778 37.747877305),Other Motor Vehicle
7151,1.0,Driver,North,Proceeding Straight,Driver,West,Proceeding Straight,Broadside,0,0,0,1,No Pedestrian Involved,POINT (-122.430412104 37.720477802),Other Motor Vehicle
7152,1.0,Driver,East,Proceeding Straight,Driver,South,Proceeding Straight,Broadside,0,0,0,1,No Pedestrian Involved,POINT (-122.43219668 37.789115231),Other Object
7153,1.0,Driver,North,Making Left Turn,Pedestrian,West,Proceeding Straight,Vehicle/Pedestrian,1,0,0,1,Crossing in Crosswalk at Intersection,POINT (-122.420893659 37.744037632),Pedestrian
7154,,Driver,North,Proceeding Straight,Driver,West,Proceeding Straight,Broadside,0,0,0,1,No Pedestrian Involved,POINT (-122.422514944 37.791288891),Other Motor Vehicle
7155,1.0,Driver,West,Proceeding Straight,Driver,South,Proceeding Straight,Broadside,0,0,0,1,No Pedestrian Involved,POINT (-122.494312596 37.740356325),Other Motor Vehicle
7156,1.0,Pedestrian,West,Proceeding Straight,Driver,North,Proceeding Straight,Vehicle/Pedestrian,1,0,0,1,Crossing in Crosswalk at Intersection,POINT (-122.422836361 37.741033928),Pedestrian
7157,1.0,Driver,West,Proceeding Straight,Pedestrian,South,Proceeding Straight,Vehicle/Pedestrian,1,0,0,1,Crossing in Crosswalk at Intersection,POINT (-122.454571913 37.710227436),Pedestrian
7158,1.0,Pedestrian,South,Not Stated,Driver,East,Proceeding Straight,Vehicle/Pedestrian,1,0,0,1,Crossing Not in Crosswalk,POINT (-122.405607548 37.732438658),Pedestrian
7159,1.0,Driver,North,Proceeding Straight,Driver,West,Proceeding Straight,Broadside,0,0,0,1,No Pedestrian Involved,POINT (-122.418465027 37.787966286),Other Motor Vehicle
7160,1.0,Driver,West,Making Right Turn,Pedestrian,Not Stated,Other,Vehicle/Pedestrian,1,0,0,1,Not in Road,POINT (-122.41401056 37.768634151),Pedestrian
7161,1.0,Driver,West,Changing Lanes,Driver,West,Proceeding Straight,Sideswipe,0,0,0,1,No Pedestrian Involved,POINT (-122.392935244 37.745529348),Other Motor Vehicle
7162,1.0,Driver,West,Making U Turn,Driver,West,Proceeding Straight,Sideswipe,0,0,0,1,No Pedestrian Involved,POINT (-122.428878506 37.764494708),Other Motor Vehicle
7163,1.0,Pedestrian,North,Other,Driver,West,Proceeding Straight,Vehicle/Pedestrian,1,0,0,1,Crossing Not in Crosswalk,POINT (-122.429040602 37.78184744),Pedestrian
7164,1.0,Driver,North,Proceeding Straight,Driver,North,Proceeding Straight,Sideswipe,0,0,0,1,No Pedestrian Involved,POINT (-122.476872557 37.761101796),Other Motor Vehicle
7165,1.0,Driver,West,Making Right Turn,Driver,West,Proceeding Straight,Broadside,0,0,0,1,No Pedestrian Involved,POINT (-122.430980678 37.765974831),Other Motor Vehicle
7166,1.0,Driver,West,Passing Other Vehicle,Driver,West,Making Left Turn,Broadside,0,0,0,1,No Pedestrian Involved,POINT (-122.433684736 37.789880166),Other Motor Vehicle
7167,1.0,Driver,South,Proceeding Straight,Driver,East,Proceeding Straight,Broadside,0,0,0,1,No Pedestrian Involved,POINT (-122.430412104 37.720477802),Other Motor Vehicle
7168,1.0,Bicyclist,West,Making Left Turn,Driver,North,Proceeding Straight,Broadside,0,1,0,1,No Pedestrian Involved,POINT (-122.412898764 37.762873226),Bicycle
7169,1.0,Bicyclist,South,Making Left Turn,Driver,Not Stated,Not Stated,Sideswipe,0,1,0,1,No Pedestrian Involved,POINT (-122.392077449 37.78184617),Bicycle
7170,1.0,Driver,North,Proceeding Straight,Driver,North,Proceeding Straight,Rear End,0,0,0,1,No Pedestrian Involved,POINT (-122.421541512 37.778124065),Other Motor Vehicle
7171,,Pedestrian,West,Proceeding Straight,Driver,North,Proceeding Straight,Vehicle/Pedestrian,1,0,0,1,Crossing in Crosswalk at Intersection,POINT (-122.494705713 37.745951543),Pedestrian
7172,1.0,Driver,West,Making Left Turn,Bicyclist,South,Proceeding Straight,Rear End,0,1,0,1,No Pedestrian Involved,POINT (-122.463875526 37.775368967),Bicycle
7173,1.0,Driver,East,Proceeding Straight,Unknown,Unknown,Unknown,Hit Object,0,0,0,1,No Pedestrian Involved,POINT (-122.384049581 37.732546728),Fixed Object
7174,1.0,Driver,North,Proceeding Straight,Driver,West,Proceeding Straight,Broadside,0,0,0,1,No Pedestrian Involved,POINT (-122.391107617 37.727476347),Other Motor Vehicle
7175,,Driver,East,Stopped In Road,Parked Vehicle,West,Parked,Head-On,0,0,0,1,No Pedestrian Involved,POINT (-122.437214985 37.772206269),Parked Motor Vehicle
7176,1.0,Pedestrian,South,Entering Traffic,Driver,East,Proceeding Straight,Vehicle/Pedestrian,1,0,0,1,Crossing Not in Crosswalk,POINT (-122.453787294 37.77102335),Pedestrian
7177,1.0,Driver,North,Changing Lanes,Bicyclist,North,Proceeding Straight,Sideswipe,0,1,0,1,No Pedestrian Involved,POINT (-122.422169993 37.767839148),Bicycle
7178,1.0,Driver,South,Proceeding Straight,Pedestrian,East,Proceeding Straight,Vehicle/Pedestrian,1,0,0,1,Crossing in Crosswalk at Intersection,POINT (-122.428968772 37.767729171),Pedestrian
7179,,Bicyclist,South,Passing Other Vehicle,Parked Vehicle,Not Stated,Parked,Head-On,0,0,0,0,No Pedestrian Involved,POINT (-122.4767646 37.743002633),Parked Motor Vehicle
7180,,Driver,East,Proceeding Straight,Driver,East,Making Left Turn,Rear End,0,0,0,1,No Pedestrian Involved,POINT (-122.394300038 37.78008973),Other Motor Vehicle
7181,,Other,North,Other,Driver,West,Proceeding Straight,Vehicle/Pedestrian,1,0,0,1,Crossing Not in Crosswalk,POINT (-122.411885658 37.788807543),Pedestrian
7182,1.0,Driver,East,Making Left Turn,Driver,South,Proceeding Straight,Broadside,0,0,0,1,No Pedestrian Involved,POINT (-122.446091727 37.773935371),Other Motor Vehicle
7183,1.0,Driver,North,Proceeding Straight,Pedestrian,East,Proceeding Straight,Vehicle/Pedestrian,1,0,0,1,Crossing in Crosswalk at Intersection,POINT (-122.43256165 37.790919979),Pedestrian
7184,1.0,Driver,East,Proceeding Straight,Driver,East,Stopped In Road,Rear End,0,0,0,1,No Pedestrian Involved,POINT (-122.41974984 37.770698188),Other Motor Vehicle
7185,1.0,Driver,North,Proceeding Straight,Parked Vehicle,North,Parked,Rear End,0,0,0,1,No Pedestrian Involved,POINT (-122.424136499 37.774824795),Parked Motor Vehicle
7186,1.0,Driver,South,Making Left Turn,Bicyclist,North,Proceeding Straight,Broadside,0,1,0,1,No Pedestrian Involved,POINT (-122.445535278 37.771141933),Bicycle
7187,,Driver,South,Proceeding Straight,Pedestrian,West,Proceeding Straight,Vehicle/Pedestrian,1,0,0,1,Crossing in Crosswalk at Intersection,POINT (-122.453176635 37.711216579),Pedestrian
7188,1.0,Pedestrian,West,Other,Driver,South,Proceeding Straight,Vehicle/Pedestrian,1,0,0,1,Crossing in Crosswalk at Intersection,POINT (-122.406336237 37.75300403),Pedestrian
7189,1.0,Driver,East,Proceeding Straight,Driver,South,Proceeding Straight,Broadside,0,0,0,1,No Pedestrian Involved,POINT (-122.46712169 37.760264561),Other Motor Vehicle
7190,1.0,Bicyclist,East,Proceeding Straight,Bicyclist,East,Proceeding Straight,Other,0,0,0,0,No Pedestrian Involved,POINT (-122.428971908 37.776118594),Non-Collision
7191,1.0,Driver,South,Making Left Turn,Driver,North,Proceeding Straight,Head-On,0,0,0,1,No Pedestrian Involved,POINT (-122.408786485 37.749193743),Other Motor Vehicle
7192,1.0,Driver,North,Making Left Turn,Parked Vehicle,North,Parked,Rear End,0,0,0,1,No Pedestrian Involved,POINT (-122.427617682 37.75365481),Parked Motor Vehicle
7193,1.0,Driver,North,Making Left Turn,Driver,West,Proceeding Straight,Broadside,0,0,0,1,No Pedestrian Involved,POINT (-122.474900344 37.7269907),Other Motor Vehicle
7194,1.0,Driver,East,Proceeding Straight,Driver,South,Proceeding Straight,Broadside,0,0,0,1,No Pedestrian Involved,POINT (-122.424233277 37.742236301),Other Motor Vehicle
7195,1.0,Driver,East,Making Right Turn,Driver,North,Proceeding Straight,Head-On,0,0,0,1,No Pedestrian Involved,POINT (-122.40356101 37.747761922),Other Motor Vehicle
7196,1.0,Driver,North,Making Right Turn,Bicyclist,North,Proceeding Straight,Broadside,0,1,0,1,No Pedestrian Involved,POINT (-122.420614584 37.790218726),Bicycle
7197,1.0,Driver,East,Parked,Bicyclist,West,Proceeding Straight,Sideswipe,0,0,0,1,No Pedestrian Involved,POINT (-122.474408397 37.767290849),Non-Collision
7198,1.0,Driver,East,Crossed Into Opposing Lane - Unplanned,Parked Vehicle,Not Stated,Parked,Head-On,0,0,0,1,No Pedestrian Involved,POINT (-122.410259097 37.749514398),Parked Motor Vehicle
7199,1.0,Driver,North,Entering Traffic,Driver,South,Proceeding Straight,Broadside,0,0,0,1,No Pedestrian Involved,POINT (-122.39484032 37.779662743),Other Motor Vehicle