party_id,party_at_fault,party1_type,party1_dir_of_travel,party1_move_pre_acc,party2_type,party2_dir_of_travel,party2_move_pre_acc,type_of_collision,involves_pedestrian,involves_bicycle,involves_motorcycle,involves_vehicle,ped_action,point,mviw
8127,1.0,Driver,North,Making Left Turn,Driver,West,Proceeding Straight,Head-On,0,0,0,1,No Pedestrian Involved,POINT (-122.406910504 37.737965866),Other Motor Vehicle
8128,1.0,Driver,West,Slowing/Stopping,Driver,West,Stopped In Road,Rear End,0,0,0,1,No Pedestrian Involved,POINT (-122.405607548 37.732438658),Other Motor Vehicle
8129,1.0,Pedestrian,East,Proceeding Straight,Driver,North,Proceeding Straight,Head-On,1,0,0,1,Crossing Not in Crosswalk,POINT (-122.43796286 37.77552951),Pedestrian
8130,2.0,Driver,South,Proceeding Straight,Pedestrian,East,Proceeding Straight,Broadside,1,0,0,1,Crossing in Crosswalk at Intersection,POINT (-122.397302887 37.792341244),Pedestrian
8131,1.0,Driver,West,Parked,Bicyclist,West,Proceeding Straight,Other,0,1,0,1,No Pedestrian Involved,POINT (-122.412393507 37.770698079),Bicycle
8132,1.0,Driver,South,Entering Traffic,Driver,South,Proceeding Straight,Sideswipe,0,0,0,1,No Pedestrian Involved,POINT (-122.432520856 37.790718262),Other Motor Vehicle
8133,1.0,Bicyclist,East,Proceeding Straight,Driver,South,Making Right Turn,Broadside,0,1,0,1,No Pedestrian Involved,POINT (-122.405476063 37.776161979),Bicycle
8134,1.0,Driver,West,Proceeding Straight,Driver,West,Making Left Turn,Rear End,0,0,0,1,No Pedestrian Involved,POINT (-122.415954643 37.749172183),Other Motor Vehicle
8135,1.0,Driver,West,Making Right Turn,Driver,East,Proceeding Straight,Head-On,0,0,0,1,No Pedestrian Involved,POINT (-122.442765194 37.769661283),Other Motor Vehicle
8136,1.0,Driver,West,Other Unsafe Turning,Driver,West,Proceeding Straight,Sideswipe,0,0,0,1,No Pedestrian Involved,POINT (-122.417753194 37.769815079),Other Motor Vehicle
8137,1.0,Driver,West,Proceeding Straight,Driver,South,Proceeding Straight,Broadside,0,0,0,1,No Pedestrian Involved,POINT (-122.504752583 37.743642931),Other Motor Vehicle
8138,1.0,Driver,South,Proceeding Straight,Driver,South,Stopped In Road,Rear End,0,0,0,1,No Pedestrian Involved,POINT (-122.415496937 37.781613613),Other Motor Vehicle
8139,1.0,Driver,East,Changing Lanes,Bicyclist,East,Proceeding Straight,Sideswipe,0,1,0,1,No Pedestrian Involved,POINT (-122.452771552 37.771158325),Bicycle
8140,1.0,Driver,East,Making Right Turn,Bicyclist,East,Proceeding Straight,Broadside,0,1,0,1,No Pedestrian Involved,POINT (-122.422199174 37.768139683),Bicycle
8141,1.0,Not Stated,Not Stated,Parked,Bicyclist,Not Stated,Proceeding Straight,Vehicle/Pedestrian,1,1,0,0,No Pedestrian Involved,POINT (-122.424250024 37.766828307),Bicycle
8142,1.0,Driver,North,Making Left Turn,Driver,West,Proceeding Straight,Sideswipe,0,0,0,1,No Pedestrian Involved,POINT (-122.421758104 37.78754814),Other Motor Vehicle
8143,1.0,Driver,North,Proceeding Straight,Pedestrian,East,Proceeding Straight,Vehicle/Pedestrian,1,0,0,1,Crossing in Crosswalk at Intersection,POINT (-122.410292027 37.782230575),Pedestrian
8144,1.0,Driver,North,Proceeding Straight,Driver,North,Entering Traffic,Rear End,0,0,0,1,No Pedestrian Involved,POINT (-122.407882029 37.748405),Other Motor Vehicle
8145,1.0,Driver,North,Ran Off Road,Parked Vehicle,South,Not Stated,Sideswipe,0,0,0,1,No Pedestrian Involved,POINT (-122.401329963 37.709428354),Parked Motor Vehicle
8146,1.0,Driver,North,Making Left Turn,Driver,South,Proceeding Straight,Broadside,0,0,0,1,No Pedestrian Involved,POINT (-122.421948585 37.788489643),Other Motor Vehicle
8147,1.0,Driver,South,Proceeding Straight,Driver,West,Parked,Broadside,0,0,0,1,No Pedestrian Involved,POINT (-122.415954643 37.749172183),Other Motor Vehicle
8148,,Driver,East,Making Right Turn,Bicyclist,East,Proceeding Straight,Sideswipe,0,1,0,1,No Pedestrian Involved,POINT (-122.459212803 37.724533171),Bicycle
8149,1.0,Driver,North,Proceeding Straight,Driver,East,Entering Traffic,Broadside,0,0,0,1,No Pedestrian Involved,POINT (-122.413311468 37.773200818),Other Motor Vehicle
8150,1.0,Driver,South,Making Right Turn,Pedestrian,East,Proceeding Straight,Vehicle/Pedestrian,1,0,0,1,Crossing in Crosswalk at Intersection,POINT (-122.447301514 37.782391642),Pedestrian
8151,1.0,Driver,West,Proceeding Straight,Driver,West,Stopped In Road,Rear End,0,0,0,1,No Pedestrian Involved,POINT (-122.407201966 37.748667943),Other Motor Vehicle
8152,1.0,Driver,South,Proceeding Straight,Driver,West,Proceeding Straight,Broadside,0,0,0,1,No Pedestrian Involved,POINT (-122.423354024 37.778747372),Other Motor Vehicle
8153,,Driver,West,Changing Lanes,Driver,West,Proceeding Straight,Sideswipe,0,0,0,1,No Pedestrian Involved,POINT (-122.410585143 37.785144954),Other Motor Vehicle
8154,1.0,Driver,East,Making Right Turn,Driver,South,Proceeding Straight,Broadside,0,0,0,1,No Pedestrian Involved,POINT (-122.408708674 37.780971183),Motor Vehicle on Other Roadway
8155,1.0,Driver,North,Making Left Turn,Pedestrian,South,Proceeding Straight,Vehicle/Pedestrian,1,0,0,1,Crossing in Crosswalk at Intersection,POINT (-122.412266187 37.790672784),Not Stated
8156,1.0,Driver,South,Making U Turn,Pedestrian,South,Proceeding Straight,Vehicle/Pedestrian,1,0,0,1,Crossing in Crosswalk at Intersection,POINT (-122.419883231 37.778251017),Pedestrian
8157,1.0,Driver,West,Making Left Turn,Pedestrian,North,Proceeding Straight,Vehicle/Pedestrian,1,0,0,1,Crossing in Crosswalk at Intersection,POINT (-122.414711003 37.77623052),Pedestrian
8158,,Bicyclist,East,Proceeding Straight,Unknown,Unknown,Unknown,Other,0,0,0,0,No Pedestrian Involved,POINT (-122.409050495 37.808110754),Fixed Object
8159,1.0,Driver,South,Proceeding Straight,Driver,East,Proceeding Straight,Broadside,0,0,0,1,No Pedestrian Involved,POINT (-122.40063332 37.764897508),Other Motor Vehicle
8160,1.0,Pedestrian,South,Proceeding Straight,Driver,East,Proceeding Straight,Vehicle/Pedestrian,1,0,0,1,Crossing Not in Crosswalk,POINT (-122.464607198 37.773514787),Pedestrian
8161,1.0,Driver,South,Passing Other Vehicle,Driver,South,Stopped In Road,Rear End,0,0,0,1,No Pedestrian Involved,POINT (-122.405615266 37.778505105),Other Motor Vehicle
8162,1.0,Driver,West,Proceeding Straight,Driver,South,Proceeding Straight,Broadside,0,0,0,1,No Pedestrian Involved,POINT (-122.41469003 37.758895989),Other Motor Vehicle
8163,1.0,Driver,West,Entering Traffic,Driver,South,Proceeding Straight,Broadside,0,0,0,1,No Pedestrian Involved,POINT (-122.393205967 37.787684503),Other Motor Vehicle
8164,1.0,Pedestrian,Not Stated,Proceeding Straight,Driver,South,Proceeding Straight,Vehicle/Pedestrian,1,0,0,1,Crossing Not in Crosswalk,POINT (-122.46377082 37.758384802),Pedestrian
8165,1.0,Driver,East,Making Left Turn,Driver,West,Proceeding Straight,Broadside,0,0,0,1,No Pedestrian Involved,POINT (-122.397665695 37.736863746),Other Motor Vehicle
8166,,Driver,North,Proceeding Straight,Driver,North,Stopped In Road,Rear End,0,0,0,1,No Pedestrian Involved,POINT (-122.39890046 37.783761124),Other Motor Vehicle
8167,1.0,Driver,West,Proceeding Straight,Driver,West,Proceeding Straight,Rear End,0,0,0,1,No Pedestrian Involved,POINT (-122.389590696 37.779861286),Other Motor Vehicle
8168,1.0,Driver,South,Not Stated,Pedestrian,West,Not Stated,Not Stated,1,0,0,1,Crossing in Crosswalk at Intersection,POINT (-122.470894955 37.712806649),Pedestrian
8169,1.0,Pedestrian,North,Stopped In Road,Driver,East,Stopped In Road,Broadside,1,0,0,1,Crossing Not in Crosswalk,POINT (-122.4034308 37.787641849),Pedestrian
8170,1.0,Driver,West,Making Left Turn,Other,East,Proceeding Straight,Broadside,0,0,0,1,No Pedestrian Involved,POINT (-122.42261969 37.772502818),Train
8171,1.0,Driver,West,Making Left Turn,Unknown,Unknown,Unknown,Overturned,0,0,0,1,No Pedestrian Involved,POINT (-122.461996432 37.764226334),Fixed Object
8172,2.0,Driver,South,Proceeding Straight,Pedestrian,East,Entering Traffic,Vehicle/Pedestrian,1,0,0,1,Crossing Not in Crosswalk,POINT (-122.454162124 37.772307461),Pedestrian
8173,1.0,Bicyclist,North,Proceeding Straight,Driver,North,Parking Maneuver,Sideswipe,0,1,0,1,No Pedestrian Involved,POINT (-122.454111559 37.722725144),Bicycle
8174,1.0,Driver,North,Making Left Turn,Driver,South,Proceeding Straight,Broadside,0,0,0,1,No Pedestrian Involved,POINT (-122.424102684 37.764783452),Other Motor Vehicle
8175,1.0,Driver,North,Proceeding Straight,Unknown,Unknown,Unknown,Other,0,0,0,1,No Pedestrian Involved,POINT (-122.400812303 37.788815497),Non-Collision
8176,1.0,Driver,West,Proceeding Straight,Driver,South,Proceeding Straight,Broadside,0,0,0,1,No Pedestrian Involved,POINT (-122.467072692 37.712421871),Other Motor Vehicle
8177,,Driver,East,Making Right Turn,Pedestrian,North,Stopped In Road,Vehicle/Pedestrian,1,0,0,1,Crossing in Crosswalk at Intersection,POINT (-122.424147154 37.73986923),Pedestrian
8178,1.0,Driver,North,Proceeding Straight,Driver,North,Proceeding Straight,Rear End,0,0,0,1,No Pedestrian Involved,POINT (-122.422431691 37.747261604),Other Motor Vehicle
8179,1.0,Driver,South,Making Left Turn,Driver,North,Proceeding Straight,Broadside,0,0,0,1,No Pedestrian Involved,POINT (-122.406997913 37.719991114),Other Motor Vehicle
8180,1.0,Driver,West,Making Left Turn,Driver,East,Proceeding Straight,Head-On,0,0,0,1,No Pedestrian Involved,POINT (-122.400503096 37.787450499),Other Motor Vehicle
8181,1.0,Driver,South,Other Unsafe Turning,Driver,South,Proceeding Straight,Sideswipe,0,0,0,1,No Pedestrian Involved,POINT (-122.413157691 37.77745742),Other Motor Vehicle
8182,1.0,Driver,North,Proceeding Straight,Driver,West,Proceeding Straight,Broadside,0,0,0,1,No Pedestrian Involved,POINT (-122.443559779 37.786690919),Other Motor Vehicle
8183,1.0,Driver,South,Proceeding Straight,Parked Vehicle,North,Parked,Overturned,0,0,0,1,No Pedestrian Involved,POINT (-122.445134849 37.708483493),Parked Motor Vehicle
8184,1.0,Driver,West,Changing Lanes,Driver,West,Proceeding Straight,Sideswipe,0,0,0,1,No Pedestrian Involved,POINT (-122.396132841 37.788458389),Other Object
8185,1.0,Driver,West,Proceeding Straight,Driver,West,Stopped In Road,Rear End,0,0,0,1,No Pedestrian Involved,POINT (-122.427678562 37.800969099),Other Motor Vehicle
8186,1.0,Driver,East,Backing,Driver,West,Stopped In Road,Sideswipe,1,0,0,1,"In Road, Including Shoulder",POINT (-122.412551596 37.78872335),Other Motor Vehicle
8187,1.0,Driver,South,Proceeding Straight,Driver,South,Changing Lanes,Sideswipe,0,0,0,1,No Pedestrian Involved,POINT (-122.405325889 37.708617074),Other Motor Vehicle
8188,1.0,Driver,North,Making Right Turn,Pedestrian,South,Proceeding Straight,Vehicle/Pedestrian,1,0,0,1,Crossing in Crosswalk at Intersection,POINT (-122.422463744 37.782685369),Pedestrian
8189,1.0,Bicyclist,South,Making Right Turn,Unknown,Unknown,Unknown,Hit Object,0,0,0,0,No Pedestrian Involved,POINT (-122.412666162 37.776987445),Not Stated
8190,1.0,Pedestrian,West,Other,Driver,West,Proceeding Straight,Vehicle/Pedestrian,1,0,0,1,"In Road, Including Shoulder",POINT (-122.418593945 37.753836588),Pedestrian
8191,1.0,Driver,North,Proceeding Straight,Driver,West,Proceeding Straight,Broadside,0,0,0,1,No Pedestrian Involved,POINT (-122.42063825 37.781960766),Other Motor Vehicle
8192,1.0,Driver,East,Proceeding Straight,Parked Vehicle,East,Parked,Vehicle/Pedestrian,1,0,0,1,Not in Road,POINT (-122.40021556 37.782769934),Pedestrian
8193,1.0,Driver,East,Proceeding Straight,Driver,West,Proceeding Straight,Head-On,0,0,0,1,No Pedestrian Involved,POINT (-122.425824546 37.731090368),Other Motor Vehicle
8194,1.0,Bicyclist,North,Proceeding Straight,Unknown,Unknown,Unknown,Other,0,0,0,0,No Pedestrian Involved,POINT (-122.507508331 37.742499212),Non-Collision
8195,,Driver,East,Proceeding Straight,Bicyclist,West,Making Left Turn,Sideswipe,0,1,0,1,No Pedestrian Involved,POINT (-122.413002683 37.764090861),Bicycle
8196,1.0,Driver,North,Proceeding Straight,Unknown,Unknown,Unknown,Hit Object,0,0,0,1,No Pedestrian Involved,POINT (-122.428135573 37.735150042),Fixed Object
8197,1.0,Driver,North,Proceeding Straight,Unknown,Unknown,Unknown,Hit Object,0,0,0,1,No Pedestrian Involved,POINT (-122.416499816 37.801433839),Fixed Object
8198,1.0,Driver,South,Changing Lanes,Unknown,Unknown,Unknown,Other,0,0,0,1,No Pedestrian Involved,POINT (-122.441376562 37.727032274),Other Object
8199,1.0,Bicyclist,South,Making Left Turn,Driver,West,Proceeding Straight,Broadside,0,1,0,1,No Pedestrian Involved,POINT (-122.402044071 37.788725193),Bicycle
8200,1.0,Driver,East,Making Left Turn,Driver,North,Proceeding Straight,Broadside,0,0,0,1,No Pedestrian Involved,POINT (-122.420817003 37.782894122),Other Motor Vehicle
8201,1.0,Driver,North,Making Left Turn,Driver,South,Proceeding Straight,Broadside,0,0,0,1,No Pedestrian Involved,POINT (-122.401843273 37.779032133),Other Motor Vehicle
8202,,Driver,West,Backing,Pedestrian,North,Other,Vehicle/Pedestrian,1,0,0,1,"In Road, Including Shoulder",POINT (-122.464172023 37.76413087),Pedestrian
8203,1.0,Bicyclist,East,Proceeding Straight,Driver,South,Making Right Turn,Sideswipe,0,1,0,1,No Pedestrian Involved,POINT (-122.423947062 37.773889239),Bicycle
8204,1.0,Driver,East,Proceeding Straight,Unknown,Unknown,Unknown,Overturned,0,0,0,1,No Pedestrian Involved,POINT (-122.49487235 37.742205637),Fixed Object
8205,1.0,Bicyclist,West,Proceeding Straight,Driver,North,Proceeding Straight,Broadside,0,1,0,1,No Pedestrian Involved,POINT (-122.404748493 37.774281041),Bicycle
8206,1.0,Driver,East,Making Left Turn,Driver,North,Proceeding Straight,Sideswipe,0,0,0,1,No Pedestrian Involved,POINT (-122.423488531 37.758364549),Other Motor Vehicle
8207,1.0,Pedestrian,East,Proceeding Straight,Driver,South,Proceeding Straight,Sideswipe,1,0,0,1,Crossing in Crosswalk at Intersection,POINT (-122.407536401 37.765802002),Pedestrian
8208,1.0,Driver,North,Proceeding Straight,Driver,North,Stopped In Road,Rear End,0,0,0,1,No Pedestrian Involved,POINT (-122.419199627 37.76016834),Other Motor Vehicle
8209,1.0,Other,South,Proceeding Straight,Driver,East,Proceeding Straight,Broadside,0,1,0,1,No Pedestrian Involved,POINT (-122.410062771 37.774991792),Bicycle
8210,1.0,Driver,East,Stopped In Road,Driver,East,Proceeding Straight,Rear End,0,0,0,1,No Pedestrian Involved,POINT (-122.455006081 37.768474561),Other Motor Vehicle
8211,1.0,Driver,North,Proceeding Straight,Driver,West,Proceeding Straight,Broadside,0,0,0,1,No Pedestrian Involved,POINT (-122.414053764 37.782794446),Other Motor Vehicle
8212,1.0,Driver,West,Proceeding Straight,Driver,West,Slowing/Stopping,Rear End,0,0,0,1,No Pedestrian Involved,POINT (-122.435006901 37.787777527),Other Motor Vehicle
8213,1.0,Driver,South,Proceeding Straight,Driver,South,Stopped In Road,Rear End,0,0,0,1,No Pedestrian Involved,POINT (-122.399057038 37.715457472),Other Motor Vehicle
8214,1.0,Driver,East,Proceeding Straight,Driver,East,Stopped In Road,Rear End,0,0,0,1,No Pedestrian Involved,POINT (-122.391896673 37.778117138),Other Motor Vehicle
8215,1.0,Driver,South,Proceeding Straight,Driver,South,Stopped In Road,Rear End,0,0,0,1,No Pedestrian Involved,POINT (-122.418056702 37.777576822),Other Motor Vehicle
8216,1.0,Driver,South,Stopped In Road,Driver,South,Proceeding Straight,Sideswipe,0,0,0,1,No Pedestrian Involved,POINT (-122.408516331 37.7737597),Other Motor Vehicle
8217,1.0,Driver,West,Proceeding Straight,Driver,South,Proceeding Straight,Broadside,0,0,0,1,No Pedestrian Involved,POINT (-122.439844236 37.776644008),Other Motor Vehicle
8218,1.0,Bicyclist,North,Proceeding Straight,Driver,North,Stopped In Road,Rear End,0,1,0,1,No Pedestrian Involved,POINT (-122.421539672 37.752937023),Bicycle
8219,1.0,Driver,North,Backing,Pedestrian,West,Not Stated,Hit Object,1,0,0,1,Not in Road,POINT (-122.468411865 37.738478141),Fixed Object
8220,1.0,Driver,West,Stopped In Road,Pedestrian,South,Stopped In Road,Vehicle/Pedestrian,1,0,0,1,Crossing in Crosswalk at Intersection,POINT (-122.426076502 37.761427133),Pedestrian
8221,1.0,Driver,East,Parking Maneuver,Bicyclist,East,Proceeding Straight,Sideswipe,0,1,0,1,No Pedestrian Involved,POINT (-122.424494429 37.770959486),Bicycle
8222,,Driver,East,Making U Turn,Driver,East,Proceeding Straight,Broadside,0,0,0,1,No Pedestrian Involved,POINT (-122.415506779 37.775589819),Other Motor Vehicle
8223,,Driver,East,Proceeding Straight,Driver,East,Changing Lanes,Overturned,0,0,0,1,No Pedestrian Involved,POINT (-122.400981568 37.774808776),Non-Collision
8224,,Driver,West,Proceeding Straight,Driver,West,Stopped In Road,Rear End,0,0,0,1,No Pedestrian Involved,POINT (-122.489951035 37.777923031),Other Motor Vehicle
8225,1.0,Pedestrian,Not Stated,Not Stated,Driver,West,Proceeding Straight,Vehicle/Pedestrian,1,0,0,1,Crossing Not in Crosswalk,POINT (-122.40305229 37.787878973),Pedestrian
8226,1.0,Bicyclist,Not Stated,Passing Other Vehicle,Driver,North,Proceeding Straight,Not Stated,0,1,0,1,No Pedestrian Involved,POINT (-122.419887562 37.767311745),Bicycle
8227,,Driver,North,Proceeding Straight,Driver,East,Proceeding Straight,Broadside,0,0,0,1,No Pedestrian Involved,POINT (-122.413865604 37.781863339),Other Motor Vehicle
8228,1.0,Driver,North,Slowing/Stopping,Driver,North,Slowing/Stopping,Rear End,0,0,0,1,No Pedestrian Involved,POINT (-122.479298587 37.77103874),Other Motor Vehicle
8229,1.0,Driver,East,Proceeding Straight,Driver,East,Slowing/Stopping,Rear End,0,0,0,1,No Pedestrian Involved,POINT (-122.416012494 37.785407056),Other Motor Vehicle
8230,1.0,Driver,South,Proceeding Straight,Driver,West,Proceeding Straight,Other,0,0,0,1,No Pedestrian Involved,POINT (-122.438624156 37.715307333),Other Motor Vehicle
8231,1.0,Driver,West,Backing,Unknown,Unknown,Unknown,Hit Object,0,0,0,1,No Pedestrian Involved,POINT (-122.418413955 37.753847417),Fixed Object
8232,1.0,Bicyclist,East,Proceeding Straight,Driver,North,Proceeding Straight,Broadside,0,1,0,1,No Pedestrian Involved,POINT (-122.44955862 37.72296132),Bicycle
8233,,Driver,East,Stopped In Road,Pedestrian,Not Stated,Stopped In Road,Vehicle/Pedestrian,1,0,0,1,Not in Road,POINT (-122.417628285 37.800521626),Pedestrian
8234,1.0,Driver,Not Stated,Making Right Turn,Pedestrian,North,Proceeding Straight,Vehicle/Pedestrian,1,0,0,1,Crossing in Crosswalk at Intersection,POINT (-122.493228194 37.747888275),Pedestrian
8235,1.0,Driver,South,Proceeding Straight,Bicyclist,South,Proceeding Straight,Sideswipe,0,1,0,1,No Pedestrian Involved,POINT (-122.41861298 37.772883984),Bicycle
8236,,Driver,North,Making Left Turn,Pedestrian,South,Proceeding Straight,Vehicle/Pedestrian,1,0,0,1,Crossing in Crosswalk Not at Intersection,POINT (-122.405443792 37.774835102),Pedestrian
8237,1.0,Driver,North,Proceeding Straight,Driver,East,Proceeding Straight,Broadside,0,0,0,1,No Pedestrian Involved,POINT (-122.422694163 37.792174644),Other Motor Vehicle
8238,1.0,Driver,South,Proceeding Straight,Pedestrian,West,Stopped In Road,Vehicle/Pedestrian,1,0,0,1,"In Road, Including Shoulder",POINT (-122.402989002 37.744733938),Pedestrian
8239,1.0,Driver,West,Crossed Into Opposing Lane - Unplanned,Parked Vehicle,Not Stated,Parked,Head-On,0,0,0,1,No Pedestrian Involved,POINT (-122.40115969 37.740737488),Parked Motor Vehicle
8240,1.0,Driver,West,Proceeding Straight,Bicyclist,West,Stopped In Road,Rear End,0,1,0,1,No Pedestrian Involved,POINT (-122.434003543 37.790736359),Bicycle
8241,1.0,Driver,North,Making Left Turn,Driver,East,Proceeding Straight,Broadside,0,0,0,1,No Pedestrian Involved,POINT (-122.433386844 37.729775576),Other Motor Vehicle
8242,1.0,Driver,North,Making Left Turn,Driver,South,Proceeding Straight,Head-On,0,0,0,1,No Pedestrian Involved,POINT (-122.429269816 37.791338637),Other Motor Vehicle
8243,1.0,Driver,South,Other Unsafe Turning,Driver,South,Proceeding Straight,Sideswipe,1,0,0,1,"In Road, Including Shoulder",POINT (-122.412969667 37.785789585),Other Motor Vehicle
8244,,Driver,West,Slowing/Stopping,Driver,West,Stopped In Road,Rear End,0,0,0,1,No Pedestrian Involved,POINT (-122.432930656 37.785170663),Other Motor Vehicle
8245,1.0,Driver,Not Stated,Ran Off Road,Parked Vehicle,Not Stated,Parked,Rear End,0,0,0,1,No Pedestrian Involved,POINT (-122.445058475 37.748680947),Parked Motor Vehicle
8246,2.0,Pedestrian,East,Other,Driver,North,Proceeding Straight,Vehicle/Pedestrian,1,0,0,1,Crossing in Crosswalk at Intersection,POINT (-122.424170564 37.799484533),Pedestrian
8247,1.0,Bicyclist,East,Proceeding Straight,Driver,West,Proceeding Straight,Head-On,0,1,0,1,No Pedestrian Involved,POINT (-122.430233237 37.779782794),Bicycle
8248,1.0,Driver,South,Proceeding Straight,Driver,East,Proceeding Straight,Broadside,0,0,0,1,No Pedestrian Involved,POINT (-122.420278831 37.748125284),Other Motor Vehicle
8249,1.0,Driver,East,Proceeding Straight,Pedestrian,North,Proceeding Straight,Vehicle/Pedestrian,1,0,0,1,Crossing in Crosswalk at Intersection,POINT (-122.491295906 37.737298253),Pedestrian
8250,1.0,Pedestrian,West,Other,Pedestrian,West,Other,Vehicle/Pedestrian,1,0,0,0,Crossing in Crosswalk at Intersection,POINT (-122.445716665 37.772080394),Pedestrian
8251,1.0,Pedestrian,West,Proceeding Straight,Driver,South,Proceeding Straight,Vehicle/Pedestrian,1,0,0,1,Crossing Not in Crosswalk,POINT (-122.445670626 37.771842199),Pedestrian
8252,,Driver,West,Proceeding Straight,Driver,South,Proceeding Straight,Broadside,0,0,0,1,No Pedestrian Involved,POINT (-122.409571727 37.747553213),Other Motor Vehicle
8253,1.0,Driver,North,Other Unsafe Turning,Unknown,Unknown,Unknown,Hit Object,0,0,0,1,No Pedestrian Involved,POINT (-122.429566945 37.734323179),Fixed Object
8254,1.0,Driver,South,Making Left Turn,Pedestrian,West,Proceeding Straight,Vehicle/Pedestrian,1,0,0,1,Crossing in Crosswalk at Intersection,POINT (-122.440249957 37.787112457),Pedestrian
8255,1.0,Driver,South,Proceeding Straight,Driver,South,Stopped In Road,Rear End,0,0,0,1,No Pedestrian Involved,POINT (-122.391523332 37.732447774),Other Motor Vehicle
8256,1.0,Driver,North,Making Right Turn,Pedestrian,West,Proceeding Straight,Vehicle/Pedestrian,1,0,0,1,Crossing in Crosswalk at Intersection,POINT (-122.40202542 37.786248152),Pedestrian
8257,,Pedestrian,Not Stated,Other,Driver,South,Making Left Turn,Vehicle/Pedestrian,1,0,0,1,Crossing Not in Crosswalk,POINT (-122.458111781 37.724272311),Pedestrian
8258,,Pedestrian,North,Proceeding Straight,Driver,East,Proceeding Straight,Vehicle/Pedestrian,1,0,0,1,Crossing in Crosswalk at Intersection,POINT (-122.410936574 37.779211686),Pedestrian
8259,,Driver,East,Making Left Turn,Driver,West,Proceeding Straight,Broadside,0,0,0,1,No Pedestrian Involved,POINT (-122.428442984 37.762893933),Other Motor Vehicle
8260,1.0,Driver,East,Making Left Turn,Unknown,Unknown,Unknown,Hit Object,0,0,0,1,No Pedestrian Involved,POINT (-122.51034132 37.764000833),Fixed Object
8261,1.0,Driver,West,Making Right Turn,Pedestrian,North,Proceeding Straight,Vehicle/Pedestrian,1,0,0,1,Crossing in Crosswalk at Intersection,POINT (-122.3965431 37.793090561),Pedestrian
8262,1.0,Pedestrian,East,Other,Driver,South,Proceeding Straight,Vehicle/Pedestrian,1,0,0,1,Crossing Not in Crosswalk,POINT (-122.413508609 37.805110085),Pedestrian
8263,1.0,Driver,North,Making Left Turn,Driver,West,Proceeding Straight,Head-On,0,0,0,1,No Pedestrian Involved,POINT (-122.450118443 37.786837659),Other Motor Vehicle
8264,1.0,Pedestrian,West,Proceeding Straight,Driver,North,Proceeding Straight,Vehicle/Pedestrian,1,0,0,1,Crossing in Crosswalk at Intersection,POINT (-122.494181399 37.738496454),Pedestrian
8265,1.0,Driver,West,Making Left Turn,Pedestrian,East,Stopped In Road,Vehicle/Pedestrian,1,0,0,1,Crossing in Crosswalk at Intersection,POINT (-122.411606113 37.776221357),Pedestrian
8266,1.0,Pedestrian,West,Not Stated,Driver,South,Proceeding Straight,Vehicle/Pedestrian,1,0,0,1,Crossing in Crosswalk at Intersection,POINT (-122.432199848 37.789130897),Pedestrian
8267,1.0,Pedestrian,South,Other,Driver,West,Proceeding Straight,Vehicle/Pedestrian,1,0,0,1,Crossing in Crosswalk at Intersection,POINT (-122.454115753 37.723457007),Pedestrian
8268,1.0,Driver,South,Making Left Turn,Pedestrian,East,Proceeding Straight,Vehicle/Pedestrian,1,0,0,1,Crossing in Crosswalk at Intersection,POINT (-122.406492101 37.754552658),Pedestrian
8269,1.0,Driver,South,Proceeding Straight,Driver,South,Slowing/Stopping,Rear End,0,0,0,1,No Pedestrian Involved,POINT (-122.400981568 37.774808776),Other Motor Vehicle
8270,1.0,Bicyclist,South,Proceeding Straight,Driver,South,Proceeding Straight,Sideswipe,0,1,0,1,No Pedestrian Involved,POINT (-122.422045586 37.766557844),Bicycle
8271,1.0,Pedestrian,North,Proceeding Straight,Driver,West,Proceeding Straight,Vehicle/Pedestrian,1,0,0,1,"In Road, Including Shoulder",POINT (-122.442564963 37.714660619),Pedestrian
8272,1.0,Driver,North,Making Left Turn,Pedestrian,East,Proceeding Straight,Vehicle/Pedestrian,1,0,0,1,Crossing in Crosswalk at Intersection,POINT (-122.494566318 37.744104833),Pedestrian
8273,1.0,Driver,East,Making Right Turn,Pedestrian,Not Stated,Not Stated,Vehicle/Pedestrian,1,0,0,1,Crossing in Crosswalk at Intersection,POINT (-122.458858661 37.781257061),Pedestrian
8274,1.0,Driver,North,Crossed Into Opposing Lane - Unplanned,Driver,South,Stopped In Road,Head-On,0,0,0,1,No Pedestrian Involved,POINT (-122.431764116 37.778636465),Other Motor Vehicle
8275,1.0,Pedestrian,West,Not Stated,Driver,South,Proceeding Straight,Vehicle/Pedestrian,1,0,0,1,Crossing Not in Crosswalk,POINT (-122.48503747 37.722273743),Pedestrian
8276,1.0,Driver,West,Making Right Turn,Pedestrian,West,Proceeding Straight,Vehicle/Pedestrian,1,0,0,1,Crossing in Crosswalk at Intersection,POINT (-122.434157836 37.751299078),Pedestrian
8277,1.0,Driver,West,Proceeding Straight,Driver,North,Proceeding Straight,Broadside,0,0,0,1,No Pedestrian Involved,POINT (-122.441317764 37.718634056),Other Motor Vehicle
8278,1.0,Driver,West,Proceeding Straight,Driver,North,Proceeding Straight,Broadside,0,0,0,1,No Pedestrian Involved,POINT (-122.390745341 37.721599853),Other Motor Vehicle
8279,1.0,Driver,West,Making U Turn,Bicyclist,West,Proceeding Straight,Broadside,0,1,0,1,No Pedestrian Involved,POINT (-122.479895428 37.770495878),Bicycle
8280,1.0,Driver,North,Not Stated,Driver,North,Proceeding Straight,Hit Object,0,0,0,1,No Pedestrian Involved,POINT (-122.413892079 37.775575994),Fixed Object