party_id,party_at_fault,party1_type,party1_dir_of_travel,party1_move_pre_acc,party2_type,party2_dir_of_travel,party2_move_pre_acc,type_of_collision,involves_pedestrian,involves_bicycle,involves_motorcycle,involves_vehicle,ped_action,point,mviw
9363,,Other,North,Proceeding Straight,Pedestrian,Not Stated,Not Stated,Head-On,1,0,0,0,Not Stated,POINT (-122.412929713 37.802198697),Other Object
9364,1.0,Driver,North,Backing,Parked Vehicle,North,Parked,Vehicle/Pedestrian,1,0,0,1,"In Road, Including Shoulder",POINT (-122.42129149 37.748923863),Pedestrian
9365,1.0,Driver,West,Proceeding Straight,Driver,North,Proceeding Straight,Sideswipe,0,0,0,1,No Pedestrian Involved,POINT (-122.419693566 37.777299856),Motor Vehicle on Other Roadway
9366,1.0,Driver,East,Making Right Turn,Bicyclist,East,Proceeding Straight,Sideswipe,0,1,0,1,No Pedestrian Involved,POINT (-122.410497553 37.806962911),Bicycle
9367,1.0,Bicyclist,South,Proceeding Straight,Driver,West,Making Right Turn,Broadside,0,1,0,1,No Pedestrian Involved,POINT (-122.423947062 37.773889239),Bicycle
9368,1.0,Driver,South,Making Left Turn,Pedestrian,East,Not Stated,Broadside,1,0,0,1,Crossing in Crosswalk at Intersection,POINT (-122.475926532 37.731103553),Pedestrian
9369,1.0,Driver,South,Proceeding Straight,Driver,South,Proceeding Straight,Rear End,0,0,0,1,No Pedestrian Involved,POINT (-122.423444183 37.771923241),Other Motor Vehicle
9370,1.0,Driver,South,Making U Turn,Driver,West,Passing Other Vehicle,Broadside,0,0,0,1,No Pedestrian Involved,POINT (-122.435330728 37.760869685),Other Motor Vehicle
9371,1.0,Driver,North,Proceeding Straight,Driver,West,Stopped In Road,Broadside,0,0,0,1,No Pedestrian Involved,POINT (-122.424922999 37.749434902),Other Motor Vehicle
9372,1.0,Driver,South,Proceeding Straight,Driver,West,Proceeding Straight,Overturned,0,0,0,1,No Pedestrian Involved,POINT (-122.399763353 37.792257948),Other Motor Vehicle
9373,1.0,Driver,West,Proceeding Straight,Pedestrian,South,Stopped In Road,Vehicle/Pedestrian,1,0,0,1,"In Road, Including Shoulder",POINT (-122.401205441 37.784447531),Pedestrian
9374,1.0,Driver,South,Proceeding Straight,Driver,South,Stopped In Road,Rear End,0,0,0,1,No Pedestrian Involved,POINT (-122.436968072 37.724861108),Other Motor Vehicle
9375,1.0,Pedestrian,North,Other,Bicyclist,East,Proceeding Straight,Vehicle/Pedestrian,1,0,0,0,Crossing Not in Crosswalk,POINT (-122.402900295 37.787999135),Pedestrian
9376,,Driver,South,Proceeding Straight,Pedestrian,West,Other,Vehicle/Pedestrian,1,0,0,1,Crossing in Crosswalk at Intersection,POINT (-122.433903579 37.760954739),Pedestrian
9377,1.0,Driver,East,Making Left Turn,Driver,South,Proceeding Straight,Broadside,0,0,0,1,No Pedestrian Involved,POINT (-122.440106607 37.717665309),Other Motor Vehicle
9378,,Bicyclist,South,Changing Lanes,Driver,South,Proceeding Straight,Rear End,0,1,0,1,No Pedestrian Involved,POINT (-122.399961093 37.718819198),Bicycle
9379,2.0,Driver,West,Proceeding Straight,Driver,East,Making Left Turn,Broadside,0,0,0,1,No Pedestrian Involved,POINT (-122.426755544 37.803936418),Other Motor Vehicle
9380,1.0,Driver,Not Stated,Proceeding Straight,Driver,North,Proceeding Straight,Sideswipe,0,0,0,1,No Pedestrian Involved,POINT (-122.401684684 37.778905602),Other Motor Vehicle
9381,1.0,Driver,North,Ran Off Road,Unknown,Unknown,Unknown,Head-On,0,0,0,1,No Pedestrian Involved,POINT (-122.455565013 37.783985728),Parked Motor Vehicle
9382,1.0,Driver,North,Proceeding Straight,Driver,North,Stopped In Road,Rear End,0,0,0,1,No Pedestrian Involved,POINT (-122.412282773 37.79075408),Other Motor Vehicle
9383,1.0,Driver,North,Stopped In Road,Driver,West,Stopped In Road,Broadside,0,0,0,1,No Pedestrian Involved,POINT (-122.413604168 37.80561848),Other Motor Vehicle
9384,1.0,Driver,East,Making Left Turn,Driver,West,Proceeding Straight,Broadside,0,0,0,1,No Pedestrian Involved,POINT (-122.393286996 37.77842749),Other Motor Vehicle
9385,1.0,Driver,West,Proceeding Straight,Unknown,Unknown,Unknown,Other,0,0,0,1,No Pedestrian Involved,POINT (-122.429340425 37.800758234),Non-Collision
9386,1.0,Bicyclist,South,Proceeding Straight,Driver,East,Proceeding Straight,Broadside,0,1,0,1,No Pedestrian Involved,POINT (-122.4915239 37.738614249),Bicycle
9387,,Driver,South,Proceeding Straight,Driver,South,Making Left Turn,Sideswipe,0,0,0,1,No Pedestrian Involved,POINT (-122.436049125 37.748575636),Other Motor Vehicle
9388,1.0,Driver,East,Entering Traffic,Driver,South,Proceeding Straight,Broadside,1,0,0,1,"In Road, Including Shoulder",POINT (-122.423764621 37.708341716),Motor Vehicle on Other Roadway
9389,1.0,Driver,East,Proceeding Straight,Driver,South,Proceeding Straight,Broadside,0,0,0,1,No Pedestrian Involved,POINT (-122.410810712 37.751091688),Other Motor Vehicle
9390,,Driver,West,Proceeding Straight,Driver,East,Backing,Sideswipe,0,0,0,1,No Pedestrian Involved,POINT (-122.43938678 37.78915376),Other Motor Vehicle
9391,1.0,Driver,South,Proceeding Straight,Driver,South,Stopped In Road,Rear End,0,0,0,1,No Pedestrian Involved,POINT (-122.412220736 37.782073068),Other Motor Vehicle
9392,1.0,Driver,North,Making Left Turn,Unknown,Unknown,Unknown,Hit Object,0,0,0,1,No Pedestrian Involved,POINT (-122.39410711 37.75759159),Fixed Object
9393,1.0,Driver,West,Proceeding Straight,Driver,West,Stopped In Road,Rear End,0,0,0,1,No Pedestrian Involved,POINT (-122.435262949 37.780098234),Other Motor Vehicle
9394,1.0,Pedestrian,South,Other,Driver,North,Entering Traffic,Vehicle/Pedestrian,1,0,0,1,"In Road, Including Shoulder",POINT (-122.40526516 37.796797505),Pedestrian
9395,1.0,Driver,South,Proceeding Straight,Driver,East,Proceeding Straight,Broadside,0,0,0,1,No Pedestrian Involved,POINT (-122.388737998 37.763048279),Other Motor Vehicle
9396,1.0,Driver,North,Slowing/Stopping,Driver,North,Stopped In Road,Rear End,0,0,0,1,No Pedestrian Involved,POINT (-122.475057386 37.734925171),Other Motor Vehicle
9397,1.0,Driver,North,Making Left Turn,Pedestrian,South,Proceeding Straight,Vehicle/Pedestrian,1,0,0,1,Crossing in Crosswalk at Intersection,POINT (-122.423027552 37.785482244),Pedestrian
9398,1.0,Driver,West,Making Left Turn,Pedestrian,South,Not Stated,Other,1,0,0,1,Crossing in Crosswalk at Intersection,POINT (-122.401672473 37.771804652),Non-Collision
9399,1.0,Driver,West,Making Left Turn,Pedestrian,South,Other,Vehicle/Pedestrian,1,0,0,1,Crossing in Crosswalk at Intersection,POINT (-122.4187217 37.765108549),Pedestrian
9400,1.0,Driver,West,Making Right Turn,Driver,West,Stopped In Road,Rear End,0,0,0,1,No Pedestrian Involved,POINT (-122.407215445 37.737934914),Other Motor Vehicle
9401,1.0,Driver,South,Making Left Turn,Unknown,Unknown,Unknown,Hit Object,0,0,0,1,No Pedestrian Involved,POINT (-122.434083744 37.751247496),Fixed Object
9402,1.0,Driver,South,Making Right Turn,Pedestrian,South,Proceeding Straight,Vehicle/Pedestrian,1,0,0,1,Crossing in Crosswalk at Intersection,POINT (-122.47510247 37.734625572),Pedestrian
9403,1.0,Driver,South,Making Right Turn,Driver,South,Making Right Turn,Sideswipe,0,0,0,1,No Pedestrian Involved,POINT (-122.451954775 37.712055691),Other Motor Vehicle
9404,1.0,Driver,East,Making Left Turn,Driver,West,Proceeding Straight,Broadside,0,0,0,1,No Pedestrian Involved,POINT (-122.402698012 37.746334093),Other Motor Vehicle
9405,1.0,Driver,West,Proceeding Straight,Driver,East,Making Left Turn,Sideswipe,0,0,0,1,No Pedestrian Involved,POINT (-122.396530638 37.778326831),Other Motor Vehicle
9406,1.0,Driver,East,Proceeding Straight,Driver,East,Proceeding Straight,Rear End,0,0,0,1,No Pedestrian Involved,POINT (-122.421869075 37.782760754),Other Motor Vehicle
9407,1.0,Bicyclist,North,Proceeding Straight,Driver,West,Proceeding Straight,Broadside,0,1,0,1,No Pedestrian Involved,POINT (-122.420019128 37.74538902),Bicycle
9408,1.0,Driver,North,Proceeding Straight,Driver,East,Proceeding Straight,Broadside,0,0,0,1,No Pedestrian Involved,POINT (-122.494705713 37.745951543),Other Motor Vehicle
9409,1.0,Pedestrian,North,Other,Driver,East,Proceeding Straight,Vehicle/Pedestrian,1,0,0,1,Crossing Not in Crosswalk,POINT (-122.458127414 37.730896485),Pedestrian
9410,1.0,Driver,West,Proceeding Straight,Driver,South,Proceeding Straight,Broadside,0,0,0,1,No Pedestrian Involved,POINT (-122.472312256 37.780655828),Other Motor Vehicle
9411,1.0,Driver,South,Proceeding Straight,Driver,South,Stopped In Road,Rear End,0,0,0,1,No Pedestrian Involved,POINT (-122.493882631 37.733142545),Other Motor Vehicle
9412,1.0,Driver,West,Making Right Turn,Driver,West,Making Right Turn,Sideswipe,0,0,0,1,No Pedestrian Involved,POINT (-122.394772307 37.7498341),Other Motor Vehicle
9413,1.0,Driver,South,Making Right Turn,Unknown,Unknown,Unknown,Hit Object,0,0,0,1,No Pedestrian Involved,POINT (-122.406956987 37.789433682),Fixed Object
9414,,Driver,South,Stopped In Road,Pedestrian,Not Stated,Not Stated,Vehicle/Pedestrian,1,0,0,1,"In Road, Including Shoulder",POINT (-122.393621117 37.762848099),Pedestrian
9415,1.0,Driver,East,Proceeding Straight,Unknown,Unknown,Unknown,Hit Object,0,0,0,1,No Pedestrian Involved,POINT (-122.400079719 37.799749896),Fixed Object
9416,1.0,Pedestrian,North,Entering Traffic,Driver,East,Backing,Vehicle/Pedestrian,1,0,0,1,Crossing Not in Crosswalk,POINT (-122.41129479 37.783146662),Pedestrian
9417,1.0,Driver,North,Making Left Turn,Pedestrian,South,Proceeding Straight,Vehicle/Pedestrian,1,0,0,1,Crossing in Crosswalk at Intersection,POINT (-122.405041399 37.787765496),Pedestrian
9418,1.0,Driver,South,Entering Traffic,Driver,South,Proceeding Straight,Sideswipe,0,0,0,1,No Pedestrian Involved,POINT (-122.416103244 37.784604258),Other Motor Vehicle
9419,1.0,Driver,South,Making U Turn,Driver,North,Proceeding Straight,Head-On,0,0,0,1,No Pedestrian Involved,POINT (-122.418993273 37.78216927),Other Motor Vehicle
9420,1.0,Driver,North,Proceeding Straight,Unknown,Unknown,Unknown,Hit Object,0,0,0,1,No Pedestrian Involved,POINT (-122.40366264 37.746876874),Fixed Object
9421,1.0,Driver,North,Proceeding Straight,Driver,North,Stopped In Road,Rear End,0,0,0,1,No Pedestrian Involved,POINT (-122.402298975 37.775859733),Other Motor Vehicle
9422,1.0,Pedestrian,North,Not Stated,Driver,East,Making Right Turn,Vehicle/Pedestrian,1,0,0,1,Crossing Not in Crosswalk,POINT (-122.403363691 37.776709078),Pedestrian
9423,1.0,Pedestrian,North,Entering Traffic,Driver,East,Proceeding Straight,Vehicle/Pedestrian,1,0,0,1,Crossing Not in Crosswalk,POINT (-122.415101129 37.752443997),Pedestrian
9424,1.0,Bicyclist,North,Proceeding Straight,Parked Vehicle,North,Parked,Sideswipe,0,1,0,0,No Pedestrian Involved,POINT (-122.423972844 37.738464865),Bicycle
9425,,Driver,East,Stopped In Road,Bicyclist,East,Proceeding Straight,Other,0,1,0,1,No Pedestrian Involved,POINT (-122.452094286 37.722968754),Bicycle
9426,1.0,Driver,East,Other Unsafe Turning,Unknown,Unknown,Unknown,Broadside,0,0,0,1,No Pedestrian Involved,POINT (-122.411912184 37.797151452),Parked Motor Vehicle
9427,1.0,Driver,West,Making Left Turn,Pedestrian,East,Proceeding Straight,Vehicle/Pedestrian,1,0,0,1,Crossing in Crosswalk at Intersection,POINT (-122.428819148 37.766130014),Pedestrian
9428,1.0,Driver,South,Proceeding Straight,Driver,South,Stopped In Road,Rear End,0,0,0,1,No Pedestrian Involved,POINT (-122.419505114 37.746182683),Motor Vehicle on Other Roadway
9429,1.0,Pedestrian,South,Proceeding Straight,Driver,West,Proceeding Straight,Vehicle/Pedestrian,1,0,0,1,Crossing Not in Crosswalk,POINT (-122.417561248 37.73839104),Pedestrian
9430,1.0,Driver,North,Making Right Turn,Pedestrian,Not Stated,Not Stated,Vehicle/Pedestrian,1,0,0,1,Crossing Not in Crosswalk,POINT (-122.440999876 37.716485225),Pedestrian
9431,1.0,Driver,West,Proceeding Straight,Driver,North,Proceeding Straight,Broadside,0,0,0,1,No Pedestrian Involved,POINT (-122.416947605 37.780470342),Other Motor Vehicle
9432,1.0,Driver,West,Proceeding Straight,Bicyclist,West,Proceeding Straight,Sideswipe,0,1,0,1,No Pedestrian Involved,POINT (-122.408952159 37.783287853),Bicycle
9433,1.0,Driver,East,Proceeding Straight,Driver,North,Proceeding Straight,Broadside,0,0,0,1,No Pedestrian Involved,POINT (-122.439480381 37.783308487),Motor Vehicle on Other Roadway
9434,1.0,Driver,Not Stated,Making Left Turn,Driver,North,Proceeding Straight,Broadside,0,0,0,1,No Pedestrian Involved,POINT (-122.393407939 37.790612671),Other Motor Vehicle
9435,1.0,Driver,West,Backing,Parked Vehicle,Not Stated,Parked,Rear End,1,0,0,1,"In Road, Including Shoulder",POINT (-122.427378414 37.793384439),Other Motor Vehicle
9436,1.0,Driver,East,Proceeding Straight,Driver,North,Proceeding Straight,Broadside,0,0,0,1,No Pedestrian Involved,POINT (-122.422086793 37.780821048),Other Motor Vehicle
9437,1.0,Driver,North,Passing Other Vehicle,Driver,North,Proceeding Straight,Sideswipe,0,0,0,1,No Pedestrian Involved,POINT (-122.408007203 37.76924401),Other Motor Vehicle
9438,1.0,Driver,North,Proceeding Straight,Pedestrian,East,Not Stated,Broadside,1,0,0,1,Crossing in Crosswalk at Intersection,POINT (-122.464851491 37.758491361),Pedestrian
9439,1.0,Driver,North,Proceeding Straight,Driver,North,Stopped In Road,Rear End,1,0,0,1,Not Stated,POINT (-122.420774395 37.782235848),Other Motor Vehicle
9440,1.0,Driver,South,Making Left Turn,Bicyclist,East,Proceeding Straight,Broadside,0,1,0,1,No Pedestrian Involved,POINT (-122.415315615 37.780719177),Bicycle
9441,1.0,Driver,Not Stated,Proceeding Straight,Driver,Not Stated,Proceeding Straight,Head-On,0,0,0,1,No Pedestrian Involved,POINT (-122.421758104 37.78754814),Other Motor Vehicle
9442,1.0,Driver,East,Proceeding Straight,Driver,East,Stopped In Road,Rear End,0,0,0,1,No Pedestrian Involved,POINT (-122.38758527 37.750263378),Other Motor Vehicle
9443,1.0,Bicyclist,East,Proceeding Straight,Driver,South,Proceeding Straight,Broadside,0,1,0,1,No Pedestrian Involved,POINT (-122.39315409 37.722054523),Bicycle
9444,1.0,Driver,North,Proceeding Straight,Driver,East,Proceeding Straight,Broadside,0,0,0,1,No Pedestrian Involved,POINT (-122.40753423 37.765783299),Motor Vehicle on Other Roadway
9445,,Driver,East,Proceeding Straight,Driver,South,Proceeding Straight,Sideswipe,0,0,0,1,No Pedestrian Involved,POINT (-122.43037057 37.796783261),Other Motor Vehicle
9446,1.0,Bicyclist,Not Stated,Proceeding Straight,Driver,West,Proceeding Straight,Broadside,0,1,0,1,No Pedestrian Involved,POINT (-122.422229369 37.773151744),Bicycle
9447,,Driver,West,Proceeding Straight,Unknown,Unknown,Unknown,Other,0,0,0,1,No Pedestrian Involved,POINT (-122.440280969 37.779454083),Non-Collision
9448,1.0,Bicyclist,East,Slowing/Stopping,Pedestrian,South,Proceeding Straight,Vehicle/Pedestrian,1,0,0,0,Crossing Not in Crosswalk,POINT (-122.424343399 37.742229632),Pedestrian
9449,1.0,Driver,South,Proceeding Straight,Driver,South,Proceeding Straight,Rear End,0,0,0,1,No Pedestrian Involved,POINT (-122.424904648 37.738138343),Other Motor Vehicle
9450,1.0,Driver,East,Proceeding Straight,Driver,East,Proceeding Straight,Rear End,0,0,0,1,No Pedestrian Involved,POINT (-122.42796431 37.800805316),Other Motor Vehicle
9451,1.0,Driver,East,Making Left Turn,Driver,West,Proceeding Straight,Broadside,0,0,0,1,No Pedestrian Involved,POINT (-122.47510247 37.734625572),Other Motor Vehicle
9452,1.0,Pedestrian,West,Proceeding Straight,Driver,North,Making Left Turn,Vehicle/Pedestrian,1,0,0,1,Crossing Not in Crosswalk,POINT (-122.402399093 37.71217369),Pedestrian
9453,1.0,Driver,West,Changing Lanes,Driver,West,Proceeding Straight,Sideswipe,0,0,0,1,No Pedestrian Involved,POINT (-122.389428942 37.788837779),Other Motor Vehicle
9454,1.0,Driver,North,Making Left Turn,Driver,North,Proceeding Straight,Broadside,0,0,0,1,No Pedestrian Involved,POINT (-122.413113221 37.775029619),Other Motor Vehicle
9455,1.0,Driver,West,Parked,Bicyclist,West,Proceeding Straight,Other,0,1,0,1,No Pedestrian Involved,POINT (-122.506721725 37.77993559),Bicycle
9456,1.0,Driver,North,Proceeding Straight,Driver,North,Stopped In Road,Rear End,0,0,0,1,No Pedestrian Involved,POINT (-122.471038642 37.710353218),Other Motor Vehicle
9457,1.0,Other,West,Proceeding Straight,Driver,North,Proceeding Straight,Sideswipe,0,0,0,1,No Pedestrian Involved,POINT (-122.451344234 37.710670686),Other Motor Vehicle
9458,1.0,Bicyclist,South,Proceeding Straight,Driver,South,Stopped In Road,Rear End,0,1,0,1,No Pedestrian Involved,POINT (-122.415708223 37.782655819),Bicycle
9459,1.0,Driver,West,Proceeding Straight,Driver,West,Proceeding Straight,Rear End,0,0,0,1,No Pedestrian Involved,POINT (-122.398074875 37.753941041),Other Motor Vehicle
9460,1.0,Driver,East,Proceeding Straight,Parked Vehicle,Not Stated,Parked,Overturned,0,0,0,1,No Pedestrian Involved,POINT (-122.480978766 37.772716282),Parked Motor Vehicle
9461,1.0,Bicyclist,East,Proceeding Straight,Driver,West,Making Left Turn,Broadside,0,1,0,1,No Pedestrian Involved,POINT (-122.438845096 37.773902703),Bicycle
9462,1.0,Driver,South,Proceeding Straight,Driver,South,Stopped In Road,Rear End,0,0,0,1,No Pedestrian Involved,POINT (-122.395751075 37.796891139),Other Motor Vehicle
9463,1.0,Driver,South,Proceeding Straight,Unknown,Unknown,Unknown,Overturned,0,0,0,1,No Pedestrian Involved,POINT (-122.472072974 37.772398311),Fixed Object
9464,1.0,Driver,West,Proceeding Straight,Pedestrian,Not Stated,Other,Vehicle/Pedestrian,1,0,0,1,Crossing Not in Crosswalk,POINT (-122.407685911 37.779322552),Pedestrian
9465,1.0,Driver,North,Making Left Turn,Driver,South,Proceeding Straight,Broadside,0,0,0,1,No Pedestrian Involved,POINT (-122.407187488 37.761935878),Other Motor Vehicle
9466,1.0,Driver,West,Proceeding Straight,Parked Vehicle,Not Stated,Parked,Rear End,0,0,0,1,No Pedestrian Involved,POINT (-122.464310512 37.709394633),Parked Motor Vehicle
9467,,Bicyclist,West,Proceeding Straight,Driver,South,Proceeding Straight,Broadside,0,1,0,1,No Pedestrian Involved,POINT (-122.412047266 37.754230331),Bicycle
9468,,Driver,East,Making U Turn,Driver,West,Stopped In Road,Broadside,0,0,0,1,No Pedestrian Involved,POINT (-122.423463491 37.790225474),Other Motor Vehicle
9469,1.0,Driver,West,Making Right Turn,Driver,Not Stated,Proceeding Straight,Head-On,0,0,0,1,No Pedestrian Involved,POINT (-122.389193299 37.745298409),Train
9470,1.0,Driver,East,Making Right Turn,Pedestrian,North,Proceeding Straight,Broadside,1,0,0,1,Crossing in Crosswalk at Intersection,POINT (-122.394035064 37.776332976),Pedestrian
9471,1.0,Bicyclist,East,Proceeding Straight,Unknown,Unknown,Unknown,Other,0,0,0,0,No Pedestrian Involved,POINT (-122.401532683 37.77191507),Non-Collision
9472,1.0,Driver,East,Proceeding Straight,Pedestrian,South,Proceeding Straight,Vehicle/Pedestrian,1,0,0,1,Crossing in Crosswalk at Intersection,POINT (-122.433880129 37.760956145),Pedestrian
9473,1.0,Driver,East,Making Left Turn,Bicyclist,West,Proceeding Straight,Broadside,0,1,0,1,No Pedestrian Involved,POINT (-122.402183518 37.750580763),Bicycle
9474,1.0,Driver,South,Proceeding Straight,Driver,South,Stopped In Road,Other,0,0,0,1,No Pedestrian Involved,POINT (-122.388315531 37.757939705),Other Motor Vehicle
9475,1.0,Driver,East,Proceeding Straight,Unknown,Unknown,Unknown,Hit Object,0,0,0,1,No Pedestrian Involved,POINT (-122.43985809 37.799295329),Fixed Object
9476,1.0,Pedestrian,East,Not Stated,Driver,East,Stopped In Road,Vehicle/Pedestrian,1,0,0,1,Crossing Not in Crosswalk,POINT (-122.496283814 37.760850433),Pedestrian
9477,1.0,Driver,South,Proceeding Straight,Bicyclist,South,Proceeding Straight,Rear End,0,1,0,1,No Pedestrian Involved,POINT (-122.403025335 37.744599686),Bicycle
9478,1.0,Driver,South,Making Left Turn,Unknown,Unknown,Unknown,Other,0,0,0,1,No Pedestrian Involved,POINT (-122.411277937 37.771578677),Other Object
9479,1.0,Driver,East,Making Right Turn,Pedestrian,Not Stated,Proceeding Straight,Not Stated,1,0,0,1,Crossing in Crosswalk at Intersection,POINT (-122.420109524 37.79609457),Pedestrian
9480,,Pedestrian,East,Proceeding Straight,Driver,South,Proceeding Straight,Vehicle/Pedestrian,1,0,0,1,Crossing in Crosswalk at Intersection,POINT (-122.454115753 37.723457007),Pedestrian
9481,1.0,Driver,West,Proceeding Straight,Unknown,Unknown,Unknown,Overturned,0,0,0,1,No Pedestrian Involved,POINT (-122.441154592 37.791630842),Non-Collision
9482,1.0,Pedestrian,North,Other,Driver,West,Proceeding Straight,Vehicle/Pedestrian,1,0,0,1,Crossing in Crosswalk at Intersection,POINT (-122.44534499 37.770210175),Pedestrian
9483,1.0,Driver,West,Proceeding Straight,Pedestrian,South,Proceeding Straight,Vehicle/Pedestrian,1,0,0,1,Crossing in Crosswalk at Intersection,POINT (-122.399798024 37.78800716),Pedestrian
9484,1.0,Driver,East,Making Left Turn,Driver,North,Proceeding Straight,Broadside,0,0,0,1,No Pedestrian Involved,POINT (-122.419883231 37.778251017),Other Motor Vehicle
9485,1.0,Driver,West,Proceeding Straight,Driver,North,Proceeding Straight,Broadside,0,0,0,1,No Pedestrian Involved,POINT (-122.42100836 37.783824118),Other Motor Vehicle
9486,1.0,Pedestrian,South,Other,Driver,West,Proceeding Straight,Vehicle/Pedestrian,1,0,0,1,"In Road, Including Shoulder",POINT (-122.406678908 37.748833194),Pedestrian
9487,1.0,Driver,East,Stopped In Road,Bicyclist,Not Stated,Proceeding Straight,Other,0,1,0,1,No Pedestrian Involved,POINT (-122.422186439 37.772909123),Bicycle
9488,1.0,Driver,South,Proceeding Straight,Driver,West,Proceeding Straight,Broadside,0,0,0,1,No Pedestrian Involved,POINT (-122.402840618 37.779828524),Other Motor Vehicle
9489,1.0,Driver,North,Making Right Turn,Bicyclist,East,Proceeding Straight,Broadside,0,1,0,1,No Pedestrian Involved,POINT (-122.423973384 37.771369006),Bicycle
9490,1.0,Driver,West,Making Left Turn,Pedestrian,Not Stated,Proceeding Straight,Sideswipe,1,0,0,1,Crossing in Crosswalk at Intersection,POINT (-122.411277937 37.771578677),Pedestrian
9491,1.0,Driver,North,Stopped In Road,Bicyclist,North,Proceeding Straight,Other,0,1,0,1,No Pedestrian Involved,POINT (-122.402018461 37.80415638),Bicycle
9492,,Pedestrian,East,Slowing/Stopping,Driver,North,Entering Traffic,Sideswipe,1,0,0,1,Crossing in Crosswalk Not at Intersection,POINT (-122.44660865 37.720724224),Pedestrian
9493,1.0,Driver,North,Proceeding Straight,Driver,West,Proceeding Straight,Broadside,0,0,0,1,No Pedestrian Involved,POINT (-122.415954643 37.749172183),Other Motor Vehicle
9494,1.0,Driver,West,Proceeding Straight,Driver,East,Proceeding Straight,Sideswipe,0,0,0,1,No Pedestrian Involved,POINT (-122.413703584 37.779481167),Other Motor Vehicle
9495,1.0,Driver,East,Changing Lanes,Driver,East,Proceeding Straight,Sideswipe,0,0,0,1,No Pedestrian Involved,POINT (-122.443952707 37.787621926),Other Motor Vehicle
9496,1.0,Driver,West,Backing,Driver,North,Proceeding Straight,Rear End,0,0,0,1,No Pedestrian Involved,POINT (-122.402454595 37.763623193),Other Motor Vehicle
9497,1.0,Pedestrian,East,Proceeding Straight,Driver,North,Proceeding Straight,Vehicle/Pedestrian,1,0,0,1,Crossing in Crosswalk at Intersection,POINT (-122.433074471 37.764195713),Pedestrian
9498,1.0,Driver,South,Proceeding Straight,Driver,East,Making Left Turn,Broadside,0,0,0,1,No Pedestrian Involved,POINT (-122.426076502 37.761427133),Other Motor Vehicle
9499,1.0,Driver,East,Making Left Turn,Driver,West,Proceeding Straight,Broadside,0,0,0,1,No Pedestrian Involved,POINT (-122.40202542 37.786248152),Other Motor Vehicle
9500,1.0,Driver,North,Proceeding Straight,Driver,West,Proceeding Straight,Broadside,0,0,0,1,No Pedestrian Involved,POINT (-122.398338202 37.761184048),Other Motor Vehicle
9501,1.0,Driver,South,Proceeding Straight,Driver,West,Proceeding Straight,Broadside,0,0,0,1,No Pedestrian Involved,POINT (-122.427059672 37.788786895),Other Motor Vehicle
9502,1.0,Driver,North,Making Left Turn,Driver,South,Proceeding Straight,Broadside,0,0,0,1,No Pedestrian Involved,POINT (-122.432648621 37.774692661),Other Motor Vehicle
9503,,Driver,North,Proceeding Straight,Bicyclist,East,Proceeding Straight,Broadside,0,1,0,1,No Pedestrian Involved,POINT (-122.417486596 37.765183135),Bicycle
9504,1.0,Driver,South,Proceeding Straight,Parked Vehicle,South,Parked,Broadside,0,0,0,1,No Pedestrian Involved,POINT (-122.452048184 37.709016254),Parked Motor Vehicle
9505,1.0,Driver,North,Proceeding Straight,Driver,North,Making Left Turn,Sideswipe,0,0,0,1,No Pedestrian Involved,POINT (-122.443255966 37.715042054),Other Motor Vehicle
9506,1.0,Bicyclist,West,Making Left Turn,Driver,East,Proceeding Straight,Vehicle/Pedestrian,1,1,0,1,"In Road, Including Shoulder",POINT (-122.426405022 37.785064932),Bicycle
9507,1.0,Driver,South,Changing Lanes,Driver,South,Ran Off Road,Sideswipe,0,1,0,1,No Pedestrian Involved,POINT (-122.415123781 37.772747901),Bicycle
9508,1.0,Driver,North,Proceeding Straight,Driver,North,Stopped In Road,Rear End,0,0,0,1,No Pedestrian Involved,POINT (-122.452716775 37.765237234),Other Motor Vehicle
9509,1.0,Driver,East,Proceeding Straight,Driver,East,Stopped,Rear End,0,0,0,1,No Pedestrian Involved,POINT (-122.439438473 37.715672555),Other Motor Vehicle
9510,1.0,Driver,East,Proceeding Straight,Pedestrian,South,Stopped In Road,Vehicle/Pedestrian,1,0,0,1,Crossing in Crosswalk at Intersection,POINT (-122.416305881 37.741637313),Pedestrian
9511,1.0,Bicyclist,North,Proceeding Straight,Driver,South,Making Left Turn,Head-On,0,1,0,1,No Pedestrian Involved,POINT (-122.400297759 37.777799011),Bicycle
9512,1.0,Driver,East,Making Left Turn,Bicyclist,West,Proceeding Straight,Broadside,0,1,0,1,No Pedestrian Involved,POINT (-122.434027089 37.789836972),Bicycle
9513,1.0,Driver,Not Stated,Proceeding Straight,Pedestrian,Not Stated,Other,Vehicle/Pedestrian,1,0,0,1,"In Road, Including Shoulder",POINT (-122.473343526 37.755548588),Pedestrian
9514,1.0,Driver,West,Proceeding Straight,Driver,West,Stopped In Road,Rear End,0,0,0,1,No Pedestrian Involved,POINT (-122.410869408 37.748356931),Other Motor Vehicle
9515,1.0,Driver,North,Stopped In Road,Driver,North,Stopped In Road,Sideswipe,0,0,0,1,No Pedestrian Involved,POINT (-122.426377344 37.802071872),Other Motor Vehicle
9516,1.0,Driver,North,Proceeding Straight,Driver,North,Stopped In Road,Rear End,0,0,0,1,No Pedestrian Involved,POINT (-122.433848405 37.748869676),Other Motor Vehicle