party_id,party_at_fault,party1_type,party1_dir_of_travel,party1_move_pre_acc,party2_type,party2_dir_of_travel,party2_move_pre_acc,type_of_collision,involves_pedestrian,involves_bicycle,involves_motorcycle,involves_vehicle,ped_action,point,mviw
10593,1.0,Driver,North,Proceeding Straight,Driver,North,Proceeding Straight,Rear End,0,0,0,1,No Pedestrian Involved,POINT (-122.472181347 37.779972678),Other Motor Vehicle
10594,1.0,Driver,East,Proceeding Straight,Driver,East,Stopped In Road,Rear End,0,0,0,1,No Pedestrian Involved,POINT (-122.442846886 37.782878563),Other Motor Vehicle
10595,1.0,Driver,South,Parked,Unknown,Unknown,Unknown,Overturned,0,0,0,1,No Pedestrian Involved,POINT (-122.403435725 37.805184902),Non-Collision
10596,1.0,Pedestrian,South,Proceeding Straight,Driver,West,Making Right Turn,Vehicle/Pedestrian,1,0,0,1,Crossing in Crosswalk at Intersection,POINT (-122.412411747 37.783004078),Pedestrian
10597,,Pedestrian,East,Not Stated,Driver,South,Stopped In Road,Broadside,1,0,0,1,Crossing in Crosswalk at Intersection,POINT (-122.405485016 37.776169195),Pedestrian
10598,1.0,Driver,North,Proceeding Straight,Unknown,Unknown,Unknown,Other,0,0,0,1,No Pedestrian Involved,POINT (-122.400804277 37.771137788),Non-Collision
10599,1.0,Driver,West,Making Left Turn,Bicyclist,Not Stated,Proceeding Straight,Not Stated,0,1,0,1,No Pedestrian Involved,POINT (-122.445902366 37.772995406),Bicycle
10600,1.0,Driver,West,Not Stated,Driver,West,Stopped In Road,Rear End,0,0,0,1,No Pedestrian Involved,POINT (-122.41146323 37.718704739),Other Motor Vehicle
10601,1.0,Bicyclist,East,Proceeding Straight,Driver,East,Making Right Turn,Broadside,0,1,0,1,No Pedestrian Involved,POINT (-122.415613781 37.768537387),Bicycle
10602,1.0,Driver,South,Passing Other Vehicle,Driver,East,Making Left Turn,Broadside,0,0,0,1,No Pedestrian Involved,POINT (-122.405533526 37.739566571),Other Motor Vehicle
10603,1.0,Bicyclist,East,Proceeding Straight,Unknown,Unknown,Unknown,Hit Object,0,0,0,0,No Pedestrian Involved,POINT (-122.437045612 37.771267424),Fixed Object
10604,1.0,Driver,West,Making Left Turn,Driver,East,Proceeding Straight,Head-On,0,0,0,1,No Pedestrian Involved,POINT (-122.405424735 37.771296353),Other Motor Vehicle
10605,1.0,Driver,North,Proceeding Straight,Pedestrian,East,Proceeding Straight,Vehicle/Pedestrian,1,0,0,1,Crossing in Crosswalk at Intersection,POINT (-122.389035068 37.732918895),Pedestrian
10606,1.0,Driver,South,Making Right Turn,Pedestrian,East,Proceeding Straight,Broadside,1,0,0,1,No Pedestrian Involved,POINT (-122.421393308 37.785685803),Pedestrian
10607,,Driver,East,Proceeding Straight,Driver,North,Stopped In Road,Other,0,0,0,1,No Pedestrian Involved,POINT (-122.440061199 37.786179583),Non-Collision
10608,1.0,Driver,East,Making Left Turn,Pedestrian,North,Traveling Wrong Way,Vehicle/Pedestrian,1,0,0,1,Crossing in Crosswalk at Intersection,POINT (-122.413105242 37.765447608),Pedestrian
10609,1.0,Driver,South,Proceeding Straight,Driver,West,Proceeding Straight,Sideswipe,0,0,0,1,No Pedestrian Involved,POINT (-122.38845503 37.742980618),Other Motor Vehicle
10610,1.0,Driver,West,Making Left Turn,Driver,West,Proceeding Straight,Broadside,0,0,0,1,No Pedestrian Involved,POINT (-122.409497526 37.785282917),Other Motor Vehicle
10611,1.0,Driver,South,Proceeding Straight,Driver,West,Proceeding Straight,Broadside,0,0,0,1,No Pedestrian Involved,POINT (-122.495617223 37.759004498),Other Motor Vehicle
10612,1.0,Driver,North,Proceeding Straight,Bicyclist,West,Proceeding Straight,Broadside,0,1,0,1,No Pedestrian Involved,POINT (-122.413002683 37.764090861),Bicycle
10613,1.0,Driver,South,Making Left Turn,Unknown,Unknown,Unknown,Hit Object,0,0,0,1,No Pedestrian Involved,POINT (-122.4099892 37.774932255),Fixed Object
10614,1.0,Driver,North,Proceeding Straight,Parked Vehicle,Not Stated,Parked,Not Stated,0,0,0,1,No Pedestrian Involved,POINT (-122.423171377 37.795061674),Parked Motor Vehicle
10615,1.0,Pedestrian,North,Other,Bicyclist,North,Proceeding Straight,Other,1,1,0,0,Crossing Not in Crosswalk,POINT (-122.407903302 37.794060297),Bicycle
10616,1.0,Driver,North,Proceeding Straight,Bicyclist,West,Proceeding Straight,Broadside,0,1,0,1,No Pedestrian Involved,POINT (-122.405939204 37.769659011),Bicycle
10617,1.0,Driver,East,Proceeding Straight,Driver,South,Proceeding Straight,Broadside,0,0,0,1,No Pedestrian Involved,POINT (-122.417501463 37.776540894),Other Motor Vehicle
10618,,Pedestrian,East,Other,Driver,South,Proceeding Straight,Vehicle/Pedestrian,1,0,0,1,Crossing Not in Crosswalk,POINT (-122.408149906 37.752442687),Pedestrian
10619,1.0,Driver,South,Backing,Driver,West,Proceeding Straight,Broadside,0,0,0,1,No Pedestrian Involved,POINT (-122.475710627 37.748661721),Other Motor Vehicle
10620,1.0,Pedestrian,West,Entering Traffic,Driver,South,Proceeding Straight,Vehicle/Pedestrian,1,0,0,1,Crossing Not in Crosswalk,POINT (-122.44146911 37.715865917),Pedestrian
10621,1.0,Driver,North,Proceeding Straight,Driver,North,Proceeding Straight,Sideswipe,0,0,0,1,No Pedestrian Involved,POINT (-122.396208264 37.747431272),Other Motor Vehicle
10622,1.0,Driver,West,Proceeding Straight,Pedestrian,North,Other,Vehicle/Pedestrian,1,0,0,1,Crossing in Crosswalk at Intersection,POINT (-122.475276422 37.752423947),Pedestrian
10623,1.0,Driver,East,Proceeding Straight,Driver,East,Proceeding Straight,Rear End,0,0,0,1,No Pedestrian Involved,POINT (-122.451623987 37.745534238),Other Motor Vehicle
10624,1.0,Driver,South,Making Left Turn,Pedestrian,South,Proceeding Straight,Vehicle/Pedestrian,1,0,0,1,Crossing in Crosswalk at Intersection,POINT (-122.394464126 37.787311755),Pedestrian
10625,1.0,Driver,West,Passing Other Vehicle,Driver,West,Parking Maneuver,Sideswipe,0,0,0,1,No Pedestrian Involved,POINT (-122.397336608 37.775229333),Other Motor Vehicle
10626,1.0,Driver,North,Proceeding Straight,Unknown,Unknown,Unknown,Hit Object,0,0,0,1,No Pedestrian Involved,POINT (-122.435481388 37.727683499),Fixed Object
10627,1.0,Driver,South,Proceeding Straight,Bicyclist,West,Proceeding Straight,Broadside,0,1,0,1,No Pedestrian Involved,POINT (-122.445902366 37.772995406),Bicycle
10628,1.0,Driver,West,Proceeding Straight,Parked Vehicle,East,Parked,Sideswipe,0,0,0,1,No Pedestrian Involved,POINT (-122.481601122 37.784036863),Parked Motor Vehicle
10629,1.0,Driver,East,Stopped In Road,Driver,South,Proceeding Straight,Sideswipe,0,0,0,1,No Pedestrian Involved,POINT (-122.394099271 37.785149309),Other Motor Vehicle
10630,1.0,Driver,East,Other Unsafe Turning,Parked Vehicle,East,Parked,Sideswipe,0,0,0,1,No Pedestrian Involved,POINT (-122.424822142 37.780472614),Parked Motor Vehicle
10631,1.0,Driver,North,Entering Traffic,Driver,West,Proceeding Straight,Broadside,0,0,0,1,No Pedestrian Involved,POINT (-122.42391117 37.794729995),Other Motor Vehicle
10632,1.0,Bicyclist,North,Proceeding Straight,Driver,West,Proceeding Straight,Broadside,0,0,0,1,No Pedestrian Involved,POINT (-122.422901798 37.801558053),Other Motor Vehicle
10633,1.0,Driver,North,Proceeding Straight,Driver,North,Stopped In Road,Rear End,0,0,0,1,No Pedestrian Involved,POINT (-122.406893654 37.759486041),Other Motor Vehicle
10634,1.0,Driver,South,Proceeding Straight,Driver,South,Proceeding Straight,Sideswipe,0,0,0,1,No Pedestrian Involved,POINT (-122.408713645 37.769537937),Other Motor Vehicle
10635,1.0,Pedestrian,West,Proceeding Straight,Driver,South,Proceeding Straight,Head-On,1,0,0,1,Crossing in Crosswalk at Intersection,POINT (-122.422858866 37.793065647),Pedestrian
10636,,Driver,West,Proceeding Straight,Pedestrian,North,Entering Traffic,Vehicle/Pedestrian,1,0,0,1,Crossing Not in Crosswalk,POINT (-122.370039075 37.818334707),Pedestrian
10637,1.0,Driver,West,Making Right Turn,Bicyclist,West,Proceeding Straight,Sideswipe,0,1,0,1,No Pedestrian Involved,POINT (-122.40660671 37.76933005),Bicycle
10638,1.0,Driver,South,Backing,Driver,West,Proceeding Straight,Broadside,0,0,0,1,No Pedestrian Involved,POINT (-122.461498786 37.777348524),Other Motor Vehicle
10639,1.0,Driver,North,Proceeding Straight,Driver,North,Proceeding Straight,Rear End,0,0,0,1,No Pedestrian Involved,POINT (-122.440620311 37.789198672),Other Motor Vehicle
10640,,Bicyclist,North,Proceeding Straight,Unknown,Unknown,Unknown,Other,0,0,0,0,No Pedestrian Involved,POINT (-122.417145612 37.781447495),Non-Collision
10641,1.0,Driver,North,Proceeding Straight,Driver,West,Proceeding Straight,Broadside,0,0,0,1,No Pedestrian Involved,POINT (-122.422725611 37.75037224),Other Motor Vehicle
10642,1.0,Driver,South,Backing,Bicyclist,West,Other,Other,0,1,0,1,No Pedestrian Involved,POINT (-122.412915008 37.70947489),Bicycle
10643,1.0,Driver,South,Making Left Turn,Pedestrian,West,Other,Vehicle/Pedestrian,1,0,0,1,Crossing in Crosswalk at Intersection,POINT (-122.422135208 37.789412062),Pedestrian
10644,1.0,Driver,South,Making Left Turn,Driver,North,Proceeding Straight,Head-On,0,0,0,1,No Pedestrian Involved,POINT (-122.476858313 37.744338086),Other Motor Vehicle
10645,1.0,Driver,East,Making Left Turn,Driver,East,Proceeding Straight,Head-On,0,0,0,1,No Pedestrian Involved,POINT (-122.465237442 37.739686646),Other Motor Vehicle
10646,1.0,Driver,South,Backing,Pedestrian,West,Other,Vehicle/Pedestrian,1,0,0,1,Crossing in Crosswalk Not at Intersection,POINT (-122.417876921 37.752271366),Pedestrian
10647,1.0,Driver,North,Proceeding Straight,Driver,North,Stopped In Road,Rear End,0,0,0,1,No Pedestrian Involved,POINT (-122.447130573 37.800385825),Other Motor Vehicle
10648,1.0,Driver,East,Proceeding Straight,Driver,North,Proceeding Straight,Broadside,0,0,0,1,No Pedestrian Involved,POINT (-122.414241573 37.783723783),Other Motor Vehicle
10649,1.0,Driver,West,Making Right Turn,Pedestrian,North,Proceeding Straight,Vehicle/Pedestrian,1,0,0,1,Crossing in Crosswalk at Intersection,POINT (-122.420559966 37.806657733),Pedestrian
10650,1.0,Driver,East,Proceeding Straight,Driver,West,Making Left Turn,Sideswipe,0,0,0,1,No Pedestrian Involved,POINT (-122.436179332 37.714174284),Other Motor Vehicle
10651,1.0,Driver,South,Slowing/Stopping,Driver,South,Proceeding Straight,Rear End,0,0,0,1,No Pedestrian Involved,POINT (-122.486552073 37.729585011),Other Motor Vehicle
10652,1.0,Bicyclist,East,Proceeding Straight,Unknown,Unknown,Unknown,Hit Object,0,0,0,0,No Pedestrian Involved,POINT (-122.424550388 37.71010186),Fixed Object
10653,1.0,Driver,East,Making Left Turn,Pedestrian,South,Proceeding Straight,Not Stated,1,0,0,1,Crossing in Crosswalk at Intersection,POINT (-122.440417738 37.717244619),Pedestrian
10654,,Driver,North,Making U Turn,Driver,North,Proceeding Straight,Broadside,0,0,0,1,No Pedestrian Involved,POINT (-122.457068389 37.710110915),Other Motor Vehicle
10655,1.0,Driver,South,Making Right Turn,Pedestrian,West,Proceeding Straight,Vehicle/Pedestrian,1,0,0,1,Crossing in Crosswalk at Intersection,POINT (-122.423792965 37.797616582),Pedestrian
10656,1.0,Driver,South,Entering Traffic,Driver,South,Proceeding Straight,Sideswipe,0,0,0,1,No Pedestrian Involved,POINT (-122.401650921 37.722925387),Other Motor Vehicle
10657,1.0,Driver,South,Making Left Turn,Driver,North,Proceeding Straight,Head-On,0,0,0,1,No Pedestrian Involved,POINT (-122.417753194 37.769815079),Other Motor Vehicle
10658,1.0,Driver,East,Proceeding Straight,Driver,East,Changing Lanes,Sideswipe,0,0,0,1,No Pedestrian Involved,POINT (-122.408380114 37.776318388),Other Motor Vehicle
10659,1.0,Parked Vehicle,South,Parked,Bicyclist,South,Proceeding Straight,Sideswipe,0,1,0,0,No Pedestrian Involved,POINT (-122.509038354 37.757763446),Bicycle
10660,1.0,Pedestrian,North,Not Stated,Driver,West,Proceeding Straight,Vehicle/Pedestrian,1,0,0,1,Not Stated,POINT (-122.422959402 37.785490733),Pedestrian
10661,1.0,Driver,North,Making Left Turn,Pedestrian,South,Not Stated,Vehicle/Pedestrian,1,0,0,1,Crossing in Crosswalk at Intersection,POINT (-122.468869009 37.784619587),Pedestrian
10662,1.0,Driver,East,Proceeding Straight,Driver,North,Proceeding Straight,Broadside,0,0,0,1,No Pedestrian Involved,POINT (-122.382887872 37.730341971),Other Motor Vehicle
10663,1.0,Driver,West,Proceeding Straight,Driver,West,Stopped In Road,Rear End,0,0,0,1,No Pedestrian Involved,POINT (-122.476711104 37.765516113),Other Motor Vehicle
10664,1.0,Driver,South,Making Left Turn,Driver,North,Proceeding Straight,Head-On,0,0,0,1,No Pedestrian Involved,POINT (-122.414026707 37.771863706),Other Motor Vehicle
10665,1.0,Bicyclist,East,Proceeding Straight,Pedestrian,South,Proceeding Straight,Vehicle/Pedestrian,1,0,0,0,Crossing in Crosswalk at Intersection,POINT (-122.411699232 37.787872169),Non-Collision
10666,1.0,Driver,East,Proceeding Straight,Driver,East,Stopped In Road,Rear End,0,0,0,1,No Pedestrian Involved,POINT (-122.420083066 37.708311266),Other Motor Vehicle
10667,1.0,Driver,West,Making Right Turn,Pedestrian,Not Stated,Other,Vehicle/Pedestrian,1,0,0,1,Crossing in Crosswalk at Intersection,POINT (-122.465354478 37.780987674),Pedestrian
10668,1.0,Driver,East,Stopped In Road,Unknown,Unknown,Unknown,Other,0,0,0,1,No Pedestrian Involved,POINT (-122.409067421 37.786280032),Non-Collision
10669,1.0,Driver,East,Proceeding Straight,Driver,East,Proceeding Straight,Sideswipe,0,0,0,1,No Pedestrian Involved,POINT (-122.417802154 37.768405268),Pedestrian
10670,1.0,Driver,North,Making Left Turn,Driver,South,Proceeding Straight,Sideswipe,0,0,0,1,No Pedestrian Involved,POINT (-122.446421709 37.785370264),Other Motor Vehicle
10671,1.0,Driver,South,Proceeding Straight,Driver,East,Making Left Turn,Broadside,0,0,0,1,No Pedestrian Involved,POINT (-122.419512737 37.763429273),Other Motor Vehicle
10672,1.0,Driver,North,Proceeding Straight,Driver,West,Proceeding Straight,Broadside,0,0,0,1,No Pedestrian Involved,POINT (-122.47137305 37.775027581),Other Motor Vehicle
10673,,Pedestrian,Not Stated,Entering Traffic,Driver,West,Proceeding Straight,Not Stated,1,0,0,1,Not Stated,POINT (-122.412512256 37.780478512),Not Stated
10674,1.0,Driver,West,Proceeding Straight,Driver,North,Stopped In Road,Rear End,0,0,0,1,No Pedestrian Involved,POINT (-122.463875048 37.759877658),Other Motor Vehicle
10675,1.0,Driver,West,Making Left Turn,Driver,East,Proceeding Straight,Head-On,0,0,0,1,No Pedestrian Involved,POINT (-122.476813892 37.759833936),Other Motor Vehicle
10676,1.0,Driver,West,Making Left Turn,Bicyclist,East,Proceeding Straight,Broadside,0,1,0,1,No Pedestrian Involved,POINT (-122.418226582 37.778489117),Bicycle
10677,1.0,Driver,North,Making Left Turn,Driver,South,Proceeding Straight,Broadside,0,0,0,1,No Pedestrian Involved,POINT (-122.447267314 37.714647388),Other Motor Vehicle
10678,1.0,Bicyclist,East,Proceeding Straight,Driver,East,Making Right Turn,Sideswipe,0,0,0,1,No Pedestrian Involved,POINT (-122.431574642 37.777699925),Other Motor Vehicle
10679,1.0,Driver,North,Proceeding Straight,Driver,North,Stopped In Road,Rear End,0,0,0,1,No Pedestrian Involved,POINT (-122.494102219 37.736581813),Other Motor Vehicle
10680,1.0,Driver,East,Entering Traffic,Pedestrian,South,Not Stated,Vehicle/Pedestrian,1,0,0,1,Crossing in Crosswalk at Intersection,POINT (-122.473203024 37.731669274),Pedestrian
10681,1.0,Driver,East,Making Right Turn,Pedestrian,North,Stopped In Road,Vehicle/Pedestrian,1,0,0,1,Crossing in Crosswalk at Intersection,POINT (-122.433074471 37.764195713),Pedestrian
10682,,Driver,East,Proceeding Straight,Driver,North,Proceeding Straight,Broadside,0,0,0,1,No Pedestrian Involved,POINT (-122.414026707 37.771863706),Other Motor Vehicle
10683,1.0,Driver,North,Proceeding Straight,Pedestrian,East,Proceeding Straight,Vehicle/Pedestrian,1,0,0,1,Crossing in Crosswalk at Intersection,POINT (-122.424517951 37.792841414),Pedestrian
10684,,Driver,East,Proceeding Straight,Driver,East,Stopped In Road,Rear End,0,0,0,1,No Pedestrian Involved,POINT (-122.392077449 37.78184617),Other Motor Vehicle
10685,1.0,Driver,East,Proceeding Straight,Driver,East,Making Right Turn,Rear End,1,0,0,1,Not in Road,POINT (-122.421302428 37.764952664),Other Object
10686,,Driver,East,Backing,Driver,North,Proceeding Straight,Rear End,0,0,0,1,No Pedestrian Involved,POINT (-122.434058249 37.78999169),Other Motor Vehicle
10687,1.0,Driver,West,Proceeding Straight,Driver,South,Making Left Turn,Not Stated,0,0,0,1,No Pedestrian Involved,POINT (-122.482614556 37.765209826),Other Motor Vehicle
10688,1.0,Driver,South,Making Right Turn,Bicyclist,South,Proceeding Straight,Broadside,0,1,0,1,No Pedestrian Involved,POINT (-122.419364168 37.784029116),Bicycle
10689,,Driver,East,Making Left Turn,Driver,North,Proceeding Straight,Sideswipe,0,0,0,1,No Pedestrian Involved,POINT (-122.406462412 37.741536576),Other Motor Vehicle
10690,1.0,Driver,South,Making Left Turn,Driver,North,Proceeding Straight,Broadside,0,0,0,1,No Pedestrian Involved,POINT (-122.41880845 37.781235767),Other Motor Vehicle
10691,1.0,Driver,North,Proceeding Straight,Driver,North,Stopped In Road,Rear End,0,0,0,1,No Pedestrian Involved,POINT (-122.411673289 37.78773331),Other Motor Vehicle
10692,,Driver,East,Proceeding Straight,Parked Vehicle,Not Stated,Parked,Sideswipe,0,0,0,1,No Pedestrian Involved,POINT (-122.427837734 37.758101603),Parked Motor Vehicle
10693,1.0,Driver,West,Changing Lanes,Driver,West,Proceeding Straight,Rear End,0,0,0,1,No Pedestrian Involved,POINT (-122.418432722 37.732209899),Other Motor Vehicle
10694,1.0,Driver,West,Making Left Turn,Driver,West,Making Left Turn,Rear End,0,0,0,1,No Pedestrian Involved,POINT (-122.406956987 37.789433682),Other Motor Vehicle
10695,1.0,Driver,East,Making U Turn,Driver,East,Proceeding Straight,Sideswipe,0,0,0,1,No Pedestrian Involved,POINT (-122.411593162 37.781148328),Other Motor Vehicle
10696,1.0,Driver,West,Proceeding Straight,Driver,West,Stopped In Road,Rear End,0,0,0,1,No Pedestrian Involved,POINT (-122.417753194 37.769815079),Not Stated
10697,1.0,Pedestrian,North,Proceeding Straight,Driver,West,Proceeding Straight,Vehicle/Pedestrian,1,0,0,1,Crossing in Crosswalk at Intersection,POINT (-122.390319484 37.788134502),Pedestrian
10698,1.0,Pedestrian,South,Other,Driver,West,Proceeding Straight,Vehicle/Pedestrian,1,0,0,1,Crossing Not in Crosswalk,POINT (-122.4331342 37.764128656),Pedestrian
10699,1.0,Driver,North,Proceeding Straight,Driver,North,Stopped In Road,Rear End,0,0,0,1,No Pedestrian Involved,POINT (-122.423403593 37.787339164),Other Motor Vehicle
10700,1.0,Driver,South,Making Left Turn,Pedestrian,East,Proceeding Straight,Other,1,0,0,1,Crossing in Crosswalk at Intersection,POINT (-122.420113441 37.787743641),Pedestrian
10701,1.0,Pedestrian,West,Not Stated,Driver,South,Making Left Turn,Not Stated,1,0,0,1,Crossing in Crosswalk at Intersection,POINT (-122.424077932 37.739914608),Pedestrian
10702,1.0,Driver,North,Proceeding Straight,Driver,West,Proceeding Straight,Broadside,0,0,0,1,No Pedestrian Involved,POINT (-122.403841564 37.789829339),Motor Vehicle on Other Roadway
10703,1.0,Driver,East,Making Right Turn,Driver,West,Proceeding Straight,Sideswipe,0,0,0,1,No Pedestrian Involved,POINT (-122.385191191 37.730736442),Other Motor Vehicle
10704,1.0,Driver,East,Proceeding Straight,Pedestrian,North,Proceeding Straight,Vehicle/Pedestrian,1,0,0,1,Crossing in Crosswalk at Intersection,POINT (-122.453411343 37.731530647),Pedestrian
10705,1.0,Driver,West,Proceeding Straight,Driver,West,Slowing/Stopping,Rear End,0,0,0,1,No Pedestrian Involved,POINT (-122.474244942 37.78063873),Other Motor Vehicle
10706,1.0,Driver,North,Not Stated,Driver,East,Proceeding Straight,Broadside,0,0,0,1,No Pedestrian Involved,POINT (-122.464296828 37.765962835),Other Motor Vehicle
10707,1.0,Driver,East,Proceeding Straight,Bicyclist,East,Proceeding Straight,Sideswipe,0,1,0,1,No Pedestrian Involved,POINT (-122.410873395 37.771255958),Bicycle
10708,1.0,Driver,South,Making Left Turn,Pedestrian,West,Proceeding Straight,Vehicle/Pedestrian,1,0,0,1,Crossing in Crosswalk at Intersection,POINT (-122.412411747 37.783004078),Pedestrian
10709,1.0,Driver,North,Changing Lanes,Driver,North,Changing Lanes,Sideswipe,0,0,0,1,No Pedestrian Involved,POINT (-122.405931329 37.78229614),Other Motor Vehicle
10710,1.0,Driver,North,Proceeding Straight,Unknown,Unknown,Unknown,Hit Object,0,0,0,1,No Pedestrian Involved,POINT (-122.425732809 37.726708323),Fixed Object
10711,1.0,Driver,West,Proceeding Straight,Driver,North,Proceeding Straight,Broadside,0,0,0,1,No Pedestrian Involved,POINT (-122.423655075 37.805286985),Other Motor Vehicle
10712,1.0,Driver,South,Proceeding Straight,Driver,East,Proceeding Straight,Broadside,0,0,0,1,No Pedestrian Involved,POINT (-122.390145051 37.736390195),Other Motor Vehicle
10713,1.0,Driver,West,Backing,Driver,West,Stopped In Road,Other,0,0,0,1,No Pedestrian Involved,POINT (-122.435223072 37.765742537),Other Motor Vehicle
10714,,Driver,East,Proceeding Straight,Unknown,Unknown,Unknown,Other,0,0,0,1,No Pedestrian Involved,POINT (-122.420972111 37.793290524),Non-Collision
10715,1.0,Driver,West,Proceeding Straight,Pedestrian,Not Stated,Stopped In Road,Vehicle/Pedestrian,1,0,0,1,"In Road, Including Shoulder",POINT (-122.409292987 37.791048936),Pedestrian
10716,1.0,Driver,West,Proceeding Straight,Driver,South,Proceeding Straight,Broadside,0,0,0,1,No Pedestrian Involved,POINT (-122.40276677 37.792851221),Other Motor Vehicle
10717,1.0,Driver,East,Proceeding Straight,Driver,East,Slowing/Stopping,Rear End,0,0,0,1,No Pedestrian Involved,POINT (-122.435098916 37.788746118),Other Motor Vehicle
10718,1.0,Driver,South,Other,Unknown,Unknown,Unknown,Overturned,0,0,0,1,No Pedestrian Involved,POINT (-122.387206315 37.745742997),Other Object
10719,1.0,Driver,North,Proceeding Straight,Driver,West,Proceeding Straight,Broadside,0,0,0,1,No Pedestrian Involved,POINT (-122.411515768 37.786939707),Other Motor Vehicle
10720,1.0,Driver,North,Changing Lanes,Driver,North,Proceeding Straight,Sideswipe,0,0,0,1,No Pedestrian Involved,POINT (-122.389611482 37.771997938),Other Motor Vehicle
10721,1.0,Driver,South,Proceeding Straight,Driver,East,Proceeding Straight,Broadside,0,0,0,1,No Pedestrian Involved,POINT (-122.464042005 37.762268849),Other Motor Vehicle
10722,1.0,Driver,North,Stopped In Road,Pedestrian,Not Stated,Other,Vehicle/Pedestrian,1,0,0,1,Not in Road,POINT (-122.410520537 37.776303304),Pedestrian
10723,1.0,Driver,North,Making Left Turn,Pedestrian,West,Proceeding Straight,Vehicle/Pedestrian,1,0,0,1,Crossing in Crosswalk at Intersection,POINT (-122.420759893 37.774294398),Not Stated
10724,1.0,Driver,South,Making Right Turn,Bicyclist,East,Proceeding Straight,Broadside,0,1,0,1,No Pedestrian Involved,POINT (-122.439684679 37.784318674),Bicycle
10725,1.0,Driver,East,Making Right Turn,Pedestrian,East,Not Stated,Vehicle/Pedestrian,1,0,0,1,Crossing in Crosswalk at Intersection,POINT (-122.397677907 37.799186357),Pedestrian
10726,1.0,Driver,East,Proceeding Straight,Driver,South,Proceeding Straight,Broadside,0,0,0,1,No Pedestrian Involved,POINT (-122.425616053 37.789951886),Other Motor Vehicle
10727,1.0,Driver,East,Proceeding Straight,Driver,Not Stated,Parked,Sideswipe,0,0,0,1,No Pedestrian Involved,POINT (-122.439480381 37.783308487),Parked Motor Vehicle
10728,1.0,Driver,North,Making Left Turn,Driver,South,Proceeding Straight,Broadside,0,0,0,1,No Pedestrian Involved,POINT (-122.423028464 37.753569181),Other Motor Vehicle
10729,1.0,Driver,North,Proceeding Straight,Driver,East,Proceeding Straight,Broadside,0,0,0,1,No Pedestrian Involved,POINT (-122.427354637 37.750895899),Other Motor Vehicle
10730,1.0,Driver,South,Making Left Turn,Driver,East,Proceeding Straight,Rear End,0,0,0,1,No Pedestrian Involved,POINT (-122.46481167 37.773488744),Other Motor Vehicle
10731,1.0,Driver,East,Making Right Turn,Bicyclist,East,Proceeding Straight,Other,0,1,0,1,No Pedestrian Involved,POINT (-122.399728996 37.773339762),Bicycle
10732,,Driver,North,Proceeding Straight,Parked Vehicle,Not Stated,Parked,Broadside,0,0,0,1,No Pedestrian Involved,POINT (-122.417746379 37.756416004),Parked Motor Vehicle
10733,1.0,Driver,East,Stopped In Road,Bicyclist,East,Stopped In Road,Rear End,0,1,0,1,No Pedestrian Involved,POINT (-122.423184146 37.755169612),Bicycle
10734,1.0,Driver,South,Making Right Turn,Driver,South,Proceeding Straight,Sideswipe,0,0,0,1,No Pedestrian Involved,POINT (-122.407729148 37.793188123),Other Motor Vehicle
10735,1.0,Driver,North,Proceeding Straight,Parked Vehicle,Not Stated,Parked,Rear End,0,0,0,1,No Pedestrian Involved,POINT (-122.430321062 37.729770636),Parked Motor Vehicle
10736,1.0,Driver,East,Not Stated,Pedestrian,North,Proceeding Straight,Vehicle/Pedestrian,1,0,0,1,Crossing in Crosswalk at Intersection,POINT (-122.419906447 37.786830257),Pedestrian
10737,1.0,Pedestrian,West,Other,Driver,North,Proceeding Straight,Vehicle/Pedestrian,1,0,0,1,Crossing Not in Crosswalk,POINT (-122.42236646 37.741760489),Pedestrian
10738,1.0,Driver,North,Changing Lanes,Unknown,Unknown,Unknown,Hit Object,0,0,0,1,No Pedestrian Involved,POINT (-122.47256692 37.717164228),Fixed Object
10739,1.0,Driver,West,Making Right Turn,Pedestrian,South,Proceeding Straight,Vehicle/Pedestrian,1,0,0,1,Crossing in Crosswalk at Intersection,POINT (-122.435940328 37.774276679),Pedestrian
10740,1.0,Pedestrian,North,Proceeding Straight,Driver,East,Proceeding Straight,Vehicle/Pedestrian,1,0,0,1,"In Road, Including Shoulder",POINT (-122.469263156 37.760170586),Pedestrian
10741,1.0,Pedestrian,South,Other,Driver,West,Backing,Vehicle/Pedestrian,1,0,0,1,Crossing Not in Crosswalk,POINT (-122.411273926 37.781399839),Pedestrian
10742,1.0,Driver,North,Making Left Turn,Pedestrian,East,Other,Vehicle/Pedestrian,1,0,0,1,Crossing in Crosswalk at Intersection,POINT (-122.438641761 37.721626384),Pedestrian
10743,1.0,Pedestrian,East,Other,Driver,North,Proceeding Straight,Vehicle/Pedestrian,1,0,0,1,Crossing Not in Crosswalk,POINT (-122.420893256 37.744038256),Pedestrian
10744,1.0,Driver,North,Proceeding Straight,Unknown,Unknown,Unknown,Head-On,0,0,0,1,No Pedestrian Involved,POINT (-122.473168002 37.772350354),Non-Collision
10745,1.0,Driver,Not Stated,Making Left Turn,Driver,South,Proceeding Straight,Broadside,0,0,0,1,No Pedestrian Involved,POINT (-122.396570765 37.788962964),Other Motor Vehicle
10746,1.0,Driver,West,Proceeding Straight,Driver,West,Stopped In Road,Rear End,0,0,0,1,No Pedestrian Involved,POINT (-122.422652544 37.783619097),Other Motor Vehicle