party_id,party_at_fault,party1_type,party1_dir_of_travel,party1_move_pre_acc,party2_type,party2_dir_of_travel,party2_move_pre_acc,type_of_collision,involves_pedestrian,involves_bicycle,involves_motorcycle,involves_vehicle,ped_action,point,mviw
13670,,Driver,North,Proceeding Straight,Driver,North,Stopped In Road,Rear End,0,0,0,1,No Pedestrian Involved,POINT (-122.42398881 37.790228832),Other Motor Vehicle
13671,1.0,Pedestrian,West,Not Stated,Driver,North,Backing,Vehicle/Pedestrian,1,0,0,1,"In Road, Including Shoulder",POINT (-122.39720631 37.775332244),Pedestrian
13672,1.0,Driver,East,Proceeding Straight,Driver,East,Proceeding Straight,Sideswipe,0,0,0,1,No Pedestrian Involved,POINT (-122.453424228 37.786415496),Other Motor Vehicle
13673,1.0,Driver,East,Making Right Turn,Bicyclist,East,Proceeding Straight,Broadside,0,1,0,1,No Pedestrian Involved,POINT (-122.393355125 37.775787315),Bicycle
13674,1.0,Driver,East,Making Right Turn,Pedestrian,North,Proceeding Straight,Vehicle/Pedestrian,1,0,0,1,Crossing in Crosswalk at Intersection,POINT (-122.405658784 37.806673632),Pedestrian
13675,1.0,Driver,South,Making Right Turn,Driver,East,Stopped In Road,Broadside,0,0,0,1,No Pedestrian Involved,POINT (-122.379901193 37.730719006),Other Motor Vehicle
13676,,Driver,East,Backing,Pedestrian,North,Other,Vehicle/Pedestrian,1,0,0,1,Crossing Not in Crosswalk,POINT (-122.40907552 37.795720126),Pedestrian
13677,1.0,Driver,East,Making Left Turn,Pedestrian,West,Proceeding Straight,Vehicle/Pedestrian,1,0,0,1,Crossing in Crosswalk at Intersection,POINT (-122.423087805 37.802489736),Pedestrian
13678,1.0,Bicyclist,West,Proceeding Straight,Bicyclist,West,Making Right Turn,Sideswipe,0,1,0,0,No Pedestrian Involved,POINT (-122.398977168 37.786209492),Bicycle
13679,1.0,Driver,North,Changing Lanes,Bicyclist,North,Proceeding Straight,Sideswipe,0,1,0,1,No Pedestrian Involved,POINT (-122.389782343 37.773059389),Bicycle
13680,1.0,Pedestrian,North,Other,Driver,East,Proceeding Straight,Not Stated,1,0,0,1,"In Road, Including Shoulder",POINT (-122.442152776 37.760452101),Pedestrian
13681,1.0,Pedestrian,South,Not Stated,Driver,East,Proceeding Straight,Vehicle/Pedestrian,1,0,0,1,Crossing in Crosswalk at Intersection,POINT (-122.446629264 37.720726131),Pedestrian
13682,1.0,Driver,South,Making Left Turn,Driver,West,Proceeding Straight,Broadside,0,0,0,1,No Pedestrian Involved,POINT (-122.49497949 37.742200795),Not Stated
13683,1.0,Driver,South,Proceeding Straight,Driver,West,Proceeding Straight,Broadside,0,0,0,1,No Pedestrian Involved,POINT (-122.391244493 37.733223263),Other Motor Vehicle
13684,1.0,Driver,South,Proceeding Straight,Pedestrian,Not Stated,Not Stated,Vehicle/Pedestrian,1,0,0,1,Crossing in Crosswalk at Intersection,POINT (-122.426969672 37.74691119),Pedestrian
13685,1.0,Driver,East,Other Unsafe Turning,Driver,East,Proceeding Straight,Sideswipe,0,0,0,1,No Pedestrian Involved,POINT (-122.406844623 37.772624033),Other Motor Vehicle
13686,1.0,Driver,East,Making Right Turn,Bicyclist,North,Proceeding Straight,Broadside,0,1,0,1,No Pedestrian Involved,POINT (-122.43667895 37.731538395),Bicycle
13687,1.0,Driver,West,Proceeding Straight,Driver,West,Changing Lanes,Rear End,0,0,0,1,No Pedestrian Involved,POINT (-122.427090051 37.788783037),Other Motor Vehicle
13688,,Bicyclist,East,Making Left Turn,Driver,South,Proceeding Straight,Sideswipe,0,1,0,1,No Pedestrian Involved,POINT (-122.401051293 37.798580054),Bicycle
13689,1.0,Driver,West,Proceeding Straight,Pedestrian,North,Proceeding Straight,Vehicle/Pedestrian,1,0,0,1,Crossing in Crosswalk at Intersection,POINT (-122.390210086 37.757825861),Pedestrian
13690,1.0,Driver,North,Other Unsafe Turning,Bicyclist,North,Proceeding Straight,Sideswipe,0,1,0,1,No Pedestrian Involved,POINT (-122.421877872 37.796488596),Bicycle
13691,1.0,Driver,North,Making Left Turn,Pedestrian,South,Not Stated,Vehicle/Pedestrian,1,0,0,1,"In Road, Including Shoulder",POINT (-122.386296381 37.769001269),Pedestrian
13692,1.0,Driver,East,Proceeding Straight,Parked Vehicle,Not Stated,Parked,Sideswipe,0,0,0,1,No Pedestrian Involved,POINT (-122.421493997 37.805566665),Parked Motor Vehicle
13693,1.0,Driver,South,Backing,Parked Vehicle,Not Stated,Not Stated,Other,1,0,0,1,Approaching/Leaving School Bus,POINT (-122.419839966 37.803136586),Parked Motor Vehicle
13694,1.0,Driver,North,Slowing/Stopping,Driver,North,Stopped In Road,Rear End,0,0,0,1,No Pedestrian Involved,POINT (-122.450513731 37.709538343),Other Motor Vehicle
13695,1.0,Driver,North,Other Unsafe Turning,Driver,North,Proceeding Straight,Broadside,0,0,0,1,No Pedestrian Involved,POINT (-122.507994154 37.759287329),Other Motor Vehicle
13696,1.0,Pedestrian,South,Making Left Turn,Driver,South,Proceeding Straight,Vehicle/Pedestrian,1,0,0,1,Crossing in Crosswalk Not at Intersection,POINT (-122.403105795 37.794670865),Pedestrian
13697,1.0,Driver,South,Proceeding Straight,Bicyclist,East,Making Right Turn,Broadside,0,0,0,1,No Pedestrian Involved,POINT (-122.407014752 37.777399633),Non-Collision
13698,1.0,Driver,West,Entering Traffic,Driver,North,Proceeding Straight,Other,0,0,0,1,No Pedestrian Involved,POINT (-122.453788156 37.779631672),Non-Collision
13699,1.0,Driver,North,Proceeding Straight,Driver,East,Proceeding Straight,Broadside,0,0,0,1,No Pedestrian Involved,POINT (-122.464981055 37.760358461),Other Motor Vehicle
13700,1.0,Driver,South,Proceeding Straight,Driver,South,Proceeding Straight,Rear End,0,0,0,1,No Pedestrian Involved,POINT (-122.41436769 37.774043328),Other Motor Vehicle
13701,1.0,Driver,South,Stopped In Road,Unknown,Unknown,Unknown,Hit Object,0,0,0,1,No Pedestrian Involved,POINT (-122.402459479 37.712179486),Fixed Object
13702,1.0,Driver,South,Making U Turn,Driver,South,Proceeding Straight,Broadside,0,0,0,1,No Pedestrian Involved,POINT (-122.423948784 37.738843285),Other Motor Vehicle
13703,1.0,Driver,South,Proceeding Straight,Driver,East,Proceeding Straight,Broadside,0,0,0,1,No Pedestrian Involved,POINT (-122.389591956 37.751358456),Other Motor Vehicle
13704,1.0,Bicyclist,East,Proceeding Straight,Driver,North,Proceeding Straight,Broadside,0,1,0,1,No Pedestrian Involved,POINT (-122.414492338 37.801688584),Bicycle
13705,,Pedestrian,South,Backing,Unknown,Unknown,Unknown,Vehicle/Pedestrian,1,0,0,0,"In Road, Including Shoulder",POINT (-122.411413024 37.786430015),Pedestrian
13706,1.0,Driver,East,Making Left Turn,Driver,North,Proceeding Straight,Vehicle/Pedestrian,1,0,0,1,Crossing in Crosswalk at Intersection,POINT (-122.422669445 37.743942241),Parked Motor Vehicle
13707,1.0,Other,Not Stated,Stopped In Road,Driver,South,Changing Lanes,Hit Object,0,0,0,1,No Pedestrian Involved,POINT (-122.416085652 37.784517489),Parked Motor Vehicle
13708,1.0,Driver,South,Proceeding Straight,Driver,South,Stopped In Road,Rear End,0,0,0,1,No Pedestrian Involved,POINT (-122.407691415 37.780162026),Other Motor Vehicle
13709,1.0,Driver,West,Traveling Wrong Way,Driver,East,Stopped In Road,Head-On,0,0,0,1,No Pedestrian Involved,POINT (-122.403660677 37.78889443),Other Motor Vehicle
13710,,Driver,West,Stopped In Road,Parked Vehicle,West,Parked,Hit Object,0,0,0,1,No Pedestrian Involved,POINT (-122.447763433 37.788088253),Parked Motor Vehicle
13711,1.0,Driver,South,Stopped In Road,Unknown,Unknown,Unknown,Head-On,0,0,0,1,No Pedestrian Involved,POINT (-122.394269766 37.725459232),Fixed Object
13712,1.0,Driver,East,Proceeding Straight,Driver,West,Proceeding Straight,Sideswipe,0,0,0,1,No Pedestrian Involved,POINT (-122.422855332 37.791245976),Other Motor Vehicle
13713,1.0,Driver,South,Changing Lanes,Driver,South,Slowing/Stopping,Sideswipe,0,0,0,1,No Pedestrian Involved,POINT (-122.497932687 37.709694792),Other Motor Vehicle
13714,1.0,Driver,North,Changing Lanes,Driver,North,Proceeding Straight,Rear End,0,0,0,1,No Pedestrian Involved,POINT (-122.425436866 37.797408351),Other Motor Vehicle
13715,1.0,Driver,Not Stated,Backing,Driver,East,Stopped In Road,Other,1,0,0,1,"In Road, Including Shoulder",POINT (-122.436084776 37.715652357),Other Motor Vehicle
13716,1.0,Driver,North,Making Left Turn,Bicyclist,North,Proceeding Straight,Sideswipe,0,1,0,1,No Pedestrian Involved,POINT (-122.410931088 37.769411191),Bicycle
13717,1.0,Driver,North,Proceeding Straight,Driver,East,Making Left Turn,Broadside,0,0,0,1,No Pedestrian Involved,POINT (-122.437989848 37.775925406),Other Motor Vehicle
13718,2.0,Driver,East,Proceeding Straight,Driver,East,Proceeding Straight,Sideswipe,0,0,0,1,No Pedestrian Involved,POINT (-122.407984016 37.769264384),Other Motor Vehicle
13719,1.0,Driver,North,Parking Maneuver,Parked Vehicle,South,Parked,Rear End,0,0,0,1,No Pedestrian Involved,POINT (-122.452961038 37.715705655),Parked Motor Vehicle
13720,,Pedestrian,West,Other,Driver,North,Making Right Turn,Vehicle/Pedestrian,1,0,0,1,Crossing in Crosswalk at Intersection,POINT (-122.420495641 37.78963129),Pedestrian
13721,1.0,Driver,East,Proceeding Straight,Driver,South,Proceeding Straight,Broadside,0,0,0,1,No Pedestrian Involved,POINT (-122.429672712 37.776547952),Other Motor Vehicle
13722,1.0,Driver,North,Making Right Turn,Pedestrian,West,Proceeding Straight,Vehicle/Pedestrian,1,0,0,1,Crossing in Crosswalk at Intersection,POINT (-122.405741879 37.791498102),Pedestrian
13723,,Driver,North,Proceeding Straight,Driver,North,Stopped,Rear End,0,0,0,1,No Pedestrian Involved,POINT (-122.400468485 37.785030285),Motor Vehicle on Other Roadway
13724,2.0,Driver,West,Proceeding Straight,Driver,West,Backing,Rear End,0,0,0,1,No Pedestrian Involved,POINT (-122.440988701 37.749266411),Other Motor Vehicle
13725,1.0,Driver,West,Making Left Turn,Driver,South,Proceeding Straight,Broadside,0,0,0,1,No Pedestrian Involved,POINT (-122.435621046 37.741534263),Other Motor Vehicle
13726,1.0,Driver,North,Making Left Turn,Bicyclist,South,Proceeding Straight,Head-On,0,1,0,1,No Pedestrian Involved,POINT (-122.431025471 37.765867986),Bicycle
13727,,Driver,South,Proceeding Straight,Unknown,Unknown,Unknown,Hit Object,0,0,0,1,No Pedestrian Involved,POINT (-122.493469933 37.729596663),Fixed Object
13728,1.0,Driver,North,Making Right Turn,Parked Vehicle,Not Stated,Proceeding Straight,Overturned,0,0,0,1,No Pedestrian Involved,POINT (-122.429447192 37.792216898),Other Motor Vehicle
13729,,Driver,North,Proceeding Straight,Parked Vehicle,Not Stated,Not Stated,Hit Object,0,0,0,1,No Pedestrian Involved,POINT (-122.456747529 37.731979919),Other Object
13730,1.0,Driver,East,Not Stated,Pedestrian,North,Proceeding Straight,Vehicle/Pedestrian,1,0,0,1,Crossing in Crosswalk at Intersection,POINT (-122.397385538 37.782553593),Pedestrian
13731,,Driver,South,Not Stated,Bicyclist,South,Not Stated,Not Stated,1,0,0,1,Not Stated,POINT (-122.426004359 37.761577024),Not Stated
13732,1.0,Driver,East,Entering Traffic,Bicyclist,East,Proceeding Straight,Broadside,0,1,0,1,No Pedestrian Involved,POINT (-122.414220044 37.776618315),Bicycle
13733,1.0,Driver,West,Entering Traffic,Bicyclist,West,Proceeding Straight,Sideswipe,0,1,0,1,No Pedestrian Involved,POINT (-122.402414112 37.78349176),Bicycle
13734,1.0,Driver,East,Other Unsafe Turning,Driver,West,Proceeding Straight,Hit Object,0,0,0,1,No Pedestrian Involved,POINT (-122.420008321 37.770111449),Other Object
13735,1.0,Driver,West,Proceeding Straight,Driver,South,Proceeding Straight,Broadside,0,0,0,1,No Pedestrian Involved,POINT (-122.420109524 37.79609457),Other Motor Vehicle
13736,1.0,Other,North,Proceeding Straight,Driver,South,Making Left Turn,Head-On,0,0,0,1,No Pedestrian Involved,POINT (-122.421582755 37.795027346),Other Object
13737,1.0,Driver,East,Making Left Turn,Bicyclist,West,Proceeding Straight,Broadside,0,1,0,1,No Pedestrian Involved,POINT (-122.397794299 37.799165049),Bicycle
13738,1.0,Driver,North,Making Right Turn,Bicyclist,West,Proceeding Straight,Other,0,1,0,1,No Pedestrian Involved,POINT (-122.421768167 37.795945403),Bicycle
13739,1.0,Driver,North,Proceeding Straight,Driver,West,Proceeding Straight,Broadside,0,0,0,1,No Pedestrian Involved,POINT (-122.42545718 37.755029079),Motor Vehicle on Other Roadway
13740,,Bicyclist,East,Proceeding Straight,Unknown,Unknown,Unknown,Other,0,1,0,0,No Pedestrian Involved,POINT (-122.403430801 37.787641849),Bicycle
13741,1.0,Other,North,Proceeding Straight,Driver,West,Proceeding Straight,Broadside,0,0,0,1,No Pedestrian Involved,POINT (-122.446091727 37.773935372),Other Object
13742,1.0,Driver,West,Making Right Turn,Unknown,Unknown,Unknown,Head-On,0,0,0,1,No Pedestrian Involved,POINT (-122.505257352 37.735475288),Fixed Object
13743,1.0,Driver,East,Proceeding Straight,Driver,North,Proceeding Straight,Broadside,0,0,0,1,No Pedestrian Involved,POINT (-122.435471953 37.765727473),Other Motor Vehicle
13744,1.0,Driver,East,Changing Lanes,Driver,East,Proceeding Straight,Sideswipe,0,0,0,1,No Pedestrian Involved,POINT (-122.460518665 37.710377009),Motor Vehicle on Other Roadway
13745,1.0,Pedestrian,Not Stated,Other,Driver,South,Proceeding Straight,Vehicle/Pedestrian,1,0,0,1,"In Road, Including Shoulder",POINT (-122.407289745 37.795166536),Pedestrian
13746,1.0,Driver,East,Proceeding Straight,Driver,West,Proceeding Straight,Broadside,0,0,0,1,No Pedestrian Involved,POINT (-122.48906667 37.730406503),Other Motor Vehicle
13747,1.0,Driver,North,Making Left Turn,Pedestrian,West,Proceeding Straight,Vehicle/Pedestrian,1,0,0,1,Crossing in Crosswalk at Intersection,POINT (-122.394940237 37.79184209),Pedestrian
13748,1.0,Driver,West,Stopped In Road,Pedestrian,Not Stated,Other,Other,1,0,0,1,"In Road, Including Shoulder",POINT (-122.403738871 37.789842378),Pedestrian
13749,1.0,Driver,Not Stated,Making Left Turn,Pedestrian,Not Stated,Other,Vehicle/Pedestrian,1,0,0,1,Crossing in Crosswalk at Intersection,POINT (-122.430609199 37.781645584),Pedestrian
13750,1.0,Driver,West,Passing Other Vehicle,Driver,West,Proceeding Straight,Sideswipe,0,0,0,1,No Pedestrian Involved,POINT (-122.421960911 37.796899748),Other Motor Vehicle
13751,1.0,Driver,East,Making Left Turn,Driver,North,Proceeding Straight,Other,0,1,0,1,No Pedestrian Involved,POINT (-122.417226193 37.80516965),Bicycle
13752,1.0,Driver,East,Proceeding Straight,Driver,South,Proceeding Straight,Broadside,0,0,0,1,No Pedestrian Involved,POINT (-122.495174853 37.775813279),Other Motor Vehicle
13753,1.0,Driver,West,Making Right Turn,Driver,West,Proceeding Straight,Broadside,0,0,0,1,No Pedestrian Involved,POINT (-122.406295965 37.775514154),Other Motor Vehicle
13754,1.0,Pedestrian,East,Not Stated,Driver,North,Proceeding Straight,Vehicle/Pedestrian,1,0,0,1,Crossing Not in Crosswalk,POINT (-122.406346277 37.753113833),Pedestrian
13755,1.0,Driver,North,Proceeding Straight,Driver,West,Proceeding Straight,Broadside,1,0,0,1,Not in Road,POINT (-122.36771095 37.821883961),Other Motor Vehicle
13756,1.0,Driver,West,Making Left Turn,Driver,East,Proceeding Straight,Head-On,0,0,0,1,No Pedestrian Involved,POINT (-122.444847225 37.746945373),Other Motor Vehicle
13757,1.0,Driver,East,Making Left Turn,Pedestrian,North,Proceeding Straight,Vehicle/Pedestrian,1,0,0,1,Crossing in Crosswalk at Intersection,POINT (-122.393612544 37.762755526),Pedestrian
13758,1.0,Driver,South,Proceeding Straight,Parked Vehicle,South,Parked,Rear End,0,0,0,1,No Pedestrian Involved,POINT (-122.431933283 37.779472615),Parked Motor Vehicle
13759,,Driver,East,Proceeding Straight,Driver,East,Stopped In Road,Rear End,0,0,0,1,No Pedestrian Involved,POINT (-122.446735593 37.720735976),Other Motor Vehicle
13760,1.0,Driver,West,Making Left Turn,Driver,East,Proceeding Straight,Head-On,0,0,0,1,No Pedestrian Involved,POINT (-122.426228479 37.76303087),Other Motor Vehicle
13761,1.0,Driver,South,Proceeding Straight,Driver,East,Proceeding Straight,Other,0,0,0,1,No Pedestrian Involved,POINT (-122.422571062 37.748772898),Other Motor Vehicle
13762,1.0,Bicyclist,North,Proceeding Straight,Unknown,Unknown,Unknown,Hit Object,0,0,0,0,No Pedestrian Involved,POINT (-122.39202629 37.774771854),Fixed Object
13763,1.0,Driver,South,Proceeding Straight,Parked Vehicle,Not Stated,Parked,Sideswipe,0,0,0,1,No Pedestrian Involved,POINT (-122.422293863 37.769126927),Parked Motor Vehicle
13764,1.0,Driver,North,Proceeding Straight,Driver,West,Making Left Turn,Sideswipe,0,0,0,1,No Pedestrian Involved,POINT (-122.403841564 37.789829339),Other Motor Vehicle
13765,1.0,Parked Vehicle,West,Proceeding Straight,Driver,West,Parked,Sideswipe,0,0,0,1,No Pedestrian Involved,POINT (-122.400655352 37.787330289),Parked Motor Vehicle
13766,1.0,Driver,East,Slowing/Stopping,Driver,East,Slowing/Stopping,Rear End,0,0,0,1,No Pedestrian Involved,POINT (-122.467801028 37.765817844),Other Motor Vehicle
13767,1.0,Driver,West,Stopped In Road,Bicyclist,West,Proceeding Straight,Sideswipe,0,1,0,1,No Pedestrian Involved,POINT (-122.400117042 37.785308178),Bicycle
13768,1.0,Pedestrian,North,Proceeding Straight,Driver,North,Proceeding Straight,Vehicle/Pedestrian,1,0,0,1,"In Road, Including Shoulder",POINT (-122.417113547 37.781289255),Pedestrian
13769,1.0,Driver,West,Proceeding Straight,Driver,North,Proceeding Straight,Overturned,0,0,0,1,No Pedestrian Involved,POINT (-122.477239889 37.780439636),Other Motor Vehicle
13770,1.0,Driver,East,Proceeding Straight,Driver,North,Proceeding Straight,Broadside,0,0,0,1,No Pedestrian Involved,POINT (-122.419036211 37.790788054),Other Motor Vehicle
13771,1.0,Driver,South,Other Unsafe Turning,Driver,West,Proceeding Straight,Broadside,0,0,0,1,No Pedestrian Involved,POINT (-122.406218049 37.770669163),Other Motor Vehicle
13772,,Other,East,Proceeding Straight,Unknown,Unknown,Unknown,Hit Object,0,0,0,0,No Pedestrian Involved,POINT (-122.412546715 37.773031041),Other Object
13773,1.0,Driver,West,Backing,Parked Vehicle,East,Parked,Rear End,0,0,0,1,No Pedestrian Involved,POINT (-122.400411461 37.757878739),Parked Motor Vehicle
13774,1.0,Driver,North,Making Left Turn,Pedestrian,West,Proceeding Straight,Vehicle/Pedestrian,1,0,0,1,Crossing in Crosswalk at Intersection,POINT (-122.404412161 37.796302099),Pedestrian
13775,,Driver,South,Proceeding Straight,Driver,West,Making Left Turn,Broadside,0,0,0,1,No Pedestrian Involved,POINT (-122.405109454 37.708853606),Other Motor Vehicle
13776,1.0,Driver,West,Making Left Turn,Bicyclist,East,Proceeding Straight,Broadside,0,1,0,1,No Pedestrian Involved,POINT (-122.422078605 37.778909826),Bicycle
13777,1.0,Driver,North,Slowing/Stopping,Unknown,Unknown,Unknown,Overturned,0,0,0,1,No Pedestrian Involved,POINT (-122.412894088 37.793749223),Other Motor Vehicle
13778,1.0,Driver,West,Proceeding Straight,Driver,South,Proceeding Straight,Broadside,0,0,0,1,No Pedestrian Involved,POINT (-122.387794889 37.787097239),Other Motor Vehicle
13779,1.0,Driver,South,Proceeding Straight,Unknown,Unknown,Unknown,Head-On,0,0,0,1,No Pedestrian Involved,POINT (-122.461523603 37.751503561),Fixed Object
13780,,Driver,Not Stated,Proceeding Straight,Parked Vehicle,South,Parked,Sideswipe,0,0,0,1,No Pedestrian Involved,POINT (-122.426535214 37.732319016),Parked Motor Vehicle
13781,1.0,Driver,East,Proceeding Straight,Pedestrian,North,Not Stated,Vehicle/Pedestrian,1,0,0,1,Crossing in Crosswalk at Intersection,POINT (-122.451358115 37.777088863),Pedestrian
13782,1.0,Driver,South,Proceeding Straight,Pedestrian,East,Proceeding Straight,Head-On,1,0,0,1,Crossing in Crosswalk Not at Intersection,POINT (-122.395406293 37.796682917),Pedestrian
13783,1.0,Driver,North,Stopped In Road,Unknown,Unknown,Unknown,Vehicle/Pedestrian,1,0,0,1,"In Road, Including Shoulder",POINT (-122.418928222 37.738763109),Pedestrian
13784,1.0,Pedestrian,West,Proceeding Straight,Driver,East,Making Right Turn,Broadside,1,0,0,1,Crossing Not in Crosswalk,POINT (-122.408493158 37.78445273),Pedestrian
13785,1.0,Bicyclist,East,Proceeding Straight,Unknown,Unknown,Unknown,Other,0,0,0,0,No Pedestrian Involved,POINT (-122.422407117 37.774084975),Non-Collision
13786,1.0,Driver,South,Proceeding Straight,Driver,South,Stopped In Road,Rear End,0,0,0,1,No Pedestrian Involved,POINT (-122.45468388 37.712185277),Other Motor Vehicle
13787,1.0,Driver,West,Entering Traffic,Bicyclist,East,Making Left Turn,Head-On,0,1,0,1,No Pedestrian Involved,POINT (-122.449132666 37.778357336),Bicycle
13788,,Pedestrian,South,Proceeding Straight,Driver,South,Making Right Turn,Vehicle/Pedestrian,1,0,0,1,Crossing in Crosswalk at Intersection,POINT (-122.400173134 37.79413116),Pedestrian
13789,,Parked Vehicle,Not Stated,Parked,Bicyclist,Not Stated,Proceeding Straight,Sideswipe,0,1,0,0,No Pedestrian Involved,POINT (-122.422061274 37.766719421),Bicycle
13790,1.0,Driver,South,Making Right Turn,Driver,West,Proceeding Straight,Broadside,0,0,0,1,No Pedestrian Involved,POINT (-122.464495082 37.726052317),Other Motor Vehicle
13791,1.0,Driver,West,Proceeding Straight,Driver,West,Stopped In Road,Rear End,0,0,0,1,No Pedestrian Involved,POINT (-122.417148561 37.774305762),Other Motor Vehicle
13792,1.0,Driver,South,Proceeding Straight,Driver,West,Proceeding Straight,Broadside,0,0,0,1,No Pedestrian Involved,POINT (-122.393570157 37.726979832),Other Motor Vehicle
13793,1.0,Driver,West,Proceeding Straight,Pedestrian,Not Stated,Proceeding Straight,Head-On,1,0,0,1,Crossing in Crosswalk at Intersection,POINT (-122.426644204 37.786927537),Pedestrian
13794,1.0,Driver,North,Other Unsafe Turning,Driver,North,Proceeding Straight,Sideswipe,0,0,0,1,No Pedestrian Involved,POINT (-122.434478649 37.728731783),Other Motor Vehicle
13795,1.0,Driver,East,Proceeding Straight,Driver,East,Stopped In Road,Rear End,0,0,0,1,No Pedestrian Involved,POINT (-122.42458109 37.769734696),Other Motor Vehicle
13796,1.0,Driver,North,Making Left Turn,Driver,East,Proceeding Straight,Broadside,0,0,0,1,No Pedestrian Involved,POINT (-122.405288397 37.796909057),Other Motor Vehicle
13797,,Driver,East,Making Left Turn,Driver,East,Proceeding Straight,Hit Object,0,0,0,1,No Pedestrian Involved,POINT (-122.410486689 37.765605839),Other Motor Vehicle
13798,1.0,Driver,East,Proceeding Straight,Parked Vehicle,East,Parked,Rear End,0,0,0,1,No Pedestrian Involved,POINT (-122.419170168 37.748978428),Parked Motor Vehicle
13799,1.0,Driver,North,Proceeding Straight,Pedestrian,North,Other,Vehicle/Pedestrian,1,0,0,1,"In Road, Including Shoulder",POINT (-122.38766641 37.787230061),Pedestrian
13800,1.0,Driver,West,Making U Turn,Driver,East,Proceeding Straight,Broadside,0,0,0,1,No Pedestrian Involved,POINT (-122.428304836 37.786716566),Other Motor Vehicle
13801,1.0,Driver,West,Proceeding Straight,Parked Vehicle,West,Parked,Rear End,0,0,0,1,No Pedestrian Involved,POINT (-122.458700836 37.740510868),Parked Motor Vehicle
13802,1.0,Driver,South,Stopped In Road,Driver,East,Proceeding Straight,Broadside,0,0,0,1,No Pedestrian Involved,POINT (-122.430833111 37.72278422),Other Motor Vehicle
13803,2.0,Bicyclist,South,Proceeding Straight,Driver,North,Making Left Turn,Rear End,0,0,0,1,No Pedestrian Involved,POINT (-122.415446368 37.769964572),Other Motor Vehicle
13804,1.0,Driver,North,Proceeding Straight,Driver,West,Proceeding Straight,Overturned,0,0,0,1,No Pedestrian Involved,POINT (-122.404750207 37.767257226),Other Motor Vehicle
13805,1.0,Driver,East,Changing Lanes,Driver,East,Proceeding Straight,Sideswipe,0,0,0,1,No Pedestrian Involved,POINT (-122.439048703 37.734539711),Other Motor Vehicle
13806,1.0,Other,East,Proceeding Straight,Driver,North,Proceeding Straight,Broadside,0,0,0,1,No Pedestrian Involved,POINT (-122.410542302 37.785150391),Other Object
13807,1.0,Driver,East,Proceeding Straight,Pedestrian,North,Proceeding Straight,Vehicle/Pedestrian,1,0,0,1,Crossing in Crosswalk at Intersection,POINT (-122.397825426 37.76637172),Pedestrian
13808,,Bicyclist,East,Proceeding Straight,Unknown,Unknown,Unknown,Not Stated,0,0,0,0,No Pedestrian Involved,POINT (-122.402065729 37.788721152),Non-Collision
13809,1.0,Driver,South,Proceeding Straight,Driver,South,Proceeding Straight,Rear End,0,0,0,1,No Pedestrian Involved,POINT (-122.405068509 37.778068981),Other Motor Vehicle
13810,1.0,Driver,East,Parking Maneuver,Driver,East,Parked,Rear End,0,0,0,1,No Pedestrian Involved,POINT (-122.410541497 37.788020221),Parked Motor Vehicle
13811,1.0,Driver,West,Proceeding Straight,Driver,West,Stopped In Road,Rear End,0,0,0,1,No Pedestrian Involved,POINT (-122.413064102 37.80855774),Parked Motor Vehicle
13812,1.0,Driver,East,Making Left Turn,Driver,North,Proceeding Straight,Broadside,0,0,0,1,No Pedestrian Involved,POINT (-122.392639387 37.752544684),Other Motor Vehicle
13813,1.0,Bicyclist,West,Proceeding Straight,Driver,South,Proceeding Straight,Broadside,0,1,0,1,No Pedestrian Involved,POINT (-122.48088961 37.755919031),Bicycle
13814,1.0,Driver,South,Parked,Bicyclist,South,Proceeding Straight,Sideswipe,0,1,0,1,No Pedestrian Involved,POINT (-122.404197514 37.770317863),Bicycle
13815,1.0,Driver,East,Making Right Turn,Driver,North,Proceeding Straight,Sideswipe,0,0,0,1,No Pedestrian Involved,POINT (-122.40784206 37.776746109),Other Motor Vehicle
13816,1.0,Driver,East,Proceeding Straight,Pedestrian,Not Stated,Not Stated,Broadside,1,0,0,1,"In Road, Including Shoulder",POINT (-122.424494556 37.736035507),Fixed Object
13817,1.0,Driver,North,Making Left Turn,Driver,West,Proceeding Straight,Broadside,0,0,0,1,No Pedestrian Involved,POINT (-122.420008321 37.770111449),Other Motor Vehicle
13818,1.0,Driver,North,Parked,Bicyclist,North,Proceeding Straight,Other,0,1,0,1,No Pedestrian Involved,POINT (-122.419350599 37.783960125),Bicycle
13819,,Driver,North,Proceeding Straight,Driver,North,Proceeding Straight,Rear End,0,0,0,1,No Pedestrian Involved,POINT (-122.479302652 37.77104632),Other Motor Vehicle
13820,1.0,Driver,East,Making Right Turn,Pedestrian,South,Proceeding Straight,Vehicle/Pedestrian,1,0,0,1,Crossing in Crosswalk at Intersection,POINT (-122.413385238 37.769502005),Pedestrian
13821,1.0,Driver,West,Making Left Turn,Driver,East,Proceeding Straight,Head-On,0,1,0,1,No Pedestrian Involved,POINT (-122.396530638 37.778326831),Bicycle
13822,1.0,Driver,West,Proceeding Straight,Driver,West,Stopped In Road,Rear End,0,0,0,1,No Pedestrian Involved,POINT (-122.394099271 37.785149309),Other Motor Vehicle
13823,,Driver,East,Making Right Turn,Driver,East,Proceeding Straight,Sideswipe,0,0,0,1,No Pedestrian Involved,POINT (-122.431204945 37.784568241),Other Motor Vehicle