party_id,party_at_fault,party1_type,party1_dir_of_travel,party1_move_pre_acc,party2_type,party2_dir_of_travel,party2_move_pre_acc,type_of_collision,involves_pedestrian,involves_bicycle,involves_motorcycle,involves_vehicle,ped_action,point,mviw
13978,1.0,Bicyclist,East,Traveling Wrong Way,Driver,North,Making Right Turn,Head-On,0,1,0,1,No Pedestrian Involved,POINT (-122.405398673 37.789631597),Bicycle
13979,1.0,Driver,West,Passing Other Vehicle,Driver,West,Not Stated,Broadside,0,0,0,1,No Pedestrian Involved,POINT (-122.395944827 37.737784054),Parked Motor Vehicle
13980,1.0,Driver,South,Proceeding Straight,Driver,South,Stopped In Road,Sideswipe,0,0,0,1,No Pedestrian Involved,POINT (-122.423227147 37.794817355),Motor Vehicle on Other Roadway
13981,1.0,Driver,West,Proceeding Straight,Bicyclist,West,Proceeding Straight,Rear End,0,1,0,1,No Pedestrian Involved,POINT (-122.407293046 37.806409259),Bicycle
13982,1.0,Driver,North,Proceeding Straight,Driver,East,Proceeding Straight,Broadside,0,0,0,1,No Pedestrian Involved,POINT (-122.400784748 37.723616209),Other Motor Vehicle
13983,1.0,Driver,North,Proceeding Straight,Driver,North,Proceeding Straight,Rear End,0,0,0,1,No Pedestrian Involved,POINT (-122.422838086 37.78454661),Other Motor Vehicle
13984,1.0,Driver,East,Backing,Driver,South,Proceeding Straight,Broadside,0,0,0,1,No Pedestrian Involved,POINT (-122.396290307 37.749924801),Other Motor Vehicle
13985,1.0,Driver,East,Proceeding Straight,Driver,West,Making Left Turn,Head-On,0,0,0,1,No Pedestrian Involved,POINT (-122.403863018 37.798222971),Other Motor Vehicle
13986,1.0,Driver,East,Proceeding Straight,Pedestrian,North,Not Stated,Vehicle/Pedestrian,1,0,0,1,Crossing in Crosswalk at Intersection,POINT (-122.408066548 37.783991487),Pedestrian
13987,1.0,Bicyclist,North,Making Right Turn,Driver,West,Proceeding Straight,Head-On,0,1,0,1,No Pedestrian Involved,POINT (-122.452947033 37.766374074),Bicycle
13988,1.0,Driver,East,Passing Other Vehicle,Driver,East,Stopped In Road,Sideswipe,0,0,0,1,No Pedestrian Involved,POINT (-122.418220051 37.749036137),Other Motor Vehicle
13989,1.0,Driver,East,Making Left Turn,Driver,North,Proceeding Straight,Broadside,0,0,0,1,No Pedestrian Involved,POINT (-122.434562099 37.784151864),Other Motor Vehicle
13990,1.0,Driver,West,Proceeding Straight,Driver,West,Stopped In Road,Rear End,0,0,0,1,No Pedestrian Involved,POINT (-122.443806803 37.758222979),Other Motor Vehicle
13991,,Driver,South,Proceeding Straight,Driver,West,Proceeding Straight,Broadside,0,0,0,1,No Pedestrian Involved,POINT (-122.42100836 37.783824118),Other Motor Vehicle
13992,1.0,Driver,South,Proceeding Straight,Driver,West,Proceeding Straight,Broadside,0,0,0,1,No Pedestrian Involved,POINT (-122.427080193 37.797200168),Other Motor Vehicle
13993,1.0,Driver,North,Stopped In Road,Driver,West,Stopped In Road,Broadside,0,0,0,1,No Pedestrian Involved,POINT (-122.439297625 37.782450481),Other Motor Vehicle
13994,1.0,Driver,East,Proceeding Straight,Parked Vehicle,North,Parked,Head-On,0,0,0,1,No Pedestrian Involved,POINT (-122.42039571 37.749344693),Parked Motor Vehicle
13995,1.0,Driver,South,Proceeding Straight,Pedestrian,South,Proceeding Straight,Not Stated,1,0,0,1,No Pedestrian Involved,POINT (-122.403469627 37.78033201),Other Object
13996,1.0,Driver,North,Proceeding Straight,Unknown,Unknown,Unknown,Overturned,0,0,0,1,No Pedestrian Involved,POINT (-122.442093073 37.756590742),Fixed Object
13997,1.0,Driver,East,Proceeding Straight,Driver,East,Proceeding Straight,Rear End,0,0,0,1,No Pedestrian Involved,POINT (-122.410546068 37.748316719),Other Motor Vehicle
13998,1.0,Driver,South,Making Left Turn,Driver,South,Stopped In Road,Rear End,0,0,0,1,No Pedestrian Involved,POINT (-122.435486896 37.765884498),Other Motor Vehicle
13999,1.0,Driver,North,Proceeding Straight,Driver,East,Proceeding Straight,Broadside,0,0,0,1,No Pedestrian Involved,POINT (-122.400755047 37.766190486),Fixed Object
14000,1.0,Driver,South,Making Right Turn,Driver,East,Proceeding Straight,Broadside,0,0,0,1,No Pedestrian Involved,POINT (-122.423396761 37.771885644),Other Motor Vehicle
14001,1.0,Driver,South,Proceeding Straight,Parked Vehicle,Not Stated,Parked,Other,0,0,0,1,No Pedestrian Involved,POINT (-122.425036291 37.74976555),Parked Motor Vehicle
14002,1.0,Driver,South,Making Left Turn,Pedestrian,West,Proceeding Straight,Vehicle/Pedestrian,1,0,0,1,Crossing in Crosswalk at Intersection,POINT (-122.431342761 37.728683224),Pedestrian
14003,1.0,Driver,North,Proceeding Straight,Driver,North,Stopped In Road,Rear End,0,0,0,1,No Pedestrian Involved,POINT (-122.422556147 37.791236627),Other Motor Vehicle
14004,1.0,Pedestrian,West,Proceeding Straight,Driver,South,Proceeding Straight,Head-On,1,0,0,1,Crossing in Crosswalk at Intersection,POINT (-122.407869496 37.798696861),Pedestrian
14005,1.0,Driver,Not Stated,Proceeding Straight,Driver,North,Proceeding Straight,Rear End,0,0,0,1,No Pedestrian Involved,POINT (-122.472328762 37.716569379),Other Motor Vehicle
14006,1.0,Driver,West,Changing Lanes,Driver,West,Proceeding Straight,Sideswipe,0,0,0,1,No Pedestrian Involved,POINT (-122.414182683 37.774189436),Other Motor Vehicle
14007,1.0,Driver,East,Making Left Turn,Driver,North,Proceeding Straight,Head-On,0,0,0,1,No Pedestrian Involved,POINT (-122.453979523 37.771428395),Motor Vehicle on Other Roadway
14008,1.0,Driver,South,Making Left Turn,Pedestrian,West,Proceeding Straight,Vehicle/Pedestrian,1,0,0,1,Crossing in Crosswalk at Intersection,POINT (-122.429304397 37.730742173),Pedestrian
14009,1.0,Driver,South,Changing Lanes,Driver,South,Proceeding Straight,Sideswipe,0,0,0,1,No Pedestrian Involved,POINT (-122.423635272 37.760394086),Other Motor Vehicle
14010,1.0,Pedestrian,South,Proceeding Straight,Driver,West,Proceeding Straight,Broadside,1,0,0,1,"In Road, Including Shoulder",POINT (-122.418088098 37.78610104),Pedestrian
14011,1.0,Driver,West,Proceeding Straight,Driver,West,Stopped In Road,Rear End,0,0,0,1,No Pedestrian Involved,POINT (-122.423008452 37.766481288),Other Motor Vehicle
14012,1.0,Driver,North,Changing Lanes,Driver,North,Proceeding Straight,Sideswipe,0,0,0,1,No Pedestrian Involved,POINT (-122.485723866 37.70808573),Other Motor Vehicle
14013,1.0,Driver,North,Proceeding Straight,Driver,East,Proceeding Straight,Broadside,0,0,0,1,No Pedestrian Involved,POINT (-122.456141479 37.721845857),Other Motor Vehicle
14014,1.0,Driver,North,Proceeding Straight,Driver,East,Proceeding Straight,Broadside,0,0,0,1,No Pedestrian Involved,POINT (-122.474954621 37.732456138),Other Motor Vehicle
14015,1.0,Driver,East,Proceeding Straight,Unknown,Unknown,Unknown,Hit Object,0,0,0,1,No Pedestrian Involved,POINT (-122.433129061 37.764175131),Fixed Object
14016,1.0,Driver,North,Merging,Driver,North,Proceeding Straight,Rear End,0,0,0,1,No Pedestrian Involved,POINT (-122.410076848 37.772526444),Other Motor Vehicle
14017,,Driver,North,Proceeding Straight,Driver,East,Proceeding Straight,Rear End,0,0,0,1,No Pedestrian Involved,POINT (-122.404748493 37.774281041),Other Motor Vehicle
14018,1.0,Driver,West,Other Unsafe Turning,Driver,West,Stopped In Road,Rear End,0,0,0,1,No Pedestrian Involved,POINT (-122.414086031 37.752506065),Other Motor Vehicle
14019,1.0,Driver,East,Proceeding Straight,Pedestrian,North,Other,Vehicle/Pedestrian,1,0,0,1,Crossing in Crosswalk at Intersection,POINT (-122.478803063 37.772816123),Pedestrian
14020,1.0,Driver,East,Proceeding Straight,Driver,West,Making Left Turn,Broadside,0,0,0,1,No Pedestrian Involved,POINT (-122.417753194 37.769815079),Other Motor Vehicle
14021,1.0,Driver,North,Proceeding Straight,Driver,East,Proceeding Straight,Broadside,0,0,0,1,No Pedestrian Involved,POINT (-122.424845025 37.748632588),Other Motor Vehicle
14022,1.0,Driver,South,Stopped In Road,Driver,North,Proceeding Straight,Other,0,0,0,1,No Pedestrian Involved,POINT (-122.43742294 37.773133493),Non-Collision
14023,1.0,Driver,East,Making Left Turn,Driver,West,Proceeding Straight,Broadside,0,0,0,1,No Pedestrian Involved,POINT (-122.391268424 37.7398532),Other Motor Vehicle
14024,1.0,Driver,West,Proceeding Straight,Driver,North,Making Left Turn,Broadside,0,0,0,1,No Pedestrian Involved,POINT (-122.453170388 37.781717429),Other Motor Vehicle
14025,1.0,Driver,North,Making Left Turn,Pedestrian,East,Other,Vehicle/Pedestrian,1,0,0,1,Crossing in Crosswalk at Intersection,POINT (-122.425419204 37.755031827),Pedestrian
14026,1.0,Driver,East,Making U Turn,Driver,West,Proceeding Straight,Broadside,0,0,0,1,No Pedestrian Involved,POINT (-122.457068389 37.710110915),Other Motor Vehicle
14027,1.0,Driver,North,Proceeding Straight,Driver,North,Proceeding Straight,Rear End,0,0,0,1,No Pedestrian Involved,POINT (-122.404449805 37.744021921),Other Motor Vehicle
14028,1.0,Driver,North,Making Left Turn,Pedestrian,Not Stated,Other,Vehicle/Pedestrian,1,0,0,1,Crossing in Crosswalk at Intersection,POINT (-122.43255891 37.790906421),Pedestrian
14029,2.0,Driver,East,Changing Lanes,Driver,East,Proceeding Straight,Rear End,0,0,0,1,No Pedestrian Involved,POINT (-122.414583833 37.781771754),Other Motor Vehicle
14030,1.0,Driver,West,Proceeding Straight,Pedestrian,West,Proceeding Straight,Vehicle/Pedestrian,1,0,0,1,Crossing in Crosswalk at Intersection,POINT (-122.481515722 37.780225819),Pedestrian
14031,1.0,Driver,North,Proceeding Straight,Driver,North,Proceeding Straight,Rear End,0,0,0,1,No Pedestrian Involved,POINT (-122.413913076 37.782098256),Other Motor Vehicle
14032,1.0,Driver,East,Proceeding Straight,Driver,East,Stopped In Road,Rear End,0,0,0,1,No Pedestrian Involved,POINT (-122.43495402 37.733675899),Other Motor Vehicle
14033,1.0,Driver,West,Proceeding Straight,Driver,West,Stopped In Road,Rear End,0,0,0,1,No Pedestrian Involved,POINT (-122.418394959 37.786062346),Other Motor Vehicle
14034,1.0,Pedestrian,Not Stated,Other,Driver,South,Proceeding Straight,Vehicle/Pedestrian,1,0,0,1,Crossing Not in Crosswalk,POINT (-122.437485754 37.73025234),Pedestrian
14035,1.0,Driver,South,Proceeding Straight,Parked Vehicle,South,Parked,Rear End,0,0,0,1,No Pedestrian Involved,POINT (-122.411307034 37.756249814),Parked Motor Vehicle
14036,1.0,Pedestrian,South,Proceeding Straight,Driver,East,Proceeding Straight,Head-On,1,0,0,1,Crossing in Crosswalk at Intersection,POINT (-122.410206544 37.800315499),Pedestrian
14037,1.0,Driver,Not Stated,Proceeding Straight,Driver,West,Changing Lanes,Broadside,0,0,0,1,No Pedestrian Involved,POINT (-122.417406111 37.776669661),Other Motor Vehicle
14038,1.0,Driver,East,Making Left Turn,Driver,West,Proceeding Straight,Broadside,0,0,0,1,No Pedestrian Involved,POINT (-122.433797944 37.805043288),Other Motor Vehicle
14039,1.0,Bicyclist,South,Proceeding Straight,Driver,East,Making Left Turn,Broadside,0,1,0,1,No Pedestrian Involved,POINT (-122.423821475 37.769780287),Bicycle
14040,1.0,Driver,West,Making Left Turn,Pedestrian,Not Stated,Proceeding Straight,Vehicle/Pedestrian,1,0,0,1,Crossing in Crosswalk at Intersection,POINT (-122.411515768 37.786939707),Pedestrian
14041,1.0,Driver,South,Proceeding Straight,Driver,East,Proceeding Straight,Broadside,0,0,0,1,No Pedestrian Involved,POINT (-122.398584636 37.733638848),Other Motor Vehicle
14042,1.0,Bicyclist,East,Proceeding Straight,Driver,South,Slowing/Stopping,Broadside,0,0,0,1,No Pedestrian Involved,POINT (-122.464352879 37.781989726),Train
14043,1.0,Pedestrian,South,Entering Traffic,Driver,West,Proceeding Straight,Vehicle/Pedestrian,1,0,0,1,Crossing Not in Crosswalk,POINT (-122.431039774 37.780636926),Pedestrian
14044,1.0,Driver,West,Proceeding Straight,Unknown,Unknown,Unknown,Hit Object,0,0,0,1,No Pedestrian Involved,POINT (-122.439336654 37.799425312),Fixed Object
14045,1.0,Driver,South,Proceeding Straight,Pedestrian,West,Other,Vehicle/Pedestrian,1,0,0,1,Crossing in Crosswalk at Intersection,POINT (-122.402065729 37.788721153),Pedestrian
14046,1.0,Driver,East,Making Left Turn,Pedestrian,North,Proceeding Straight,Vehicle/Pedestrian,1,0,0,1,Crossing in Crosswalk at Intersection,POINT (-122.412220736 37.782073068),Pedestrian
14047,,Driver,West,Proceeding Straight,Parked Vehicle,East,Parked,Head-On,0,0,0,1,No Pedestrian Involved,POINT (-122.410236514 37.712093717),Parked Motor Vehicle
14048,1.0,Driver,South,Making Left Turn,Pedestrian,West,Proceeding Straight,Vehicle/Pedestrian,1,0,0,1,Crossing in Crosswalk at Intersection,POINT (-122.422218292 37.745578814),Pedestrian
14049,1.0,Driver,North,Stopped In Road,Bicyclist,North,Other,Hit Object,0,1,0,1,No Pedestrian Involved,POINT (-122.404796472 37.794453004),Bicycle
14050,1.0,Driver,South,Making Left Turn,Driver,North,Making Left Turn,Head-On,0,0,0,1,No Pedestrian Involved,POINT (-122.387926352 37.742703155),Other Motor Vehicle
14051,1.0,Driver,South,Parking Maneuver,Bicyclist,South,Proceeding Straight,Other,0,1,0,1,No Pedestrian Involved,POINT (-122.393912773 37.776234836),Bicycle
14052,1.0,Driver,North,Changing Lanes,Driver,North,Making Left Turn,Sideswipe,0,0,0,1,No Pedestrian Involved,POINT (-122.413161109 37.774991751),Other Motor Vehicle
14053,1.0,Driver,South,Changing Lanes,Driver,South,Proceeding Straight,Sideswipe,0,0,0,1,No Pedestrian Involved,POINT (-122.399637572 37.791645614),Other Motor Vehicle
14054,1.0,Driver,North,Proceeding Straight,Driver,South,Slowing/Stopping,Head-On,0,0,0,1,No Pedestrian Involved,POINT (-122.427505737 37.725755368),Other Motor Vehicle
14055,1.0,Parked Vehicle,East,Other,Bicyclist,East,Proceeding Straight,Other,0,1,0,0,No Pedestrian Involved,POINT (-122.409683073 37.786202665),Bicycle
14056,,Driver,East,Ran Off Road,Driver,South,Ran Off Road,Sideswipe,0,0,0,1,No Pedestrian Involved,POINT (-122.412157954 37.776660987),Other Motor Vehicle
14057,1.0,Driver,North,Proceeding Straight,Driver,North,Stopped In Road,Rear End,0,0,0,1,No Pedestrian Involved,POINT (-122.41499216 37.762033228),Other Motor Vehicle
14058,1.0,Driver,South,Making Left Turn,Pedestrian,North,Not Stated,Vehicle/Pedestrian,1,0,0,1,Crossing in Crosswalk at Intersection,POINT (-122.440418739 37.788069874),Pedestrian
14059,,Driver,North,Stopped In Road,Pedestrian,West,Proceeding Straight,Vehicle/Pedestrian,1,0,0,1,Crossing in Crosswalk at Intersection,POINT (-122.429447192 37.792216898),Pedestrian
14060,1.0,Driver,East,Stopped In Road,Unknown,Unknown,Unknown,Head-On,0,0,0,1,No Pedestrian Involved,POINT (-122.441261289 37.735780306),Fixed Object
14061,1.0,Driver,West,Proceeding Straight,Driver,South,Proceeding Straight,Broadside,0,0,0,1,No Pedestrian Involved,POINT (-122.480978766 37.772716283),Other Motor Vehicle
14062,1.0,Driver,West,Making Left Turn,Bicyclist,East,Proceeding Straight,Broadside,0,1,0,1,No Pedestrian Involved,POINT (-122.415315615 37.780719177),Bicycle
14063,1.0,Driver,East,Proceeding Straight,Driver,North,Stopped,Broadside,0,0,0,1,No Pedestrian Involved,POINT (-122.485204636 37.740758069),Other Motor Vehicle
14064,1.0,Driver,East,Making Right Turn,Driver,South,Stopped In Road,Rear End,0,0,0,1,No Pedestrian Involved,POINT (-122.405615267 37.778505105),Other Motor Vehicle
14065,1.0,Driver,North,Proceeding Straight,Driver,North,Proceeding Straight,Rear End,0,0,0,1,No Pedestrian Involved,POINT (-122.42383098 37.789449523),Other Motor Vehicle
14066,1.0,Driver,South,Making Right Turn,Driver,South,Proceeding Straight,Broadside,0,0,0,1,No Pedestrian Involved,POINT (-122.405658784 37.806673632),Other Motor Vehicle
14067,1.0,Driver,South,Proceeding Straight,Driver,South,Stopped In Road,Rear End,0,0,0,1,No Pedestrian Involved,POINT (-122.511062002 37.771302729),Other Motor Vehicle
14068,1.0,Driver,West,Stopped In Road,Driver,West,Stopped In Road,Head-On,1,0,0,1,"In Road, Including Shoulder",POINT (-122.421731522 37.763299768),Pedestrian
14069,1.0,Driver,East,Making Left Turn,Driver,West,Proceeding Straight,Other,0,0,0,1,No Pedestrian Involved,POINT (-122.424258113 37.766405767),Not Stated
14070,1.0,Driver,South,Proceeding Straight,Driver,South,Stopped In Road,Rear End,0,0,0,1,No Pedestrian Involved,POINT (-122.487217814 37.729739512),Other Motor Vehicle
14071,1.0,Pedestrian,West,Proceeding Straight,Pedestrian,West,Proceeding Straight,Vehicle/Pedestrian,1,0,0,0,Crossing Not in Crosswalk,POINT (-122.411054474 37.801351608),Pedestrian
14072,1.0,Driver,West,Making Left Turn,Driver,West,Proceeding Straight,Broadside,0,0,0,1,No Pedestrian Involved,POINT (-122.396110626 37.722503463),Other Motor Vehicle
14073,1.0,Driver,South,Proceeding Straight,Driver,East,Proceeding Straight,Broadside,0,0,0,1,No Pedestrian Involved,POINT (-122.423354025 37.778747372),Other Motor Vehicle
14074,1.0,Driver,East,Ran Off Road,Bicyclist,East,Stopped In Road,Broadside,0,1,0,1,No Pedestrian Involved,POINT (-122.423396761 37.771885644),Bicycle
14075,1.0,Other,South,Proceeding Straight,Pedestrian,North,Other,Head-On,1,0,0,0,Not in Road,POINT (-122.423272965 37.794759141),Pedestrian
14076,1.0,Driver,West,Stopped In Road,Driver,West,Proceeding Straight,Rear End,0,0,0,1,No Pedestrian Involved,POINT (-122.441345202 37.783140497),Other Motor Vehicle
14077,1.0,Driver,Not Stated,Slowing/Stopping,Driver,Not Stated,Proceeding Straight,Rear End,0,0,0,1,No Pedestrian Involved,POINT (-122.408516331 37.773759701),Other Motor Vehicle
14078,1.0,Driver,Not Stated,Backing,Parked Vehicle,Not Stated,Parked,Broadside,0,0,0,1,No Pedestrian Involved,POINT (-122.446376647 37.800631277),Parked Motor Vehicle
14079,1.0,Driver,Not Stated,Proceeding Straight,Driver,South,Proceeding Straight,Broadside,0,0,0,1,No Pedestrian Involved,POINT (-122.404306293 37.742520734),Motor Vehicle on Other Roadway
14080,1.0,Driver,South,Making U Turn,Driver,South,Making Left Turn,Broadside,0,0,0,1,No Pedestrian Involved,POINT (-122.436678949 37.731538395),Other Motor Vehicle
14081,1.0,Other,South,Making Left Turn,Driver,South,Proceeding Straight,Broadside,0,0,0,1,No Pedestrian Involved,POINT (-122.392524623 37.791310971),Other Object
14082,1.0,Driver,South,Changing Lanes,Pedestrian,East,Proceeding Straight,Vehicle/Pedestrian,1,0,0,1,Crossing in Crosswalk at Intersection,POINT (-122.405424735 37.771296353),Pedestrian
14083,1.0,Driver,East,Making Left Turn,Pedestrian,South,Other,Vehicle/Pedestrian,1,0,0,1,Crossing in Crosswalk at Intersection,POINT (-122.396957839 37.79634686),Pedestrian
14084,1.0,Driver,South,Proceeding Straight,Driver,West,Proceeding Straight,Broadside,0,0,0,1,No Pedestrian Involved,POINT (-122.424731259 37.802280983),Other Motor Vehicle
14085,1.0,Driver,South,Making Left Turn,Pedestrian,East,Proceeding Straight,Vehicle/Pedestrian,1,0,0,1,Crossing in Crosswalk at Intersection,POINT (-122.46310008 37.764150405),Pedestrian
14086,,Driver,North,Proceeding Straight,Driver,South,Proceeding Straight,Rear End,0,0,0,1,No Pedestrian Involved,POINT (-122.415943354 37.800547214),Other Motor Vehicle
14087,,Driver,South,Proceeding Straight,Driver,South,Proceeding Straight,Sideswipe,0,0,0,1,No Pedestrian Involved,POINT (-122.407813487 37.768353721),Other Motor Vehicle
14088,1.0,Driver,South,Making Left Turn,Pedestrian,East,Proceeding Straight,Vehicle/Pedestrian,1,0,0,1,Crossing in Crosswalk at Intersection,POINT (-122.40719494 37.761921073),Pedestrian
14089,,Driver,South,Proceeding Straight,Pedestrian,West,Other,Vehicle/Pedestrian,1,0,0,1,"In Road, Including Shoulder",POINT (-122.401043046 37.787889614),Pedestrian
14090,,Driver,West,Parking Maneuver,Bicyclist,East,Proceeding Straight,Sideswipe,0,1,0,1,No Pedestrian Involved,POINT (-122.397841523 37.765065926),Bicycle
14091,1.0,Driver,West,Proceeding Straight,Driver,West,Slowing/Stopping,Rear End,0,0,0,1,No Pedestrian Involved,POINT (-122.475510306 37.780582185),Other Motor Vehicle
14092,1.0,Driver,East,Making Left Turn,Driver,North,Proceeding Straight,Broadside,0,0,0,1,No Pedestrian Involved,POINT (-122.417025815 37.760367023),Other Motor Vehicle
14093,1.0,Driver,West,Proceeding Straight,Pedestrian,North,Proceeding Straight,Vehicle/Pedestrian,1,0,0,1,Crossing Not in Crosswalk,POINT (-122.418217433 37.777489342),Pedestrian
14094,1.0,Bicyclist,West,Proceeding Straight,Driver,North,Proceeding Straight,Broadside,0,1,0,1,No Pedestrian Involved,POINT (-122.397669949 37.799234483),Bicycle
14095,1.0,Driver,West,Making Left Turn,Driver,West,Proceeding Straight,Other,0,0,0,1,No Pedestrian Involved,POINT (-122.420493442 37.789620438),Non-Collision
14096,1.0,Driver,South,Proceeding Straight,Driver,East,Proceeding Straight,Broadside,0,0,0,1,No Pedestrian Involved,POINT (-122.410066406 37.752739024),Other Motor Vehicle
14097,1.0,Driver,West,Stopped In Road,Driver,West,Proceeding Straight,Rear End,0,0,0,1,No Pedestrian Involved,POINT (-122.435839971 37.73387533),Other Motor Vehicle
14098,1.0,Bicyclist,East,Stopped In Road,Driver,South,Stopped In Road,Broadside,0,1,0,1,No Pedestrian Involved,POINT (-122.410546068 37.748316719),Bicycle
14099,1.0,Driver,West,Making U Turn,Driver,West,Proceeding Straight,Broadside,0,0,0,1,No Pedestrian Involved,POINT (-122.494560807 37.75156826),Other Motor Vehicle
14100,1.0,Driver,South,Backing,Driver,North,Stopped In Road,Rear End,0,0,0,1,No Pedestrian Involved,POINT (-122.470355095 37.745012647),Other Motor Vehicle
14101,1.0,Parked Vehicle,North,Parked,Bicyclist,North,Proceeding Straight,Other,0,1,0,0,No Pedestrian Involved,POINT (-122.438821949 37.719417611),Bicycle
14102,,Driver,West,Passing Other Vehicle,Parked Vehicle,West,Parked,Sideswipe,0,0,0,1,No Pedestrian Involved,POINT (-122.431439426 37.77198033),Other Motor Vehicle
14103,,Driver,Not Stated,Ran Off Road,Pedestrian,Not Stated,Proceeding Straight,Vehicle/Pedestrian,1,0,0,1,Crossing in Crosswalk at Intersection,POINT (-122.425802145 37.790874428),Pedestrian
14104,,Driver,West,Entering Traffic,Driver,South,Changing Lanes,Rear End,0,0,0,1,No Pedestrian Involved,POINT (-122.406988702 37.740334896),Other Motor Vehicle
14105,,Driver,West,Proceeding Straight,Pedestrian,Not Stated,Other,Vehicle/Pedestrian,1,0,0,1,Not in Road,POINT (-122.407495872 37.784495898),Pedestrian
14106,1.0,Driver,North,Proceeding Straight,Driver,North,Proceeding Straight,Rear End,0,0,0,1,No Pedestrian Involved,POINT (-122.42487189 37.794607296),Other Motor Vehicle
14107,1.0,Driver,North,Proceeding Straight,Driver,North,Slowing/Stopping,Rear End,0,0,0,1,No Pedestrian Involved,POINT (-122.479493643 37.771261237),Other Motor Vehicle
14108,1.0,Other,North,Other,Bicyclist,North,Proceeding Straight,Sideswipe,0,1,0,0,No Pedestrian Involved,POINT (-122.416291702 37.777493844),Bicycle
14109,1.0,Driver,North,Proceeding Straight,Driver,East,Proceeding Straight,Broadside,0,0,0,1,No Pedestrian Involved,POINT (-122.431311321 37.801444936),Other Motor Vehicle
14110,1.0,Driver,West,Proceeding Straight,Pedestrian,West,Stopped In Road,Vehicle/Pedestrian,1,0,0,1,Not in Road,POINT (-122.41362611 37.7847504),Pedestrian
14111,1.0,Driver,West,Making Left Turn,Pedestrian,West,Proceeding Straight,Vehicle/Pedestrian,1,0,0,1,Crossing in Crosswalk at Intersection,POINT (-122.395944826 37.737784055),Pedestrian
14112,,Driver,West,Making Left Turn,Driver,East,Proceeding Straight,Head-On,0,0,0,1,No Pedestrian Involved,POINT (-122.414312672 37.734762793),Other Motor Vehicle
14113,,Driver,East,Backing,Pedestrian,Not Stated,Other,Vehicle/Pedestrian,1,0,0,1,"In Road, Including Shoulder",POINT (-122.392843193 37.777444074),Pedestrian
14114,1.0,Driver,North,Proceeding Straight,Unknown,Unknown,Unknown,Head-On,0,0,0,1,No Pedestrian Involved,POINT (-122.453791188 37.710827006),Fixed Object
14115,1.0,Driver,West,Making Right Turn,Bicyclist,North,Proceeding Straight,Not Stated,0,1,0,1,No Pedestrian Involved,POINT (-122.403400462 37.730658352),Bicycle
14116,1.0,Driver,West,Proceeding Straight,Driver,West,Stopped In Road,Rear End,0,0,0,1,No Pedestrian Involved,POINT (-122.41025021 37.769320557),Other Motor Vehicle
14117,1.0,Driver,North,Making Left Turn,Pedestrian,West,Proceeding Straight,Vehicle/Pedestrian,1,0,0,1,Crossing in Crosswalk at Intersection,POINT (-122.422838086 37.78454661),Pedestrian
14118,1.0,Driver,Not Stated,Proceeding Straight,Driver,South,Stopped In Road,Rear End,0,0,0,1,No Pedestrian Involved,POINT (-122.434835995 37.728226498),Other Motor Vehicle
14119,1.0,Driver,West,Proceeding Straight,Driver,West,Stopped In Road,Rear End,0,0,0,1,No Pedestrian Involved,,Other Motor Vehicle
14120,1.0,Driver,South,Proceeding Straight,Driver,South,Making Left Turn,Broadside,0,0,0,1,No Pedestrian Involved,POINT (-122.401914748 37.712250862),Other Motor Vehicle
14121,1.0,Driver,West,Proceeding Straight,Driver,West,Ran Off Road,Sideswipe,0,0,0,1,No Pedestrian Involved,POINT (-122.40222864 37.798429702),Other Object
14122,1.0,Bicyclist,East,Proceeding Straight,Unknown,Unknown,Unknown,Overturned,0,0,0,0,No Pedestrian Involved,POINT (-122.408533339 37.776198227),Not Stated
14123,1.0,Driver,North,Making Right Turn,Driver,South,Proceeding Straight,Sideswipe,0,0,0,1,No Pedestrian Involved,POINT (-122.451785824 37.786757809),Other Motor Vehicle
14124,1.0,Driver,West,Making Left Turn,Pedestrian,South,Proceeding Straight,Vehicle/Pedestrian,1,0,0,1,Crossing in Crosswalk at Intersection,POINT (-122.404219835 37.791690584),Pedestrian
14125,1.0,Driver,East,Changing Lanes,Driver,East,Proceeding Straight,Broadside,0,0,0,1,No Pedestrian Involved,POINT (-122.428058529 37.774323497),Other Motor Vehicle
14126,1.0,Bicyclist,North,Proceeding Straight,Driver,West,Proceeding Straight,Broadside,0,1,0,1,No Pedestrian Involved,POINT (-122.416899819 37.771723947),Bicycle
14127,,Bicyclist,South,Proceeding Straight,Unknown,Unknown,Unknown,Other,0,0,0,0,No Pedestrian Involved,POINT (-122.41870338 37.754976561),Other Object
14128,1.0,Driver,East,Proceeding Straight,Pedestrian,North,Proceeding Straight,Broadside,1,0,0,1,Crossing in Crosswalk at Intersection,POINT (-122.389310056 37.73874193),Other Motor Vehicle
14129,1.0,Driver,South,Proceeding Straight,Unknown,Unknown,Unknown,Head-On,0,0,0,1,No Pedestrian Involved,POINT (-122.399504117 37.7369644),Fixed Object
14130,1.0,Bicyclist,South,Proceeding Straight,Pedestrian,South,Not Stated,Other,1,0,0,0,"In Road, Including Shoulder",POINT (-122.393525939 37.793505351),Pedestrian
14131,1.0,Driver,North,Making Right Turn,Pedestrian,East,Proceeding Straight,Head-On,1,0,0,1,Crossing in Crosswalk at Intersection,POINT (-122.478578242 37.784165757),Pedestrian