party_id,party_at_fault,party1_type,party1_dir_of_travel,party1_move_pre_acc,party2_type,party2_dir_of_travel,party2_move_pre_acc,type_of_collision,involves_pedestrian,involves_bicycle,involves_motorcycle,involves_vehicle,ped_action,point,mviw
15978,,Driver,West,Not Stated,Bicyclist,West,Proceeding Straight,Sideswipe,0,1,0,1,No Pedestrian Involved,POINT (-122.429989277 37.794894938),Bicycle
15979,1.0,Pedestrian,East,Proceeding Straight,Driver,South,Proceeding Straight,Vehicle/Pedestrian,1,0,0,1,Crossing in Crosswalk at Intersection,POINT (-122.423800671 37.761565673),Pedestrian
15980,1.0,Bicyclist,South,Proceeding Straight,Driver,West,Making Right Turn,Broadside,0,1,0,1,No Pedestrian Involved,POINT (-122.395064952 37.78070056),Bicycle
15981,1.0,Driver,East,Proceeding Straight,Parked Vehicle,East,Not Stated,Sideswipe,0,0,0,1,No Pedestrian Involved,POINT (-122.439377145 37.723504078),Parked Motor Vehicle
15982,,Driver,East,Proceeding Straight,Pedestrian,South,Other,Vehicle/Pedestrian,1,0,0,1,Crossing in Crosswalk at Intersection,POINT (-122.420369047 37.805720256),Pedestrian
15983,1.0,Driver,West,Ran Off Road,Unknown,Unknown,Unknown,Hit Object,0,0,0,1,No Pedestrian Involved,POINT (-122.496951283 37.733874513),Fixed Object
15984,1.0,Pedestrian,East,Proceeding Straight,Driver,South,Making Left Turn,Vehicle/Pedestrian,1,0,0,1,Crossing Not in Crosswalk,POINT (-122.415690022 37.782566037),Pedestrian
15985,1.0,Driver,South,Making Left Turn,Driver,East,Proceeding Straight,Broadside,0,0,0,1,No Pedestrian Involved,POINT (-122.47708083 37.734617662),Other Motor Vehicle
15986,1.0,Driver,East,Proceeding Straight,Pedestrian,South,Not Stated,Vehicle/Pedestrian,1,0,0,1,Crossing in Crosswalk at Intersection,POINT (-122.439999323 37.806077199),Pedestrian
15987,,Pedestrian,West,Proceeding Straight,Driver,South,Proceeding Straight,Vehicle/Pedestrian,1,0,0,1,Crossing Not in Crosswalk,POINT (-122.435813741 37.781940325),Pedestrian
15988,1.0,Pedestrian,North,Other,Driver,East,Proceeding Straight,Vehicle/Pedestrian,1,0,0,1,Crossing Not in Crosswalk,POINT (-122.434054828 37.733872162),Pedestrian
15989,1.0,Driver,East,Ran Off Road,Parked Vehicle,Not Stated,Parked,Sideswipe,0,0,0,1,No Pedestrian Involved,POINT (-122.441877278 37.761029071),Not Stated
15990,1.0,Driver,Not Stated,Proceeding Straight,Driver,East,Proceeding Straight,Sideswipe,0,0,0,1,No Pedestrian Involved,POINT (-122.40310583 37.723775024),Other Motor Vehicle
15991,1.0,Driver,South,Making Right Turn,Driver,North,Making Left Turn,Broadside,0,0,0,1,No Pedestrian Involved,POINT (-122.424538326 37.80130372),Other Motor Vehicle
15992,1.0,Driver,East,Proceeding Straight,Driver,West,Proceeding Straight,Head-On,0,0,0,1,No Pedestrian Involved,POINT (-122.407601868 37.756108784),Other Motor Vehicle
15993,1.0,Driver,East,Proceeding Straight,Driver,East,Proceeding Straight,Sideswipe,0,0,0,1,No Pedestrian Involved,POINT (-122.449238 37.778344),Other Motor Vehicle
15994,1.0,Driver,South,Stopped In Road,Driver,East,Proceeding Straight,Broadside,0,0,0,1,No Pedestrian Involved,POINT (-122.47424554 37.784370456),Other Motor Vehicle
15995,,Bicyclist,South,Making Left Turn,Unknown,Unknown,Unknown,Other,0,0,0,0,No Pedestrian Involved,POINT (-122.408066548 37.783991487),Non-Collision
15996,1.0,Driver,North,Making Left Turn,Pedestrian,North,Proceeding Straight,Vehicle/Pedestrian,1,0,0,1,Crossing in Crosswalk at Intersection,,Pedestrian
15997,1.0,Driver,East,Proceeding Straight,Driver,East,Stopped In Road,Rear End,0,0,0,1,No Pedestrian Involved,POINT (-122.419198573 37.710160039),Other Motor Vehicle
15998,1.0,Bicyclist,South,Making Left Turn,Driver,South,Proceeding Straight,Other,0,1,0,1,No Pedestrian Involved,POINT (-122.408007203 37.76924401),Bicycle
15999,1.0,Driver,North,Making Left Turn,Bicyclist,South,Proceeding Straight,Sideswipe,0,1,0,1,No Pedestrian Involved,POINT (-122.452947033 37.766374074),Bicycle
16000,1.0,Driver,West,Proceeding Straight,Driver,North,Proceeding Straight,Broadside,0,0,0,1,No Pedestrian Involved,POINT (-122.480450629 37.780280238),Other Motor Vehicle
16001,1.0,Driver,West,Making Right Turn,Driver,North,Proceeding Straight,Broadside,0,0,0,1,No Pedestrian Involved,POINT (-122.497531152 37.732926969),Other Motor Vehicle
16002,1.0,Driver,South,Making Left Turn,Pedestrian,West,Not Stated,Vehicle/Pedestrian,1,0,0,1,Crossing in Crosswalk Not at Intersection,POINT (-122.425419151 37.788975718),Pedestrian
16003,1.0,Pedestrian,West,Stopped In Road,Driver,West,Proceeding Straight,Vehicle/Pedestrian,1,0,0,1,"In Road, Including Shoulder",POINT (-122.420441006 37.780069735),Pedestrian
16004,1.0,Driver,West,Slowing/Stopping,Driver,West,Stopped In Road,Rear End,0,0,0,1,No Pedestrian Involved,POINT (-122.41310234 37.769983501),Other Motor Vehicle
16005,1.0,Driver,South,Proceeding Straight,Bicyclist,East,Making Left Turn,Other,0,1,0,1,No Pedestrian Involved,POINT (-122.415613781 37.768537387),Bicycle
16006,1.0,Driver,West,Making Right Turn,Pedestrian,West,Not Stated,Not Stated,1,0,0,1,Crossing in Crosswalk at Intersection,POINT (-122.403680187 37.797318804),Pedestrian
16007,1.0,Driver,North,Proceeding Straight,Driver,North,Stopped In Road,Rear End,0,0,0,1,No Pedestrian Involved,POINT (-122.403518083 37.727451043),Other Motor Vehicle
16008,2.0,Driver,West,Slowing/Stopping,Driver,West,Proceeding Straight,Rear End,0,0,0,1,No Pedestrian Involved,POINT (-122.413170269 37.777447485),Other Motor Vehicle
16009,1.0,Driver,South,Proceeding Straight,Driver,West,Proceeding Straight,Broadside,0,0,0,1,No Pedestrian Involved,POINT (-122.462940789 37.777282735),Other Motor Vehicle
16010,1.0,Bicyclist,West,Proceeding Straight,Driver,North,Making Left Turn,Broadside,0,1,0,1,No Pedestrian Involved,POINT (-122.391121419 37.777553277),Bicycle
16011,1.0,Driver,East,Proceeding Straight,Driver,East,Stopped In Road,Rear End,0,0,0,1,No Pedestrian Involved,POINT (-122.402661081 37.71236745),Other Motor Vehicle
16012,1.0,Driver,South,Proceeding Straight,Driver,West,Proceeding Straight,Broadside,0,0,0,1,No Pedestrian Involved,POINT (-122.431011539 37.774902831),Other Motor Vehicle
16013,1.0,Driver,West,Proceeding Straight,Driver,North,Proceeding Straight,Broadside,0,0,0,1,No Pedestrian Involved,POINT (-122.424384864 37.743838216),Other Motor Vehicle
16014,1.0,Driver,West,Making Left Turn,Driver,West,Proceeding Straight,Broadside,0,0,0,1,No Pedestrian Involved,POINT (-122.398229563 37.721120684),Other Motor Vehicle
16015,1.0,Driver,East,Making Left Turn,Driver,West,Proceeding Straight,Head-On,0,0,0,1,No Pedestrian Involved,POINT (-122.431204945 37.784568241),Other Motor Vehicle
16016,1.0,Bicyclist,West,Entering Traffic,Driver,West,Proceeding Straight,Rear End,0,0,0,1,No Pedestrian Involved,POINT (-122.418088098 37.78610104),Not Stated
16017,1.0,Driver,North,Proceeding Straight,Driver,North,Stopped In Road,Broadside,0,0,0,1,No Pedestrian Involved,POINT (-122.434007455 37.789739482),Other Motor Vehicle
16018,1.0,Driver,East,Proceeding Straight,Driver,West,Proceeding Straight,Sideswipe,0,0,0,1,No Pedestrian Involved,POINT (-122.405331103 37.753063832),Other Motor Vehicle
16019,1.0,Driver,West,Making Left Turn,Driver,East,Proceeding Straight,Head-On,0,0,0,1,No Pedestrian Involved,POINT (-122.50274174 37.745597897),Other Motor Vehicle
16020,1.0,Driver,North,Other,Bicyclist,North,Proceeding Straight,Sideswipe,0,0,0,1,No Pedestrian Involved,POINT (-122.41545477 37.776824961),Not Stated
16021,1.0,Driver,West,Proceeding Straight,Driver,East,Backing,Broadside,0,0,0,1,No Pedestrian Involved,POINT (-122.382795307 37.729376643),Other Motor Vehicle
16022,1.0,Driver,South,Proceeding Straight,Unknown,Unknown,Unknown,Other,0,0,0,1,No Pedestrian Involved,POINT (-122.4241082 37.782477051),Non-Collision
16023,1.0,Driver,North,Proceeding Straight,Driver,North,Stopped In Road,Rear End,0,0,0,1,No Pedestrian Involved,POINT (-122.421533803 37.761235228),Other Motor Vehicle
16024,1.0,Driver,West,Making Left Turn,Pedestrian,North,Proceeding Straight,Vehicle/Pedestrian,1,0,0,1,Crossing in Crosswalk at Intersection,POINT (-122.46427917 37.781018921),Pedestrian
16025,1.0,Driver,West,Proceeding Straight,Parked Vehicle,East,Parked,Other,0,0,0,1,No Pedestrian Involved,POINT (-122.481208564 37.772705734),Parked Motor Vehicle
16026,1.0,Driver,North,Proceeding Straight,Driver,North,Proceeding Straight,Rear End,0,0,0,1,No Pedestrian Involved,POINT (-122.443602235 37.736502584),Other Motor Vehicle
16027,1.0,Bicyclist,North,Making Left Turn,Bicyclist,East,Proceeding Straight,Broadside,0,1,0,0,No Pedestrian Involved,POINT (-122.466018714 37.77527143),Bicycle
16028,1.0,Driver,West,Making Left Turn,Bicyclist,West,Proceeding Straight,Sideswipe,0,1,0,1,No Pedestrian Involved,POINT (-122.440469693 37.773693512),Bicycle
16029,1.0,Driver,West,Making Right Turn,Pedestrian,South,Not Stated,Vehicle/Pedestrian,1,0,0,1,Crossing in Crosswalk at Intersection,POINT (-122.403621519 37.727626696),Pedestrian
16030,1.0,Driver,South,Proceeding Straight,Driver,East,Proceeding Straight,Broadside,0,0,0,1,No Pedestrian Involved,POINT (-122.393618075 37.783077854),Motor Vehicle on Other Roadway
16031,1.0,Pedestrian,West,Not Stated,Driver,South,Not Stated,Vehicle/Pedestrian,1,0,0,1,Crossing Not in Crosswalk,POINT (-122.402840754 37.776291925),Pedestrian
16032,1.0,Driver,North,Proceeding Straight,Unknown,Unknown,Unknown,Other,0,0,0,1,No Pedestrian Involved,POINT (-122.415759369 37.732482371),Other Object
16033,,Driver,South,Making Left Turn,Pedestrian,North,Proceeding Straight,Head-On,1,0,0,1,No Pedestrian Involved,POINT (-122.413034336 37.8028277),Pedestrian
16034,1.0,Driver,North,Making Left Turn,Driver,West,Proceeding Straight,Broadside,0,0,0,1,No Pedestrian Involved,POINT (-122.472708481 37.778703842),Other Motor Vehicle
16035,1.0,Driver,North,Proceeding Straight,Driver,North,Stopped In Road,Rear End,0,0,0,1,No Pedestrian Involved,POINT (-122.405666121 37.806660441),Other Motor Vehicle
16036,1.0,Pedestrian,North,Proceeding Straight,Driver,East,Proceeding Straight,Vehicle/Pedestrian,1,0,0,1,Crossing Not in Crosswalk,POINT (-122.414889119 37.778658108),Pedestrian
16037,1.0,Parked Vehicle,East,Other,Driver,East,Proceeding Straight,Sideswipe,0,0,0,1,No Pedestrian Involved,POINT (-122.409962534 37.787594576),Other Motor Vehicle
16038,1.0,Pedestrian,South,Proceeding Straight,Bicyclist,East,Proceeding Straight,Other,1,0,0,0,Crossing in Crosswalk at Intersection,POINT (-122.42441169 37.768006425),Pedestrian
16039,1.0,Driver,North,Making Left Turn,Pedestrian,Not Stated,Proceeding Straight,Vehicle/Pedestrian,1,0,0,1,Crossing in Crosswalk at Intersection,POINT (-122.423599646 37.788307258),Pedestrian
16040,1.0,Driver,South,Traveling Wrong Way,Parked Vehicle,Not Stated,Parked,Broadside,0,0,0,1,No Pedestrian Involved,POINT (-122.478266918 37.779854608),Parked Motor Vehicle
16041,1.0,Driver,South,Making Left Turn,Pedestrian,East,Other,Vehicle/Pedestrian,1,0,0,1,Crossing in Crosswalk at Intersection,POINT (-122.413366183 37.796083552),Pedestrian
16042,1.0,Driver,South,Proceeding Straight,Driver,West,Proceeding Straight,Broadside,0,0,0,1,No Pedestrian Involved,POINT (-122.424233277 37.742236301),Other Motor Vehicle
16043,1.0,Not Stated,West,Proceeding Straight,Driver,North,Proceeding Straight,Overturned,0,0,0,1,No Pedestrian Involved,POINT (-122.415577015 37.769591161),Other Motor Vehicle
16044,2.0,Pedestrian,South,Proceeding Straight,Driver,East,Proceeding Straight,Vehicle/Pedestrian,1,0,0,1,Crossing Not in Crosswalk,POINT (-122.398395625 37.779823528),Pedestrian
16045,1.0,Driver,East,Making Left Turn,Pedestrian,East,Proceeding Straight,Vehicle/Pedestrian,1,0,0,1,Crossing in Crosswalk at Intersection,POINT (-122.421968762 37.742375398),Pedestrian
16046,1.0,Pedestrian,East,Proceeding Straight,Driver,East,Making Left Turn,Vehicle/Pedestrian,1,0,0,1,Crossing in Crosswalk at Intersection,POINT (-122.400863176 37.79765414),Pedestrian
16047,1.0,Driver,North,Making Left Turn,Driver,North,Proceeding Straight,Broadside,0,0,0,1,No Pedestrian Involved,POINT (-122.422429627 37.770560786),Other Motor Vehicle
16048,1.0,Driver,West,Making Left Turn,Pedestrian,West,Proceeding Straight,Vehicle/Pedestrian,1,0,0,1,Crossing in Crosswalk at Intersection,POINT (-122.425046953 37.787130435),Pedestrian
16049,1.0,Driver,North,Proceeding Straight,Driver,East,Proceeding Straight,Broadside,0,0,0,1,No Pedestrian Involved,POINT (-122.41790141 37.785167215),Other Motor Vehicle
16050,1.0,Driver,West,Making Right Turn,Pedestrian,North,Proceeding Straight,Vehicle/Pedestrian,1,0,0,1,Crossing in Crosswalk at Intersection,POINT (-122.410242438 37.789016339),Pedestrian
16051,1.0,Driver,Not Stated,Making Right Turn,Bicyclist,East,Proceeding Straight,Not Stated,0,1,0,1,No Pedestrian Involved,POINT (-122.422199174 37.768139683),Bicycle
16052,1.0,Driver,North,Making Left Turn,Pedestrian,North,Making Left Turn,Vehicle/Pedestrian,1,0,0,1,Crossing in Crosswalk at Intersection,POINT (-122.4378656 37.783723395),Pedestrian
16053,1.0,Driver,South,Proceeding Straight,Driver,South,Proceeding Straight,Sideswipe,0,0,0,1,No Pedestrian Involved,POINT (-122.400981568 37.774808776),Other Motor Vehicle
16054,1.0,Pedestrian,East,Proceeding Straight,Driver,North,Proceeding Straight,Not Stated,1,1,0,1,Crossing in Crosswalk at Intersection,POINT (-122.393902507 37.726237395),Bicycle
16055,1.0,Driver,South,Crossed Into Opposing Lane,Parked Vehicle,North,Not Stated,Head-On,0,0,0,1,No Pedestrian Involved,POINT (-122.447354796 37.759421409),Parked Motor Vehicle
16056,1.0,Pedestrian,South,Other,Driver,South,Proceeding Straight,Vehicle/Pedestrian,1,0,0,1,Crossing Not in Crosswalk,POINT (-122.419713698 37.765515663),Pedestrian
16057,1.0,Driver,East,Proceeding Straight,Pedestrian,East,Other,Not Stated,1,0,0,1,"In Road, Including Shoulder",POINT (-122.409828666 37.795625253),Pedestrian
16058,1.0,Driver,South,Proceeding Straight,Driver,South,Slowing/Stopping,Rear End,0,0,0,1,No Pedestrian Involved,POINT (-122.396607955 37.79785392),Other Motor Vehicle
16059,1.0,Driver,North,Making Left Turn,Pedestrian,East,Other,Vehicle/Pedestrian,1,0,0,1,Crossing in Crosswalk at Intersection,POINT (-122.40700149 37.770049772),Pedestrian
16060,1.0,Driver,West,Proceeding Straight,Driver,North,Proceeding Straight,Broadside,0,0,0,1,No Pedestrian Involved,POINT (-122.422328955 37.79036966),Other Motor Vehicle
16061,1.0,Driver,East,Proceeding Straight,Bicyclist,East,Making Right Turn,Rear End,0,1,0,1,No Pedestrian Involved,POINT (-122.408342784 37.754452871),Bicycle
16062,1.0,Driver,North,Proceeding Straight,Driver,North,Stopped In Road,Rear End,0,0,0,1,No Pedestrian Involved,POINT (-122.494260401 37.740424015),Other Motor Vehicle
16063,1.0,Driver,North,Making Left Turn,Driver,South,Proceeding Straight,Other,0,0,0,1,No Pedestrian Involved,POINT (-122.398256963 37.786778949),Other Motor Vehicle
16064,1.0,Driver,South,Proceeding Straight,Driver,South,Stopped In Road,Rear End,0,0,0,1,No Pedestrian Involved,POINT (-122.479503961 37.771268575),Non-Collision
16065,1.0,Driver,West,Proceeding Straight,Driver,North,Proceeding Straight,Broadside,0,0,0,1,No Pedestrian Involved,POINT (-122.441332859 37.792510647),Other Motor Vehicle
16066,1.0,Driver,North,Making Left Turn,Driver,North,Proceeding Straight,Other,0,0,0,1,No Pedestrian Involved,POINT (-122.425625504 37.798343537),Non-Collision
16067,1.0,Driver,East,Passing Other Vehicle,Driver,West,Proceeding Straight,Head-On,0,0,0,1,No Pedestrian Involved,POINT (-122.412859192 37.718555422),Other Motor Vehicle
16068,1.0,Driver,North,Parking Maneuver,Unknown,Unknown,Unknown,Other,0,0,0,1,No Pedestrian Involved,POINT (-122.422506153 37.730665583),Fixed Object
16069,1.0,Driver,North,Proceeding Straight,Driver,North,Proceeding Straight,Broadside,0,0,0,1,No Pedestrian Involved,POINT (-122.413364515 37.7509364),Other Motor Vehicle
16070,1.0,Driver,East,Proceeding Straight,Driver,East,Parked,Rear End,0,0,0,1,No Pedestrian Involved,POINT (-122.415546416 37.805379143),Other Motor Vehicle
16071,,Driver,West,Proceeding Straight,Parked Vehicle,Not Stated,Parked,Broadside,0,0,0,1,No Pedestrian Involved,POINT (-122.429145598 37.721976276),Parked Motor Vehicle
16072,1.0,Driver,East,Changing Lanes,Driver,East,Proceeding Straight,Sideswipe,0,0,0,1,No Pedestrian Involved,POINT (-122.390850795 37.764198699),Other Motor Vehicle
16073,1.0,Driver,South,Making Left Turn,Pedestrian,North,Proceeding Straight,Vehicle/Pedestrian,1,0,0,1,Crossing in Crosswalk at Intersection,POINT (-122.429978934 37.786503858),Pedestrian
16074,1.0,Driver,East,Entering Traffic,Parked Vehicle,East,Parked,Sideswipe,0,0,0,1,No Pedestrian Involved,POINT (-122.444109 37.793107779),Parked Motor Vehicle
16075,,Driver,South,Making Left Turn,Driver,East,Proceeding Straight,Head-On,0,0,0,1,No Pedestrian Involved,POINT (-122.436176465 37.714209484),Other Motor Vehicle
16076,1.0,Driver,North,Proceeding Straight,Driver,West,Making Left Turn,Broadside,0,0,0,1,No Pedestrian Involved,POINT (-122.422840577 37.741027408),Other Motor Vehicle
16077,1.0,Pedestrian,West,Entering Traffic,Driver,North,Slowing/Stopping,Vehicle/Pedestrian,1,0,0,1,Crossing Not in Crosswalk,POINT (-122.415071868 37.776518935),Pedestrian
16078,1.0,Driver,West,Making Right Turn,Bicyclist,South,Proceeding Straight,Vehicle/Pedestrian,1,1,0,1,Crossing in Crosswalk at Intersection,POINT (-122.415086647 37.779793523),Bicycle
16079,1.0,Driver,North,Proceeding Straight,Driver,North,Slowing/Stopping,Rear End,0,0,0,1,No Pedestrian Involved,POINT (-122.423319733 37.757072464),Other Motor Vehicle
16080,1.0,Driver,South,Proceeding Straight,Pedestrian,West,Proceeding Straight,Vehicle/Pedestrian,1,0,0,1,Crossing in Crosswalk at Intersection,POINT (-122.465022871 37.740676305),Pedestrian
16081,1.0,Driver,East,Proceeding Straight,Driver,South,Proceeding Straight,Broadside,0,0,0,1,No Pedestrian Involved,POINT (-122.40041559 37.752074817),Other Motor Vehicle
16082,1.0,Driver,North,Proceeding Straight,Driver,North,Stopped,Rear End,0,0,0,1,No Pedestrian Involved,POINT (-122.464042005 37.76226885),Other Motor Vehicle
16083,1.0,Driver,South,Passing Other Vehicle,Driver,South,Proceeding Straight,Sideswipe,0,0,0,1,No Pedestrian Involved,POINT (-122.401334253 37.775090131),Other Motor Vehicle
16084,1.0,Driver,West,Proceeding Straight,Driver,West,Stopped In Road,Rear End,0,0,0,1,No Pedestrian Involved,POINT (-122.450016376 37.746017735),Other Motor Vehicle
16085,1.0,Driver,West,Proceeding Straight,Driver,South,Proceeding Straight,Broadside,0,0,0,1,No Pedestrian Involved,POINT (-122.425616053 37.789951886),Other Motor Vehicle
16086,1.0,Driver,South,Proceeding Straight,Unknown,Unknown,Unknown,Hit Object,0,0,0,1,No Pedestrian Involved,POINT (-122.394461993 37.725166299),Fixed Object
16087,,Driver,East,Proceeding Straight,Driver,North,Proceeding Straight,Broadside,0,0,0,1,No Pedestrian Involved,POINT (-122.475083581 37.780528534),Motor Vehicle on Other Roadway
16088,1.0,Driver,West,Making Left Turn,Driver,West,Proceeding Straight,Broadside,0,0,0,1,No Pedestrian Involved,POINT (-122.465806991 37.74357405),Other Motor Vehicle
16089,1.0,Driver,East,Making Left Turn,Pedestrian,North,Proceeding Straight,Vehicle/Pedestrian,1,0,0,1,Crossing in Crosswalk at Intersection,POINT (-122.413604168 37.80561848),Pedestrian
16090,1.0,Driver,West,Making Left Turn,Pedestrian,South,Proceeding Straight,Vehicle/Pedestrian,1,0,0,1,Crossing in Crosswalk at Intersection,POINT (-122.410456158 37.798372704),Pedestrian
16091,,Driver,North,Making Left Turn,Bicyclist,South,Proceeding Straight,Broadside,0,1,0,1,No Pedestrian Involved,POINT (-122.431025471 37.765867986),Bicycle
16092,1.0,Driver,South,Proceeding Straight,Driver,South,Stopped In Road,Rear End,0,0,0,1,No Pedestrian Involved,POINT (-122.452623844 37.773106134),Other Motor Vehicle
16093,1.0,Bicyclist,North,Proceeding Straight,Driver,North,Making Right Turn,Rear End,0,1,0,1,No Pedestrian Involved,POINT (-122.400297759 37.777799011),Bicycle
16094,1.0,Driver,West,Proceeding Straight,Pedestrian,Not Stated,Entering Traffic,Vehicle/Pedestrian,1,0,0,1,"In Road, Including Shoulder",POINT (-122.460665887 37.764284698),Pedestrian
16095,1.0,Driver,South,Proceeding Straight,Bicyclist,South,Making Right Turn,Broadside,0,1,0,1,No Pedestrian Involved,POINT (-122.411069443 37.775793804),Bicycle
16096,1.0,Driver,West,Proceeding Straight,Driver,South,Proceeding Straight,Broadside,0,0,0,1,No Pedestrian Involved,POINT (-122.450852984 37.745825832),Other Motor Vehicle
16097,1.0,Driver,East,Making Left Turn,Driver,West,Proceeding Straight,Broadside,0,0,0,1,No Pedestrian Involved,POINT (-122.399873458 37.798729001),Other Motor Vehicle
16098,,Driver,West,Making Left Turn,Driver,West,Proceeding Straight,Broadside,0,0,0,1,No Pedestrian Involved,POINT (-122.405242387 37.743051205),Other Motor Vehicle
16099,,Driver,East,Making Left Turn,Unknown,Unknown,Unknown,Other,0,0,0,1,No Pedestrian Involved,POINT (-122.395405271 37.796682895),Non-Collision
16100,1.0,Driver,North,Proceeding Straight,Pedestrian,East,Other,Vehicle/Pedestrian,1,0,0,1,Crossing in Crosswalk at Intersection,POINT (-122.434397321 37.754527527),Pedestrian
16101,1.0,Driver,West,Proceeding Straight,Driver,North,Proceeding Straight,Broadside,0,0,0,1,No Pedestrian Involved,POINT (-122.400933082 37.792108403),Other Motor Vehicle
16102,1.0,Driver,North,Making Left Turn,Pedestrian,South,Other,Vehicle/Pedestrian,1,0,0,1,Crossing in Crosswalk at Intersection,POINT (-122.427420777 37.782053833),Pedestrian
16103,1.0,Driver,West,Making Left Turn,Pedestrian,South,Proceeding Straight,Vehicle/Pedestrian,1,0,0,1,Crossing in Crosswalk at Intersection,POINT (-122.423974965 37.790160472),Pedestrian
16104,1.0,Driver,North,Proceeding Straight,Pedestrian,East,Proceeding Straight,Vehicle/Pedestrian,1,0,0,1,Crossing in Crosswalk at Intersection,POINT (-122.429447192 37.792216898),Pedestrian
16105,1.0,Driver,West,Other,Unknown,Unknown,Unknown,Hit Object,0,0,0,1,No Pedestrian Involved,POINT (-122.408110942 37.769245569),Fixed Object
16106,1.0,Driver,North,Making Left Turn,Driver,South,Proceeding Straight,Broadside,0,0,0,1,No Pedestrian Involved,POINT (-122.423959243 37.763167824),Other Motor Vehicle
16107,1.0,Driver,North,Proceeding Straight,Driver,North,Stopped In Road,Rear End,0,0,0,1,No Pedestrian Involved,POINT (-122.424731259 37.802280984),Other Motor Vehicle
16108,2.0,Driver,South,Slowing/Stopping,Driver,South,Proceeding Straight,Rear End,0,0,0,1,No Pedestrian Involved,POINT (-122.392998501 37.7773214),Other Motor Vehicle
16109,1.0,Driver,North,Changing Lanes,Driver,North,Proceeding Straight,Sideswipe,0,0,0,1,No Pedestrian Involved,POINT (-122.422390493 37.744517311),Other Motor Vehicle
16110,1.0,Pedestrian,West,Other,Driver,South,Proceeding Straight,Vehicle/Pedestrian,1,0,0,1,Crossing Not in Crosswalk,POINT (-122.415693872 37.782585033),Pedestrian
16111,,Driver,Not Stated,Other,Driver,West,Other,Rear End,0,0,0,1,No Pedestrian Involved,POINT (-122.444353885 37.78268878),Other Motor Vehicle
16112,1.0,Driver,West,Making Left Turn,Bicyclist,East,Proceeding Straight,Broadside,0,1,0,1,No Pedestrian Involved,POINT (-122.430047265 37.778850928),Bicycle
16113,1.0,Driver,North,Changing Lanes,Bicyclist,North,Proceeding Straight,Hit Object,0,1,0,1,No Pedestrian Involved,POINT (-122.416910487 37.806161738),Bicycle
16114,,Driver,East,Proceeding Straight,Driver,North,Proceeding Straight,Broadside,1,0,0,1,Not in Road,POINT (-122.42570021 37.773666229),Other Motor Vehicle
16115,1.0,Driver,North,Entering Traffic,Bicyclist,East,Proceeding Straight,Broadside,0,1,0,1,No Pedestrian Involved,POINT (-122.423413055 37.795737109),Bicycle
16116,1.0,Driver,East,Backing,Pedestrian,Not Stated,Other,Vehicle/Pedestrian,1,0,0,1,Not in Road,POINT (-122.403173388 37.793752608),Pedestrian
16117,1.0,Driver,South,Proceeding Straight,Driver,North,Proceeding Straight,Head-On,0,0,0,1,No Pedestrian Involved,POINT (-122.405600557 37.734422147),Other Motor Vehicle
16118,1.0,Other,North,Stopped In Road,Bicyclist,North,Proceeding Straight,Other,0,0,0,0,No Pedestrian Involved,POINT (-122.405072356 37.806381705),Not Stated
16119,1.0,Driver,West,Proceeding Straight,Driver,West,Slowing/Stopping,Rear End,0,0,0,1,No Pedestrian Involved,POINT (-122.400934562 37.745335236),Other Motor Vehicle
16120,1.0,Driver,South,Making Right Turn,Pedestrian,East,Not Stated,Vehicle/Pedestrian,1,0,0,1,Crossing in Crosswalk at Intersection,POINT (-122.412463872 37.791641734),Pedestrian
16121,1.0,Driver,West,Making Left Turn,Driver,North,Proceeding Straight,Broadside,0,0,0,1,No Pedestrian Involved,POINT (-122.454083217 37.771930405),Other Motor Vehicle
16122,1.0,Driver,West,Proceeding Straight,Driver,North,Proceeding Straight,Broadside,0,0,0,1,No Pedestrian Involved,POINT (-122.416051424 37.804355946),Other Motor Vehicle
16123,1.0,Driver,North,Proceeding Straight,Pedestrian,East,Not Stated,Vehicle/Pedestrian,1,0,0,1,Crossing in Crosswalk at Intersection,POINT (-122.506865452 37.741673016),Pedestrian
16124,,Driver,East,Proceeding Straight,Driver,South,Proceeding Straight,Broadside,0,0,0,1,No Pedestrian Involved,POINT (-122.421052874 37.792383253),Other Motor Vehicle
16125,1.0,Driver,North,Passing Other Vehicle,Pedestrian,North,Stopped In Road,Sideswipe,1,0,0,1,"In Road, Including Shoulder",POINT (-122.410096753 37.75305562),Other Motor Vehicle
16126,1.0,Driver,North,Proceeding Straight,Driver,West,Proceeding Straight,Broadside,0,0,0,1,No Pedestrian Involved,POINT (-122.421435247 37.755268223),Other Motor Vehicle
16127,1.0,Driver,West,Proceeding Straight,Driver,South,Proceeding Straight,Broadside,0,0,0,1,No Pedestrian Involved,POINT (-122.422364819 37.769867698),Other Motor Vehicle
16128,1.0,Driver,North,Making Left Turn,Other,North,Proceeding Straight,Broadside,0,0,0,1,No Pedestrian Involved,POINT (-122.388315531 37.757939705),Train
16129,1.0,Driver,East,Proceeding Straight,Driver,East,Stopped,Rear End,0,0,0,1,No Pedestrian Involved,POINT (-122.459304598 37.724524133),Other Motor Vehicle
16130,1.0,Driver,North,Stopped In Road,Pedestrian,South,Not Stated,Vehicle/Pedestrian,1,0,0,1,Crossing in Crosswalk at Intersection,POINT (-122.423988398 37.751911294),Pedestrian
16131,1.0,Driver,North,Proceeding Straight,Driver,North,Proceeding Straight,Rear End,0,0,0,1,No Pedestrian Involved,POINT (-122.403537293 37.74811811),Motor Vehicle on Other Roadway