party_id,party_at_fault,party1_type,party1_dir_of_travel,party1_move_pre_acc,party2_type,party2_dir_of_travel,party2_move_pre_acc,type_of_collision,involves_pedestrian,involves_bicycle,involves_motorcycle,involves_vehicle,ped_action,point,mviw
16132,1.0,Driver,North,Making Left Turn,Driver,West,Proceeding Straight,Broadside,0,0,0,1,No Pedestrian Involved,POINT (-122.442553662 37.723168314),Other Motor Vehicle
16133,1.0,Driver,North,Passing Other Vehicle,Driver,North,Making Right Turn,Sideswipe,0,0,0,1,No Pedestrian Involved,POINT (-122.422197911 37.768126679),Other Motor Vehicle
16134,1.0,Pedestrian,West,Other,Driver,North,Proceeding Straight,Vehicle/Pedestrian,1,0,0,1,Crossing Not in Crosswalk,POINT (-122.419833273 37.766755906),Pedestrian
16135,1.0,Driver,West,Proceeding Straight,Driver,South,Proceeding Straight,Broadside,0,0,0,1,No Pedestrian Involved,POINT (-122.495440518 37.779591243),Other Motor Vehicle
16136,,Driver,West,Making Left Turn,Driver,East,Proceeding Straight,Broadside,0,0,0,1,No Pedestrian Involved,POINT (-122.449591839 37.731581928),Other Motor Vehicle
16137,1.0,Driver,South,Making Left Turn,Pedestrian,East,Proceeding Straight,Vehicle/Pedestrian,1,0,0,1,Crossing in Crosswalk at Intersection,POINT (-122.431571349 37.786284535),Pedestrian
16138,1.0,Driver,North,Proceeding Straight,Driver,North,Stopped In Road,Rear End,0,0,0,1,No Pedestrian Involved,POINT (-122.417894577 37.785134519),Other Motor Vehicle
16139,1.0,Driver,North,Making U Turn,Driver,East,Proceeding Straight,Broadside,0,0,0,1,No Pedestrian Involved,POINT (-122.418658774 37.790830536),Other Motor Vehicle
16140,1.0,Driver,East,Proceeding Straight,Driver,West,Making Left Turn,Head-On,0,0,0,1,No Pedestrian Involved,POINT (-122.422571062 37.748772898),Other Motor Vehicle
16141,1.0,Driver,North,Slowing/Stopping,Driver,North,Proceeding Straight,Sideswipe,0,0,0,1,No Pedestrian Involved,POINT (-122.393690657 37.779603092),Other Motor Vehicle
16142,1.0,Driver,North,Making Right Turn,Driver,West,Proceeding Straight,Sideswipe,0,0,0,1,No Pedestrian Involved,POINT (-122.415241485 37.805417172),Other Motor Vehicle
16143,1.0,Driver,West,Proceeding Straight,Pedestrian,South,Proceeding Straight,Vehicle/Pedestrian,1,0,0,1,Crossing in Crosswalk at Intersection,POINT (-122.46735401 37.778945797),Pedestrian
16144,1.0,Driver,South,Parking Maneuver,Driver,South,Proceeding Straight,Sideswipe,0,0,0,1,No Pedestrian Involved,POINT (-122.423620489 37.760245823),Motor Vehicle on Other Roadway
16145,1.0,Driver,East,Proceeding Straight,Driver,East,Stopped In Road,Rear End,0,0,0,1,No Pedestrian Involved,POINT (-122.408977224 37.770942812),Other Motor Vehicle
16146,1.0,Driver,East,Proceeding Straight,Driver,North,Proceeding Straight,Broadside,0,0,0,1,No Pedestrian Involved,POINT (-122.429554057 37.776044286),Other Motor Vehicle
16147,1.0,Driver,North,Entering Traffic,Driver,East,Proceeding Straight,Broadside,0,0,0,1,No Pedestrian Involved,POINT (-122.423378043 37.790236333),Other Motor Vehicle
16148,1.0,Driver,Not Stated,Proceeding Straight,Driver,West,Parked,Broadside,0,0,0,1,No Pedestrian Involved,POINT (-122.414998617 37.762099161),Other Motor Vehicle
16149,1.0,Pedestrian,North,Entering Traffic,Driver,East,Proceeding Straight,Vehicle/Pedestrian,1,0,0,1,"In Road, Including Shoulder",POINT (-122.406969181 37.786543689),Pedestrian
16150,1.0,Driver,East,Slowing/Stopping,Driver,East,Stopped In Road,Rear End,0,0,0,1,No Pedestrian Involved,POINT (-122.466619014 37.765870099),Other Motor Vehicle
16151,1.0,Driver,North,Proceeding Straight,Driver,North,Proceeding Straight,Rear End,0,0,0,1,No Pedestrian Involved,POINT (-122.41109859 37.784870147),Other Motor Vehicle
16152,1.0,Driver,North,Proceeding Straight,Parked Vehicle,Not Stated,Not Stated,Sideswipe,0,0,0,1,No Pedestrian Involved,POINT (-122.462898778 37.776706837),Parked Motor Vehicle
16153,,Driver,South,Proceeding Straight,Other,South,Making Left Turn,Other,0,0,0,1,No Pedestrian Involved,POINT (-122.417260631 37.807072514),Train
16154,1.0,Driver,East,Making Left Turn,Bicyclist,North,Proceeding Straight,Broadside,0,1,0,1,No Pedestrian Involved,POINT (-122.404990206 37.769714505),Bicycle
16155,1.0,Bicyclist,East,Proceeding Straight,Driver,South,Proceeding Straight,Head-On,0,1,0,1,No Pedestrian Involved,POINT (-122.460957705 37.764271899),Bicycle
16156,1.0,Driver,West,Making Right Turn,Driver,East,Proceeding Straight,Head-On,0,0,0,1,No Pedestrian Involved,POINT (-122.405650075 37.778477609),Other Motor Vehicle
16157,1.0,Driver,East,Making Left Turn,Pedestrian,West,Not Stated,Vehicle/Pedestrian,1,0,0,1,Crossing in Crosswalk at Intersection,POINT (-122.42148545 37.743122664),Pedestrian
16158,1.0,Driver,North,Making Right Turn,Pedestrian,West,Proceeding Straight,Vehicle/Pedestrian,1,0,0,1,Crossing in Crosswalk at Intersection,POINT (-122.408732068 37.780989791),Pedestrian
16159,1.0,Driver,North,Proceeding Straight,Driver,East,Proceeding Straight,Broadside,0,0,0,1,No Pedestrian Involved,POINT (-122.389035068 37.732918895),Other Motor Vehicle
16160,1.0,Driver,North,Proceeding Straight,Driver,North,Proceeding Straight,Rear End,0,0,0,1,No Pedestrian Involved,POINT (-122.404384214 37.744223343),Other Motor Vehicle
16161,1.0,Driver,South,Parked,Bicyclist,South,Proceeding Straight,Sideswipe,0,1,0,1,No Pedestrian Involved,POINT (-122.401160923 37.802987919),Bicycle
16162,1.0,Driver,East,Making Left Turn,Driver,East,Proceeding Straight,Sideswipe,0,0,0,1,No Pedestrian Involved,POINT (-122.419927948 37.786827527),Other Motor Vehicle
16163,1.0,Driver,North,Proceeding Straight,Driver,North,Stopped In Road,Rear End,0,0,0,1,No Pedestrian Involved,POINT (-122.40780518 37.770701841),Other Motor Vehicle
16164,1.0,Driver,North,Proceeding Straight,Bicyclist,East,Making Left Turn,Broadside,0,1,0,1,No Pedestrian Involved,POINT (-122.482318449 37.776399887),Bicycle
16165,1.0,Driver,East,Making Right Turn,Pedestrian,South,Other,Vehicle/Pedestrian,1,0,0,1,Crossing in Crosswalk at Intersection,POINT (-122.406304986 37.794263627),Pedestrian
16166,1.0,Pedestrian,West,Other,Driver,West,Proceeding Straight,Vehicle/Pedestrian,1,0,0,1,"In Road, Including Shoulder",POINT (-122.43459593 37.760913211),Pedestrian
16167,1.0,Bicyclist,North,Proceeding Straight,Driver,North,Stopped In Road,Rear End,0,1,0,1,No Pedestrian Involved,POINT (-122.431936385 37.804556693),Bicycle
16168,1.0,Bicyclist,West,Entering Traffic,Driver,South,Proceeding Straight,Other,0,1,0,1,No Pedestrian Involved,POINT (-122.408066548 37.783991487),Bicycle
16169,1.0,Pedestrian,West,Proceeding Straight,Driver,East,Proceeding Straight,Vehicle/Pedestrian,1,0,0,1,"In Road, Including Shoulder",POINT (-122.37533516 37.829307546),Pedestrian
16170,,Driver,West,Making Left Turn,Bicyclist,South,Proceeding Straight,Vehicle/Pedestrian,1,1,0,1,Not Stated,POINT (-122.498249666 37.773799858),Bicycle
16171,1.0,Driver,East,Making Right Turn,Driver,East,Making Left Turn,Sideswipe,0,0,0,1,No Pedestrian Involved,POINT (-122.41993439 37.770137767),Other Motor Vehicle
16172,,Driver,West,Proceeding Straight,Driver,South,Proceeding Straight,Broadside,0,0,0,1,No Pedestrian Involved,POINT (-122.394099271 37.785149309),Other Motor Vehicle
16173,1.0,Driver,North,Merging,Bicyclist,North,Proceeding Straight,Sideswipe,0,1,0,1,No Pedestrian Involved,POINT (-122.421288189 37.743427653),Bicycle
16174,1.0,Bicyclist,West,Proceeding Straight,Unknown,Unknown,Unknown,Other,0,0,0,0,No Pedestrian Involved,POINT (-122.419221736 37.791704015),Not Stated
16175,1.0,Driver,East,Proceeding Straight,Driver,East,Stopped In Road,Rear End,0,0,0,1,No Pedestrian Involved,POINT (-122.447833027 37.746384218),Other Motor Vehicle
16176,,Driver,North,Proceeding Straight,Parked Vehicle,Not Stated,Proceeding Straight,Sideswipe,0,0,0,1,No Pedestrian Involved,POINT (-122.411234342 37.755485762),Other Motor Vehicle
16177,1.0,Driver,West,Proceeding Straight,Bicyclist,West,Proceeding Straight,Rear End,0,1,0,1,No Pedestrian Involved,POINT (-122.450182575 37.728362223),Bicycle
16178,1.0,Driver,South,Changing Lanes,Driver,East,Proceeding Straight,Not Stated,0,0,0,1,No Pedestrian Involved,POINT (-122.422598043 37.775020696),Other Motor Vehicle
16179,1.0,Driver,North,Backing,Bicyclist,East,Proceeding Straight,Not Stated,0,1,0,1,No Pedestrian Involved,POINT (-122.4338715 37.778363306),Bicycle
16180,1.0,Driver,South,Proceeding Straight,Unknown,Unknown,Unknown,Broadside,0,0,0,1,No Pedestrian Involved,POINT (-122.490692042 37.74239025),Train
16181,1.0,Pedestrian,West,Proceeding Straight,Driver,North,Slowing/Stopping,Vehicle/Pedestrian,1,0,0,1,Crossing Not in Crosswalk,POINT (-122.428807313 37.766005363),Pedestrian
16182,1.0,Parked Vehicle,South,Parked,Driver,South,Proceeding Straight,Sideswipe,0,0,0,1,No Pedestrian Involved,POINT (-122.48530511 37.742192596),Parked Motor Vehicle
16183,,Bicyclist,South,Proceeding Straight,Unknown,Unknown,Unknown,Hit Object,0,0,0,0,No Pedestrian Involved,POINT (-122.387304705 37.757917312),Fixed Object
16184,1.0,Driver,South,Changing Lanes,Unknown,Unknown,Unknown,Other,0,0,0,1,No Pedestrian Involved,POINT (-122.472505528 37.720399681),Non-Collision
16185,1.0,Driver,South,Changing Lanes,Driver,South,Proceeding Straight,Broadside,0,0,0,1,No Pedestrian Involved,POINT (-122.420028728 37.745491502),Other Motor Vehicle
16186,1.0,Driver,South,Making Left Turn,Driver,North,Proceeding Straight,Head-On,0,0,0,1,No Pedestrian Involved,POINT (-122.442109525 37.787855573),Other Motor Vehicle
16187,1.0,Driver,East,Proceeding Straight,Driver,West,Slowing/Stopping,Head-On,0,0,0,1,No Pedestrian Involved,POINT (-122.428156869 37.728546888),Pedestrian
16188,1.0,Driver,East,Passing Other Vehicle,Driver,East,Passing Other Vehicle,Sideswipe,0,0,0,1,No Pedestrian Involved,POINT (-122.425655072 37.776541922),Other Motor Vehicle
16189,1.0,Driver,East,Proceeding Straight,Unknown,Unknown,Unknown,Head-On,0,0,0,1,No Pedestrian Involved,POINT (-122.402780196 37.748164465),Fixed Object
16190,1.0,Driver,East,Proceeding Straight,Driver,East,Stopped In Road,Rear End,0,0,0,1,No Pedestrian Involved,POINT (-122.441589501 37.793427824),Other Motor Vehicle
16191,1.0,Driver,South,Proceeding Straight,Driver,West,Making Left Turn,Broadside,0,0,0,1,No Pedestrian Involved,POINT (-122.426228479 37.76303087),Other Motor Vehicle
16192,1.0,Driver,East,Making Right Turn,Driver,East,Proceeding Straight,Sideswipe,0,0,0,1,No Pedestrian Involved,POINT (-122.404257985 37.738712585),Other Motor Vehicle
16193,1.0,Driver,East,Proceeding Straight,Unknown,Unknown,Unknown,Overturned,0,0,0,1,No Pedestrian Involved,POINT (-122.393950518 37.776569423),Non-Collision
16194,1.0,Pedestrian,North,Proceeding Straight,Driver,East,Making Right Turn,Vehicle/Pedestrian,1,0,0,1,Crossing Not in Crosswalk,POINT (-122.417090931 37.781454388),Pedestrian
16195,1.0,Driver,North,Proceeding Straight,Driver,North,Making Right Turn,Rear End,0,0,0,1,No Pedestrian Involved,POINT (-122.425436866 37.797408351),Other Motor Vehicle
16196,1.0,Bicyclist,North,Entering Traffic,Driver,North,Proceeding Straight,Other,0,1,0,1,No Pedestrian Involved,POINT (-122.403504657 37.788030952),Bicycle
16197,1.0,Bicyclist,West,Proceeding Straight,Driver,West,Making Left Turn,Broadside,0,1,0,1,No Pedestrian Involved,POINT (-122.455135658 37.723672364),Bicycle
16198,,Driver,North,Proceeding Straight,Driver,North,Stopped In Road,Rear End,0,0,0,1,No Pedestrian Involved,POINT (-122.405658784 37.806673632),Other Motor Vehicle
16199,1.0,Driver,East,Changing Lanes,Driver,East,Proceeding Straight,Other,0,0,0,1,No Pedestrian Involved,POINT (-122.43408648 37.800028188),Non-Collision
16200,1.0,Pedestrian,East,Other,Driver,South,Not Stated,Vehicle/Pedestrian,1,0,0,1,Crossing Not in Crosswalk,POINT (-122.411216342 37.755296803),Pedestrian
16201,1.0,Pedestrian,South,Other,Driver,South,Proceeding Straight,Head-On,1,0,0,1,"In Road, Including Shoulder",POINT (-122.406259976 37.752169876),Pedestrian
16202,1.0,Driver,South,Stopped In Road,Driver,South,Proceeding Straight,Rear End,0,0,0,1,No Pedestrian Involved,POINT (-122.397863386 37.766369339),Other Motor Vehicle
16203,1.0,Driver,North,Making Left Turn,Driver,South,Proceeding Straight,Head-On,0,0,0,1,No Pedestrian Involved,POINT (-122.431204945 37.784568241),Other Motor Vehicle
16204,1.0,Driver,West,Making Left Turn,Driver,East,Proceeding Straight,Broadside,0,0,0,1,No Pedestrian Involved,POINT (-122.40753423 37.765783299),Other Motor Vehicle
16205,1.0,Driver,West,Proceeding Straight,Driver,South,Backing,Broadside,0,0,0,1,No Pedestrian Involved,POINT (-122.420559441 37.755320736),Other Motor Vehicle
16206,1.0,Pedestrian,South,Backing,Driver,East,Proceeding Straight,Vehicle/Pedestrian,1,0,0,1,"In Road, Including Shoulder",POINT (-122.476960683 37.742994022),Not Stated
16207,1.0,Driver,West,Proceeding Straight,Pedestrian,North,Proceeding Straight,Vehicle/Pedestrian,1,0,0,1,Crossing in Crosswalk at Intersection,POINT (-122.440921792 37.773635296),Pedestrian
16208,1.0,Driver,East,Making Left Turn,Driver,West,Proceeding Straight,Head-On,0,0,0,1,No Pedestrian Involved,POINT (-122.39276454 37.778840067),Other Motor Vehicle
16209,,Driver,East,Proceeding Straight,Driver,East,Stopped In Road,Rear End,0,0,0,1,No Pedestrian Involved,POINT (-122.415165118 37.729231216),Other Motor Vehicle
16210,1.0,Driver,East,Proceeding Straight,Pedestrian,North,Not Stated,Vehicle/Pedestrian,1,0,0,1,Crossing Not in Crosswalk,POINT (-122.41216606 37.782080038),Pedestrian
16211,1.0,Driver,West,Proceeding Straight,Bicyclist,West,Proceeding Straight,Hit Object,0,1,0,1,No Pedestrian Involved,POINT (-122.395969777 37.79102938),Bicycle
16212,1.0,Driver,South,Making Left Turn,Driver,North,Proceeding Straight,Broadside,0,0,0,1,No Pedestrian Involved,POINT (-122.417460373 37.764909064),Other Motor Vehicle
16213,1.0,Driver,South,Proceeding Straight,Driver,South,Stopped In Road,Rear End,0,0,0,1,No Pedestrian Involved,POINT (-122.421819353 37.787588609),Other Motor Vehicle
16214,1.0,Driver,East,Backing,Unknown,Unknown,Unknown,Hit Object,0,0,0,1,No Pedestrian Involved,POINT (-122.405408383 37.75386345),Fixed Object
16215,1.0,Driver,South,Making Left Turn,Pedestrian,Not Stated,Not Stated,Vehicle/Pedestrian,1,0,0,1,Crossing in Crosswalk at Intersection,POINT (-122.436630951 37.713552479),Pedestrian
16216,1.0,Driver,South,Making Right Turn,Other,East,Proceeding Straight,Broadside,0,0,0,1,No Pedestrian Involved,POINT (-122.40884575 37.775953229),Other Motor Vehicle
16217,1.0,Driver,West,Making Left Turn,Pedestrian,North,Proceeding Straight,Broadside,1,0,0,1,Crossing in Crosswalk at Intersection,POINT (-122.439336653 37.799425312),Pedestrian
16218,1.0,Driver,East,Making Right Turn,Bicyclist,East,Proceeding Straight,Broadside,0,1,0,1,No Pedestrian Involved,POINT (-122.421209882 37.768199453),Bicycle
16219,1.0,Driver,North,Making Left Turn,Other,South,Proceeding Straight,Broadside,0,0,0,1,No Pedestrian Involved,POINT (-122.398256964 37.78677895),Other Motor Vehicle
16220,1.0,Driver,North,Backing,Pedestrian,West,Other,Vehicle/Pedestrian,1,0,0,1,"In Road, Including Shoulder",POINT (-122.393695082 37.783139416),Pedestrian
16221,1.0,Driver,South,Other,Unknown,Unknown,Unknown,Other,0,0,0,1,No Pedestrian Involved,POINT (-122.446226153 37.758748959),Parked Motor Vehicle
16222,1.0,Driver,North,Proceeding Straight,Driver,West,Proceeding Straight,Broadside,0,0,0,1,No Pedestrian Involved,POINT (-122.423413055 37.795737109),Other Motor Vehicle
16223,1.0,Driver,North,Proceeding Straight,Driver,North,Stopped In Road,Rear End,0,0,0,1,No Pedestrian Involved,POINT (-122.447883303 37.710636043),Other Motor Vehicle
16224,1.0,Driver,East,Proceeding Straight,Pedestrian,South,Proceeding Straight,Vehicle/Pedestrian,1,0,0,1,Crossing in Crosswalk at Intersection,POINT (-122.46784812 37.731818588),Pedestrian
16225,1.0,Driver,North,Making U Turn,Pedestrian,Not Stated,Stopped In Road,Vehicle/Pedestrian,1,0,0,1,Not in Road,POINT (-122.415633528 37.757308919),Pedestrian
16226,1.0,Driver,North,Proceeding Straight,Pedestrian,West,Not Stated,Vehicle/Pedestrian,1,0,0,1,Crossing in Crosswalk at Intersection,POINT (-122.494312596 37.740356325),Pedestrian
16227,2.0,Driver,North,Stopped In Road,Driver,North,Making Left Turn,Broadside,0,0,0,1,No Pedestrian Involved,POINT (-122.401656681 37.771817125),Other Motor Vehicle
16228,1.0,Driver,South,Making Left Turn,Driver,North,Proceeding Straight,Sideswipe,0,0,0,1,No Pedestrian Involved,POINT (-122.498106916 37.732267892),Other Motor Vehicle
16229,1.0,Driver,North,Crossed Into Opposing Lane,Driver,South,Proceeding Straight,Head-On,0,0,0,1,No Pedestrian Involved,POINT (-122.404999241 37.781552121),Other Motor Vehicle
16230,1.0,Driver,South,Making U Turn,Driver,North,Proceeding Straight,Broadside,0,0,0,1,No Pedestrian Involved,POINT (-122.410648748 37.767313934),Other Motor Vehicle
16231,,Driver,East,Entering Traffic,Pedestrian,Not Stated,Not Stated,Vehicle/Pedestrian,1,0,0,1,Crossing in Crosswalk Not at Intersection,POINT (-122.404838651 37.794669673),Pedestrian
16232,1.0,Driver,East,Parked,Bicyclist,East,Proceeding Straight,Other,0,1,0,1,No Pedestrian Involved,POINT (-122.417069197 37.78336805),Bicycle
16233,1.0,Driver,West,Backing,Pedestrian,South,Proceeding Straight,Vehicle/Pedestrian,1,0,0,1,Crossing in Crosswalk at Intersection,POINT (-122.415920137 37.775262594),Pedestrian
16234,1.0,Driver,East,Merging,Bicyclist,East,Proceeding Straight,Sideswipe,0,1,0,1,No Pedestrian Involved,POINT (-122.433574403 37.763936629),Bicycle
16235,1.0,Driver,North,Making Left Turn,Driver,South,Proceeding Straight,Head-On,0,0,0,1,No Pedestrian Involved,POINT (-122.416872481 37.758764229),Other Motor Vehicle
16236,1.0,Driver,East,Making Right Turn,Pedestrian,South,Not Stated,Vehicle/Pedestrian,1,0,0,1,Crossing in Crosswalk at Intersection,POINT (-122.402061634 37.749396678),Pedestrian
16237,1.0,Bicyclist,East,Changing Lanes,Unknown,Unknown,Unknown,Other,0,0,0,0,No Pedestrian Involved,POINT (-122.414741222 37.778719429),Not Stated
16238,1.0,Bicyclist,East,Making Right Turn,Driver,East,Parking Maneuver,Broadside,0,1,0,1,No Pedestrian Involved,POINT (-122.398353414 37.762469376),Bicycle
16239,,Driver,North,Proceeding Straight,Driver,North,Stopped In Road,Rear End,0,0,0,1,No Pedestrian Involved,POINT (-122.477362831 37.766062486),Other Motor Vehicle
16240,1.0,Pedestrian,Not Stated,Not Stated,Driver,North,Proceeding Straight,Not Stated,1,0,0,1,Not Stated,POINT (-122.433839654 37.788906284),Not Stated
16241,1.0,Driver,South,Proceeding Straight,Driver,West,Proceeding Straight,Broadside,0,0,0,1,No Pedestrian Involved,POINT (-122.417385454 37.799413513),Other Motor Vehicle
16242,1.0,Driver,North,Proceeding Straight,Driver,East,Making Left Turn,Broadside,0,0,0,1,No Pedestrian Involved,POINT (-122.415954642 37.749172183),Other Motor Vehicle
16243,1.0,Driver,South,Making Right Turn,Pedestrian,West,Proceeding Straight,Vehicle/Pedestrian,1,0,0,1,Crossing in Crosswalk at Intersection,POINT (-122.413541441 37.788598204),Pedestrian
16244,,Driver,South,Proceeding Straight,Parked Vehicle,North,Other,Rear End,0,0,0,1,No Pedestrian Involved,POINT (-122.395653243 37.722215115),Other Motor Vehicle
16245,,Driver,North,Proceeding Straight,Driver,North,Proceeding Straight,Sideswipe,0,0,0,1,No Pedestrian Involved,POINT (-122.422463744 37.782685369),Other Motor Vehicle
16246,1.0,Driver,South,Proceeding Straight,Driver,South,Stopped In Road,Rear End,0,0,0,1,No Pedestrian Involved,POINT (-122.399763353 37.792257948),Other Motor Vehicle
16247,1.0,Driver,South,Proceeding Straight,Pedestrian,West,Not Stated,Vehicle/Pedestrian,1,0,0,1,Crossing in Crosswalk at Intersection,POINT (-122.441543961 37.715767077),Pedestrian
16248,1.0,Driver,North,Proceeding Straight,Driver,North,Stopped,Rear End,0,0,0,1,No Pedestrian Involved,POINT (-122.403582225 37.747377954),Other Motor Vehicle
16249,1.0,Pedestrian,North,Stopped In Road,Driver,North,Making Left Turn,Vehicle/Pedestrian,1,0,0,1,Crossing Not in Crosswalk,POINT (-122.420900624 37.76262486),Pedestrian
16250,1.0,Driver,South,Proceeding Straight,Driver,South,Proceeding Straight,Rear End,0,0,0,1,No Pedestrian Involved,POINT (-122.433386844 37.729775576),Other Motor Vehicle
16251,1.0,Bicyclist,East,Proceeding Straight,Driver,East,Changing Lanes,Sideswipe,0,1,0,1,No Pedestrian Involved,POINT (-122.427598773 37.774381825),Bicycle
16252,,Driver,East,Proceeding Straight,Driver,East,Stopped In Road,Rear End,0,0,0,1,No Pedestrian Involved,POINT (-122.427080193 37.797200168),Other Motor Vehicle
16253,1.0,Driver,West,Making Left Turn,Bicyclist,South,Proceeding Straight,Broadside,0,1,0,1,No Pedestrian Involved,POINT (-122.401843273 37.779032133),Bicycle
16254,1.0,Driver,North,Crossed Into Opposing Lane,Driver,West,Proceeding Straight,Broadside,0,0,0,1,No Pedestrian Involved,POINT (-122.507804845 37.756598756),Other Motor Vehicle
16255,1.0,Driver,South,Changing Lanes,Driver,South,Proceeding Straight,Sideswipe,0,0,0,1,No Pedestrian Involved,POINT (-122.471762123 37.773138948),Other Motor Vehicle
16256,1.0,Driver,South,Making Left Turn,Driver,North,Proceeding Straight,Broadside,0,0,0,1,No Pedestrian Involved,POINT (-122.469798242 37.714281684),Other Motor Vehicle
16257,1.0,Driver,South,Changing Lanes,Driver,South,Proceeding Straight,Sideswipe,0,0,0,1,No Pedestrian Involved,POINT (-122.424074485 37.76391898),Other Motor Vehicle
16258,1.0,Driver,South,Making Left Turn,Driver,North,Proceeding Straight,Broadside,0,0,0,1,No Pedestrian Involved,POINT (-122.431293844 37.728729548),Motor Vehicle on Other Roadway
16259,1.0,Driver,South,Proceeding Straight,Driver,East,Proceeding Straight,Overturned,0,0,0,1,No Pedestrian Involved,POINT (-122.404412161 37.796302099),Other Motor Vehicle
16260,1.0,Driver,West,Making Left Turn,Bicyclist,East,Proceeding Straight,Broadside,0,1,0,1,No Pedestrian Involved,POINT (-122.423541307 37.779673586),Bicycle
16261,1.0,Driver,South,Proceeding Straight,Driver,South,Stopped In Road,Rear End,0,0,0,1,No Pedestrian Involved,POINT (-122.474777386 37.730931051),Other Motor Vehicle
16262,1.0,Driver,East,Making Right Turn,Pedestrian,North,Proceeding Straight,Vehicle/Pedestrian,1,0,0,1,Crossing in Crosswalk at Intersection,POINT (-122.405142977 37.796210955),Pedestrian
16263,,Driver,North,Proceeding Straight,Driver,North,Proceeding Straight,Rear End,0,0,0,1,No Pedestrian Involved,POINT (-122.399830688 37.713778927),Other Motor Vehicle
16264,1.0,Driver,North,Making Left Turn,Pedestrian,Not Stated,Proceeding Straight,Vehicle/Pedestrian,1,0,0,1,Crossing in Crosswalk at Intersection,POINT (-122.406912953 37.73943367),Pedestrian
16265,1.0,Driver,South,Making Left Turn,Driver,West,Proceeding Straight,Other,0,0,0,1,No Pedestrian Involved,POINT (-122.393340266 37.749915159),Other Motor Vehicle
16266,1.0,Driver,East,Making Right Turn,Driver,East,Proceeding Straight,Sideswipe,0,0,0,1,No Pedestrian Involved,POINT (-122.426116489 37.73113274),Other Motor Vehicle
16267,1.0,Pedestrian,West,Other,Driver,North,Proceeding Straight,Vehicle/Pedestrian,1,0,0,1,Crossing Not in Crosswalk,POINT (-122.424718711 37.793847828),Pedestrian
16268,1.0,Bicyclist,South,Making Left Turn,Driver,South,Proceeding Straight,Sideswipe,0,1,0,1,No Pedestrian Involved,POINT (-122.388306068 37.781798235),Bicycle
16269,1.0,Driver,East,Proceeding Straight,Driver,South,Proceeding Straight,Broadside,0,0,0,1,No Pedestrian Involved,POINT (-122.489013493 37.779890575),Other Motor Vehicle
16270,1.0,Bicyclist,South,Making Left Turn,Driver,East,Proceeding Straight,Broadside,0,1,0,1,No Pedestrian Involved,POINT (-122.413385237 37.769502005),Bicycle
16271,1.0,Driver,East,Proceeding Straight,Driver,East,Stopped In Road,Rear End,0,0,0,1,No Pedestrian Involved,POINT (-122.408685189 37.783439298),Other Motor Vehicle
16272,1.0,Driver,South,Making Left Turn,Driver,West,Proceeding Straight,Broadside,0,0,0,1,No Pedestrian Involved,POINT (-122.423677219 37.748710931),Other Motor Vehicle
16273,,Driver,West,Proceeding Straight,Driver,North,Proceeding Straight,Broadside,0,0,0,1,No Pedestrian Involved,POINT (-122.442647897 37.79900005),Other Motor Vehicle
16274,1.0,Driver,North,Proceeding Straight,Driver,South,Proceeding Straight,Broadside,0,0,0,1,No Pedestrian Involved,POINT (-122.397796257 37.794434007),Other Motor Vehicle
16275,1.0,Driver,East,Making Left Turn,Pedestrian,North,Other,Vehicle/Pedestrian,1,0,0,1,Crossing in Crosswalk at Intersection,POINT (-122.407100694 37.790372388),Pedestrian
16276,1.0,Driver,North,Proceeding Straight,Driver,North,Proceeding Straight,Rear End,0,0,0,1,No Pedestrian Involved,POINT (-122.426180044 37.801095456),Other Motor Vehicle
16277,1.0,Driver,South,Proceeding Straight,Driver,North,Making Left Turn,Head-On,0,0,0,1,No Pedestrian Involved,POINT (-122.434144537 37.733550344),Other Motor Vehicle
16278,1.0,Driver,East,Proceeding Straight,Driver,East,Making Left Turn,Broadside,0,0,0,1,No Pedestrian Involved,POINT (-122.441050163 37.723342146),Motor Vehicle on Other Roadway
16279,1.0,Pedestrian,East,Proceeding Straight,Driver,North,Proceeding Straight,Vehicle/Pedestrian,1,0,0,1,Crossing in Crosswalk at Intersection,POINT (-122.408115676 37.784030098),Pedestrian
16280,,Driver,East,Proceeding Straight,Driver,East,Proceeding Straight,Sideswipe,0,0,0,1,No Pedestrian Involved,POINT (-122.39875545 37.776568383),Other Motor Vehicle
16281,1.0,Driver,West,Proceeding Straight,Driver,West,Stopped,Rear End,0,0,0,1,No Pedestrian Involved,POINT (-122.416302241 37.757191746),Other Motor Vehicle
16282,1.0,Driver,West,Proceeding Straight,Pedestrian,North,Proceeding Straight,Broadside,1,0,0,1,Crossing in Crosswalk at Intersection,POINT (-122.408109482 37.752857204),Pedestrian
16283,2.0,Pedestrian,West,Proceeding Straight,Driver,North,Proceeding Straight,Vehicle/Pedestrian,1,0,0,1,Crossing Not in Crosswalk,POINT (-122.402970551 37.802151047),Pedestrian
16284,,Driver,South,Passing Other Vehicle,Driver,North,Making Left Turn,Not Stated,0,0,0,1,No Pedestrian Involved,POINT (-122.417645453 37.766805242),Non-Collision
16285,1.0,Driver,South,Proceeding Straight,Driver,South,Stopped In Road,Rear End,0,0,0,1,No Pedestrian Involved,POINT (-122.436651949 37.7222251),Other Motor Vehicle