party_id,party_at_fault,party1_type,party1_dir_of_travel,party1_move_pre_acc,party2_type,party2_dir_of_travel,party2_move_pre_acc,type_of_collision,involves_pedestrian,involves_bicycle,involves_motorcycle,involves_vehicle,ped_action,point,mviw
17053,1.0,Driver,West,Proceeding Straight,Driver,East,Proceeding Straight,Head-On,0,0,0,1,No Pedestrian Involved,POINT (-122.392524623 37.791310971),Other Motor Vehicle
17054,1.0,Driver,North,Ran Off Road,Unknown,Unknown,Unknown,Hit Object,0,0,0,1,No Pedestrian Involved,POINT (-122.511877493 37.776627707),Fixed Object
17055,1.0,Pedestrian,West,Other,Driver,North,Making Right Turn,Vehicle/Pedestrian,1,0,0,1,"In Road, Including Shoulder",POINT (-122.420077484 37.708323685),Pedestrian
17056,1.0,Driver,East,Proceeding Straight,Pedestrian,North,Proceeding Straight,Vehicle/Pedestrian,1,0,0,1,Crossing Not in Crosswalk,POINT (-122.412471595 37.78585219),Pedestrian
17057,1.0,Driver,East,Proceeding Straight,Pedestrian,South,Proceeding Straight,Vehicle/Pedestrian,1,0,0,1,Crossing in Crosswalk at Intersection,POINT (-122.460137199 37.783136488),Pedestrian
17058,1.0,Driver,South,Proceeding Straight,Driver,East,Proceeding Straight,Broadside,0,0,0,1,No Pedestrian Involved,POINT (-122.445965371 37.799580912),Other Motor Vehicle
17059,1.0,Driver,North,Proceeding Straight,Pedestrian,West,Proceeding Straight,Vehicle/Pedestrian,1,0,0,1,Crossing in Crosswalk at Intersection,POINT (-122.43976894 37.722062116),Pedestrian
17060,1.0,Driver,West,Proceeding Straight,Driver,West,Stopped In Road,Rear End,0,0,0,1,No Pedestrian Involved,POINT (-122.446245803 37.772951272),Other Motor Vehicle
17061,1.0,Driver,East,Proceeding Straight,Parked Vehicle,Not Stated,Parked,Rear End,0,0,0,1,No Pedestrian Involved,POINT (-122.418138061 37.768384985),Parked Motor Vehicle
17062,1.0,Driver,West,Proceeding Straight,Driver,North,Proceeding Straight,Broadside,0,0,0,1,No Pedestrian Involved,POINT (-122.465068461 37.777185305),Other Motor Vehicle
17063,1.0,Driver,East,Proceeding Straight,Driver,East,Proceeding Straight,Sideswipe,0,0,0,1,No Pedestrian Involved,POINT (-122.433851999 37.733427134),Other Motor Vehicle
17064,1.0,Driver,North,Proceeding Straight,Pedestrian,West,Proceeding Straight,Vehicle/Pedestrian,1,0,0,1,Crossing in Crosswalk at Intersection,POINT (-122.436641867 37.71354978),Pedestrian
17065,1.0,Driver,West,Proceeding Straight,Driver,North,Proceeding Straight,Broadside,0,0,0,1,No Pedestrian Involved,POINT (-122.441332859 37.792510646),Other Motor Vehicle
17066,1.0,Pedestrian,East,Entering Traffic,Driver,South,Proceeding Straight,Vehicle/Pedestrian,1,0,0,1,Crossing Not in Crosswalk,POINT (-122.407573238 37.766119233),Pedestrian
17067,1.0,Driver,South,Making Right Turn,Other,South,Proceeding Straight,Sideswipe,0,0,0,1,No Pedestrian Involved,POINT (-122.408976274 37.791089002),Fixed Object
17068,1.0,Driver,East,Making Left Turn,Bicyclist,West,Proceeding Straight,Broadside,0,1,0,1,No Pedestrian Involved,POINT (-122.486140768 37.738852674),Bicycle
17069,1.0,Driver,North,Parked,Bicyclist,North,Proceeding Straight,Rear End,0,1,0,1,No Pedestrian Involved,POINT (-122.397669949 37.799234483),Bicycle
17070,,Driver,East,Proceeding Straight,Driver,East,Other,Rear End,0,0,0,1,No Pedestrian Involved,POINT (-122.394059623 37.792537217),Other Motor Vehicle
17071,1.0,Driver,South,Making Left Turn,Bicyclist,North,Proceeding Straight,Head-On,0,1,0,1,No Pedestrian Involved,POINT (-122.435772711 37.79848869),Bicycle
17072,1.0,Driver,Not Stated,Proceeding Straight,Driver,West,Proceeding Straight,Broadside,0,0,0,1,No Pedestrian Involved,POINT (-122.437298719 37.761895474),Other Motor Vehicle
17073,1.0,Driver,East,Proceeding Straight,Parked Vehicle,West,Parked,Hit Object,0,0,0,1,No Pedestrian Involved,POINT (-122.441182157 37.728135174),Fixed Object
17074,1.0,Pedestrian,East,Proceeding Straight,Bicyclist,North,Proceeding Straight,Vehicle/Pedestrian,1,0,0,0,Crossing Not in Crosswalk,POINT (-122.397953105 37.757179509),Not Stated
17075,,Driver,West,Proceeding Straight,Driver,South,Proceeding Straight,Broadside,0,0,0,1,No Pedestrian Involved,POINT (-122.438402484 37.794806973),Other Motor Vehicle
17076,1.0,Driver,East,Making Left Turn,Driver,East,Proceeding Straight,Broadside,0,0,0,1,No Pedestrian Involved,POINT (-122.471854994 37.721666704),Other Motor Vehicle
17077,1.0,Driver,Not Stated,Proceeding Straight,Pedestrian,Not Stated,Other,Vehicle/Pedestrian,1,0,0,1,Crossing in Crosswalk at Intersection,POINT (-122.415693872 37.782585033),Pedestrian
17078,,Driver,North,Not Stated,Driver,North,Not Stated,Not Stated,1,0,0,1,Not Stated,POINT (-122.391824526 37.77816651),Not Stated
17079,1.0,Driver,West,Proceeding Straight,Bicyclist,West,Proceeding Straight,Rear End,0,1,0,1,No Pedestrian Involved,POINT (-122.433850437 37.805096651),Bicycle
17080,1.0,Driver,North,Slowing/Stopping,Driver,North,Stopped In Road,Rear End,0,0,0,1,No Pedestrian Involved,POINT (-122.406668791 37.73652595),Other Motor Vehicle
17081,1.0,Driver,West,Proceeding Straight,Driver,West,Stopped In Road,Rear End,0,0,0,1,No Pedestrian Involved,POINT (-122.427825033 37.800886755),Other Motor Vehicle
17082,1.0,Pedestrian,North,Not Stated,Driver,West,Proceeding Straight,Vehicle/Pedestrian,1,0,0,1,Crossing Not in Crosswalk,POINT (-122.408735912 37.797612859),Pedestrian
17083,,Driver,Not Stated,Not Stated,Bicyclist,Not Stated,Not Stated,Sideswipe,0,1,0,1,No Pedestrian Involved,POINT (-122.437822133 37.796792251),Bicycle
17084,1.0,Driver,South,Proceeding Straight,Driver,South,Stopped In Road,Rear End,0,0,0,1,No Pedestrian Involved,POINT (-122.419181704 37.7831014),Other Motor Vehicle
17085,1.0,Driver,West,Proceeding Straight,Unknown,Unknown,Unknown,Overturned,0,0,0,1,No Pedestrian Involved,POINT (-122.414347874 37.790408219),Parked Motor Vehicle
17086,1.0,Driver,West,Ran Off Road,Unknown,Unknown,Unknown,Head-On,0,0,0,1,No Pedestrian Involved,POINT (-122.391580156 37.750123609),Fixed Object
17087,1.0,Driver,West,Making Left Turn,Pedestrian,North,Proceeding Straight,Vehicle/Pedestrian,1,0,0,1,Crossing in Crosswalk at Intersection,POINT (-122.434754663 37.793344602),Pedestrian
17088,1.0,Driver,East,Proceeding Straight,Driver,East,Making Right Turn,Rear End,0,0,0,1,No Pedestrian Involved,POINT (-122.433074471 37.764195713),Other Motor Vehicle
17089,1.0,Driver,East,Changing Lanes,Driver,East,Proceeding Straight,Not Stated,0,0,0,1,No Pedestrian Involved,POINT (-122.421364523 37.768190109),Motor Vehicle on Other Roadway
17090,1.0,Driver,Not Stated,Proceeding Straight,Bicyclist,North,Proceeding Straight,Rear End,0,1,0,1,No Pedestrian Involved,POINT (-122.396298926 37.720784009),Bicycle
17091,1.0,Driver,South,Proceeding Straight,Driver,South,Stopped In Road,Rear End,0,0,0,1,No Pedestrian Involved,POINT (-122.448950443 37.713886168),Other Motor Vehicle
17092,,Driver,West,Making Left Turn,Driver,West,Making Left Turn,Sideswipe,0,0,0,1,No Pedestrian Involved,POINT (-122.417753194 37.769815079),Other Motor Vehicle
17093,1.0,Driver,South,Changing Lanes,Driver,South,Proceeding Straight,Sideswipe,0,0,0,1,No Pedestrian Involved,POINT (-122.416258296 37.752299605),Other Motor Vehicle
17094,1.0,Driver,South,Making Right Turn,Driver,North,Proceeding Straight,Broadside,0,0,0,1,No Pedestrian Involved,POINT (-122.462580658 37.712523034),Other Motor Vehicle
17095,1.0,Driver,West,Proceeding Straight,Driver,West,Stopped In Road,Rear End,0,0,0,1,No Pedestrian Involved,POINT (-122.420687384 37.790578259),Other Motor Vehicle
17096,1.0,Driver,North,Backing,Driver,East,Proceeding Straight,Broadside,0,0,0,1,No Pedestrian Involved,POINT (-122.430422573 37.749099389),Other Motor Vehicle
17097,1.0,Driver,Not Stated,Proceeding Straight,Pedestrian,Not Stated,Entering Traffic,Vehicle/Pedestrian,1,0,0,1,"In Road, Including Shoulder",POINT (-122.417812725 37.76516344),Pedestrian
17098,1.0,Driver,West,Making Left Turn,Pedestrian,Not Stated,Not Stated,Vehicle/Pedestrian,1,0,0,1,Crossing in Crosswalk at Intersection,POINT (-122.417542435 37.783309158),Pedestrian
17099,1.0,Driver,North,Proceeding Straight,Driver,North,Stopped In Road,Rear End,0,0,0,1,No Pedestrian Involved,POINT (-122.424029998 37.764511636),Other Motor Vehicle
17100,1.0,Driver,East,Making U Turn,Driver,East,Proceeding Straight,Broadside,0,0,0,1,No Pedestrian Involved,POINT (-122.399433131 37.773573456),Other Motor Vehicle
17101,1.0,Driver,South,Making Left Turn,Driver,East,Proceeding Straight,Broadside,0,0,0,1,No Pedestrian Involved,POINT (-122.423413055 37.795737109),Other Motor Vehicle
17102,1.0,Driver,East,Proceeding Straight,Unknown,Unknown,Unknown,Other,0,0,0,1,No Pedestrian Involved,POINT (-122.401126371 37.798570466),Other Object
17103,,Driver,South,Proceeding Straight,Driver,West,Making Left Turn,Broadside,0,0,0,1,No Pedestrian Involved,POINT (-122.419693566 37.777299856),Other Motor Vehicle
17104,1.0,Driver,East,Changing Lanes,Driver,East,Proceeding Straight,Sideswipe,0,0,0,1,No Pedestrian Involved,POINT (-122.424298967 37.768013214),Other Motor Vehicle
17105,,Driver,East,Proceeding Straight,Bicyclist,South,Proceeding Straight,Broadside,0,1,0,1,No Pedestrian Involved,POINT (-122.45060018 37.771460143),Bicycle
17106,1.0,Driver,North,Proceeding Straight,Bicyclist,North,Stopped In Road,Sideswipe,0,1,0,1,No Pedestrian Involved,POINT (-122.415782668 37.808114396),Bicycle
17107,1.0,Pedestrian,South,Other,Driver,East,Backing,Vehicle/Pedestrian,1,0,0,1,Crossing Not in Crosswalk,POINT (-122.435613368 37.799463465),Pedestrian
17108,1.0,Pedestrian,West,Not Stated,Driver,North,Proceeding Straight,Sideswipe,1,0,0,1,"In Road, Including Shoulder",POINT (-122.395255865 37.784386928),Pedestrian
17109,1.0,Driver,East,Backing,Driver,North,Proceeding Straight,Sideswipe,1,0,0,1,"In Road, Including Shoulder",POINT (-122.394578665 37.762519903),Pedestrian
17110,1.0,Driver,North,Proceeding Straight,Driver,North,Slowing/Stopping,Rear End,0,0,0,1,No Pedestrian Involved,POINT (-122.391328986 37.739785855),Other Motor Vehicle
17111,,Driver,Not Stated,Making Left Turn,Driver,East,Proceeding Straight,Broadside,0,0,0,1,No Pedestrian Involved,POINT (-122.407419738 37.764487829),Other Motor Vehicle
17112,1.0,Driver,South,Changing Lanes,Driver,South,Proceeding Straight,Rear End,0,0,0,1,No Pedestrian Involved,POINT (-122.42148545 37.743122664),Other Motor Vehicle
17113,1.0,Driver,West,Making Right Turn,Bicyclist,West,Proceeding Straight,Broadside,0,1,0,1,No Pedestrian Involved,POINT (-122.418226581 37.778489117),Bicycle
17114,1.0,Bicyclist,South,Proceeding Straight,Driver,West,Stopped In Road,Other,0,1,0,1,No Pedestrian Involved,POINT (-122.497928209 37.73833252),Bicycle
17115,,Bicyclist,North,Proceeding Straight,Unknown,Unknown,Unknown,Other,0,0,0,0,No Pedestrian Involved,POINT (-122.401973427 37.804072251),Other Object
17116,1.0,Driver,East,Making U Turn,Driver,East,Proceeding Straight,Broadside,0,0,0,1,No Pedestrian Involved,POINT (-122.472134852 37.714444874),Other Motor Vehicle
17117,1.0,Driver,West,Proceeding Straight,Driver,East,Stopped In Road,Other,0,0,0,1,No Pedestrian Involved,POINT (-122.40202542 37.786248152),Other Object
17118,1.0,Driver,East,Proceeding Straight,Driver,East,Stopped,Rear End,0,0,0,1,No Pedestrian Involved,POINT (-122.404445847 37.753116494),Other Motor Vehicle
17119,1.0,Other,North,Stopped In Road,Bicyclist,North,Proceeding Straight,Sideswipe,0,1,0,0,No Pedestrian Involved,POINT (-122.393582946 37.783049769),Bicycle
17120,1.0,Driver,South,Proceeding Straight,Other,East,Proceeding Straight,Broadside,0,0,0,1,No Pedestrian Involved,POINT (-122.502476736 37.741861723),Train
17121,1.0,Driver,East,Entering Traffic,Driver,East,Proceeding Straight,Broadside,0,0,0,1,No Pedestrian Involved,POINT (-122.481727355 37.77268192),Other Motor Vehicle
17122,1.0,Driver,East,Stopped,Bicyclist,East,Proceeding Straight,Other,0,1,0,1,No Pedestrian Involved,POINT (-122.416352003 37.795707893),Bicycle
17123,1.0,Bicyclist,South,Traveling Wrong Way,Driver,North,Proceeding Straight,Head-On,0,1,0,1,No Pedestrian Involved,POINT (-122.41799356 37.785628152),Bicycle
17124,1.0,Driver,North,Other Unsafe Turning,Bicyclist,North,Proceeding Straight,Sideswipe,0,1,0,1,No Pedestrian Involved,POINT (-122.420678942 37.790536571),Bicycle
17125,1.0,Pedestrian,North,Proceeding Straight,Driver,West,Proceeding Straight,Vehicle/Pedestrian,1,0,0,1,Crossing Not in Crosswalk,POINT (-122.432811263 37.800222922),Pedestrian
17126,1.0,Driver,East,Proceeding Straight,Bicyclist,East,Proceeding Straight,Sideswipe,0,1,0,1,No Pedestrian Involved,POINT (-122.434501728 37.77923912),Bicycle
17127,1.0,Driver,South,Backing,Driver,North,Proceeding Straight,Rear End,0,0,0,1,No Pedestrian Involved,POINT (-122.427311557 37.798345342),Other Motor Vehicle
17128,1.0,Driver,East,Changing Lanes,Driver,East,Proceeding Straight,Sideswipe,0,0,0,1,No Pedestrian Involved,POINT (-122.407404726 37.777091579),Other Motor Vehicle
17129,,Bicyclist,West,Changing Lanes,Driver,West,Proceeding Straight,Sideswipe,0,1,0,1,No Pedestrian Involved,POINT (-122.419528395 37.772416866),Bicycle
17130,1.0,Driver,West,Proceeding Straight,Driver,South,Proceeding Straight,Broadside,0,0,0,1,No Pedestrian Involved,POINT (-122.456045432 37.712319641),Other Motor Vehicle
17131,1.0,Driver,South,Proceeding Straight,Driver,East,Proceeding Straight,Broadside,0,0,0,1,No Pedestrian Involved,POINT (-122.47822416 37.748550904),Other Motor Vehicle
17132,1.0,Driver,South,Making Left Turn,Driver,South,Proceeding Straight,Sideswipe,0,0,0,1,No Pedestrian Involved,POINT (-122.422787634 37.775949863),Other Motor Vehicle
17133,,Driver,West,Stopped In Road,Driver,West,Passing Other Vehicle,Sideswipe,0,0,0,1,No Pedestrian Involved,POINT (-122.419121301 37.746775141),Parked Motor Vehicle
17134,1.0,Pedestrian,South,Entering Traffic,Driver,Not Stated,Proceeding Straight,Head-On,1,0,0,1,"In Road, Including Shoulder",POINT (-122.436046175 37.799842952),Pedestrian
17135,,Driver,North,Proceeding Straight,Driver,West,Proceeding Straight,Broadside,0,0,0,1,No Pedestrian Involved,POINT (-122.502588311 37.77360109),Other Motor Vehicle
17136,1.0,Driver,North,Proceeding Straight,Bicyclist,North,Proceeding Straight,Sideswipe,0,1,0,1,No Pedestrian Involved,POINT (-122.414300112 37.734905193),Bicycle
17137,1.0,Driver,East,Proceeding Straight,Driver,East,Stopped In Road,Rear End,0,0,0,1,No Pedestrian Involved,POINT (-122.40703828 37.770020656),Other Motor Vehicle
17138,1.0,Pedestrian,East,Stopped In Road,Driver,West,Backing,Rear End,1,0,0,1,"In Road, Including Shoulder",POINT (-122.419425393 37.712791301),Pedestrian
17139,1.0,Driver,West,Parking Maneuver,Driver,West,Stopped In Road,Other,0,0,0,1,No Pedestrian Involved,POINT (-122.410510612 37.79644275),Motor Vehicle on Other Roadway
17140,1.0,Driver,West,Proceeding Straight,Driver,West,Making Left Turn,Sideswipe,0,0,0,1,No Pedestrian Involved,POINT (-122.420976051 37.713221886),Other Motor Vehicle
17141,1.0,Driver,North,Proceeding Straight,Driver,North,Stopped In Road,Rear End,0,0,0,1,No Pedestrian Involved,POINT (-122.397669949 37.799234483),Other Motor Vehicle
17142,1.0,Driver,North,Proceeding Straight,Unknown,Unknown,Unknown,Head-On,0,0,0,1,No Pedestrian Involved,POINT (-122.389321876 37.738792756),Fixed Object
17143,1.0,Driver,West,Ran Off Road,Unknown,Unknown,Unknown,Rear End,0,0,0,1,No Pedestrian Involved,POINT (-122.389466897 37.740721576),Parked Motor Vehicle
17144,1.0,Driver,North,Proceeding Straight,Driver,West,Proceeding Straight,Broadside,0,0,0,1,No Pedestrian Involved,POINT (-122.419883231 37.778251017),Other Motor Vehicle
17145,,Driver,West,Proceeding Straight,Unknown,Unknown,Unknown,Other,0,0,0,1,No Pedestrian Involved,POINT (-122.431204946 37.784568241),Not Stated
17146,1.0,Driver,West,Changing Lanes,Bicyclist,West,Proceeding Straight,Sideswipe,0,1,0,1,No Pedestrian Involved,POINT (-122.407013246 37.779854567),Bicycle
17147,1.0,Driver,North,Proceeding Straight,Driver,East,Proceeding Straight,Broadside,0,0,0,1,No Pedestrian Involved,POINT (-122.504160425 37.78112651),Other Motor Vehicle
17148,1.0,Driver,East,Backing,Driver,East,Stopped In Road,Rear End,0,0,0,1,No Pedestrian Involved,POINT (-122.388108344 37.73428304),Other Motor Vehicle
17149,1.0,Driver,South,Proceeding Straight,Driver,South,Proceeding Straight,Rear End,0,0,0,1,No Pedestrian Involved,POINT (-122.441154592 37.791630842),Other Motor Vehicle
17150,1.0,Driver,North,Proceeding Straight,Driver,West,Proceeding Straight,Broadside,0,0,0,1,No Pedestrian Involved,POINT (-122.408976274 37.791089002),Other Motor Vehicle
17151,1.0,Driver,South,Making Left Turn,Pedestrian,West,Proceeding Straight,Vehicle/Pedestrian,1,0,0,1,Crossing in Crosswalk at Intersection,POINT (-122.418993273 37.78216927),Pedestrian
17152,1.0,Pedestrian,East,Proceeding Straight,Driver,West,Not Stated,Vehicle/Pedestrian,1,0,0,1,"In Road, Including Shoulder",POINT (-122.391118877 37.757178473),Pedestrian
17153,1.0,Driver,East,Proceeding Straight,Driver,South,Proceeding Straight,Broadside,1,0,0,1,Not in Road,POINT (-122.418593945 37.753836588),Other Motor Vehicle
17154,,Bicyclist,North,Proceeding Straight,Unknown,Unknown,Unknown,Other,0,0,0,0,No Pedestrian Involved,POINT (-122.428358838 37.76133894),Non-Collision
17155,1.0,Driver,West,Changing Lanes,Bicyclist,West,Proceeding Straight,Sideswipe,0,1,0,1,No Pedestrian Involved,POINT (-122.405997733 37.769617068),Bicycle
17156,1.0,Driver,North,Proceeding Straight,Driver,East,Stopped In Road,Broadside,0,0,0,1,No Pedestrian Involved,POINT (-122.419579124 37.793466929),Other Motor Vehicle
17157,1.0,Driver,West,Proceeding Straight,Driver,West,Stopped In Road,Rear End,0,0,0,1,No Pedestrian Involved,POINT (-122.435717148 37.740526784),Other Motor Vehicle
17158,1.0,Driver,North,Proceeding Straight,Driver,North,Stopped In Road,Rear End,0,0,0,1,No Pedestrian Involved,POINT (-122.46385276 37.759558436),Other Motor Vehicle
17159,1.0,Driver,South,Stopped,Bicyclist,North,Making Left Turn,Broadside,0,1,0,1,No Pedestrian Involved,POINT (-122.496635996 37.733770844),Bicycle
17160,1.0,Driver,South,Proceeding Straight,Unknown,Unknown,Unknown,Head-On,0,0,0,1,No Pedestrian Involved,POINT (-122.46699285 37.726934782),Parked Motor Vehicle
17161,1.0,Other,East,Proceeding Straight,Driver,East,Stopped In Road,Rear End,0,0,0,1,No Pedestrian Involved,POINT (-122.406925703 37.784822415),Train
17162,1.0,Pedestrian,North,Entering Traffic,Driver,West,Backing,Vehicle/Pedestrian,1,0,0,1,Crossing Not in Crosswalk,POINT (-122.407350028 37.786495836),Pedestrian
17163,1.0,Driver,North,Proceeding Straight,Driver,North,Stopped In Road,Sideswipe,0,0,0,1,No Pedestrian Involved,POINT (-122.423959243 37.763167824),Other Motor Vehicle
17164,1.0,Driver,North,Proceeding Straight,Unknown,Unknown,Unknown,Other,0,0,0,1,No Pedestrian Involved,POINT (-122.41715351 37.805119307),Non-Collision
17165,1.0,Driver,South,Backing,Bicyclist,West,Proceeding Straight,Vehicle/Pedestrian,1,1,0,1,No Pedestrian Involved,POINT (-122.424108201 37.782477051),Bicycle
17166,1.0,Driver,North,Proceeding Straight,Unknown,Unknown,Unknown,Hit Object,0,0,0,1,No Pedestrian Involved,POINT (-122.391518605 37.732369562),Fixed Object
17167,,Driver,North,Proceeding Straight,Driver,West,Proceeding Straight,Not Stated,0,0,0,1,No Pedestrian Involved,POINT (-122.4306092 37.781645584),Other Motor Vehicle
17168,1.0,Driver,South,Making Right Turn,Bicyclist,East,Proceeding Straight,Sideswipe,0,1,0,1,No Pedestrian Involved,POINT (-122.406436336 37.777856537),Bicycle
17169,1.0,Driver,Not Stated,Changing Lanes,Driver,North,Stopped In Road,Sideswipe,0,0,0,1,No Pedestrian Involved,POINT (-122.411610117 37.773769346),Other Motor Vehicle
17170,1.0,Driver,West,Stopped In Road,Bicyclist,West,Passing Other Vehicle,Hit Object,0,1,0,1,No Pedestrian Involved,POINT (-122.414439465 37.779013296),Bicycle
17171,1.0,Driver,South,Making Left Turn,Driver,North,Proceeding Straight,Broadside,0,0,0,1,No Pedestrian Involved,POINT (-122.392584015 37.752001902),Other Motor Vehicle
17172,1.0,Driver,South,Proceeding Straight,Driver,South,Stopped In Road,Rear End,0,0,0,1,No Pedestrian Involved,POINT (-122.408363433 37.78808957),Other Motor Vehicle
17173,1.0,Bicyclist,North,Proceeding Straight,Driver,West,Stopped In Road,Broadside,0,1,0,1,No Pedestrian Involved,POINT (-122.416548538 37.766871472),Bicycle
17174,1.0,Driver,South,Proceeding Straight,Driver,East,Proceeding Straight,Broadside,0,0,0,1,No Pedestrian Involved,POINT (-122.407884356 37.749657226),Other Motor Vehicle
17175,1.0,Driver,East,Making Right Turn,Pedestrian,North,Proceeding Straight,Vehicle/Pedestrian,1,0,0,1,Crossing in Crosswalk at Intersection,POINT (-122.447620107 37.785083636),Pedestrian
17176,1.0,Driver,South,Making U Turn,Other,South,Proceeding Straight,Sideswipe,0,0,0,1,No Pedestrian Involved,POINT (-122.427486489 37.75225951),Other Object
17177,,Driver,West,Backing,Pedestrian,North,Stopped In Road,Vehicle/Pedestrian,1,0,0,1,"In Road, Including Shoulder",POINT (-122.420580608 37.76499627),Pedestrian
17178,1.0,Driver,East,Making Right Turn,Pedestrian,West,Other,Vehicle/Pedestrian,1,0,0,1,"In Road, Including Shoulder",POINT (-122.404637315 37.732910705),Pedestrian
17179,1.0,Driver,North,Other,Pedestrian,West,Making Left Turn,Vehicle/Pedestrian,1,0,0,1,Crossing in Crosswalk at Intersection,POINT (-122.428152227 37.785804498),Pedestrian
17180,1.0,Driver,East,Proceeding Straight,Driver,East,Slowing/Stopping,Rear End,0,0,0,1,No Pedestrian Involved,POINT (-122.402061634 37.749396678),Other Motor Vehicle
17181,1.0,Driver,North,Making Left Turn,Pedestrian,East,Not Stated,Head-On,1,0,0,1,Crossing in Crosswalk at Intersection,POINT (-122.422286646 37.781751804),Pedestrian
17182,1.0,Pedestrian,West,Other,Driver,East,Proceeding Straight,Vehicle/Pedestrian,1,0,0,1,Crossing Not in Crosswalk,POINT (-122.403611057 37.787560891),Pedestrian
17183,,Pedestrian,East,Other,Driver,West,Stopped,Vehicle/Pedestrian,1,0,0,1,Not in Road,POINT (-122.423462721 37.790225572),Pedestrian
17184,1.0,Driver,North,Proceeding Straight,Driver,North,Proceeding Straight,Rear End,0,0,0,1,No Pedestrian Involved,POINT (-122.424768282 37.747830304),Other Motor Vehicle
17185,1.0,Driver,East,Proceeding Straight,Driver,East,Slowing/Stopping,Rear End,0,0,0,1,No Pedestrian Involved,POINT (-122.459204214 37.721837492),Motor Vehicle on Other Roadway
17186,1.0,Driver,West,Proceeding Straight,Driver,North,Proceeding Straight,Sideswipe,0,0,0,1,No Pedestrian Involved,POINT (-122.416051424 37.804355946),Other Motor Vehicle
17187,1.0,Driver,North,Proceeding Straight,Driver,West,Proceeding Straight,Broadside,0,0,0,1,No Pedestrian Involved,POINT (-122.411950087 37.805824931),Other Motor Vehicle
17188,1.0,Driver,West,Making Left Turn,Driver,North,Proceeding Straight,Broadside,0,0,0,1,No Pedestrian Involved,POINT (-122.451954775 37.712055691),Other Motor Vehicle
17189,1.0,Bicyclist,West,Proceeding Straight,Driver,West,Making Right Turn,Broadside,0,1,0,1,No Pedestrian Involved,POINT (-122.396957839 37.796346861),Bicycle
17190,1.0,Driver,East,Proceeding Straight,Driver,East,Stopped In Road,Rear End,0,0,0,1,No Pedestrian Involved,POINT (-122.440255135 37.71603882),Other Motor Vehicle
17191,1.0,Driver,North,Making Left Turn,Pedestrian,West,Other,Vehicle/Pedestrian,1,0,0,1,Crossing in Crosswalk at Intersection,POINT (-122.445716665 37.772080394),Pedestrian
17192,1.0,Bicyclist,East,Proceeding Straight,Driver,East,Slowing/Stopping,Rear End,0,1,0,1,No Pedestrian Involved,POINT (-122.433085492 37.779419648),Bicycle
17193,1.0,Driver,West,Proceeding Straight,Driver,West,Proceeding Straight,Rear End,0,0,0,1,No Pedestrian Involved,POINT (-122.498534565 37.762617689),Other Motor Vehicle
17194,1.0,Driver,North,Backing,Parked Vehicle,Not Stated,Parked,Rear End,1,0,0,1,Not in Road,POINT (-122.390564154 37.718687634),Pedestrian
17195,1.0,Driver,West,Proceeding Straight,Driver,West,Stopped In Road,Rear End,0,0,0,1,No Pedestrian Involved,POINT (-122.396170079 37.749751834),Other Motor Vehicle
17196,1.0,Bicyclist,South,Proceeding Straight,Driver,South,Parking Maneuver,Sideswipe,0,1,0,1,No Pedestrian Involved,POINT (-122.421592806 37.76185133),Bicycle
17197,1.0,Driver,West,Proceeding Straight,Driver,West,Stopped,Rear End,0,0,0,1,No Pedestrian Involved,POINT (-122.417701775 37.777555587),Other Motor Vehicle
17198,2.0,Bicyclist,North,Passing Other Vehicle,Driver,North,Entering Traffic,Broadside,0,1,0,1,No Pedestrian Involved,POINT (-122.40735673 37.779895802),Bicycle
17199,,Driver,South,Making Left Turn,Driver,North,Proceeding Straight,Broadside,0,0,0,1,No Pedestrian Involved,POINT (-122.453979522 37.771428396),Other Motor Vehicle
17200,,Driver,East,Making Left Turn,Driver,North,Proceeding Straight,Not Stated,0,0,0,1,No Pedestrian Involved,POINT (-122.422694163 37.792174644),Other Motor Vehicle
17201,1.0,Driver,South,Backing,Pedestrian,Not Stated,Other,Vehicle/Pedestrian,1,0,0,1,Not in Road,POINT (-122.421516238 37.766407467),Pedestrian
17202,1.0,Driver,West,Proceeding Straight,Driver,West,Stopped In Road,Rear End,0,0,0,1,No Pedestrian Involved,POINT (-122.414086031 37.752506065),Other Motor Vehicle
17203,1.0,Driver,Not Stated,Proceeding Straight,Driver,North,Stopped In Road,Rear End,0,0,0,1,No Pedestrian Involved,POINT (-122.420480705 37.750231433),Other Motor Vehicle
17204,1.0,Driver,South,Stopped In Road,Bicyclist,South,Proceeding Straight,Sideswipe,0,1,0,1,No Pedestrian Involved,POINT (-122.437234932 37.772203712),Bicycle
17205,1.0,Driver,East,Proceeding Straight,Driver,North,Proceeding Straight,Broadside,0,0,0,1,No Pedestrian Involved,POINT (-122.435345702 37.71537905),Other Motor Vehicle
17206,1.0,Driver,West,Merging,Unknown,Unknown,Unknown,Rear End,0,0,0,1,No Pedestrian Involved,POINT (-122.438511707 37.783458011),Parked Motor Vehicle
17207,1.0,Driver,North,Making U Turn,Driver,North,Proceeding Straight,Broadside,0,0,0,1,No Pedestrian Involved,POINT (-122.452123811 37.745598579),Other Motor Vehicle
17208,1.0,Driver,East,Proceeding Straight,Bicyclist,South,Proceeding Straight,Broadside,0,1,0,1,No Pedestrian Involved,POINT (-122.46644249 37.765924663),Bicycle
17209,1.0,Driver,South,Making Left Turn,Pedestrian,North,Proceeding Straight,Vehicle/Pedestrian,1,0,0,1,Crossing in Crosswalk at Intersection,POINT (-122.392936685 37.786067532),Pedestrian