party_id,party_at_fault,party1_type,party1_dir_of_travel,party1_move_pre_acc,party2_type,party2_dir_of_travel,party2_move_pre_acc,type_of_collision,involves_pedestrian,involves_bicycle,involves_motorcycle,involves_vehicle,ped_action,point,mviw
18749,1.0,Driver,North,Making Right Turn,Driver,North,Stopped In Road,Broadside,0,0,0,1,No Pedestrian Involved,POINT (-122.418615215 37.77316405),Other Motor Vehicle
18750,1.0,Driver,East,Making Right Turn,Bicyclist,East,Proceeding Straight,Other,0,1,0,1,No Pedestrian Involved,POINT (-122.424430056 37.768005319),Bicycle
18751,1.0,Driver,East,Backing,Pedestrian,South,Not Stated,Vehicle/Pedestrian,1,0,0,1,Crossing in Crosswalk at Intersection,POINT (-122.467363873 37.763990738),Pedestrian
18752,1.0,Driver,East,Making Left Turn,Driver,West,Proceeding Straight,Head-On,0,0,0,1,No Pedestrian Involved,POINT (-122.39218234 37.745101),Other Motor Vehicle
18753,1.0,Pedestrian,East,Proceeding Straight,Driver,South,Proceeding Straight,Vehicle/Pedestrian,1,0,0,1,Crossing in Crosswalk at Intersection,POINT (-122.439876599 37.785237018),Pedestrian
18754,1.0,Driver,East,Making Right Turn,Bicyclist,East,Proceeding Straight,Sideswipe,0,1,0,1,No Pedestrian Involved,POINT (-122.423399129 37.771882459),Bicycle
18755,1.0,Driver,South,Making Right Turn,Pedestrian,West,Proceeding Straight,Vehicle/Pedestrian,1,0,0,1,Crossing in Crosswalk at Intersection,POINT (-122.46204713 37.771776487),Pedestrian
18756,,Driver,West,Parked,Bicyclist,West,Proceeding Straight,Other,0,1,0,1,No Pedestrian Involved,POINT (-122.44534499 37.770210175),Bicycle
18757,1.0,Driver,East,Proceeding Straight,Pedestrian,South,Proceeding Straight,Vehicle/Pedestrian,1,0,0,1,Crossing Not in Crosswalk,POINT (-122.483463465 37.778217112),Pedestrian
18758,1.0,Bicyclist,South,Proceeding Straight,Driver,Not Stated,Parked,Sideswipe,0,0,0,1,No Pedestrian Involved,POINT (-122.402416332 37.799360638),Other Motor Vehicle
18759,3.0,Driver,North,Stopped In Road,Driver,North,Slowing/Stopping,Rear End,0,0,0,1,No Pedestrian Involved,POINT (-122.417978615 37.771303169),Other Motor Vehicle
18760,1.0,Bicyclist,East,Changing Lanes,Driver,East,Proceeding Straight,Sideswipe,0,1,0,1,No Pedestrian Involved,POINT (-122.422186439 37.772909123),Bicycle
18761,1.0,Driver,West,Making U Turn,Driver,West,Proceeding Straight,Broadside,0,0,0,1,No Pedestrian Involved,POINT (-122.423862522 37.76317366),Other Motor Vehicle
18762,1.0,Driver,South,Making Left Turn,Pedestrian,South,Proceeding Straight,Vehicle/Pedestrian,1,0,0,1,Crossing in Crosswalk at Intersection,POINT (-122.41436769 37.774043328),Pedestrian
18763,1.0,Driver,Not Stated,Making Left Turn,Pedestrian,Not Stated,Proceeding Straight,Broadside,1,0,0,1,Crossing in Crosswalk at Intersection,POINT (-122.414430198 37.784657141),Pedestrian
18764,1.0,Bicyclist,East,Changing Lanes,Driver,East,Passing Other Vehicle,Sideswipe,0,1,0,1,No Pedestrian Involved,POINT (-122.427825767 37.766190086),Bicycle
18765,1.0,Driver,South,Making Left Turn,Pedestrian,East,Proceeding Straight,Head-On,1,0,0,1,Crossing in Crosswalk at Intersection,POINT (-122.42111754 37.75690201),Pedestrian
18766,1.0,Driver,West,Stopped,Pedestrian,North,Stopped,Vehicle/Pedestrian,1,0,0,1,Crossing in Crosswalk at Intersection,POINT (-122.413428554 37.804684163),Pedestrian
18767,1.0,Other,East,Slowing/Stopping,Driver,North,Proceeding Straight,Broadside,0,0,0,1,No Pedestrian Involved,POINT (-122.484460652 37.776302167),Pedestrian
18768,1.0,Driver,West,Changing Lanes,Driver,West,Proceeding Straight,Sideswipe,0,0,0,1,No Pedestrian Involved,POINT (-122.421239593 37.76495646),Other Motor Vehicle
18769,1.0,Driver,West,Proceeding Straight,Driver,South,Making Left Turn,Broadside,0,0,0,1,No Pedestrian Involved,POINT (-122.446799981 37.712160781),Other Motor Vehicle
18770,1.0,Driver,South,Making Right Turn,Unknown,Unknown,Unknown,Other,0,0,0,1,No Pedestrian Involved,POINT (-122.479496306 37.7711707),Not Stated
18771,1.0,Driver,South,Making Left Turn,Pedestrian,West,Proceeding Straight,Vehicle/Pedestrian,1,0,0,1,Crossing in Crosswalk at Intersection,POINT (-122.415687334 37.782552783),Pedestrian
18772,1.0,Bicyclist,North,Proceeding Straight,Driver,West,Proceeding Straight,Broadside,0,1,0,1,No Pedestrian Involved,POINT (-122.406956987 37.789433682),Bicycle
18773,,Driver,South,Proceeding Straight,Driver,South,Proceeding Straight,Sideswipe,0,0,0,1,No Pedestrian Involved,POINT (-122.454799809 37.712106084),Other Motor Vehicle
18774,,Driver,South,Proceeding Straight,Driver,East,Proceeding Straight,Broadside,0,0,0,1,No Pedestrian Involved,POINT (-122.484194201 37.772569062),Other Motor Vehicle
18775,1.0,Pedestrian,West,Proceeding Straight,Driver,North,Proceeding Straight,Vehicle/Pedestrian,1,0,0,1,Crossing Not in Crosswalk,POINT (-122.453536875 37.769165225),Pedestrian
18776,1.0,Driver,North,Stopped In Road,Bicyclist,North,Proceeding Straight,Hit Object,0,1,0,1,No Pedestrian Involved,POINT (-122.421006212 37.771686305),Bicycle
18777,2.0,Driver,North,Proceeding Straight,Driver,North,Changing Lanes,Sideswipe,0,0,0,1,No Pedestrian Involved,POINT (-122.418651606 37.773076915),Other Motor Vehicle
18778,1.0,Driver,South,Proceeding Straight,Driver,West,Proceeding Straight,Broadside,0,0,0,1,No Pedestrian Involved,POINT (-122.474954621 37.732456138),Other Motor Vehicle
18779,1.0,Driver,South,Making Left Turn,Pedestrian,Not Stated,Proceeding Straight,Vehicle/Pedestrian,1,0,0,1,Crossing in Crosswalk at Intersection,POINT (-122.434087676 37.751285818),Pedestrian
18780,1.0,Driver,South,Making Left Turn,Pedestrian,North,Proceeding Straight,Vehicle/Pedestrian,1,0,0,1,Crossing in Crosswalk at Intersection,POINT (-122.413786659 37.806554633),Pedestrian
18781,1.0,Driver,South,Proceeding Straight,Driver,East,Proceeding Straight,Broadside,0,0,0,1,No Pedestrian Involved,POINT (-122.494849722 37.740332609),Other Motor Vehicle
18782,,Bicyclist,West,Proceeding Straight,Driver,Not Stated,Stopped In Road,Other,0,1,0,1,No Pedestrian Involved,POINT (-122.390566479 37.778865411),Bicycle
18783,1.0,Driver,West,Proceeding Straight,Driver,East,Proceeding Straight,Broadside,0,0,0,1,No Pedestrian Involved,POINT (-122.454193214 37.71678183),Other Motor Vehicle
18784,1.0,Driver,South,Backing,Pedestrian,West,Other,Vehicle/Pedestrian,1,0,0,1,Not in Road,POINT (-122.403846593 37.745981491),Pedestrian
18785,1.0,Driver,West,Proceeding Straight,Driver,West,Proceeding Straight,Rear End,0,0,0,1,No Pedestrian Involved,POINT (-122.450092302 37.782116604),Other Motor Vehicle
18786,1.0,Driver,East,Making Left Turn,Driver,West,Proceeding Straight,Broadside,0,0,0,1,No Pedestrian Involved,POINT (-122.394300038 37.78008973),Other Motor Vehicle
18787,1.0,Driver,East,Making Left Turn,Pedestrian,West,Not Stated,Vehicle/Pedestrian,1,0,0,1,Crossing in Crosswalk at Intersection,POINT (-122.450092302 37.782116604),Pedestrian
18788,1.0,Driver,East,Making Right Turn,Bicyclist,East,Proceeding Straight,Sideswipe,0,1,0,1,No Pedestrian Involved,POINT (-122.394940237 37.79184209),Bicycle
18789,,Driver,East,Making Right Turn,Pedestrian,Not Stated,Other,Vehicle/Pedestrian,1,0,0,1,Crossing in Crosswalk at Intersection,POINT (-122.419883231 37.778251017),Pedestrian
18790,1.0,Driver,South,Proceeding Straight,Bicyclist,South,Proceeding Straight,Other,0,1,0,1,No Pedestrian Involved,POINT (-122.412595277 37.783932577),Bicycle
18791,1.0,Driver,South,Slowing/Stopping,Pedestrian,West,Proceeding Straight,Vehicle/Pedestrian,1,0,0,1,Crossing in Crosswalk at Intersection,POINT (-122.402459479 37.712179486),Pedestrian
18792,1.0,Driver,North,Proceeding Straight,Driver,West,Proceeding Straight,Broadside,0,0,0,1,No Pedestrian Involved,POINT (-122.495877086 37.762735073),Other Motor Vehicle
18793,1.0,Pedestrian,North,Proceeding Straight,Driver,East,Proceeding Straight,Vehicle/Pedestrian,1,0,0,1,Crossing Not in Crosswalk,POINT (-122.403398013 37.727684703),Pedestrian
18794,1.0,Driver,South,Proceeding Straight,Driver,North,Stopped In Road,Sideswipe,0,0,0,1,No Pedestrian Involved,POINT (-122.454281126 37.70825596),Other Motor Vehicle
18795,1.0,Driver,East,Proceeding Straight,Driver,East,Proceeding Straight,Rear End,0,0,0,1,No Pedestrian Involved,POINT (-122.440480927 37.761040597),Other Motor Vehicle
18796,1.0,Pedestrian,Not Stated,Not Stated,Driver,East,Proceeding Straight,Vehicle/Pedestrian,1,0,0,1,Crossing Not in Crosswalk,POINT (-122.428182247 37.750043052),Pedestrian
18797,1.0,Driver,North,Making Right Turn,Driver,North,Proceeding Straight,Broadside,0,0,0,1,No Pedestrian Involved,POINT (-122.495617223 37.759004498),Other Motor Vehicle
18798,1.0,Bicyclist,North,Making Left Turn,Driver,North,Proceeding Straight,Sideswipe,0,1,0,1,No Pedestrian Involved,POINT (-122.405288397 37.796909057),Bicycle
18799,1.0,Driver,North,Proceeding Straight,Pedestrian,East,Other,Sideswipe,1,0,0,1,Crossing in Crosswalk at Intersection,POINT (-122.449286732 37.709953627),Pedestrian
18800,1.0,Driver,East,Proceeding Straight,Unknown,Unknown,Unknown,Not Stated,0,0,0,1,No Pedestrian Involved,POINT (-122.413676361 37.780926855),Fixed Object
18801,1.0,Driver,South,Proceeding Straight,Unknown,Unknown,Unknown,Overturned,0,0,0,1,No Pedestrian Involved,POINT (-122.406441354 37.754153747),Fixed Object
18802,1.0,Driver,South,Proceeding Straight,Driver,West,Proceeding Straight,Broadside,0,0,0,1,No Pedestrian Involved,POINT (-122.480206544 37.761558831),Other Motor Vehicle
18803,,Driver,South,Making Right Turn,Pedestrian,West,Proceeding Straight,Vehicle/Pedestrian,1,0,0,1,Crossing in Crosswalk at Intersection,POINT (-122.422197114 37.768118465),Pedestrian
18804,1.0,Driver,North,Proceeding Straight,Driver,North,Proceeding Straight,Rear End,0,0,0,1,No Pedestrian Involved,POINT (-122.423982144 37.798552454),Other Motor Vehicle
18805,1.0,Driver,North,Proceeding Straight,Driver,East,Proceeding Straight,Broadside,0,0,0,1,No Pedestrian Involved,POINT (-122.456133499 37.720033301),Other Motor Vehicle
18806,1.0,Driver,South,Proceeding Straight,Pedestrian,West,Proceeding Straight,Vehicle/Pedestrian,1,0,0,1,Crossing in Crosswalk at Intersection,POINT (-122.46463257 37.729972597),Animal
18807,1.0,Driver,West,Making Left Turn,Driver,East,Proceeding Straight,Broadside,0,0,0,1,No Pedestrian Involved,POINT (-122.411950087 37.805824931),Other Motor Vehicle
18808,1.0,Driver,North,Proceeding Straight,Driver,North,Slowing/Stopping,Rear End,0,0,0,1,No Pedestrian Involved,POINT (-122.423594072 37.788279733),Other Motor Vehicle
18809,1.0,Pedestrian,East,Other,Driver,South,Proceeding Straight,Vehicle/Pedestrian,1,0,0,1,"In Road, Including Shoulder",POINT (-122.447856626 37.766234237),Pedestrian
18810,1.0,Driver,North,Changing Lanes,Driver,North,Changing Lanes,Rear End,0,0,0,1,No Pedestrian Involved,POINT (-122.5024801 37.726697396),Other Motor Vehicle
18811,1.0,Driver,North,Proceeding Straight,Pedestrian,East,Not Stated,Vehicle/Pedestrian,1,0,0,1,"In Road, Including Shoulder",POINT (-122.409614044 37.794209728),Pedestrian
18812,1.0,Driver,North,Proceeding Straight,Driver,West,Proceeding Straight,Broadside,0,0,0,1,No Pedestrian Involved,POINT (-122.426377344 37.802071872),Other Motor Vehicle
18813,1.0,Driver,West,Making U Turn,Driver,East,Proceeding Straight,Broadside,0,0,0,1,No Pedestrian Involved,POINT (-122.473941637 37.780558333),Other Motor Vehicle
18814,1.0,Driver,West,Proceeding Straight,Driver,West,Stopped In Road,Rear End,0,0,0,1,No Pedestrian Involved,POINT (-122.476967894 37.720770903),Other Motor Vehicle
18815,,Pedestrian,Not Stated,Other,Driver,North,Entering Traffic,Vehicle/Pedestrian,1,0,0,1,Not in Road,POINT (-122.420544411 37.783406879),Pedestrian
18816,1.0,Driver,South,Making Right Turn,Bicyclist,South,Proceeding Straight,Sideswipe,0,1,0,1,No Pedestrian Involved,POINT (-122.418138568 37.777970663),Bicycle
18817,1.0,Driver,East,Proceeding Straight,Driver,North,Proceeding Straight,Broadside,0,0,0,1,No Pedestrian Involved,POINT (-122.504056826 37.779705085),Other Motor Vehicle
18818,1.0,Driver,South,Proceeding Straight,Driver,South,Stopped In Road,Rear End,0,0,0,1,No Pedestrian Involved,POINT (-122.463663611 37.756849189),Other Motor Vehicle
18819,,Driver,East,Proceeding Straight,Unknown,Unknown,Unknown,Overturned,0,0,0,1,No Pedestrian Involved,,Other Object
18820,1.0,Driver,West,Making Left Turn,Driver,South,Proceeding Straight,Broadside,0,0,0,1,No Pedestrian Involved,POINT (-122.407727187 37.793178301),Other Motor Vehicle
18821,1.0,Driver,West,Changing Lanes,Driver,West,Proceeding Straight,Sideswipe,0,0,0,1,No Pedestrian Involved,POINT (-122.445961276 37.720514959),Other Motor Vehicle
18822,,Driver,North,Proceeding Straight,Unknown,Unknown,Unknown,Other,0,0,0,1,No Pedestrian Involved,POINT (-122.414841891 37.760498873),Non-Collision
18823,1.0,Driver,South,Changing Lanes,Driver,South,Stopped In Road,Rear End,0,0,0,1,No Pedestrian Involved,POINT (-122.408633329 37.773852917),Other Motor Vehicle
18824,1.0,Driver,North,Proceeding Straight,Driver,East,Proceeding Straight,Broadside,0,0,0,1,No Pedestrian Involved,POINT (-122.412512256 37.780478512),Other Motor Vehicle
18825,1.0,Driver,South,Entering Traffic,Driver,South,Proceeding Straight,Rear End,0,0,0,1,No Pedestrian Involved,POINT (-122.401966343 37.723690476),Other Motor Vehicle
18826,1.0,Bicyclist,East,Proceeding Straight,Unknown,Unknown,Unknown,Other,0,0,0,0,No Pedestrian Involved,POINT (-122.399442383 37.790853111),Not Stated
18827,1.0,Driver,North,Proceeding Straight,Unknown,Unknown,Unknown,Hit Object,0,0,0,1,No Pedestrian Involved,POINT (-122.484194201 37.772569062),Fixed Object
18828,1.0,Driver,North,Merging,Driver,North,Merging,Rear End,0,0,0,1,No Pedestrian Involved,POINT (-122.483856001 37.727228817),Other Motor Vehicle
18829,1.0,Driver,North,Slowing/Stopping,Driver,North,Changing Lanes,Rear End,0,0,0,1,No Pedestrian Involved,POINT (-122.479434865 37.771219435),Other Motor Vehicle
18830,1.0,Driver,East,Making Left Turn,Bicyclist,Not Stated,Proceeding Straight,Not Stated,0,1,0,1,No Pedestrian Involved,POINT (-122.4583711 37.774308895),Bicycle
18831,1.0,Bicyclist,South,Proceeding Straight,Driver,West,Proceeding Straight,Broadside,0,1,0,1,No Pedestrian Involved,POINT (-122.430728277 37.766019009),Bicycle
18832,1.0,Driver,South,Making Left Turn,Pedestrian,South,Not Stated,Vehicle/Pedestrian,1,0,0,1,Crossing in Crosswalk at Intersection,POINT (-122.44262836 37.798990602),Pedestrian
18833,1.0,Driver,North,Making Left Turn,Pedestrian,South,Proceeding Straight,Vehicle/Pedestrian,1,0,0,1,Crossing in Crosswalk at Intersection,POINT (-122.426780766 37.770660175),Pedestrian
18834,1.0,Driver,South,Not Stated,Pedestrian,East,Proceeding Straight,Vehicle/Pedestrian,1,0,0,1,Crossing in Crosswalk at Intersection,POINT (-122.472451061 37.782578538),Pedestrian
18835,1.0,Other,Not Stated,Proceeding Straight,Driver,South,Proceeding Straight,Sideswipe,0,0,0,1,No Pedestrian Involved,POINT (-122.40377116 37.805278278),Other Motor Vehicle
18836,1.0,Driver,North,Proceeding Straight,Unknown,Unknown,Unknown,Hit Object,0,0,0,1,No Pedestrian Involved,POINT (-122.399351137 37.714693865),Fixed Object
18837,1.0,Driver,North,Traveling Wrong Way,Parked Vehicle,Not Stated,Parked,Head-On,0,0,0,1,No Pedestrian Involved,POINT (-122.48310424 37.719109028),Parked Motor Vehicle
18838,1.0,Driver,North,Proceeding Straight,Driver,West,Proceeding Straight,Broadside,0,0,0,1,No Pedestrian Involved,POINT (-122.471638565 37.778752208),Motor Vehicle on Other Roadway
18839,1.0,Driver,Not Stated,Making Left Turn,Driver,North,Proceeding Straight,Head-On,0,0,0,1,No Pedestrian Involved,POINT (-122.430824713 37.773972521),Other Motor Vehicle
18840,1.0,Driver,South,Slowing/Stopping,Driver,South,Slowing/Stopping,Rear End,0,0,0,1,No Pedestrian Involved,POINT (-122.398807127 37.715588993),Other Motor Vehicle
18841,1.0,Driver,West,Proceeding Straight,Driver,West,Stopped In Road,Rear End,0,0,0,1,No Pedestrian Involved,POINT (-122.504544348 37.771640388),Other Motor Vehicle
18842,1.0,Driver,West,Parked,Bicyclist,West,Proceeding Straight,Broadside,0,1,0,1,No Pedestrian Involved,POINT (-122.418901029 37.757035402),Bicycle
18843,1.0,Pedestrian,East,Proceeding Straight,Driver,South,Proceeding Straight,Vehicle/Pedestrian,1,0,0,1,Crossing Not in Crosswalk,POINT (-122.431981955 37.779713178),Pedestrian
18844,1.0,Bicyclist,East,Proceeding Straight,Unknown,Unknown,Unknown,Other,0,0,0,0,No Pedestrian Involved,POINT (-122.437234931 37.772203713),Not Stated
18845,,Driver,East,Proceeding Straight,Unknown,Unknown,Unknown,Other,0,0,0,1,No Pedestrian Involved,POINT (-122.418655872 37.788909612),Other Motor Vehicle
18846,1.0,Other,North,Proceeding Straight,Driver,West,Proceeding Straight,Broadside,0,0,0,1,No Pedestrian Involved,POINT (-122.489193569 37.751806869),Other Motor Vehicle
18847,1.0,Driver,South,Proceeding Straight,Driver,South,Proceeding Straight,Rear End,0,0,0,1,No Pedestrian Involved,POINT (-122.388147159 37.785345649),Other Motor Vehicle
18848,1.0,Driver,West,Backing,Driver,South,Making Left Turn,Broadside,0,0,0,1,No Pedestrian Involved,POINT (-122.439277492 37.779587951),Other Motor Vehicle
18849,1.0,Driver,North,Changing Lanes,Driver,North,Proceeding Straight,Sideswipe,0,0,0,1,No Pedestrian Involved,,Other Motor Vehicle
18850,1.0,Other,North,Passing Other Vehicle,Bicyclist,North,Proceeding Straight,Rear End,0,1,0,0,No Pedestrian Involved,POINT (-122.400733137 37.79112356),Bicycle
18851,1.0,Driver,South,Passing Other Vehicle,Pedestrian,East,Not Stated,Vehicle/Pedestrian,1,0,0,1,"In Road, Including Shoulder",POINT (-122.394035065 37.776332976),Pedestrian
18852,1.0,Driver,West,Proceeding Straight,Driver,South,Proceeding Straight,Broadside,0,0,0,1,No Pedestrian Involved,POINT (-122.444892548 37.801625982),Other Motor Vehicle
18853,1.0,Driver,North,Slowing/Stopping,Driver,North,Stopped In Road,Rear End,0,0,0,1,No Pedestrian Involved,POINT (-122.476708405 37.759371126),Other Motor Vehicle
18854,1.0,Driver,East,Traveling Wrong Way,Driver,West,Proceeding Straight,Head-On,0,0,0,1,No Pedestrian Involved,POINT (-122.431011538 37.774902831),Other Motor Vehicle
18855,,Driver,North,Making Left Turn,Pedestrian,East,Other,Vehicle/Pedestrian,1,0,0,1,Crossing in Crosswalk at Intersection,POINT (-122.419982345 37.768286364),Pedestrian
18856,1.0,Driver,North,Proceeding Straight,Driver,West,Proceeding Straight,Broadside,0,0,0,1,No Pedestrian Involved,POINT (-122.411090201 37.761700879),Other Motor Vehicle
18857,1.0,Driver,West,Making U Turn,Driver,West,Proceeding Straight,Sideswipe,0,0,0,1,No Pedestrian Involved,POINT (-122.401092152 37.786985424),Other Motor Vehicle
18858,1.0,Bicyclist,East,Proceeding Straight,Not Stated,Not Stated,Proceeding Straight,Broadside,0,1,0,0,No Pedestrian Involved,POINT (-122.413173758 37.754508241),Bicycle
18859,1.0,Driver,West,Making Left Turn,Driver,North,Proceeding Straight,Broadside,0,0,0,1,No Pedestrian Involved,POINT (-122.499058976 37.731576071),Other Motor Vehicle
18860,1.0,Pedestrian,North,Ran Off Road,Driver,East,Proceeding Straight,Vehicle/Pedestrian,1,0,0,1,"In Road, Including Shoulder",POINT (-122.41267404 37.780296215),Pedestrian
18861,1.0,Driver,North,Proceeding Straight,Driver,West,Making Left Turn,Broadside,0,0,0,1,No Pedestrian Involved,POINT (-122.44369911 37.779038019),Other Motor Vehicle
18862,1.0,Driver,West,Proceeding Straight,Driver,West,Stopped,Rear End,0,0,0,1,No Pedestrian Involved,POINT (-122.409327143 37.792975108),Other Motor Vehicle
18863,3.0,Driver,East,Proceeding Straight,Driver,East,Stopped In Road,Sideswipe,0,0,0,1,No Pedestrian Involved,POINT (-122.40421789 37.769759664),Other Motor Vehicle
18864,1.0,Driver,East,Proceeding Straight,Driver,East,Stopped In Road,Rear End,1,0,0,1,Crossing in Crosswalk at Intersection,POINT (-122.424808877 37.777601862),Other Motor Vehicle
18865,1.0,Driver,West,Changing Lanes,Driver,West,Making Left Turn,Sideswipe,0,0,0,1,No Pedestrian Involved,POINT (-122.419335719 37.784032663),Other Motor Vehicle
18866,1.0,Driver,East,Proceeding Straight,Pedestrian,North,Not Stated,Vehicle/Pedestrian,1,0,0,1,Crossing in Crosswalk at Intersection,POINT (-122.441177376 37.800190187),Pedestrian
18867,1.0,Driver,West,Making Left Turn,Driver,East,Proceeding Straight,Head-On,0,0,0,1,No Pedestrian Involved,POINT (-122.444847226 37.746945373),Other Motor Vehicle
18868,1.0,Driver,East,Changing Lanes,Bicyclist,East,Proceeding Straight,Sideswipe,0,1,0,1,No Pedestrian Involved,POINT (-122.44343271 37.783840801),Bicycle
18869,,Driver,South,Proceeding Straight,Driver,East,Proceeding Straight,Broadside,0,0,0,1,No Pedestrian Involved,POINT (-122.433231486 37.723932438),Other Motor Vehicle
18870,1.0,Driver,South,Proceeding Straight,Driver,West,Proceeding Straight,Broadside,0,0,0,1,No Pedestrian Involved,POINT (-122.402571331 37.79189894),Not Stated
18871,,Driver,West,Proceeding Straight,Driver,South,Making Left Turn,Broadside,0,0,0,1,No Pedestrian Involved,POINT (-122.447997856 37.721245033),Other Motor Vehicle
18872,1.0,Driver,South,Proceeding Straight,Driver,West,Proceeding Straight,Broadside,0,0,0,1,No Pedestrian Involved,POINT (-122.403578632 37.734400224),Other Motor Vehicle
18873,1.0,Driver,South,Making Left Turn,Driver,East,Proceeding Straight,Broadside,0,0,0,1,No Pedestrian Involved,POINT (-122.465352871 37.780965491),Other Motor Vehicle
18874,1.0,Driver,South,Proceeding Straight,Driver,South,Proceeding Straight,Rear End,0,0,0,1,No Pedestrian Involved,POINT (-122.397980977 37.718177726),Other Motor Vehicle
18875,1.0,Driver,East,Changing Lanes,Unknown,Unknown,Unknown,Overturned,0,0,0,1,No Pedestrian Involved,POINT (-122.402986094 37.787931305),Non-Collision
18876,1.0,Driver,South,Making Left Turn,Bicyclist,North,Proceeding Straight,Broadside,0,1,0,1,No Pedestrian Involved,POINT (-122.420306882 37.788699046),Bicycle
18877,2.0,Driver,East,Proceeding Straight,Bicyclist,East,Proceeding Straight,Sideswipe,0,1,0,1,No Pedestrian Involved,POINT (-122.417743719 37.770225305),Bicycle
18878,1.0,Driver,South,Passing Other Vehicle,Unknown,Unknown,Unknown,Overturned,0,0,0,1,No Pedestrian Involved,POINT (-122.422309697 37.769292245),Other Object
18879,1.0,Pedestrian,North,Proceeding Straight,Driver,East,Slowing/Stopping,Vehicle/Pedestrian,1,0,0,1,Crossing in Crosswalk at Intersection,POINT (-122.412575673 37.780465831),Pedestrian
18880,1.0,Driver,South,Entering Traffic,Driver,West,Proceeding Straight,Broadside,0,0,0,1,No Pedestrian Involved,POINT (-122.423369707 37.777788738),Other Motor Vehicle
18881,1.0,Driver,North,Proceeding Straight,Driver,East,Making Left Turn,Broadside,0,0,0,1,No Pedestrian Involved,POINT (-122.423413055 37.795737109),Other Motor Vehicle
18882,1.0,Driver,West,Changing Lanes,Driver,West,Proceeding Straight,Sideswipe,0,0,0,1,No Pedestrian Involved,POINT (-122.464296829 37.765962835),Other Motor Vehicle
18883,1.0,Driver,West,Proceeding Straight,Driver,East,Proceeding Straight,Head-On,0,0,0,1,No Pedestrian Involved,POINT (-122.442507611 37.739274305),Other Motor Vehicle
18884,1.0,Driver,West,Proceeding Straight,Driver,West,Stopped In Road,Rear End,0,0,0,1,No Pedestrian Involved,POINT (-122.467986186 37.721656291),Other Motor Vehicle
18885,1.0,Driver,East,Stopped In Road,Unknown,Unknown,Unknown,Overturned,0,0,0,1,No Pedestrian Involved,POINT (-122.419893211 37.722186473),Fixed Object
18886,1.0,Bicyclist,North,Proceeding Straight,Driver,North,Making Right Turn,Broadside,0,1,0,1,No Pedestrian Involved,POINT (-122.413668844 37.748255329),Bicycle
18887,1.0,Pedestrian,East,Other,Driver,North,Proceeding Straight,Vehicle/Pedestrian,1,0,0,1,Crossing Not in Crosswalk,POINT (-122.393122628 37.757650785),Pedestrian
18888,1.0,Driver,North,Changing Lanes,Driver,North,Proceeding Straight,Hit Object,0,0,0,1,No Pedestrian Involved,POINT (-122.448858467 37.713991902),Fixed Object
18889,1.0,Driver,South,Proceeding Straight,Driver,East,Proceeding Straight,Broadside,0,0,0,1,No Pedestrian Involved,POINT (-122.400981568 37.774808776),Other Motor Vehicle
18890,1.0,Driver,South,Proceeding Straight,Unknown,Unknown,Unknown,Hit Object,0,0,0,1,No Pedestrian Involved,POINT (-122.500220954 37.718955559),Fixed Object
18891,1.0,Pedestrian,North,Not Stated,Driver,East,Slowing/Stopping,Vehicle/Pedestrian,1,0,0,1,Crossing in Crosswalk at Intersection,POINT (-122.412512256 37.780478512),Pedestrian
18892,1.0,Driver,Not Stated,Proceeding Straight,Pedestrian,Not Stated,Proceeding Straight,Vehicle/Pedestrian,1,0,0,1,Crossing in Crosswalk at Intersection,POINT (-122.430044996 37.803517819),Pedestrian
18893,1.0,Driver,East,Making Left Turn,Driver,North,Proceeding Straight,Broadside,0,0,0,1,No Pedestrian Involved,POINT (-122.446073649 37.764187822),Other Motor Vehicle
18894,1.0,Driver,South,Parking Maneuver,Bicyclist,South,Proceeding Straight,Sideswipe,0,1,0,1,No Pedestrian Involved,POINT (-122.419452128 37.784488239),Bicycle
18895,1.0,Driver,East,Proceeding Straight,Driver,South,Proceeding Straight,Sideswipe,0,0,0,1,No Pedestrian Involved,POINT (-122.426161767 37.731168532),Other Motor Vehicle
18896,1.0,Driver,East,Backing,Pedestrian,South,Not Stated,Vehicle/Pedestrian,1,0,0,1,Crossing in Crosswalk at Intersection,POINT (-122.476191522 37.780461552),Pedestrian
18897,1.0,Driver,South,Proceeding Straight,Pedestrian,West,Not Stated,Vehicle/Pedestrian,1,0,0,1,Crossing in Crosswalk at Intersection,POINT (-122.409693262 37.781754328),Pedestrian
18898,1.0,Driver,South,Ran Off Road,Unknown,Unknown,Unknown,Sideswipe,0,0,0,1,No Pedestrian Involved,POINT (-122.427301251 37.731265255),Fixed Object
18899,1.0,Driver,East,Proceeding Straight,Driver,East,Stopped,Not Stated,0,0,0,1,No Pedestrian Involved,POINT (-122.453446497 37.77781945),Other Motor Vehicle
18900,1.0,Driver,East,Making Right Turn,Driver,East,Making Right Turn,Sideswipe,0,0,0,1,No Pedestrian Involved,POINT (-122.410076848 37.772526444),Other Motor Vehicle
18901,1.0,Driver,East,Proceeding Straight,Driver,North,Proceeding Straight,Broadside,0,0,0,1,No Pedestrian Involved,POINT (-122.477239889 37.780439636),Other Motor Vehicle
18902,1.0,Driver,East,Proceeding Straight,Parked Vehicle,East,Parked,Rear End,0,0,0,1,No Pedestrian Involved,POINT (-122.422250843 37.728843145),Parked Motor Vehicle
18903,,Driver,North,Proceeding Straight,Driver,North,Proceeding Straight,Rear End,0,0,0,1,No Pedestrian Involved,POINT (-122.472572454 37.717173869),Other Motor Vehicle