party_id,party_at_fault,party1_type,party1_dir_of_travel,party1_move_pre_acc,party2_type,party2_dir_of_travel,party2_move_pre_acc,type_of_collision,involves_pedestrian,involves_bicycle,involves_motorcycle,involves_vehicle,ped_action,point,mviw
20594,1.0,Driver,West,Proceeding Straight,Pedestrian,North,Proceeding Straight,Vehicle/Pedestrian,1,0,0,1,Crossing in Crosswalk at Intersection,POINT (-122.406475552 37.795144465),Pedestrian
20595,,Driver,West,Proceeding Straight,Driver,West,Proceeding Straight,Rear End,0,0,0,1,No Pedestrian Involved,POINT (-122.47606967 37.720779947),Other Motor Vehicle
20596,2.0,Driver,South,Proceeding Straight,Driver,North,Making Left Turn,Broadside,0,0,0,1,No Pedestrian Involved,POINT (-122.38787864 37.754112146),Other Motor Vehicle
20597,1.0,Driver,South,Entering Traffic,Bicyclist,South,Proceeding Straight,Sideswipe,0,1,0,1,No Pedestrian Involved,POINT (-122.39145141 37.773631215),Bicycle
20598,1.0,Driver,South,Backing,Parked Vehicle,South,Parked,Rear End,0,0,0,1,No Pedestrian Involved,POINT (-122.40445058 37.784628147),Other Motor Vehicle
20599,1.0,Driver,South,Proceeding Straight,Driver,South,Stopped In Road,Rear End,0,0,0,1,No Pedestrian Involved,POINT (-122.393474752 37.793464525),Other Motor Vehicle
20600,1.0,Driver,East,Making Left Turn,Driver,East,Proceeding Straight,Sideswipe,0,0,0,1,No Pedestrian Involved,POINT (-122.419036211 37.790788054),Other Motor Vehicle
20601,1.0,Driver,North,Other Unsafe Turning,Unknown,Unknown,Unknown,Hit Object,0,0,0,1,No Pedestrian Involved,,Fixed Object
20602,1.0,Pedestrian,West,Proceeding Straight,Driver,South,Proceeding Straight,Head-On,1,0,0,1,Crossing in Crosswalk at Intersection,POINT (-122.443782167 37.758192866),Pedestrian
20603,1.0,Driver,North,Proceeding Straight,Driver,North,Making Left Turn,Rear End,0,0,0,1,No Pedestrian Involved,POINT (-122.419206044 37.760235355),Other Motor Vehicle
20604,1.0,Driver,West,Making Left Turn,Driver,East,Proceeding Straight,Broadside,0,0,0,1,No Pedestrian Involved,POINT (-122.487967432 37.764970793),Other Motor Vehicle
20605,,Driver,West,Proceeding Straight,Unknown,Unknown,Unknown,Other,0,0,0,1,No Pedestrian Involved,POINT (-122.43532466 37.787737159),Non-Collision
20606,1.0,Driver,West,Making Left Turn,Driver,West,Making Left Turn,Rear End,0,0,0,1,No Pedestrian Involved,POINT (-122.42100836 37.783824118),Other Motor Vehicle
20607,,Bicyclist,East,Passing Other Vehicle,Other,East,Not Stated,Hit Object,0,0,0,0,No Pedestrian Involved,POINT (-122.396302004 37.79325635),Fixed Object
20608,1.0,Pedestrian,East,Other,Driver,South,Proceeding Straight,Vehicle/Pedestrian,1,0,0,1,Crossing Not in Crosswalk,POINT (-122.402711109 37.792580013),Pedestrian
20609,1.0,Driver,East,Making Left Turn,Pedestrian,North,Proceeding Straight,Vehicle/Pedestrian,1,0,0,1,Crossing in Crosswalk at Intersection,POINT (-122.40840155 37.788293194),Not Stated
20610,1.0,Driver,South,Proceeding Straight,Driver,South,Stopped In Road,Rear End,0,0,0,1,No Pedestrian Involved,POINT (-122.401231858 37.782081882),Other Motor Vehicle
20611,1.0,Driver,North,Proceeding Straight,Driver,North,Slowing/Stopping,Rear End,0,0,0,1,No Pedestrian Involved,POINT (-122.423974965 37.790160472),Other Motor Vehicle
20612,1.0,Bicyclist,South,Making Right Turn,Driver,North,Stopped,Head-On,0,1,0,1,No Pedestrian Involved,POINT (-122.401273094 37.789182717),Bicycle
20613,1.0,Driver,West,Proceeding Straight,Parked Vehicle,West,Parked,Sideswipe,0,0,0,1,No Pedestrian Involved,POINT (-122.506270478 37.764188272),Parked Motor Vehicle
20614,2.0,Driver,East,Backing,Pedestrian,Not Stated,Proceeding Straight,Vehicle/Pedestrian,1,0,0,1,Crossing Not in Crosswalk,POINT (-122.461207475 37.783087442),Pedestrian
20615,1.0,Driver,West,Proceeding Straight,Driver,West,Proceeding Straight,Rear End,0,0,0,1,No Pedestrian Involved,POINT (-122.415479154 37.775611688),Other Motor Vehicle
20616,,Driver,South,Proceeding Straight,Driver,South,Stopped In Road,Rear End,0,0,0,1,No Pedestrian Involved,POINT (-122.420676646 37.781996399),Other Motor Vehicle
20617,1.0,Driver,North,Proceeding Straight,Unknown,Unknown,Unknown,Hit Object,0,0,0,1,No Pedestrian Involved,POINT (-122.499058976 37.731576071),Fixed Object
20618,1.0,Driver,East,Proceeding Straight,Driver,North,Making Right Turn,Broadside,0,0,0,1,No Pedestrian Involved,POINT (-122.39562276 37.722431604),Motor Vehicle on Other Roadway
20619,1.0,Bicyclist,North,Proceeding Straight,Parked Vehicle,Not Stated,Parked,Other,0,1,0,0,No Pedestrian Involved,POINT (-122.41301995 37.802260968),Bicycle
20620,1.0,Driver,West,Proceeding Straight,Driver,South,Proceeding Straight,Broadside,0,0,0,1,No Pedestrian Involved,POINT (-122.500830595 37.764406141),Other Motor Vehicle
20621,2.0,Driver,North,Proceeding Straight,Driver,West,Proceeding Straight,Broadside,0,0,0,1,No Pedestrian Involved,POINT (-122.411139801 37.785074596),Other Motor Vehicle
20622,1.0,Driver,South,Making Left Turn,Driver,East,Proceeding Straight,Broadside,0,0,0,1,No Pedestrian Involved,POINT (-122.444847225 37.746945373),Other Motor Vehicle
20623,1.0,Driver,South,Proceeding Straight,Driver,South,Passing Other Vehicle,Sideswipe,0,0,0,1,No Pedestrian Involved,POINT (-122.424370383 37.783772634),Other Motor Vehicle
20624,1.0,Driver,North,Proceeding Straight,Driver,North,Slowing/Stopping,Rear End,0,0,0,1,No Pedestrian Involved,POINT (-122.393570157 37.726979832),Other Motor Vehicle
20625,1.0,Driver,West,Making Left Turn,Driver,East,Proceeding Straight,Other,0,0,0,1,No Pedestrian Involved,POINT (-122.425154176 37.778518053),Non-Collision
20626,1.0,Driver,West,Making Left Turn,Driver,East,Slowing/Stopping,Vehicle/Pedestrian,1,0,0,1,No Pedestrian Involved,POINT (-122.424852599 37.770747746),Pedestrian
20627,1.0,Driver,South,Proceeding Straight,Driver,East,Proceeding Straight,Broadside,0,0,0,1,No Pedestrian Involved,POINT (-122.45387663 37.780239049),Other Motor Vehicle
20628,1.0,Driver,South,Making Right Turn,Pedestrian,North,Proceeding Straight,Vehicle/Pedestrian,1,0,0,1,Crossing in Crosswalk at Intersection,POINT (-122.408066547 37.783991487),Pedestrian
20629,1.0,Driver,West,Changing Lanes,Driver,West,Proceeding Straight,Other,0,0,0,1,No Pedestrian Involved,POINT (-122.458516514 37.774290382),Other Object
20630,1.0,Driver,North,Proceeding Straight,Driver,North,Stopped In Road,Rear End,0,0,0,1,No Pedestrian Involved,POINT (-122.423610629 37.788361488),Other Motor Vehicle
20631,1.0,Driver,West,Proceeding Straight,Driver,East,Proceeding Straight,Broadside,0,0,0,1,No Pedestrian Involved,POINT (-122.444847225 37.746945373),Other Motor Vehicle
20632,1.0,Driver,South,Proceeding Straight,Driver,West,Proceeding Straight,Broadside,0,0,0,1,No Pedestrian Involved,POINT (-122.499196336 37.734311616),Other Motor Vehicle
20633,1.0,Pedestrian,North,Proceeding Straight,Driver,West,Proceeding Straight,Vehicle/Pedestrian,1,0,0,1,Crossing Not in Crosswalk,POINT (-122.399919527 37.792237982),Pedestrian
20634,1.0,Driver,North,Proceeding Straight,Parked Vehicle,Not Stated,Parked,Sideswipe,0,0,0,1,No Pedestrian Involved,POINT (-122.458165465 37.730244044),Parked Motor Vehicle
20635,1.0,Driver,East,Proceeding Straight,Unknown,Unknown,Unknown,Hit Object,0,0,0,1,No Pedestrian Involved,POINT (-122.475094886 37.713881467),Fixed Object
20636,1.0,Pedestrian,East,Other,Driver,North,Proceeding Straight,Vehicle/Pedestrian,1,0,0,1,Crossing Not in Crosswalk,POINT (-122.439551839 37.729237796),Pedestrian
20637,1.0,Driver,West,Proceeding Straight,Driver,North,Making Left Turn,Broadside,0,0,0,1,No Pedestrian Involved,POINT (-122.38470554 37.740897516),Other Motor Vehicle
20638,1.0,Driver,South,Making Right Turn,Driver,East,Making Right Turn,Broadside,0,0,0,1,No Pedestrian Involved,POINT (-122.416043078 37.711926358),Other Motor Vehicle
20639,,Pedestrian,East,Proceeding Straight,Driver,North,Proceeding Straight,Vehicle/Pedestrian,1,0,0,1,Crossing in Crosswalk at Intersection,POINT (-122.431384423 37.776759677),Pedestrian
20640,1.0,Driver,Not Stated,Making Left Turn,Driver,North,Proceeding Straight,Broadside,0,0,0,1,No Pedestrian Involved,POINT (-122.423396761 37.771885644),Other Motor Vehicle
20641,1.0,Driver,West,Other Unsafe Turning,Parked Vehicle,Not Stated,Not Stated,Rear End,0,0,0,1,No Pedestrian Involved,POINT (-122.478713573 37.78603127),Parked Motor Vehicle
20642,,Driver,South,Proceeding Straight,Driver,East,Proceeding Straight,Sideswipe,0,0,0,1,No Pedestrian Involved,POINT (-122.390797169 37.766802442),Other Motor Vehicle
20643,1.0,Pedestrian,South,Entering Traffic,Driver,East,Proceeding Straight,Vehicle/Pedestrian,1,0,0,1,Crossing Not in Crosswalk,POINT (-122.429604819 37.769426569),Pedestrian
20644,1.0,Driver,South,Proceeding Straight,Driver,East,Proceeding Straight,Broadside,0,0,0,1,No Pedestrian Involved,POINT (-122.406429154 37.764547654),Other Motor Vehicle
20645,1.0,Driver,West,Passing Other Vehicle,Driver,West,Stopped In Road,Other,0,0,0,1,No Pedestrian Involved,POINT (-122.405868648 37.797966521),Other Motor Vehicle
20646,2.0,Driver,East,Making Left Turn,Pedestrian,North,Proceeding Straight,Vehicle/Pedestrian,1,0,0,1,Crossing in Crosswalk at Intersection,POINT (-122.410931088 37.769411191),Pedestrian
20647,1.0,Driver,East,Proceeding Straight,Unknown,Unknown,Unknown,Rear End,0,0,0,1,No Pedestrian Involved,POINT (-122.420959921 37.775232335),Not Stated
20648,1.0,Driver,East,Proceeding Straight,Driver,East,Stopped In Road,Rear End,0,0,0,1,No Pedestrian Involved,POINT (-122.447808313 37.746412629),Other Motor Vehicle
20649,1.0,Driver,West,Proceeding Straight,Driver,West,Proceeding Straight,Rear End,0,0,0,1,No Pedestrian Involved,POINT (-122.428674588 37.767732535),Not Stated
20650,1.0,Driver,South,Proceeding Straight,Driver,Not Stated,Making Left Turn,Broadside,0,0,0,1,No Pedestrian Involved,POINT (-122.402600412 37.725235112),Other Motor Vehicle
20651,1.0,Driver,East,Proceeding Straight,Parked Vehicle,East,Parked,Rear End,0,0,0,1,No Pedestrian Involved,POINT (-122.487557001 37.772415844),Parked Motor Vehicle
20652,1.0,Driver,North,Making Left Turn,Driver,South,Proceeding Straight,Broadside,0,0,0,1,No Pedestrian Involved,POINT (-122.423641307 37.759967376),Other Motor Vehicle
20653,1.0,Driver,South,Proceeding Straight,Bicyclist,South,Proceeding Straight,Sideswipe,0,1,0,1,No Pedestrian Involved,POINT (-122.391061599 37.792434198),Bicycle
20654,1.0,Driver,East,Proceeding Straight,Unknown,Unknown,Unknown,Head-On,0,0,0,1,No Pedestrian Involved,POINT (-122.487708162 37.761228568),Fixed Object
20655,1.0,Driver,North,Proceeding Straight,Driver,Not Stated,Not Stated,Rear End,0,0,0,1,No Pedestrian Involved,POINT (-122.484150291 37.77250349),Other Motor Vehicle
20656,1.0,Driver,East,Proceeding Straight,Driver,North,Proceeding Straight,Broadside,1,0,0,1,Not in Road,POINT (-122.443696072 37.718928673),Other Motor Vehicle
20657,1.0,Driver,East,Proceeding Straight,Unknown,Unknown,Unknown,Overturned,0,0,0,1,No Pedestrian Involved,POINT (-122.479322006 37.765333139),Parked Motor Vehicle
20658,1.0,Driver,North,Proceeding Straight,Driver,West,Proceeding Straight,Broadside,0,0,0,1,No Pedestrian Involved,POINT (-122.454204901 37.74398466),Other Motor Vehicle
20659,1.0,Driver,West,Proceeding Straight,Driver,South,Proceeding Straight,Broadside,0,0,0,1,No Pedestrian Involved,POINT (-122.410764828 37.783214313),Other Motor Vehicle
20660,1.0,Driver,East,Proceeding Straight,Driver,East,Slowing/Stopping,Rear End,0,0,0,1,No Pedestrian Involved,POINT (-122.399904274 37.74952674),Other Motor Vehicle
20661,1.0,Driver,South,Crossed Into Opposing Lane,Unknown,Unknown,Unknown,Hit Object,0,0,0,1,No Pedestrian Involved,POINT (-122.443920911 37.788572639),Fixed Object
20662,1.0,Driver,North,Proceeding Straight,Pedestrian,East,Other,Vehicle/Pedestrian,1,0,0,1,Crossing in Crosswalk at Intersection,POINT (-122.404496977 37.764664317),Pedestrian
20663,1.0,Other,West,Proceeding Straight,Unknown,Unknown,Unknown,Other,0,0,0,0,No Pedestrian Involved,POINT (-122.410624924 37.787053353),Non-Collision
20664,1.0,Driver,South,Slowing/Stopping,Driver,South,Parked,Rear End,0,0,0,1,No Pedestrian Involved,POINT (-122.454115753 37.723457007),Other Motor Vehicle
20665,1.0,Driver,North,Proceeding Straight,Pedestrian,East,Proceeding Straight,Vehicle/Pedestrian,1,0,0,1,Crossing in Crosswalk at Intersection,POINT (-122.440805573 37.789872296),Pedestrian
20666,1.0,Driver,North,Proceeding Straight,Driver,South,Proceeding Straight,Head-On,0,0,0,1,No Pedestrian Involved,POINT (-122.501693361 37.767768366),Other Motor Vehicle
20667,1.0,Driver,West,Proceeding Straight,Driver,West,Stopped In Road,Rear End,0,0,0,1,No Pedestrian Involved,POINT (-122.475318135 37.714147064),Other Motor Vehicle
20668,1.0,Driver,South,Proceeding Straight,Pedestrian,South,Proceeding Straight,Sideswipe,1,0,0,1,Not Stated,POINT (-122.407124488 37.790248083),Other Object
20669,1.0,Driver,East,Making Left Turn,Bicyclist,South,Proceeding Straight,Broadside,0,1,0,1,No Pedestrian Involved,POINT (-122.499784471 37.749472436),Bicycle
20670,1.0,Driver,North,Making Left Turn,Driver,East,Stopped In Road,Sideswipe,0,0,0,1,No Pedestrian Involved,POINT (-122.398961716 37.783760148),Other Motor Vehicle
20671,1.0,Driver,North,Making Right Turn,Driver,North,Proceeding Straight,Sideswipe,1,0,0,1,Not in Road,POINT (-122.448279146 37.804724225),Other Motor Vehicle
20672,1.0,Driver,North,Proceeding Straight,Driver,East,Proceeding Straight,Broadside,0,0,0,1,No Pedestrian Involved,POINT (-122.404496977 37.764664317),Other Motor Vehicle
20673,1.0,Driver,East,Proceeding Straight,Driver,West,Proceeding Straight,Head-On,0,0,0,1,No Pedestrian Involved,POINT (-122.427260407 37.78974286),Other Motor Vehicle
20674,1.0,Driver,North,Making Right Turn,Driver,West,Proceeding Straight,Sideswipe,0,0,0,1,No Pedestrian Involved,POINT (-122.390319484 37.788134502),Other Motor Vehicle
20675,1.0,Bicyclist,East,Proceeding Straight,Unknown,Unknown,Unknown,Hit Object,0,0,0,0,No Pedestrian Involved,POINT (-122.481560273 37.725739075),Fixed Object
20676,1.0,Driver,Not Stated,Passing Other Vehicle,Parked Vehicle,South,Parked,Sideswipe,0,0,0,1,No Pedestrian Involved,POINT (-122.39242179 37.730000101),Parked Motor Vehicle
20677,1.0,Driver,South,Other Unsafe Turning,Pedestrian,Not Stated,Other,Vehicle/Pedestrian,1,0,0,1,Not in Road,POINT (-122.405561504 37.724436272),Pedestrian
20678,1.0,Driver,East,Making Left Turn,Driver,North,Proceeding Straight,Head-On,0,0,0,1,No Pedestrian Involved,POINT (-122.430824713 37.773972521),Other Motor Vehicle
20679,1.0,Pedestrian,North,Not Stated,Pedestrian,North,Not Stated,Vehicle/Pedestrian,1,0,0,0,Crossing in Crosswalk at Intersection,POINT (-122.43606466 37.799849675),Pedestrian
20680,1.0,Driver,South,Making Left Turn,Driver,East,Proceeding Straight,Broadside,0,0,0,1,No Pedestrian Involved,POINT (-122.477080829 37.734617663),Other Motor Vehicle
20681,,Parked Vehicle,North,Stopped In Road,Bicyclist,North,Proceeding Straight,Other,0,1,0,0,No Pedestrian Involved,POINT (-122.434216835 37.782423004),Bicycle
20682,1.0,Driver,West,Proceeding Straight,Driver,West,Proceeding Straight,Sideswipe,0,0,0,1,No Pedestrian Involved,POINT (-122.470727259 37.765739255),Other Motor Vehicle
20683,1.0,Bicyclist,South,Traveling Wrong Way,Driver,East,Proceeding Straight,Broadside,0,0,0,1,No Pedestrian Involved,POINT (-122.505120122 37.764214478),Not Stated
20684,1.0,Driver,South,Proceeding Straight,Driver,West,Proceeding Straight,Broadside,0,0,0,1,No Pedestrian Involved,POINT (-122.423947062 37.773889239),Other Motor Vehicle
20685,1.0,Driver,East,Making Right Turn,Driver,West,Proceeding Straight,Head-On,0,0,0,1,No Pedestrian Involved,POINT (-122.396423483 37.737104215),Other Motor Vehicle
20686,1.0,Driver,East,Proceeding Straight,Driver,East,Stopped,Rear End,0,0,0,1,No Pedestrian Involved,POINT (-122.408447662 37.735815913),Other Motor Vehicle
20687,1.0,Driver,West,Making Left Turn,Driver,East,Proceeding Straight,Head-On,0,0,0,1,No Pedestrian Involved,POINT (-122.430550999 37.789324498),Other Motor Vehicle
20688,1.0,Driver,South,Other,Driver,South,Making Left Turn,Broadside,0,0,0,1,No Pedestrian Involved,POINT (-122.408977847 37.751200797),Other Motor Vehicle
20689,,Driver,South,Making Right Turn,Pedestrian,North,Proceeding Straight,Vehicle/Pedestrian,1,0,0,1,Crossing in Crosswalk at Intersection,POINT (-122.440026922 37.777586768),Pedestrian
20690,1.0,Driver,East,Making Right Turn,Unknown,Unknown,Unknown,Other,0,0,0,1,No Pedestrian Involved,POINT (-122.405626952 37.748971047),Non-Collision
20691,1.0,Bicyclist,East,Proceeding Straight,Driver,East,Proceeding Straight,Rear End,0,1,0,1,No Pedestrian Involved,POINT (-122.43143982 37.779629286),Bicycle
20692,1.0,Driver,South,Changing Lanes,Driver,South,Stopped In Road,Sideswipe,0,0,0,1,No Pedestrian Involved,POINT (-122.419663575 37.773893124),Other Motor Vehicle
20693,1.0,Driver,South,Proceeding Straight,Driver,West,Proceeding Straight,Broadside,0,0,0,1,No Pedestrian Involved,POINT (-122.406577854 37.729518161),Motor Vehicle on Other Roadway
20694,1.0,Driver,East,Proceeding Straight,Driver,West,Slowing/Stopping,Head-On,0,0,0,1,No Pedestrian Involved,POINT (-122.401985459 37.786279724),Other Motor Vehicle
20695,1.0,Driver,North,Slowing/Stopping,Driver,North,Stopped In Road,Rear End,0,0,0,1,No Pedestrian Involved,POINT (-122.420805836 37.753634699),Other Motor Vehicle
20696,1.0,Driver,South,Proceeding Straight,Driver,South,Slowing/Stopping,Rear End,0,0,0,1,No Pedestrian Involved,POINT (-122.475461382 37.739071757),Other Motor Vehicle
20697,1.0,Driver,West,Proceeding Straight,Parked Vehicle,Not Stated,Parked,Rear End,0,0,0,1,No Pedestrian Involved,POINT (-122.442494105 37.779188854),Parked Motor Vehicle
20698,1.0,Driver,South,Proceeding Straight,Unknown,Unknown,Unknown,Hit Object,0,0,0,1,No Pedestrian Involved,POINT (-122.472549442 37.719588254),Fixed Object
20699,1.0,Driver,East,Stopped In Road,Driver,East,Proceeding Straight,Broadside,0,0,0,1,No Pedestrian Involved,POINT (-122.425101237 37.772786571),Other Motor Vehicle
20700,1.0,Driver,West,Proceeding Straight,Driver,South,Making Left Turn,Broadside,0,0,0,1,No Pedestrian Involved,POINT (-122.495972016 37.772032015),Other Motor Vehicle
20701,1.0,Driver,North,Proceeding Straight,Driver,East,Proceeding Straight,Broadside,0,0,0,1,No Pedestrian Involved,POINT (-122.421948585 37.788489643),Other Motor Vehicle
20702,,Pedestrian,North,Proceeding Straight,Driver,East,Proceeding Straight,Vehicle/Pedestrian,1,0,0,1,"In Road, Including Shoulder",POINT (-122.475225476 37.720442632),Pedestrian
20703,1.0,Driver,East,Proceeding Straight,Driver,South,Proceeding Straight,Broadside,0,0,0,1,No Pedestrian Involved,POINT (-122.389800707 37.72579056),Other Motor Vehicle
20704,1.0,Driver,South,Making U Turn,Driver,North,Proceeding Straight,Broadside,0,0,0,1,No Pedestrian Involved,POINT (-122.431293843 37.728729549),Other Motor Vehicle
20705,1.0,Driver,East,Proceeding Straight,Driver,South,Proceeding Straight,Broadside,0,0,0,1,No Pedestrian Involved,POINT (-122.42468704 37.785334622),Other Motor Vehicle
20706,1.0,Pedestrian,North,Proceeding Straight,Driver,East,Proceeding Straight,Vehicle/Pedestrian,1,0,0,1,Crossing Not in Crosswalk,POINT (-122.431959488 37.796581902),Pedestrian
20707,1.0,Driver,East,Making U Turn,Driver,West,Proceeding Straight,Broadside,0,0,0,1,No Pedestrian Involved,POINT (-122.39218234 37.745100998),Other Motor Vehicle
20708,1.0,Driver,Not Stated,Changing Lanes,Driver,Not Stated,Proceeding Straight,Sideswipe,0,0,0,1,No Pedestrian Involved,POINT (-122.433994949 37.773563799),Other Motor Vehicle
20709,1.0,Driver,West,Proceeding Straight,Driver,West,Proceeding Straight,Rear End,0,0,0,1,No Pedestrian Involved,POINT (-122.412544352 37.712735986),Other Motor Vehicle
20710,1.0,Pedestrian,North,Other,Driver,East,Proceeding Straight,Vehicle/Pedestrian,1,0,0,1,Crossing Not in Crosswalk,POINT (-122.467996138 37.714266249),Pedestrian
20711,1.0,Driver,East,Parked,Bicyclist,Not Stated,Proceeding Straight,Hit Object,0,1,0,1,No Pedestrian Involved,POINT (-122.449631231 37.788755229),Bicycle
20712,,Driver,West,Proceeding Straight,Unknown,Unknown,Unknown,Other,0,0,0,1,No Pedestrian Involved,POINT (-122.466428533 37.773374166),Other Object
20713,1.0,Pedestrian,North,Not Stated,Driver,East,Making Right Turn,Vehicle/Pedestrian,1,0,0,1,Crossing in Crosswalk at Intersection,POINT (-122.474805931 37.725687691),Pedestrian
20714,1.0,Driver,West,Proceeding Straight,Driver,West,Stopped In Road,Rear End,0,0,0,1,No Pedestrian Involved,POINT (-122.422708189 37.772484907),Other Motor Vehicle
20715,,Bicyclist,West,Proceeding Straight,Unknown,Unknown,Unknown,Other,0,0,0,0,No Pedestrian Involved,POINT (-122.456026584 37.752739432),Not Stated
20716,,Driver,West,Proceeding Straight,Driver,South,Proceeding Straight,Broadside,0,0,0,1,No Pedestrian Involved,POINT (-122.422787634 37.775949863),Other Motor Vehicle
20717,1.0,Driver,East,Proceeding Straight,Driver,East,Proceeding Straight,Rear End,0,0,0,1,No Pedestrian Involved,POINT (-122.439876703 37.786203053),Other Motor Vehicle
20718,1.0,Driver,South,Making Left Turn,Driver,North,Proceeding Straight,Sideswipe,0,0,0,1,No Pedestrian Involved,POINT (-122.392581502 37.751977262),Other Motor Vehicle
20719,1.0,Driver,North,Proceeding Straight,Unknown,Unknown,Unknown,Overturned,0,0,0,1,No Pedestrian Involved,POINT (-122.388011083 37.765362231),Non-Collision
20720,1.0,Driver,North,Backing,Driver,South,Stopped In Road,Other,0,0,0,1,No Pedestrian Involved,POINT (-122.511403388 37.775371472),Other Motor Vehicle
20721,1.0,Driver,South,Making Left Turn,Driver,East,Proceeding Straight,Broadside,0,0,0,1,No Pedestrian Involved,POINT (-122.429178343 37.774181423),Other Motor Vehicle
20722,1.0,Bicyclist,North,Proceeding Straight,Driver,East,Proceeding Straight,Broadside,0,1,0,1,No Pedestrian Involved,POINT (-122.496635997 37.733770843),Bicycle
20723,1.0,Driver,East,Entering Traffic,Driver,East,Proceeding Straight,Sideswipe,0,0,0,1,No Pedestrian Involved,POINT (-122.445443486 37.709702463),Other Motor Vehicle
20724,1.0,Driver,East,Proceeding Straight,Driver,East,Stopped In Road,Head-On,0,0,0,1,No Pedestrian Involved,POINT (-122.468023917 37.773303834),Parked Motor Vehicle
20725,1.0,Driver,South,Making U Turn,Driver,West,Proceeding Straight,Overturned,0,0,0,1,No Pedestrian Involved,POINT (-122.476712877 37.754229462),Non-Collision
20726,1.0,Driver,North,Proceeding Straight,Driver,North,Stopped In Road,Rear End,1,0,0,1,Not in Road,POINT (-122.42186585 37.742534515),Other Motor Vehicle
20727,1.0,Driver,North,Proceeding Straight,Pedestrian,East,Proceeding Straight,Vehicle/Pedestrian,1,0,0,1,Crossing in Crosswalk at Intersection,POINT (-122.427158445 37.772524917),Pedestrian
20728,1.0,Driver,North,Making Left Turn,Driver,West,Not Stated,Broadside,0,0,0,1,No Pedestrian Involved,POINT (-122.480978766 37.772716282),Other Motor Vehicle
20729,1.0,Driver,East,Proceeding Straight,Driver,East,Stopped,Rear End,0,0,0,1,No Pedestrian Involved,POINT (-122.467159299 37.712462047),Other Motor Vehicle
20730,1.0,Driver,East,Proceeding Straight,Pedestrian,South,Proceeding Straight,Vehicle/Pedestrian,1,0,0,1,Crossing in Crosswalk at Intersection,POINT (-122.498972313 37.753248437),Pedestrian
20731,,Driver,South,Proceeding Straight,Driver,West,Proceeding Straight,Broadside,0,0,0,1,No Pedestrian Involved,POINT (-122.433784546 37.780286694),Other Motor Vehicle
20732,1.0,Driver,North,Proceeding Straight,Pedestrian,West,Not Stated,Vehicle/Pedestrian,1,0,0,1,Crossing in Crosswalk at Intersection,POINT (-122.41770675 37.784235739),Pedestrian
20733,,Driver,West,Proceeding Straight,Driver,South,Proceeding Straight,Broadside,0,0,0,1,No Pedestrian Involved,POINT (-122.485010944 37.783882236),Other Motor Vehicle
20734,1.0,Driver,East,Making Left Turn,Driver,West,Proceeding Straight,Broadside,0,0,0,1,No Pedestrian Involved,POINT (-122.415462128 37.766937056),Other Motor Vehicle
20735,1.0,Driver,East,Proceeding Straight,Driver,North,Proceeding Straight,Broadside,0,0,0,1,No Pedestrian Involved,POINT (-122.404418428 37.792638656),Other Motor Vehicle
20736,1.0,Driver,West,Proceeding Straight,Driver,North,Making Left Turn,Broadside,0,0,0,1,No Pedestrian Involved,POINT (-122.402684957 37.766074607),Other Motor Vehicle
20737,,Driver,West,Proceeding Straight,Driver,North,Proceeding Straight,Broadside,0,0,0,1,No Pedestrian Involved,POINT (-122.470981485 37.784524479),Other Motor Vehicle
20738,1.0,Driver,East,Making Left Turn,Pedestrian,West,Proceeding Straight,Vehicle/Pedestrian,1,0,0,1,Crossing in Crosswalk at Intersection,POINT (-122.416413489 37.75396777),Pedestrian
20739,1.0,Driver,North,Making Right Turn,Driver,West,Proceeding Straight,Broadside,0,0,0,1,No Pedestrian Involved,POINT (-122.407322929 37.791298136),Other Motor Vehicle
20740,1.0,Driver,North,Parking Maneuver,Unknown,Unknown,Unknown,Hit Object,0,0,0,1,No Pedestrian Involved,POINT (-122.432293716 37.747379975),Fixed Object
20741,1.0,Driver,South,Proceeding Straight,Driver,South,Stopped In Road,Rear End,0,0,0,1,No Pedestrian Involved,POINT (-122.399925018 37.721517272),Motor Vehicle on Other Roadway
20742,1.0,Driver,North,Making Left Turn,Driver,South,Proceeding Straight,Broadside,0,0,0,1,No Pedestrian Involved,POINT (-122.404070257 37.777272703),Other Motor Vehicle
20743,1.0,Driver,East,Making Right Turn,Other,North,Proceeding Straight,Broadside,0,0,0,1,No Pedestrian Involved,POINT (-122.394300037 37.78008973),Other Motor Vehicle
20744,1.0,Driver,West,Making Left Turn,Driver,East,Proceeding Straight,Head-On,0,0,0,1,No Pedestrian Involved,POINT (-122.414438323 37.768608336),Other Motor Vehicle
20745,,Driver,East,Making Left Turn,Driver,West,Proceeding Straight,Broadside,0,0,0,1,No Pedestrian Involved,POINT (-122.392381993 37.750021505),Other Motor Vehicle
20746,1.0,Driver,West,Proceeding Straight,Driver,South,Backing,Broadside,0,0,0,1,No Pedestrian Involved,POINT (-122.437642872 37.771191694),Other Motor Vehicle
20747,1.0,Pedestrian,West,Proceeding Straight,Driver,North,Proceeding Straight,Vehicle/Pedestrian,1,0,0,1,Not Stated,POINT (-122.416586646 37.778688958),Pedestrian
20748,1.0,Pedestrian,West,Traveling Wrong Way,Driver,North,Proceeding Straight,Vehicle/Pedestrian,1,0,0,1,"In Road, Including Shoulder",POINT (-122.500220954 37.718955559),Pedestrian