party_id,party_at_fault,party1_type,party1_dir_of_travel,party1_move_pre_acc,party2_type,party2_dir_of_travel,party2_move_pre_acc,type_of_collision,involves_pedestrian,involves_bicycle,involves_motorcycle,involves_vehicle,ped_action,point,mviw
20749,1.0,Driver,South,Making Left Turn,Pedestrian,East,Proceeding Straight,Vehicle/Pedestrian,1,0,0,1,Crossing in Crosswalk at Intersection,POINT (-122.413222786 37.803761301),Pedestrian
20750,1.0,Driver,South,Proceeding Straight,Driver,South,Slowing/Stopping,Rear End,0,0,0,1,No Pedestrian Involved,POINT (-122.423612942 37.759164228),Other Motor Vehicle
20751,1.0,Bicyclist,West,Making Left Turn,Driver,North,Proceeding Straight,Vehicle/Pedestrian,1,1,0,1,No Pedestrian Involved,POINT (-122.402889348 37.779867434),Bicycle
20752,1.0,Pedestrian,East,Proceeding Straight,Driver,South,Proceeding Straight,Vehicle/Pedestrian,1,0,0,1,Crossing Not in Crosswalk,POINT (-122.476821521 37.760632934),Pedestrian
20753,1.0,Driver,West,Making Left Turn,Driver,East,Proceeding Straight,Broadside,0,0,0,1,No Pedestrian Involved,POINT (-122.487150716 37.783785427),Other Motor Vehicle
20754,1.0,Driver,North,Making Left Turn,Pedestrian,East,Not Stated,Vehicle/Pedestrian,1,0,0,1,Crossing in Crosswalk at Intersection,POINT (-122.435385086 37.723909403),Pedestrian
20755,1.0,Driver,South,Proceeding Straight,Driver,South,Proceeding Straight,Sideswipe,0,0,0,1,No Pedestrian Involved,POINT (-122.414512433 37.732933284),Other Motor Vehicle
20756,1.0,Driver,Not Stated,Making Left Turn,Driver,East,Proceeding Straight,Sideswipe,0,0,0,1,No Pedestrian Involved,POINT (-122.468075585 37.721655684),Other Motor Vehicle
20757,1.0,Driver,North,Proceeding Straight,Unknown,Unknown,Unknown,Sideswipe,0,0,0,1,No Pedestrian Involved,POINT (-122.405658784 37.806673632),Fixed Object
20758,1.0,Driver,West,Making Right Turn,Pedestrian,Not Stated,Not Stated,Vehicle/Pedestrian,1,0,0,1,Crossing in Crosswalk Not at Intersection,POINT (-122.471724307 37.773140616),Pedestrian
20759,1.0,Driver,South,Passing Other Vehicle,Driver,South,Parking Maneuver,Sideswipe,0,0,0,1,No Pedestrian Involved,POINT (-122.466464704 37.781460584),Other Motor Vehicle
20760,1.0,Driver,North,Making U Turn,Driver,South,Proceeding Straight,Head-On,0,0,0,1,No Pedestrian Involved,POINT (-122.424102684 37.764783452),Other Motor Vehicle
20761,1.0,Driver,East,Proceeding Straight,Driver,East,Proceeding Straight,Rear End,0,0,0,1,No Pedestrian Involved,POINT (-122.460926237 37.724862827),Other Motor Vehicle
20762,1.0,Driver,South,Making Left Turn,Driver,South,Proceeding Straight,Broadside,0,0,0,1,No Pedestrian Involved,POINT (-122.395392369 37.779226448),Other Motor Vehicle
20763,1.0,Driver,North,Proceeding Straight,Bicyclist,North,Making Left Turn,Rear End,0,1,0,1,No Pedestrian Involved,POINT (-122.416872481 37.758764229),Bicycle
20764,1.0,Driver,West,Making Left Turn,Driver,East,Proceeding Straight,Head-On,0,0,0,1,No Pedestrian Involved,POINT (-122.455216941 37.777599279),Other Motor Vehicle
20765,1.0,Driver,West,Making Right Turn,Pedestrian,Not Stated,Not Stated,Vehicle/Pedestrian,1,0,0,1,Crossing in Crosswalk Not at Intersection,POINT (-122.422308474 37.744747509),Pedestrian
20766,1.0,Driver,West,Making Left Turn,Driver,East,Proceeding Straight,Rear End,0,0,0,1,No Pedestrian Involved,POINT (-122.407146281 37.806427814),Other Motor Vehicle
20767,1.0,Pedestrian,West,Proceeding Straight,Driver,South,Proceeding Straight,Sideswipe,1,0,0,1,Crossing in Crosswalk at Intersection,POINT (-122.44684647 37.777669109),Pedestrian
20768,1.0,Driver,South,Proceeding Straight,Parked Vehicle,Not Stated,Parked,Rear End,1,0,0,1,"In Road, Including Shoulder",POINT (-122.396181205 37.791446263),Parked Motor Vehicle
20769,1.0,Driver,South,Making Left Turn,Pedestrian,East,Proceeding Straight,Vehicle/Pedestrian,1,0,0,1,Crossing in Crosswalk at Intersection,POINT (-122.453352289 37.768246025),Pedestrian
20770,1.0,Driver,South,Changing Lanes,Driver,South,Proceeding Straight,Sideswipe,0,0,0,1,No Pedestrian Involved,POINT (-122.424380329 37.800388587),Other Motor Vehicle
20771,1.0,Driver,South,Proceeding Straight,Driver,South,Stopped In Road,Rear End,0,0,0,1,No Pedestrian Involved,POINT (-122.42070342 37.782021247),Other Motor Vehicle
20772,1.0,Driver,West,Proceeding Straight,Driver,West,Stopped In Road,Rear End,0,0,0,1,No Pedestrian Involved,POINT (-122.424675938 37.747838839),Other Motor Vehicle
20773,1.0,Driver,West,Proceeding Straight,Pedestrian,South,Proceeding Straight,Vehicle/Pedestrian,1,0,0,1,Crossing in Crosswalk at Intersection,POINT (-122.509402192 37.764032735),Pedestrian
20774,1.0,Driver,West,Making Left Turn,Driver,East,Proceeding Straight,Broadside,0,0,0,1,No Pedestrian Involved,POINT (-122.403205081 37.773051102),Other Motor Vehicle
20775,1.0,Bicyclist,West,Proceeding Straight,Unknown,Unknown,Unknown,Other,0,0,0,0,No Pedestrian Involved,POINT (-122.396302004 37.79325635),Fixed Object
20776,1.0,Driver,North,Proceeding Straight,Driver,East,Proceeding Straight,Broadside,0,0,0,1,No Pedestrian Involved,POINT (-122.415155086 37.763696766),Other Motor Vehicle
20777,,Driver,North,Proceeding Straight,Driver,North,Proceeding Straight,Sideswipe,0,0,0,1,No Pedestrian Involved,POINT (-122.4034308 37.787641849),Other Motor Vehicle
20778,1.0,Pedestrian,West,Not Stated,Driver,North,Proceeding Straight,Vehicle/Pedestrian,1,0,0,1,Crossing Not in Crosswalk,POINT (-122.414762486 37.776271666),Pedestrian
20779,1.0,Driver,West,Making Left Turn,Driver,East,Proceeding Straight,Head-On,0,0,0,1,No Pedestrian Involved,POINT (-122.437461293 37.806401781),Other Motor Vehicle
20780,1.0,Driver,East,Proceeding Straight,Unknown,Unknown,Unknown,Hit Object,0,0,0,1,No Pedestrian Involved,POINT (-122.417404106 37.731527499),Fixed Object
20781,1.0,Driver,West,Making Right Turn,Pedestrian,South,Proceeding Straight,Vehicle/Pedestrian,1,0,0,1,Crossing in Crosswalk at Intersection,POINT (-122.436056849 37.799846834),Pedestrian
20782,1.0,Driver,West,Making U Turn,Driver,West,Proceeding Straight,Broadside,0,0,0,1,No Pedestrian Involved,POINT (-122.503104759 37.735466492),Other Motor Vehicle
20783,1.0,Pedestrian,South,Making Left Turn,Driver,East,Proceeding Straight,Broadside,1,0,0,1,"In Road, Including Shoulder",POINT (-122.498249666 37.773799858),Pedestrian
20784,1.0,Driver,Not Stated,Passing Other Vehicle,Pedestrian,Not Stated,Not Stated,Vehicle/Pedestrian,1,0,0,1,"In Road, Including Shoulder",POINT (-122.414572849 37.778584655),Pedestrian
20785,1.0,Other,North,Proceeding Straight,Driver,East,Making Left Turn,Other,0,0,0,1,No Pedestrian Involved,POINT (-122.414026707 37.771863706),Other Motor Vehicle
20786,1.0,Driver,South,Proceeding Straight,Driver,South,Stopped In Road,Rear End,0,0,0,1,No Pedestrian Involved,POINT (-122.513616209 37.778680708),Other Motor Vehicle
20787,1.0,Driver,West,Making Left Turn,Driver,North,Proceeding Straight,Broadside,0,0,0,1,No Pedestrian Involved,POINT (-122.456448434 37.751483313),Other Motor Vehicle
20788,1.0,Driver,North,Slowing/Stopping,Pedestrian,East,Not Stated,Vehicle/Pedestrian,1,0,0,1,Crossing in Crosswalk at Intersection,POINT (-122.404793141 37.794436265),Pedestrian
20789,1.0,Bicyclist,East,Proceeding Straight,Unknown,Unknown,Unknown,Other,0,0,0,0,No Pedestrian Involved,POINT (-122.408952159 37.783287853),Non-Collision
20790,1.0,Driver,South,Proceeding Straight,Driver,West,Proceeding Straight,Sideswipe,0,0,0,1,No Pedestrian Involved,POINT (-122.430833111 37.72278422),Other Motor Vehicle
20791,1.0,Bicyclist,West,Proceeding Straight,Driver,West,Proceeding Straight,Rear End,0,1,0,1,No Pedestrian Involved,POINT (-122.471797436 37.731032355),Bicycle
20792,1.0,Driver,West,Entering Traffic,Driver,West,Proceeding Straight,Sideswipe,0,0,0,1,No Pedestrian Involved,POINT (-122.410270827 37.748368956),Other Motor Vehicle
20793,1.0,Driver,West,Making Left Turn,Pedestrian,Not Stated,Other,Vehicle/Pedestrian,1,0,0,1,Crossing in Crosswalk at Intersection,POINT (-122.419202773 37.760201201),Pedestrian
20794,1.0,Pedestrian,East,Other,Driver,South,Proceeding Straight,Vehicle/Pedestrian,1,0,0,1,Crossing in Crosswalk at Intersection,POINT (-122.390145051 37.736390195),Pedestrian
20795,,Driver,Not Stated,Not Stated,Pedestrian,North,Not Stated,Not Stated,1,0,0,1,Not Stated,POINT (-122.412479935 37.770629854),Not Stated
20796,1.0,Driver,South,Backing,Pedestrian,East,Other,Vehicle/Pedestrian,1,0,0,1,Not in Road,POINT (-122.406239942 37.751950745),Pedestrian
20797,1.0,Pedestrian,North,Other,Driver,East,Proceeding Straight,Vehicle/Pedestrian,1,0,0,1,Crossing in Crosswalk at Intersection,POINT (-122.418305027 37.787033624),Pedestrian
20798,1.0,Driver,West,Proceeding Straight,Driver,North,Proceeding Straight,Broadside,0,0,0,1,No Pedestrian Involved,POINT (-122.492232289 37.779746951),Other Motor Vehicle
20799,,Driver,West,Proceeding Straight,Driver,South,Stopped In Road,Broadside,0,0,0,1,No Pedestrian Involved,POINT (-122.415315615 37.780719177),Other Motor Vehicle
20800,1.0,Driver,East,Proceeding Straight,Driver,South,Proceeding Straight,Broadside,0,0,0,1,No Pedestrian Involved,POINT (-122.431951802 37.779564149),Other Motor Vehicle
20801,1.0,Driver,West,Proceeding Straight,Parked Vehicle,West,Parked,Sideswipe,0,0,0,1,No Pedestrian Involved,POINT (-122.482501156 37.77005785),Parked Motor Vehicle
20802,1.0,Driver,West,Making Left Turn,Driver,South,Proceeding Straight,Broadside,0,0,0,1,No Pedestrian Involved,POINT (-122.423959244 37.763167824),Other Motor Vehicle
20803,,Pedestrian,South,Proceeding Straight,Driver,West,Stopped In Road,Other,1,0,0,1,Crossing in Crosswalk at Intersection,POINT (-122.420032091 37.769045446),Pedestrian
20804,1.0,Bicyclist,West,Proceeding Straight,Bicyclist,South,Proceeding Straight,Broadside,0,1,0,0,No Pedestrian Involved,POINT (-122.433327956 37.803056886),Bicycle
20805,1.0,Driver,East,Proceeding Straight,Driver,East,Stopped In Road,Rear End,0,0,0,1,No Pedestrian Involved,POINT (-122.442756514 37.798938282),Other Motor Vehicle
20806,1.0,Driver,West,Proceeding Straight,Unknown,Unknown,Unknown,Hit Object,0,0,0,1,No Pedestrian Involved,POINT (-122.478366705 37.780338333),Fixed Object
20807,1.0,Driver,West,Making Left Turn,Driver,East,Proceeding Straight,Head-On,0,0,0,1,No Pedestrian Involved,POINT (-122.412141425 37.806758083),Other Motor Vehicle
20808,1.0,Driver,West,Proceeding Straight,Driver,West,Stopped In Road,Rear End,0,0,0,1,No Pedestrian Involved,POINT (-122.444827579 37.746891954),Motor Vehicle on Other Roadway
20809,1.0,Driver,East,Proceeding Straight,Driver,East,Proceeding Straight,Rear End,0,0,0,1,No Pedestrian Involved,POINT (-122.401159719 37.782024267),Other Motor Vehicle
20810,1.0,Driver,North,Making U Turn,Pedestrian,West,Stopped In Road,Vehicle/Pedestrian,1,0,0,1,Not in Road,POINT (-122.391434335 37.773466922),Pedestrian
20811,1.0,Driver,North,Changing Lanes,Driver,North,Slowing/Stopping,Rear End,0,0,0,1,No Pedestrian Involved,POINT (-122.47104849 37.71133553),Other Motor Vehicle
20812,,Pedestrian,West,Backing,Driver,West,Other,Vehicle/Pedestrian,1,0,0,1,Not Stated,POINT (-122.41619616 37.71196857),Pedestrian
20813,1.0,Driver,South,Making Left Turn,Parked Vehicle,South,Parked,Rear End,0,0,0,1,No Pedestrian Involved,POINT (-122.418377683 37.712267945),Parked Motor Vehicle
20814,1.0,Driver,South,Proceeding Straight,Driver,South,Making Left Turn,Sideswipe,0,0,0,1,No Pedestrian Involved,POINT (-122.409735889 37.770348517),Motor Vehicle on Other Roadway
20815,,Bicyclist,East,Making Left Turn,Driver,West,Proceeding Straight,Head-On,0,1,0,1,No Pedestrian Involved,POINT (-122.419693566 37.777299856),Bicycle
20816,1.0,Driver,South,Proceeding Straight,Unknown,Unknown,Unknown,Overturned,0,0,0,1,No Pedestrian Involved,POINT (-122.453536875 37.769165225),Fixed Object
20817,1.0,Driver,West,Proceeding Straight,Unknown,Unknown,Unknown,Other,0,0,0,1,No Pedestrian Involved,POINT (-122.405106456 37.776454009),Fixed Object
20818,1.0,Driver,West,Other Unsafe Turning,Pedestrian,South,Stopped In Road,Vehicle/Pedestrian,1,0,0,1,"In Road, Including Shoulder",POINT (-122.413128556 37.777480432),Pedestrian
20819,1.0,Bicyclist,South,Proceeding Straight,Unknown,Unknown,Unknown,Other,0,0,0,0,No Pedestrian Involved,POINT (-122.433068953 37.76419889),Non-Collision
20820,,Driver,South,Backing,Bicyclist,East,Stopped In Road,Rear End,0,1,0,1,No Pedestrian Involved,POINT (-122.41538858 37.749206156),Bicycle
20821,,Bicyclist,East,Proceeding Straight,Unknown,Unknown,Unknown,Other,0,0,0,0,No Pedestrian Involved,POINT (-122.423695844 37.805281798),Non-Collision
20822,1.0,Driver,East,Changing Lanes,Driver,East,Proceeding Straight,Overturned,0,0,0,1,No Pedestrian Involved,POINT (-122.442934219 37.798915676),Fixed Object
20823,1.0,Driver,West,Passing Other Vehicle,Driver,West,Stopped In Road,Sideswipe,0,0,0,1,No Pedestrian Involved,POINT (-122.426049529 37.769637594),Other Motor Vehicle
20824,2.0,Driver,East,Proceeding Straight,Driver,East,Entering Traffic,Broadside,0,0,0,1,No Pedestrian Involved,POINT (-122.375759159 37.730856469),Other Motor Vehicle
20825,1.0,Driver,West,Proceeding Straight,Driver,West,Proceeding Straight,Rear End,0,0,0,1,No Pedestrian Involved,POINT (-122.475528346 37.759891427),Other Motor Vehicle
20826,1.0,Driver,South,Proceeding Straight,Driver,South,Stopped In Road,Rear End,0,0,0,1,No Pedestrian Involved,POINT (-122.449607949 37.709844915),Other Motor Vehicle
20827,1.0,Driver,North,Proceeding Straight,Driver,East,Making Left Turn,Broadside,0,0,0,1,No Pedestrian Involved,POINT (-122.471797436 37.731032355),Other Motor Vehicle
20828,1.0,Driver,North,Proceeding Straight,Driver,East,Proceeding Straight,Broadside,0,0,0,1,No Pedestrian Involved,POINT (-122.437798747 37.774991948),Other Motor Vehicle
20829,1.0,Bicyclist,North,Proceeding Straight,Driver,North,Stopped In Road,Sideswipe,0,0,0,1,No Pedestrian Involved,POINT (-122.4066282 37.779314675),Not Stated
20830,1.0,Driver,South,Proceeding Straight,Driver,South,Making U Turn,Broadside,0,0,0,1,No Pedestrian Involved,POINT (-122.446370072 37.76021975),Other Motor Vehicle
20831,1.0,Driver,West,Proceeding Straight,Driver,North,Proceeding Straight,Broadside,0,0,0,1,No Pedestrian Involved,POINT (-122.419364168 37.784029116),Other Motor Vehicle
20832,1.0,Bicyclist,West,Changing Lanes,Driver,North,Proceeding Straight,Broadside,0,1,0,1,No Pedestrian Involved,POINT (-122.419724775 37.76563067),Bicycle
20833,1.0,Driver,West,Proceeding Straight,Driver,West,Stopped,Vehicle/Pedestrian,1,0,0,1,Crossing in Crosswalk Not at Intersection,POINT (-122.51218342 37.779077764),Pedestrian
20834,1.0,Bicyclist,North,Proceeding Straight,Driver,Not Stated,Proceeding Straight,Not Stated,0,1,0,1,No Pedestrian Involved,POINT (-122.435751498 37.773345713),Bicycle
20835,1.0,Driver,South,Proceeding Straight,Driver,East,Proceeding Straight,Not Stated,0,0,0,1,No Pedestrian Involved,POINT (-122.426452239 37.777388195),Not Stated
20836,1.0,Driver,West,Making Left Turn,Pedestrian,North,Proceeding Straight,Vehicle/Pedestrian,1,0,0,1,Crossing in Crosswalk at Intersection,POINT (-122.404451552 37.792634581),Pedestrian
20837,1.0,Driver,South,Making Left Turn,Driver,East,Proceeding Straight,Broadside,0,0,0,1,No Pedestrian Involved,POINT (-122.426381708 37.764645688),Other Motor Vehicle
20838,1.0,Driver,East,Making Left Turn,Driver,East,Making Left Turn,Sideswipe,0,0,0,1,No Pedestrian Involved,POINT (-122.422598043 37.775020696),Other Motor Vehicle
20839,1.0,Driver,East,Proceeding Straight,Unknown,Unknown,Unknown,Overturned,0,0,0,1,No Pedestrian Involved,POINT (-122.434381284 37.76309801),Non-Collision
20840,1.0,Pedestrian,West,Other,Driver,South,Proceeding Straight,Vehicle/Pedestrian,1,0,0,1,Crossing Not in Crosswalk,POINT (-122.422256904 37.768741111),Pedestrian
20841,1.0,Driver,South,Proceeding Straight,Driver,South,Stopped In Road,Sideswipe,0,0,0,1,No Pedestrian Involved,POINT (-122.388362706 37.781869282),Other Motor Vehicle
20842,1.0,Driver,South,Making Left Turn,Pedestrian,West,Proceeding Straight,Vehicle/Pedestrian,1,0,0,1,Crossing in Crosswalk at Intersection,POINT (-122.409505737 37.785323613),Pedestrian
20843,1.0,Driver,East,Proceeding Straight,Unknown,Unknown,Unknown,Hit Object,0,0,0,1,No Pedestrian Involved,POINT (-122.436129764 37.714169111),Fixed Object
20844,1.0,Driver,North,Making Left Turn,Driver,South,Proceeding Straight,Broadside,0,0,0,1,No Pedestrian Involved,POINT (-122.458998401 37.783188665),Other Motor Vehicle
20845,1.0,Bicyclist,East,Proceeding Straight,Driver,West,Proceeding Straight,Sideswipe,0,1,0,1,No Pedestrian Involved,POINT (-122.402018189 37.788730021),Bicycle
20846,1.0,Driver,North,Proceeding Straight,Driver,North,Stopped In Road,Rear End,0,0,0,1,No Pedestrian Involved,POINT (-122.404571338 37.793365146),Other Motor Vehicle
20847,1.0,Driver,North,Proceeding Straight,Driver,North,Stopped In Road,Rear End,0,0,0,1,No Pedestrian Involved,POINT (-122.474811081 37.731385927),Other Motor Vehicle
20848,1.0,Driver,East,Making U Turn,Driver,East,Proceeding Straight,Broadside,0,0,0,1,No Pedestrian Involved,POINT (-122.436449314 37.723787847),Other Motor Vehicle
20849,1.0,Driver,East,Making Left Turn,Driver,North,Proceeding Straight,Broadside,0,0,0,1,No Pedestrian Involved,POINT (-122.410076848 37.772526444),Other Motor Vehicle
20850,1.0,Pedestrian,East,Entering Traffic,Driver,East,Proceeding Straight,Vehicle/Pedestrian,1,0,0,1,"In Road, Including Shoulder",POINT (-122.405855587 37.785735268),Pedestrian
20851,1.0,Driver,North,Making U Turn,Driver,North,Proceeding Straight,Broadside,0,0,0,1,No Pedestrian Involved,POINT (-122.405919161 37.769446152),Other Motor Vehicle
20852,1.0,Driver,Not Stated,Proceeding Straight,Unknown,Unknown,Unknown,Hit Object,0,0,0,1,No Pedestrian Involved,POINT (-122.410486689 37.765605839),Fixed Object
20853,1.0,Bicyclist,South,Proceeding Straight,Driver,South,Stopped In Road,Other,0,0,0,1,No Pedestrian Involved,POINT (-122.393132989 37.794474268),Non-Collision
20854,1.0,Driver,East,Proceeding Straight,Driver,East,Proceeding Straight,Broadside,0,0,0,1,No Pedestrian Involved,POINT (-122.441671638 37.782233947),Other Motor Vehicle
20855,1.0,Pedestrian,North,Other,Driver,East,Proceeding Straight,Vehicle/Pedestrian,1,0,0,1,"In Road, Including Shoulder",POINT (-122.413776872 37.784731206),Pedestrian
20856,1.0,Driver,South,Slowing/Stopping,Driver,South,Stopped In Road,Rear End,0,0,0,1,No Pedestrian Involved,POINT (-122.415702172 37.782625971),Not Stated
20857,1.0,Driver,South,Making Right Turn,Pedestrian,Not Stated,Proceeding Straight,Vehicle/Pedestrian,1,0,0,1,Crossing in Crosswalk at Intersection,POINT (-122.490008791 37.748030617),Pedestrian
20858,1.0,Driver,West,Proceeding Straight,Driver,South,Proceeding Straight,Head-On,0,0,0,1,No Pedestrian Involved,POINT (-122.447039806 37.778622308),Other Motor Vehicle
20859,1.0,Driver,North,Proceeding Straight,Unknown,Unknown,Unknown,Overturned,0,0,0,1,No Pedestrian Involved,POINT (-122.506715076 37.735478667),Fixed Object
20860,1.0,Driver,South,Proceeding Straight,Driver,East,Stopped In Road,Broadside,0,0,0,1,No Pedestrian Involved,POINT (-122.494053818 37.736635087),Other Motor Vehicle
20861,1.0,Driver,East,Proceeding Straight,Unknown,Unknown,Unknown,Overturned,0,0,0,1,No Pedestrian Involved,POINT (-122.459929289 37.766351874),Non-Collision
20862,1.0,Driver,South,Changing Lanes,Bicyclist,North,Stopped In Road,Broadside,0,1,0,1,No Pedestrian Involved,POINT (-122.419885764 37.745595097),Bicycle
20863,1.0,Pedestrian,North,Stopped In Road,Driver,North,Slowing/Stopping,Vehicle/Pedestrian,1,0,0,1,"In Road, Including Shoulder",POINT (-122.423041287 37.753258968),Pedestrian
20864,,Other,East,Proceeding Straight,Driver,East,Stopped In Road,Sideswipe,0,0,0,1,No Pedestrian Involved,POINT (-122.406041322 37.792437723),Train
20865,1.0,Driver,West,Proceeding Straight,Pedestrian,South,Other,Vehicle/Pedestrian,1,0,0,1,Crossing in Crosswalk at Intersection,POINT (-122.405840536 37.785712584),Pedestrian
20866,1.0,Driver,West,Proceeding Straight,Driver,North,Proceeding Straight,Broadside,0,0,0,1,No Pedestrian Involved,POINT (-122.431100338 37.743430738),Other Motor Vehicle
20867,,Other,South,Parked,Pedestrian,West,Proceeding Straight,Vehicle/Pedestrian,1,0,0,0,Not in Road,POINT (-122.424164523 37.789154462),Pedestrian
20868,1.0,Driver,East,Making Right Turn,Driver,North,Proceeding Straight,Rear End,0,0,0,1,No Pedestrian Involved,POINT (-122.390158632 37.736528885),Other Motor Vehicle
20869,1.0,Driver,West,Making U Turn,Other,West,Proceeding Straight,Broadside,0,0,0,1,No Pedestrian Involved,POINT (-122.412512256 37.780478512),Train
20870,1.0,Driver,South,Making Left Turn,Driver,South,Proceeding Straight,Broadside,0,0,0,1,No Pedestrian Involved,POINT (-122.424466263 37.736061173),Motor Vehicle on Other Roadway
20871,,Driver,West,Proceeding Straight,Bicyclist,South,Proceeding Straight,Broadside,0,1,0,1,No Pedestrian Involved,POINT (-122.417753194 37.769815079),Bicycle
20872,1.0,Driver,East,Making Left Turn,Driver,East,Proceeding Straight,Head-On,0,0,0,1,No Pedestrian Involved,POINT (-122.442647897 37.79900005),Other Motor Vehicle
20873,1.0,Driver,East,Proceeding Straight,Driver,East,Stopped,Rear End,0,0,0,1,No Pedestrian Involved,POINT (-122.437781332 37.773087984),Other Motor Vehicle
20874,1.0,Driver,South,Proceeding Straight,Driver,West,Proceeding Straight,Broadside,0,0,0,1,No Pedestrian Involved,POINT (-122.447751553 37.721155307),Other Motor Vehicle
20875,1.0,Bicyclist,East,Proceeding Straight,Unknown,Unknown,Unknown,Other,0,0,0,0,No Pedestrian Involved,POINT (-122.476263507 37.784278981),Other Object
20876,1.0,Driver,North,Proceeding Straight,Driver,North,Stopped In Road,Rear End,0,0,0,1,No Pedestrian Involved,POINT (-122.417845011 37.770856437),Other Motor Vehicle
20877,1.0,Driver,West,Proceeding Straight,Unknown,Unknown,Unknown,Hit Object,0,0,0,1,No Pedestrian Involved,POINT (-122.42685829 37.769042389),Fixed Object
20878,1.0,Driver,West,Proceeding Straight,Pedestrian,South,Not Stated,Vehicle/Pedestrian,1,0,0,1,Crossing in Crosswalk at Intersection,POINT (-122.401737517 37.7661315),Pedestrian
20879,1.0,Driver,East,Proceeding Straight,Driver,East,Proceeding Straight,Rear End,0,0,0,1,No Pedestrian Involved,POINT (-122.45717863 37.710063561),Other Motor Vehicle
20880,1.0,Bicyclist,East,Proceeding Straight,Driver,South,Proceeding Straight,Broadside,0,1,0,1,No Pedestrian Involved,POINT (-122.40206573 37.788721152),Bicycle
20881,1.0,Bicyclist,North,Proceeding Straight,Unknown,Unknown,Unknown,Overturned,0,0,0,0,No Pedestrian Involved,POINT (-122.431365813 37.710657861),Non-Collision
20882,1.0,Driver,South,Changing Lanes,Bicyclist,South,Proceeding Straight,Sideswipe,0,1,0,1,No Pedestrian Involved,POINT (-122.388481187 37.789571919),Bicycle
20883,1.0,Driver,East,Making Left Turn,Pedestrian,North,Proceeding Straight,Head-On,1,0,0,1,Crossing in Crosswalk at Intersection,POINT (-122.422840577 37.741027408),Pedestrian
20884,,Driver,North,Proceeding Straight,Driver,West,Proceeding Straight,Broadside,0,0,0,1,No Pedestrian Involved,POINT (-122.420692624 37.742190925),Other Motor Vehicle
20885,1.0,Driver,East,Proceeding Straight,Driver,North,Stopped In Road,Broadside,0,0,0,1,No Pedestrian Involved,POINT (-122.507750665 37.771495034),Other Motor Vehicle
20886,1.0,Driver,South,Proceeding Straight,Driver,North,Proceeding Straight,Sideswipe,0,0,0,1,No Pedestrian Involved,POINT (-122.500056047 37.766839007),Other Motor Vehicle
20887,1.0,Driver,South,Entering Traffic,Driver,West,Proceeding Straight,Broadside,0,0,0,1,No Pedestrian Involved,POINT (-122.433647124 37.787950272),Other Motor Vehicle
20888,1.0,Driver,North,Proceeding Straight,Driver,North,Slowing/Stopping,Rear End,0,0,0,1,No Pedestrian Involved,POINT (-122.43546683 37.765673641),Other Motor Vehicle
20889,1.0,Driver,West,Proceeding Straight,Pedestrian,Not Stated,Other,Vehicle/Pedestrian,1,0,0,1,Crossing Not in Crosswalk,POINT (-122.482851992 37.742735177),Pedestrian
20890,,Driver,South,Parking Maneuver,Pedestrian,Not Stated,Not Stated,Vehicle/Pedestrian,1,0,0,1,"In Road, Including Shoulder",POINT (-122.411465316 37.765651767),Pedestrian
20891,1.0,Driver,Not Stated,Proceeding Straight,Driver,Not Stated,Proceeding Straight,Rear End,0,0,0,1,No Pedestrian Involved,POINT (-122.419883231 37.778251017),Other Motor Vehicle
20892,1.0,Driver,South,Making Right Turn,Driver,South,Proceeding Straight,Rear End,0,0,0,1,No Pedestrian Involved,POINT (-122.41802892 37.77087647),Other Motor Vehicle
20893,3.0,Driver,South,Stopped In Road,Driver,South,Stopped In Road,Rear End,0,0,0,1,No Pedestrian Involved,POINT (-122.418486586 37.77237363),Other Motor Vehicle
20894,1.0,Driver,South,Making Left Turn,Pedestrian,East,Proceeding Straight,Vehicle/Pedestrian,1,0,0,1,Crossing in Crosswalk at Intersection,POINT (-122.409874017 37.787149143),Pedestrian
20895,,Driver,East,Proceeding Straight,Bicyclist,North,Proceeding Straight,Broadside,0,1,0,1,No Pedestrian Involved,POINT (-122.37349398 37.728832405),Bicycle
20896,1.0,Pedestrian,South,Proceeding Straight,Driver,West,Proceeding Straight,Broadside,1,0,0,1,Crossing Not in Crosswalk,POINT (-122.384241097 37.727361806),Pedestrian
20897,1.0,Driver,North,Making U Turn,Driver,South,Proceeding Straight,Sideswipe,0,0,0,1,No Pedestrian Involved,POINT (-122.39641688 37.785312341),Other Motor Vehicle
20898,1.0,Driver,North,Other,Unknown,Unknown,Unknown,Hit Object,0,0,0,1,No Pedestrian Involved,POINT (-122.418112364 37.771750384),Fixed Object
20899,1.0,Bicyclist,North,Slowing/Stopping,Unknown,Unknown,Unknown,Overturned,0,0,0,0,No Pedestrian Involved,POINT (-122.421571579 37.794972006),Fixed Object
20900,1.0,Driver,West,Making Right Turn,Bicyclist,West,Proceeding Straight,Broadside,0,1,0,1,No Pedestrian Involved,POINT (-122.418465027 37.787966286),Bicycle
20901,1.0,Driver,East,Proceeding Straight,Driver,East,Making Right Turn,Rear End,0,0,0,1,No Pedestrian Involved,POINT (-122.406010307 37.783102066),Other Motor Vehicle
20902,1.0,Driver,North,Proceeding Straight,Driver,West,Proceeding Straight,Broadside,0,0,0,1,No Pedestrian Involved,POINT (-122.485397267 37.774387725),Other Motor Vehicle