party_id,party_at_fault,party1_type,party1_dir_of_travel,party1_move_pre_acc,party2_type,party2_dir_of_travel,party2_move_pre_acc,type_of_collision,involves_pedestrian,involves_bicycle,involves_motorcycle,involves_vehicle,ped_action,point,mviw
21211,1.0,Driver,South,Proceeding Straight,Unknown,Unknown,Unknown,Hit Object,0,0,0,1,No Pedestrian Involved,POINT (-122.414810801 37.77860455),Fixed Object
21212,1.0,Driver,South,Proceeding Straight,Bicyclist,East,Proceeding Straight,Broadside,0,1,0,1,No Pedestrian Involved,POINT (-122.413104446 37.765437054),Bicycle
21213,1.0,Driver,East,Entering Traffic,Parked Vehicle,East,Not Stated,Rear End,0,0,0,1,No Pedestrian Involved,POINT (-122.420776615 37.768225626),Other Motor Vehicle
21214,1.0,Driver,North,Proceeding Straight,Driver,North,Stopped In Road,Rear End,0,0,0,1,No Pedestrian Involved,POINT (-122.475248483 37.72040922),Other Motor Vehicle
21215,1.0,Driver,East,Proceeding Straight,Driver,East,Proceeding Straight,Sideswipe,0,0,0,1,No Pedestrian Involved,POINT (-122.388851283 37.764321835),Other Motor Vehicle
21216,1.0,Pedestrian,North,Other,Driver,East,Entering Traffic,Vehicle/Pedestrian,1,0,0,1,"In Road, Including Shoulder",POINT (-122.407015107 37.783157295),Pedestrian
21217,1.0,Driver,West,Making U Turn,Driver,East,Backing,Rear End,0,0,0,1,No Pedestrian Involved,POINT (-122.389564945 37.735108241),Other Motor Vehicle
21218,1.0,Driver,North,Proceeding Straight,Driver,North,Proceeding Straight,Rear End,0,0,0,1,No Pedestrian Involved,POINT (-122.49920097 37.73138846),Other Motor Vehicle
21219,1.0,Driver,North,Proceeding Straight,Driver,North,Stopped In Road,Rear End,0,0,0,1,No Pedestrian Involved,POINT (-122.423831529 37.789452234),Other Motor Vehicle
21220,1.0,Driver,East,Parked,Bicyclist,East,Proceeding Straight,Other,0,1,0,1,No Pedestrian Involved,POINT (-122.419224932 37.768319349),Bicycle
21221,1.0,Driver,North,Proceeding Straight,Bicyclist,East,Proceeding Straight,Broadside,0,1,0,1,No Pedestrian Involved,POINT (-122.419738734 37.785892901),Bicycle
21222,1.0,Driver,East,Making Left Turn,Bicyclist,North,Proceeding Straight,Broadside,0,1,0,1,No Pedestrian Involved,POINT (-122.420019574 37.787280026),Bicycle
21223,1.0,Driver,West,Making Left Turn,Pedestrian,Not Stated,Not Stated,Vehicle/Pedestrian,1,0,0,1,Crossing in Crosswalk at Intersection,POINT (-122.420687383 37.790578259),Pedestrian
21224,1.0,Driver,South,Traveling Wrong Way,Driver,West,Proceeding Straight,Broadside,0,0,0,1,No Pedestrian Involved,POINT (-122.414430198 37.784657141),Other Motor Vehicle
21225,1.0,Driver,West,Making Right Turn,Other,South,Proceeding Straight,Broadside,0,1,0,1,No Pedestrian Involved,POINT (-122.412616668 37.777026421),Bicycle
21226,1.0,Driver,West,Proceeding Straight,Driver,East,Proceeding Straight,Broadside,0,0,0,1,No Pedestrian Involved,POINT (-122.463030028 37.711422542),Other Motor Vehicle
21227,1.0,Driver,North,Making Left Turn,Pedestrian,East,Proceeding Straight,Vehicle/Pedestrian,1,0,0,1,Crossing in Crosswalk at Intersection,POINT (-122.472322355 37.721623768),Pedestrian
21228,1.0,Driver,West,Making U Turn,Driver,West,Proceeding Straight,Broadside,0,0,0,1,No Pedestrian Involved,POINT (-122.481303748 37.742803231),Other Motor Vehicle
21229,1.0,Driver,South,Proceeding Straight,Pedestrian,South,Stopped,Vehicle/Pedestrian,1,0,0,1,Not in Road,POINT (-122.420533571 37.785319385),Pedestrian
21230,1.0,Driver,West,Proceeding Straight,Driver,West,Proceeding Straight,Rear End,0,0,0,1,No Pedestrian Involved,POINT (-122.490764959 37.734114127),Other Motor Vehicle
21231,1.0,Driver,East,Proceeding Straight,Driver,East,Slowing/Stopping,Rear End,0,0,0,1,No Pedestrian Involved,POINT (-122.46481167 37.773488744),Other Motor Vehicle
21232,1.0,Driver,South,Proceeding Straight,Driver,South,Making Right Turn,Broadside,0,0,0,1,No Pedestrian Involved,POINT (-122.405512936 37.79706459),Other Motor Vehicle
21233,1.0,Driver,West,Other Unsafe Turning,Pedestrian,North,Not Stated,Head-On,1,0,0,1,Crossing in Crosswalk at Intersection,POINT (-122.411162624 37.785071701),Pedestrian
21234,1.0,Driver,East,Proceeding Straight,Unknown,Unknown,Unknown,Head-On,0,0,0,1,No Pedestrian Involved,POINT (-122.46001642 37.766165788),Fixed Object
21235,1.0,Driver,North,Making Left Turn,Driver,West,Proceeding Straight,Broadside,0,0,0,1,No Pedestrian Involved,POINT (-122.462139278 37.781110996),Other Motor Vehicle
21236,1.0,Driver,West,Proceeding Straight,Driver,East,Proceeding Straight,Head-On,0,0,0,1,No Pedestrian Involved,POINT (-122.396308923 37.78095173),Other Motor Vehicle
21237,,Driver,North,Not Stated,Driver,East,Not Stated,Not Stated,0,0,0,1,No Pedestrian Involved,POINT (-122.405615266 37.778505105),Not Stated
21238,1.0,Driver,South,Proceeding Straight,Unknown,Unknown,Unknown,Head-On,0,0,0,1,No Pedestrian Involved,POINT (-122.44609113 37.711592022),Fixed Object
21239,,Bicyclist,South,Proceeding Straight,Unknown,Unknown,Unknown,Other,0,0,0,0,No Pedestrian Involved,POINT (-122.419758484 37.785990445),Other Object
21240,1.0,Driver,West,Proceeding Straight,Driver,East,Stopped In Road,Head-On,0,0,0,1,No Pedestrian Involved,POINT (-122.418642101 37.772972237),Other Motor Vehicle
21241,1.0,Driver,West,Proceeding Straight,Driver,North,Making Left Turn,Broadside,0,0,0,1,No Pedestrian Involved,POINT (-122.413046079 37.770051719),Other Motor Vehicle
21242,1.0,Driver,South,Not Stated,Driver,North,Proceeding Straight,Not Stated,0,0,0,1,No Pedestrian Involved,POINT (-122.439684679 37.784318674),Other Motor Vehicle
21243,,Driver,North,Proceeding Straight,Bicyclist,North,Proceeding Straight,Not Stated,0,1,0,1,No Pedestrian Involved,POINT (-122.40356101 37.747761922),Bicycle
21244,1.0,Driver,South,Stopped In Road,Unknown,Unknown,Unknown,Hit Object,0,0,0,1,No Pedestrian Involved,POINT (-122.417745166 37.770219935),Fixed Object
21245,1.0,Driver,North,Proceeding Straight,Driver,North,Stopped In Road,Rear End,0,0,0,1,No Pedestrian Involved,POINT (-122.475931704 37.746348965),Other Motor Vehicle
21246,1.0,Bicyclist,East,Proceeding Straight,Driver,North,Proceeding Straight,Sideswipe,0,1,0,1,No Pedestrian Involved,POINT (-122.398424181 37.743742715),Bicycle
21247,1.0,Driver,North,Proceeding Straight,Driver,East,Proceeding Straight,Broadside,0,0,0,1,No Pedestrian Involved,POINT (-122.471762123 37.773138947),Other Motor Vehicle
21248,1.0,Driver,East,Making Right Turn,Bicyclist,East,Proceeding Straight,Broadside,0,1,0,1,No Pedestrian Involved,POINT (-122.430233237 37.779782794),Bicycle
21249,1.0,Driver,East,Passing Other Vehicle,Driver,East,Changing Lanes,Broadside,0,0,0,1,No Pedestrian Involved,POINT (-122.452381758 37.781896153),Other Motor Vehicle
21250,,Pedestrian,North,Not Stated,Driver,East,Not Stated,Vehicle/Pedestrian,1,0,0,1,"In Road, Including Shoulder",POINT (-122.386265014 37.717178948),Pedestrian
21251,1.0,Driver,South,Making Left Turn,Driver,West,Proceeding Straight,Broadside,0,0,0,1,No Pedestrian Involved,POINT (-122.422687909 37.73520497),Other Motor Vehicle
21252,1.0,Driver,East,Entering Traffic,Driver,North,Proceeding Straight,Broadside,0,0,0,1,No Pedestrian Involved,POINT (-122.443983045 37.765769532),Other Motor Vehicle
21253,1.0,Driver,East,Proceeding Straight,Parked Vehicle,East,Parked,Vehicle/Pedestrian,1,0,0,1,"In Road, Including Shoulder",POINT (-122.455586422 37.711039449),Pedestrian
21254,1.0,Driver,East,Proceeding Straight,Driver,East,Proceeding Straight,Rear End,0,0,0,1,No Pedestrian Involved,POINT (-122.424510747 37.747851648),Other Motor Vehicle
21255,1.0,Driver,North,Backing,Driver,South,Stopped In Road,Rear End,0,0,0,1,No Pedestrian Involved,POINT (-122.405417117 37.753953818),Other Motor Vehicle
21256,,Driver,Not Stated,Other,Driver,West,Proceeding Straight,Vehicle/Pedestrian,1,0,0,1,"In Road, Including Shoulder",POINT (-122.435070825 37.761651943),Pedestrian
21257,1.0,Bicyclist,North,Proceeding Straight,Driver,West,Proceeding Straight,Other,0,1,0,1,No Pedestrian Involved,POINT (-122.472056885 37.726824049),Bicycle
21258,1.0,Driver,East,Proceeding Straight,Driver,East,Proceeding Straight,Rear End,0,0,0,1,No Pedestrian Involved,POINT (-122.397610897 37.789733839),Other Motor Vehicle
21259,1.0,Driver,East,Proceeding Straight,Parked Vehicle,Not Stated,Parked,Rear End,0,0,0,1,No Pedestrian Involved,POINT (-122.443918167 37.772308766),Parked Motor Vehicle
21260,1.0,Driver,West,Making Left Turn,Pedestrian,South,Proceeding Straight,Vehicle/Pedestrian,1,0,0,1,Crossing in Crosswalk at Intersection,POINT (-122.42922462 37.770350618),Pedestrian
21261,1.0,Driver,North,Proceeding Straight,Driver,North,Stopped,Rear End,0,0,0,1,No Pedestrian Involved,POINT (-122.415168776 37.740376977),Other Motor Vehicle
21262,1.0,Pedestrian,West,Proceeding Straight,Driver,North,Proceeding Straight,Broadside,1,0,0,1,Crossing in Crosswalk at Intersection,POINT (-122.416719594 37.757166643),Pedestrian
21263,1.0,Driver,West,Proceeding Straight,Driver,West,Stopped In Road,Rear End,0,0,0,1,No Pedestrian Involved,POINT (-122.390407836 37.735585746),Other Motor Vehicle
21264,1.0,Driver,South,Proceeding Straight,Unknown,Unknown,Unknown,Hit Object,0,0,0,1,No Pedestrian Involved,POINT (-122.424510205 37.80064443),Fixed Object
21265,1.0,Driver,West,Proceeding Straight,Driver,West,Proceeding Straight,Rear End,0,0,0,1,No Pedestrian Involved,POINT (-122.413944428 37.802714583),Other Motor Vehicle
21266,1.0,Driver,East,Proceeding Straight,Driver,South,Making Left Turn,Broadside,0,0,0,1,No Pedestrian Involved,POINT (-122.391840525 37.778125698),Other Motor Vehicle
21267,,Driver,North,Making Left Turn,Driver,North,Making Left Turn,Rear End,0,0,0,1,No Pedestrian Involved,POINT (-122.40973589 37.770348516),Other Motor Vehicle
21268,1.0,Driver,West,Making Left Turn,Pedestrian,South,Proceeding Straight,Vehicle/Pedestrian,1,0,0,1,Crossing in Crosswalk at Intersection,POINT (-122.437805264 37.714940049),Pedestrian
21269,1.0,Driver,South,Making Left Turn,Driver,North,Proceeding Straight,Head-On,0,0,0,1,No Pedestrian Involved,POINT (-122.423959243 37.763167824),Other Motor Vehicle
21270,1.0,Driver,Not Stated,Backing,Parked Vehicle,Not Stated,Parked,Other,0,0,0,1,No Pedestrian Involved,POINT (-122.418493716 37.796453773),Parked Motor Vehicle
21271,1.0,Driver,South,Proceeding Straight,Driver,South,Stopped In Road,Rear End,0,0,0,1,No Pedestrian Involved,POINT (-122.417610473 37.776598184),Other Motor Vehicle
21272,1.0,Driver,West,Backing,Driver,West,Stopped In Road,Rear End,0,0,0,1,No Pedestrian Involved,POINT (-122.408087674 37.796746292),Other Motor Vehicle
21273,,Driver,South,Changing Lanes,Driver,South,Proceeding Straight,Sideswipe,0,0,0,1,No Pedestrian Involved,POINT (-122.425319035 37.788479375),Other Motor Vehicle
21274,1.0,Driver,East,Making U Turn,Bicyclist,East,Not Stated,Rear End,0,1,0,1,No Pedestrian Involved,POINT (-122.432683206 37.797446031),Bicycle
21275,1.0,Driver,South,Changing Lanes,Driver,South,Proceeding Straight,Sideswipe,0,0,0,1,No Pedestrian Involved,POINT (-122.422283032 37.773455033),Other Motor Vehicle
21276,1.0,Driver,South,Making Left Turn,Driver,South,Stopped In Road,Rear End,0,0,0,1,No Pedestrian Involved,POINT (-122.406788057 37.772599365),Other Motor Vehicle
21277,,Driver,Not Stated,Proceeding Straight,Driver,Not Stated,Stopped In Road,Rear End,0,0,0,1,No Pedestrian Involved,POINT (-122.418258255 37.786079584),Other Motor Vehicle
21278,1.0,Pedestrian,North,Proceeding Straight,Driver,West,Proceeding Straight,Vehicle/Pedestrian,1,0,0,1,Crossing Not in Crosswalk,POINT (-122.392336957 37.745188964),Pedestrian
21279,1.0,Driver,West,Proceeding Straight,Unknown,Unknown,Unknown,Hit Object,0,0,0,1,No Pedestrian Involved,POINT (-122.431755242 37.79012359),Fixed Object
21280,1.0,Driver,South,Proceeding Straight,Driver,West,Merging,Other,0,0,0,1,No Pedestrian Involved,POINT (-122.509365508 37.764390131),Non-Collision
21281,1.0,Driver,West,Entering Traffic,Bicyclist,East,Passing Other Vehicle,Other,0,1,0,1,No Pedestrian Involved,POINT (-122.417996296 37.806025696),Bicycle
21282,1.0,Driver,South,Proceeding Straight,Unknown,Unknown,Unknown,Vehicle/Pedestrian,1,0,0,1,"In Road, Including Shoulder",POINT (-122.505741871 37.757778411),Pedestrian
21283,1.0,Driver,East,Proceeding Straight,Driver,North,Proceeding Straight,Broadside,0,0,0,1,No Pedestrian Involved,POINT (-122.50260864 37.743737562),Other Motor Vehicle
21284,1.0,Driver,North,Proceeding Straight,Driver,West,Making Left Turn,Head-On,0,0,0,1,No Pedestrian Involved,POINT (-122.433386844 37.729775576),Other Motor Vehicle
21285,1.0,Driver,West,Changing Lanes,Driver,West,Proceeding Straight,Sideswipe,0,0,0,1,No Pedestrian Involved,POINT (-122.434144537 37.733550344),Other Motor Vehicle
21286,1.0,Driver,South,Making Right Turn,Driver,West,Proceeding Straight,Other,0,0,0,1,No Pedestrian Involved,POINT (-122.467027507 37.71149497),Other Motor Vehicle
21287,1.0,Driver,West,Proceeding Straight,Driver,North,Proceeding Straight,Broadside,0,0,0,1,No Pedestrian Involved,POINT (-122.425815194 37.73895155),Other Motor Vehicle
21288,1.0,Driver,North,Proceeding Straight,Bicyclist,East,Proceeding Straight,Broadside,0,1,0,1,No Pedestrian Involved,POINT (-122.476054379 37.763608762),Bicycle
21289,1.0,Driver,South,Making Left Turn,Pedestrian,South,Proceeding Straight,Broadside,1,0,0,1,Crossing in Crosswalk at Intersection,POINT (-122.445019857 37.785548669),Pedestrian
21290,1.0,Driver,North,Crossed Into Opposing Lane - Unplanned,Parked Vehicle,Not Stated,Parked,Head-On,0,0,0,1,No Pedestrian Involved,POINT (-122.441319914 37.800888715),Parked Motor Vehicle
21291,1.0,Driver,South,Proceeding Straight,Driver,South,Stopped In Road,Rear End,0,0,0,1,No Pedestrian Involved,POINT (-122.408657842 37.797821997),Other Motor Vehicle
21292,1.0,Driver,North,Making Left Turn,Pedestrian,South,Not Stated,Vehicle/Pedestrian,1,0,0,1,Crossing in Crosswalk at Intersection,POINT (-122.414026707 37.771863706),Pedestrian
21293,1.0,Driver,West,Making Left Turn,Pedestrian,North,Proceeding Straight,Vehicle/Pedestrian,1,0,0,1,Crossing in Crosswalk at Intersection,POINT (-122.401843273 37.779032134),Pedestrian
21294,1.0,Driver,East,Proceeding Straight,Driver,North,Proceeding Straight,Not Stated,0,0,0,1,No Pedestrian Involved,POINT (-122.425625504 37.798343537),Other Motor Vehicle
21295,1.0,Driver,East,Changing Lanes,Driver,East,Stopped In Road,Rear End,0,0,0,1,No Pedestrian Involved,POINT (-122.438174303 37.773038082),Other Motor Vehicle
21296,1.0,Driver,East,Making Right Turn,Pedestrian,North,Proceeding Straight,Vehicle/Pedestrian,1,0,0,1,Crossing Not in Crosswalk,POINT (-122.41143904 37.765548581),Pedestrian
21297,,Bicyclist,East,Proceeding Straight,Unknown,Unknown,Unknown,Other,0,0,0,0,No Pedestrian Involved,POINT (-122.408845749 37.775953229),Non-Collision
21298,1.0,Driver,East,Making Right Turn,Bicyclist,East,Proceeding Straight,Sideswipe,0,1,0,1,No Pedestrian Involved,POINT (-122.420439518 37.781030842),Bicycle
21299,1.0,Driver,North,Stopped In Road,Driver,North,Stopped In Road,Rear End,0,0,0,1,No Pedestrian Involved,POINT (-122.446944539 37.788035437),Other Motor Vehicle
21300,1.0,Driver,East,Proceeding Straight,Driver,South,Not Stated,Broadside,0,0,0,1,No Pedestrian Involved,POINT (-122.422186439 37.772909123),Other Motor Vehicle
21301,1.0,Driver,West,Making Left Turn,Pedestrian,East,Not Stated,Vehicle/Pedestrian,1,0,0,1,Crossing in Crosswalk at Intersection,POINT (-122.434478646 37.728718973),Pedestrian
21302,1.0,Driver,South,Proceeding Straight,Driver,South,Making Left Turn,Broadside,0,0,0,1,No Pedestrian Involved,POINT (-122.41828787 37.750639649),Other Motor Vehicle
21303,1.0,Bicyclist,East,Changing Lanes,Driver,East,Proceeding Straight,Sideswipe,0,1,0,1,No Pedestrian Involved,POINT (-122.415599194 37.775516661),Bicycle
21304,1.0,Driver,North,Proceeding Straight,Driver,North,Stopped In Road,Rear End,0,0,0,1,No Pedestrian Involved,POINT (-122.407631815 37.780114617),Other Motor Vehicle
21305,1.0,Driver,North,Making U Turn,Driver,North,Proceeding Straight,Broadside,0,0,0,1,No Pedestrian Involved,POINT (-122.45842827 37.775138164),Other Motor Vehicle
21306,1.0,Driver,South,Making Left Turn,Pedestrian,East,Proceeding Straight,Vehicle/Pedestrian,1,0,0,1,Crossing Not in Crosswalk,POINT (-122.418590886 37.753803713),Pedestrian
21307,,Driver,East,Making Left Turn,Driver,West,Proceeding Straight,Broadside,0,0,0,1,No Pedestrian Involved,POINT (-122.413105242 37.765447608),Other Motor Vehicle
21308,1.0,Driver,North,Proceeding Straight,Unknown,Unknown,Unknown,Overturned,0,0,0,1,No Pedestrian Involved,POINT (-122.471353055 37.774747072),Fixed Object
21309,1.0,Driver,South,Proceeding Straight,Driver,East,Proceeding Straight,Broadside,0,0,0,1,No Pedestrian Involved,POINT (-122.47462383 37.743096614),Other Motor Vehicle
21310,1.0,Driver,South,Proceeding Straight,Parked Vehicle,Not Stated,Parked,Overturned,0,0,0,1,No Pedestrian Involved,POINT (-122.505896656 37.759977549),Parked Motor Vehicle
21311,,Driver,Not Stated,Making Left Turn,Driver,North,Making Left Turn,Sideswipe,0,0,0,1,No Pedestrian Involved,POINT (-122.422286646 37.781751804),Other Motor Vehicle
21312,1.0,Driver,East,Making Left Turn,Driver,North,Proceeding Straight,Broadside,0,0,0,1,No Pedestrian Involved,POINT (-122.403387209 37.780264973),Other Motor Vehicle
21313,1.0,Driver,East,Proceeding Straight,Driver,South,Making Left Turn,Head-On,0,0,0,1,No Pedestrian Involved,POINT (-122.433839654 37.788906284),Other Motor Vehicle
21314,1.0,Bicyclist,West,Proceeding Straight,Driver,North,Proceeding Straight,Broadside,0,1,0,1,No Pedestrian Involved,POINT (-122.408271588 37.778860687),Bicycle
21315,1.0,Driver,South,Proceeding Straight,Driver,South,Stopped,Sideswipe,0,0,0,1,No Pedestrian Involved,POINT (-122.398994789 37.790894108),Other Motor Vehicle
21316,1.0,Driver,West,Proceeding Straight,Pedestrian,Not Stated,Not Stated,Vehicle/Pedestrian,1,0,0,1,"In Road, Including Shoulder",POINT (-122.398341107 37.781798768),Not Stated
21317,1.0,Bicyclist,North,Proceeding Straight,Bicyclist,North,Proceeding Straight,Rear End,0,1,0,0,No Pedestrian Involved,POINT (-122.392173845 37.779306522),Bicycle
21318,1.0,Driver,North,Making Right Turn,Bicyclist,West,Proceeding Straight,Sideswipe,0,1,0,1,No Pedestrian Involved,POINT (-122.456037597 37.711407964),Bicycle
21319,1.0,Driver,North,Making Left Turn,Parked Vehicle,North,Parked,Overturned,0,0,0,1,No Pedestrian Involved,POINT (-122.393152064 37.737756854),Parked Motor Vehicle
21320,1.0,Driver,West,Proceeding Straight,Bicyclist,South,Proceeding Straight,Broadside,0,1,0,1,No Pedestrian Involved,POINT (-122.410118191 37.76175942),Bicycle
21321,1.0,Driver,North,Making Right Turn,Pedestrian,West,Proceeding Straight,Vehicle/Pedestrian,1,0,0,1,Crossing in Crosswalk at Intersection,POINT (-122.444847225 37.746945373),Pedestrian
21322,,Driver,West,Proceeding Straight,Driver,North,Proceeding Straight,Broadside,0,0,0,1,No Pedestrian Involved,POINT (-122.406295965 37.775514154),Other Motor Vehicle
21323,1.0,Driver,West,Proceeding Straight,Pedestrian,South,Not Stated,Vehicle/Pedestrian,1,0,0,1,Crossing Not in Crosswalk,POINT (-122.432409657 37.805177662),Pedestrian
21324,1.0,Driver,North,Stopped In Road,Driver,North,Proceeding Straight,Rear End,0,0,0,1,No Pedestrian Involved,POINT (-122.454885125 37.710478554),Other Motor Vehicle
21325,1.0,Driver,South,Making Right Turn,Pedestrian,South,Proceeding Straight,Vehicle/Pedestrian,1,0,0,1,Crossing in Crosswalk at Intersection,POINT (-122.405466275 37.781925018),Pedestrian
21326,1.0,Driver,South,Making Left Turn,Pedestrian,East,Not Stated,Vehicle/Pedestrian,1,0,0,1,Crossing in Crosswalk at Intersection,POINT (-122.476018137 37.748625411),Pedestrian
21327,1.0,Driver,South,Proceeding Straight,Parked Vehicle,Not Stated,Parked,Rear End,0,0,0,1,No Pedestrian Involved,POINT (-122.458185598 37.722525701),Parked Motor Vehicle
21328,1.0,Driver,North,Proceeding Straight,Driver,North,Slowing/Stopping,Rear End,0,0,0,1,No Pedestrian Involved,POINT (-122.418616218 37.773127091),Other Motor Vehicle
21329,1.0,Driver,South,Ran Off Road,Unknown,Unknown,Unknown,Hit Object,0,0,0,1,No Pedestrian Involved,POINT (-122.390895311 37.778995665),Fixed Object
21330,1.0,Driver,North,Proceeding Straight,Unknown,Unknown,Unknown,Overturned,0,0,0,1,No Pedestrian Involved,POINT (-122.442074947 37.771016586),Fixed Object
21331,1.0,Driver,North,Parked,Bicyclist,North,Proceeding Straight,Vehicle/Pedestrian,1,1,0,1,No Pedestrian Involved,POINT (-122.402688519 37.772639437),Bicycle
21332,1.0,Driver,East,Proceeding Straight,Unknown,Unknown,Unknown,Overturned,0,0,0,1,No Pedestrian Involved,POINT (-122.413127447 37.718267751),Fixed Object
21333,1.0,Driver,North,Making Left Turn,Pedestrian,South,Proceeding Straight,Vehicle/Pedestrian,1,0,0,1,Crossing in Crosswalk at Intersection,POINT (-122.467027507 37.71149497),Pedestrian
21334,1.0,Pedestrian,Not Stated,Stopped In Road,Driver,West,Proceeding Straight,Vehicle/Pedestrian,1,0,0,1,"In Road, Including Shoulder",POINT (-122.409534215 37.785278263),Pedestrian
21335,1.0,Pedestrian,West,Not Stated,Driver,West,Proceeding Straight,Vehicle/Pedestrian,1,0,0,1,"In Road, Including Shoulder",,Pedestrian
21336,1.0,Driver,West,Proceeding Straight,Driver,South,Proceeding Straight,Broadside,0,0,0,1,No Pedestrian Involved,POINT (-122.496959651 37.755202001),Other Motor Vehicle
21337,1.0,Driver,East,Proceeding Straight,Driver,East,Crossed Into Opposing Lane,Sideswipe,0,0,0,1,No Pedestrian Involved,POINT (-122.392524623 37.791310971),Other Motor Vehicle
21338,,Driver,East,Proceeding Straight,Unknown,Unknown,Unknown,Hit Object,0,0,0,1,No Pedestrian Involved,POINT (-122.37245074 37.81731457),Not Stated
21339,1.0,Driver,West,Making Left Turn,Pedestrian,South,Proceeding Straight,Vehicle/Pedestrian,1,0,0,1,Crossing in Crosswalk at Intersection,POINT (-122.40547307 37.798016956),Pedestrian
21340,,Driver,East,Not Stated,Pedestrian,South,Proceeding Straight,Vehicle/Pedestrian,1,0,0,1,Crossing in Crosswalk at Intersection,POINT (-122.408804442 37.790157185),Pedestrian
21341,1.0,Driver,South,Proceeding Straight,Driver,South,Stopped In Road,Rear End,0,0,0,1,No Pedestrian Involved,POINT (-122.416116333 37.750859475),Other Motor Vehicle
21342,1.0,Driver,East,Proceeding Straight,Driver,East,Stopped In Road,Rear End,0,0,0,1,No Pedestrian Involved,POINT (-122.396771573 37.795466115),Other Motor Vehicle
21343,1.0,Driver,East,Proceeding Straight,Unknown,Unknown,Unknown,Not Stated,0,0,0,1,No Pedestrian Involved,POINT (-122.408087068 37.783923816),Other Object
21344,1.0,Driver,West,Entering Traffic,Parked Vehicle,West,Parked,Sideswipe,0,0,0,1,No Pedestrian Involved,POINT (-122.414932317 37.776049617),Parked Motor Vehicle
21345,1.0,Pedestrian,South,Not Stated,Driver,East,Proceeding Straight,Vehicle/Pedestrian,1,0,0,1,Crossing Not in Crosswalk,POINT (-122.489179433 37.772341888),Pedestrian
21346,1.0,Driver,West,Making U Turn,Bicyclist,East,Proceeding Straight,Broadside,0,1,0,1,No Pedestrian Involved,POINT (-122.424116687 37.773867661),Bicycle
21347,1.0,Driver,West,Proceeding Straight,Driver,North,Proceeding Straight,Broadside,0,0,0,1,No Pedestrian Involved,POINT (-122.437610624 37.774061647),Other Motor Vehicle
21348,1.0,Driver,West,Proceeding Straight,Driver,West,Stopped In Road,Rear End,0,0,0,1,No Pedestrian Involved,POINT (-122.4639931 37.775363674),Other Motor Vehicle
21349,1.0,Driver,North,Making Left Turn,Driver,North,Proceeding Straight,Broadside,0,0,0,1,No Pedestrian Involved,POINT (-122.40202542 37.786248152),Other Motor Vehicle
21350,1.0,Driver,East,Proceeding Straight,Driver,East,Proceeding Straight,Sideswipe,0,0,0,1,No Pedestrian Involved,POINT (-122.403387209 37.780264973),Other Motor Vehicle
21351,1.0,Driver,South,Making Left Turn,Pedestrian,East,Not Stated,Vehicle/Pedestrian,1,0,0,1,Crossing in Crosswalk at Intersection,POINT (-122.421115111 37.756876563),Pedestrian
21352,1.0,Driver,South,Other,Bicyclist,South,Proceeding Straight,Sideswipe,0,1,0,1,No Pedestrian Involved,POINT (-122.431099339 37.766638236),Bicycle
21353,1.0,Driver,South,Making U Turn,Unknown,Unknown,Unknown,Hit Object,0,0,0,1,No Pedestrian Involved,POINT (-122.485723865 37.708085729),Fixed Object
21354,1.0,Driver,South,Making Left Turn,Pedestrian,East,Other,Vehicle/Pedestrian,1,0,0,1,Crossing in Crosswalk at Intersection,POINT (-122.403675976 37.797298105),Pedestrian
21355,1.0,Driver,East,Proceeding Straight,Driver,East,Stopped In Road,Rear End,0,0,0,1,No Pedestrian Involved,POINT (-122.461672204 37.740172371),Other Motor Vehicle
21356,1.0,Driver,West,Making Left Turn,Driver,South,Proceeding Straight,Broadside,0,0,0,1,No Pedestrian Involved,POINT (-122.402209197 37.728101973),Other Motor Vehicle
21357,1.0,Driver,North,Proceeding Straight,Driver,West,Making Left Turn,Sideswipe,0,0,0,1,No Pedestrian Involved,POINT (-122.389864462 37.737169532),Other Motor Vehicle
21358,1.0,Driver,East,Backing,Pedestrian,Not Stated,Stopped In Road,Rear End,1,0,0,1,Not in Road,POINT (-122.465829024 37.740891975),Pedestrian
21359,1.0,Driver,East,Proceeding Straight,Driver,East,Stopped In Road,Rear End,0,0,0,1,No Pedestrian Involved,POINT (-122.399681575 37.791312573),Other Motor Vehicle
21360,1.0,Driver,West,Proceeding Straight,Bicyclist,South,Proceeding Straight,Broadside,0,1,0,1,No Pedestrian Involved,POINT (-122.475276422 37.752423947),Bicycle
21361,1.0,Driver,East,Proceeding Straight,Driver,East,Slowing/Stopping,Rear End,0,0,0,1,No Pedestrian Involved,POINT (-122.411484129 37.748298287),Other Motor Vehicle
21362,,Driver,West,Proceeding Straight,Unknown,Unknown,Unknown,Hit Object,0,0,0,1,No Pedestrian Involved,POINT (-122.389059378 37.723474173),Fixed Object
21363,1.0,Driver,North,Proceeding Straight,Driver,North,Stopped In Road,Rear End,0,0,0,1,No Pedestrian Involved,POINT (-122.471244504 37.712691255),Other Motor Vehicle
21364,1.0,Pedestrian,West,Proceeding Straight,Driver,North,Making Left Turn,Vehicle/Pedestrian,1,0,0,1,Crossing in Crosswalk at Intersection,POINT (-122.388556398 37.760491009),Pedestrian
21365,1.0,Driver,South,Proceeding Straight,Driver,South,Stopped In Road,Rear End,0,0,0,1,No Pedestrian Involved,POINT (-122.39546725 37.746958639),Other Motor Vehicle
21366,1.0,Driver,East,Making Left Turn,Driver,West,Proceeding Straight,Head-On,0,0,0,1,No Pedestrian Involved,POINT (-122.400784748 37.723616209),Other Motor Vehicle