party_id,party_at_fault,party1_type,party1_dir_of_travel,party1_move_pre_acc,party2_type,party2_dir_of_travel,party2_move_pre_acc,type_of_collision,involves_pedestrian,involves_bicycle,involves_motorcycle,involves_vehicle,ped_action,point,mviw
21367,1.0,Driver,North,Making U Turn,Driver,West,Proceeding Straight,Broadside,0,0,0,1,No Pedestrian Involved,POINT (-122.384281341 37.737757457),Other Motor Vehicle
21368,1.0,Driver,West,Proceeding Straight,Pedestrian,South,Other,Vehicle/Pedestrian,1,0,0,1,Crossing in Crosswalk at Intersection,POINT (-122.409763362 37.759194421),Pedestrian
21369,1.0,Driver,South,Proceeding Straight,Driver,South,Slowing/Stopping,Rear End,0,0,0,1,No Pedestrian Involved,POINT (-122.48478692 37.72451317),Other Motor Vehicle
21370,1.0,Driver,East,Making Left Turn,Driver,West,Proceeding Straight,Broadside,0,0,0,1,No Pedestrian Involved,POINT (-122.457733044 37.781314586),Other Motor Vehicle
21371,1.0,Pedestrian,South,Proceeding Straight,Driver,East,Proceeding Straight,Vehicle/Pedestrian,1,0,0,1,Crossing in Crosswalk at Intersection,POINT (-122.44534499 37.770210175),Pedestrian
21372,1.0,Driver,East,Proceeding Straight,Driver,East,Making Left Turn,Overturned,0,0,0,1,No Pedestrian Involved,POINT (-122.412765148 37.772858757),Other Motor Vehicle
21373,1.0,Driver,East,Proceeding Straight,Driver,South,Proceeding Straight,Broadside,0,0,0,1,No Pedestrian Involved,POINT (-122.485147938 37.78574601),Other Motor Vehicle
21374,1.0,Pedestrian,South,Other,Driver,West,Proceeding Straight,Vehicle/Pedestrian,1,0,0,1,Crossing Not in Crosswalk,POINT (-122.429426967 37.797860173),Pedestrian
21375,1.0,Driver,East,Proceeding Straight,Driver,East,Parked,Rear End,0,0,0,1,No Pedestrian Involved,POINT (-122.412376396 37.749388683),Other Motor Vehicle
21376,1.0,Driver,South,Proceeding Straight,Driver,East,Proceeding Straight,Broadside,0,0,0,1,No Pedestrian Involved,POINT (-122.417357817 37.752305979),Other Motor Vehicle
21377,1.0,Driver,East,Proceeding Straight,Pedestrian,North,Proceeding Straight,Vehicle/Pedestrian,1,0,0,1,Crossing in Crosswalk at Intersection,POINT (-122.478735341 37.741044715),Pedestrian
21378,1.0,Pedestrian,West,Entering Traffic,Driver,North,Proceeding Straight,Sideswipe,1,0,0,1,Crossing Not in Crosswalk,POINT (-122.403090488 37.787073987),Pedestrian
21379,1.0,Driver,South,Making Left Turn,Driver,West,Proceeding Straight,Broadside,0,0,0,1,No Pedestrian Involved,POINT (-122.497046822 37.771982947),Other Motor Vehicle
21380,1.0,Driver,South,Making Left Turn,Pedestrian,Not Stated,Proceeding Straight,Vehicle/Pedestrian,1,0,0,1,Crossing in Crosswalk at Intersection,POINT (-122.421192974 37.784753446),Pedestrian
21381,1.0,Driver,East,Making Left Turn,Driver,West,Proceeding Straight,Broadside,0,0,0,1,No Pedestrian Involved,POINT (-122.467739342 37.728329067),Other Motor Vehicle
21382,,Driver,East,Making Left Turn,Unknown,Unknown,Unknown,Overturned,0,0,0,1,No Pedestrian Involved,POINT (-122.499933187 37.751332939),Fixed Object
21383,,Driver,West,Proceeding Straight,Driver,West,Stopped,Rear End,0,0,0,1,No Pedestrian Involved,POINT (-122.423413055 37.795737109),Other Motor Vehicle
21384,1.0,Driver,North,Making Left Turn,Pedestrian,South,Proceeding Straight,Vehicle/Pedestrian,1,0,0,1,Crossing in Crosswalk at Intersection,POINT (-122.397385538 37.782553593),Pedestrian
21385,1.0,Driver,North,Proceeding Straight,Driver,West,Proceeding Straight,Broadside,0,0,0,1,No Pedestrian Involved,POINT (-122.447130573 37.800385825),Other Motor Vehicle
21386,1.0,Driver,West,Proceeding Straight,Driver,West,Stopped In Road,Rear End,0,0,0,1,No Pedestrian Involved,POINT (-122.447291821 37.731547153),Other Motor Vehicle
21387,1.0,Driver,North,Proceeding Straight,Driver,East,Proceeding Straight,Broadside,0,0,0,1,No Pedestrian Involved,POINT (-122.403205081 37.773051102),Other Motor Vehicle
21388,1.0,Driver,North,Making Left Turn,Driver,South,Proceeding Straight,Broadside,0,0,0,1,No Pedestrian Involved,POINT (-122.435624141 37.767327958),Other Motor Vehicle
21389,1.0,Driver,South,Proceeding Straight,Driver,West,Proceeding Straight,Broadside,0,0,0,1,No Pedestrian Involved,POINT (-122.468190787 37.76021765),Other Motor Vehicle
21390,,Driver,South,Making Left Turn,Driver,North,Proceeding Straight,Head-On,0,0,0,1,No Pedestrian Involved,POINT (-122.428990052 37.773247801),Other Motor Vehicle
21391,1.0,Driver,West,Making Left Turn,Driver,South,Proceeding Straight,Broadside,0,0,0,1,No Pedestrian Involved,POINT (-122.401843273 37.779032133),Other Motor Vehicle
21392,1.0,Driver,West,Proceeding Straight,Driver,South,Proceeding Straight,Broadside,0,0,0,1,No Pedestrian Involved,POINT (-122.40753423 37.765783299),Other Motor Vehicle
21393,1.0,Driver,South,Proceeding Straight,Driver,West,Proceeding Straight,Broadside,1,0,0,1,Not Stated,POINT (-122.425616053 37.789951886),Other Motor Vehicle
21394,1.0,Driver,East,Proceeding Straight,Bicyclist,South,Proceeding Straight,Broadside,0,1,0,1,No Pedestrian Involved,POINT (-122.439844236 37.776644008),Bicycle
21395,1.0,Driver,West,Changing Lanes,Driver,West,Proceeding Straight,Rear End,0,0,0,1,No Pedestrian Involved,POINT (-122.4419381 37.787877301),Other Motor Vehicle
21396,1.0,Driver,South,Proceeding Straight,Driver,South,Stopped In Road,Rear End,0,0,0,1,No Pedestrian Involved,POINT (-122.422867798 37.792513092),Other Motor Vehicle
21397,,Driver,East,Proceeding Straight,Pedestrian,South,Proceeding Straight,Vehicle/Pedestrian,1,0,0,1,"In Road, Including Shoulder",POINT (-122.399365536 37.735546915),Pedestrian
21398,1.0,Driver,North,Passing Other Vehicle,Driver,North,Proceeding Straight,Sideswipe,0,0,0,1,No Pedestrian Involved,POINT (-122.418450881 37.787898606),Other Motor Vehicle
21399,1.0,Driver,East,Making Left Turn,Driver,South,Proceeding Straight,Broadside,0,0,0,1,No Pedestrian Involved,POINT (-122.392348748 37.730066819),Other Motor Vehicle
21400,1.0,Driver,North,Proceeding Straight,Driver,North,Stopped In Road,Rear End,0,0,0,1,No Pedestrian Involved,POINT (-122.438108251 37.776781034),Other Motor Vehicle
21401,1.0,Driver,South,Proceeding Straight,Unknown,Unknown,Unknown,Head-On,0,0,0,1,No Pedestrian Involved,POINT (-122.461656972 37.745351653),Fixed Object
21402,1.0,Pedestrian,East,Not Stated,Driver,North,Proceeding Straight,Vehicle/Pedestrian,1,0,0,1,Crossing Not in Crosswalk,POINT (-122.404657097 37.732948783),Pedestrian
21403,1.0,Pedestrian,Not Stated,Not Stated,Driver,South,Proceeding Straight,Vehicle/Pedestrian,1,0,0,1,Crossing Not in Crosswalk,POINT (-122.430840933 37.763943659),Pedestrian
21404,1.0,Driver,North,Making Right Turn,Bicyclist,North,Proceeding Straight,Sideswipe,0,1,0,1,No Pedestrian Involved,POINT (-122.406693623 37.736259121),Bicycle
21405,1.0,Driver,East,Proceeding Straight,Driver,East,Proceeding Straight,Rear End,0,0,0,1,No Pedestrian Involved,POINT (-122.49134262 37.734007858),Other Motor Vehicle
21406,1.0,Driver,West,Making Left Turn,Driver,East,Proceeding Straight,Head-On,0,0,0,1,No Pedestrian Involved,POINT (-122.413157691 37.77745742),Other Motor Vehicle
21407,1.0,Driver,East,Making Left Turn,Driver,West,Proceeding Straight,Overturned,0,0,0,1,No Pedestrian Involved,POINT (-122.435395547 37.765732098),Other Motor Vehicle
21408,1.0,Driver,West,Proceeding Straight,Driver,Not Stated,Slowing/Stopping,Rear End,0,0,0,1,No Pedestrian Involved,POINT (-122.472728997 37.734795001),Other Motor Vehicle
21409,1.0,Pedestrian,North,Other,Driver,West,Proceeding Straight,Vehicle/Pedestrian,1,0,0,1,Crossing in Crosswalk at Intersection,POINT (-122.481787405 37.731169754),Pedestrian
21410,1.0,Driver,East,Passing Other Vehicle,Driver,East,Parking Maneuver,Sideswipe,0,0,0,1,No Pedestrian Involved,POINT (-122.477291074 37.780403316),Other Motor Vehicle
21411,1.0,Driver,East,Changing Lanes,Driver,East,Proceeding Straight,Sideswipe,0,0,0,1,No Pedestrian Involved,POINT (-122.469907857 37.784572781),Other Motor Vehicle
21412,1.0,Pedestrian,East,Entering Traffic,Driver,South,Making Left Turn,Vehicle/Pedestrian,1,0,0,1,Crossing Not in Crosswalk,POINT (-122.475719031 37.727662476),Pedestrian
21413,1.0,Pedestrian,East,Other,Driver,North,Parking Maneuver,Vehicle/Pedestrian,1,0,0,1,Crossing Not in Crosswalk,POINT (-122.412939738 37.7856421),Pedestrian
21414,1.0,Pedestrian,South,Proceeding Straight,Driver,East,Making Left Turn,Head-On,1,0,0,1,Crossing Not in Crosswalk,POINT (-122.421116406 37.784763072),Pedestrian
21415,1.0,Driver,North,Making U Turn,Driver,North,Proceeding Straight,Broadside,0,0,0,1,No Pedestrian Involved,POINT (-122.421939044 37.765460053),Other Motor Vehicle
21416,1.0,Driver,North,Passing Other Vehicle,Driver,North,Proceeding Straight,Rear End,0,0,0,1,No Pedestrian Involved,POINT (-122.431276688 37.7287832),Parked Motor Vehicle
21417,1.0,Driver,West,Proceeding Straight,Driver,West,Proceeding Straight,Rear End,0,0,0,1,No Pedestrian Involved,POINT (-122.412443367 37.786821363),Other Motor Vehicle
21418,1.0,Driver,South,Making Left Turn,Driver,North,Proceeding Straight,Head-On,0,0,0,1,No Pedestrian Involved,POINT (-122.479714593 37.754491823),Other Motor Vehicle
21419,1.0,Pedestrian,South,Proceeding Straight,Driver,West,Proceeding Straight,Vehicle/Pedestrian,1,0,0,1,Crossing in Crosswalk at Intersection,POINT (-122.467739342 37.728329067),Pedestrian
21420,1.0,Driver,South,Making Right Turn,Pedestrian,East,Proceeding Straight,Vehicle/Pedestrian,1,0,0,1,Crossing in Crosswalk at Intersection,POINT (-122.426693184 37.767869019),Pedestrian
21421,,Driver,North,Stopped In Road,Pedestrian,Not Stated,Stopped In Road,Vehicle/Pedestrian,1,0,0,1,"In Road, Including Shoulder",POINT (-122.424940992 37.75045549),Pedestrian
21422,1.0,Driver,West,Proceeding Straight,Driver,West,Slowing/Stopping,Rear End,0,0,0,1,No Pedestrian Involved,POINT (-122.484031765 37.744555875),Other Motor Vehicle
21423,1.0,Driver,East,Proceeding Straight,Driver,East,Proceeding Straight,Rear End,0,0,0,1,No Pedestrian Involved,POINT (-122.394096832 37.792507847),Other Motor Vehicle
21424,,Bicyclist,East,Entering Traffic,Driver,North,Making Left Turn,Broadside,0,0,0,1,No Pedestrian Involved,POINT (-122.448328081 37.805038224),Not Stated
21425,1.0,Pedestrian,South,Other,Driver,West,Proceeding Straight,Vehicle/Pedestrian,1,0,0,1,Crossing Not in Crosswalk,POINT (-122.421173563 37.782848921),Pedestrian
21426,1.0,Driver,West,Proceeding Straight,Pedestrian,Not Stated,Not Stated,Vehicle/Pedestrian,1,0,0,1,Crossing in Crosswalk at Intersection,POINT (-122.449707827 37.775389941),Pedestrian
21427,1.0,Pedestrian,South,Not Stated,Driver,East,Proceeding Straight,Other,1,0,0,1,Crossing in Crosswalk at Intersection,POINT (-122.403451104 37.787574916),Pedestrian
21428,1.0,Driver,South,Making U Turn,Driver,East,Proceeding Straight,Broadside,0,0,0,1,No Pedestrian Involved,POINT (-122.484374117 37.753892291),Other Motor Vehicle
21429,1.0,Driver,East,Proceeding Straight,Driver,East,Making Right Turn,Sideswipe,0,0,0,1,No Pedestrian Involved,POINT (-122.436176465 37.714209484),Other Motor Vehicle
21430,1.0,Driver,North,Proceeding Straight,Driver,East,Merging,Broadside,0,0,0,1,No Pedestrian Involved,POINT (-122.475225476 37.720442632),Other Motor Vehicle
21431,1.0,Driver,North,Making Left Turn,Driver,North,Proceeding Straight,Hit Object,0,0,0,1,No Pedestrian Involved,POINT (-122.394336767 37.780060703),Fixed Object
21432,1.0,Driver,North,Stopped In Road,Driver,West,Making Left Turn,Sideswipe,0,0,0,1,No Pedestrian Involved,POINT (-122.417104136 37.774325288),Other Motor Vehicle
21433,1.0,Driver,North,Making Left Turn,Driver,South,Making Left Turn,Sideswipe,0,0,0,1,No Pedestrian Involved,POINT (-122.395843499 37.781321257),Other Motor Vehicle
21434,1.0,Driver,North,Making Left Turn,Pedestrian,East,Proceeding Straight,Vehicle/Pedestrian,1,0,0,1,Crossing in Crosswalk at Intersection,POINT (-122.414995423 37.787453844),Pedestrian
21435,1.0,Driver,East,Making U Turn,Driver,West,Proceeding Straight,Broadside,0,0,0,1,No Pedestrian Involved,POINT (-122.413974787 37.776812035),Other Motor Vehicle
21436,1.0,Driver,North,Changing Lanes,Driver,North,Proceeding Straight,Broadside,0,0,0,1,No Pedestrian Involved,POINT (-122.423758379 37.772957392),Other Motor Vehicle
21437,1.0,Driver,West,Stopped,Driver,West,Proceeding Straight,Rear End,0,0,0,1,No Pedestrian Involved,POINT (-122.442846092 37.799977979),Other Motor Vehicle
21438,1.0,Bicyclist,East,Making Left Turn,Driver,South,Proceeding Straight,Broadside,0,1,0,1,No Pedestrian Involved,POINT (-122.441103134 37.727446844),Bicycle
21439,1.0,Driver,North,Other Unsafe Turning,Unknown,Unknown,Unknown,Hit Object,0,0,0,1,No Pedestrian Involved,POINT (-122.500040746 37.766802962),Fixed Object
21440,1.0,Driver,South,Stopped In Road,Driver,East,Proceeding Straight,Sideswipe,0,0,0,1,No Pedestrian Involved,POINT (-122.480628879 37.752187357),Other Motor Vehicle
21441,1.0,Driver,South,Changing Lanes,Driver,South,Proceeding Straight,Broadside,0,0,0,1,No Pedestrian Involved,POINT (-122.410824588 37.771217023),Other Motor Vehicle
21442,1.0,Driver,North,Proceeding Straight,Driver,West,Proceeding Straight,Broadside,0,0,0,1,No Pedestrian Involved,POINT (-122.499590577 37.777482329),Other Motor Vehicle
21443,1.0,Driver,West,Making Left Turn,Driver,East,Proceeding Straight,Broadside,0,0,0,1,No Pedestrian Involved,POINT (-122.50347269 37.77168938),Other Motor Vehicle
21444,1.0,Driver,North,Merging,Driver,North,Making Right Turn,Sideswipe,0,0,0,1,No Pedestrian Involved,POINT (-122.403540902 37.748063899),Other Motor Vehicle
21445,1.0,Pedestrian,West,Proceeding Straight,Driver,South,Proceeding Straight,Vehicle/Pedestrian,1,0,0,1,Crossing in Crosswalk at Intersection,POINT (-122.41844527 37.752239455),Pedestrian
21446,1.0,Pedestrian,South,Other,Driver,West,Proceeding Straight,Vehicle/Pedestrian,1,0,0,1,"In Road, Including Shoulder",POINT (-122.471569341 37.734706811),Pedestrian
21447,1.0,Driver,North,Making Left Turn,Driver,East,Proceeding Straight,Broadside,0,0,0,1,No Pedestrian Involved,POINT (-122.390850051 37.762916894),Other Motor Vehicle
21448,1.0,Driver,South,Crossed Into Opposing Lane,Driver,North,Stopped In Road,Head-On,0,0,0,1,No Pedestrian Involved,POINT (-122.422988037 37.7407994),Other Motor Vehicle
21449,1.0,Pedestrian,East,Proceeding Straight,Driver,South,Proceeding Straight,Vehicle/Pedestrian,1,0,0,1,Crossing Not in Crosswalk,POINT (-122.409675836 37.781740468),Pedestrian
21450,1.0,Pedestrian,Not Stated,Other,Driver,West,Proceeding Straight,Vehicle/Pedestrian,1,0,0,1,Crossing Not in Crosswalk,POINT (-122.410155926 37.782280649),Pedestrian
21451,1.0,Driver,South,Proceeding Straight,Driver,South,Proceeding Straight,Rear End,0,0,0,1,No Pedestrian Involved,POINT (-122.445835077 37.715297796),Other Motor Vehicle
21452,1.0,Driver,North,Proceeding Straight,Driver,North,Stopped In Road,Rear End,0,0,0,1,No Pedestrian Involved,POINT (-122.485076787 37.718574359),Other Motor Vehicle
21453,1.0,Driver,North,Making Left Turn,Pedestrian,West,Proceeding Straight,Vehicle/Pedestrian,1,0,0,1,Crossing in Crosswalk at Intersection,POINT (-122.504987664 37.762332398),Pedestrian
21454,,Driver,West,Proceeding Straight,Driver,West,Stopped,Rear End,0,0,0,1,No Pedestrian Involved,POINT (-122.46374921 37.773624065),Other Motor Vehicle
21455,1.0,Driver,East,Proceeding Straight,Driver,South,Proceeding Straight,Broadside,0,0,0,1,No Pedestrian Involved,POINT (-122.40148758 37.794839499),Other Motor Vehicle
21456,,Driver,North,Proceeding Straight,Unknown,Unknown,Unknown,Head-On,0,0,0,1,No Pedestrian Involved,POINT (-122.387375915 37.74880237),Fixed Object
21457,1.0,Driver,South,Proceeding Straight,Driver,East,Proceeding Straight,Broadside,0,0,0,1,No Pedestrian Involved,POINT (-122.383425445 37.735803253),Other Motor Vehicle
21458,1.0,Driver,North,Making Left Turn,Pedestrian,Not Stated,Other,Vehicle/Pedestrian,1,0,0,1,Crossing in Crosswalk at Intersection,POINT (-122.388878715 37.729993737),Pedestrian
21459,1.0,Driver,North,Proceeding Straight,Driver,West,Not Stated,Broadside,0,0,0,1,No Pedestrian Involved,POINT (-122.392749787 37.778851718),Other Motor Vehicle
21460,1.0,Driver,South,Proceeding Straight,Driver,East,Proceeding Straight,Broadside,0,0,0,1,No Pedestrian Involved,POINT (-122.413068633 37.734700598),Other Motor Vehicle
21461,1.0,Driver,South,Making Left Turn,Pedestrian,West,Proceeding Straight,Vehicle/Pedestrian,1,0,0,1,Crossing in Crosswalk at Intersection,POINT (-122.424138212 37.73986014),Pedestrian
21462,1.0,Driver,North,Proceeding Straight,Unknown,Unknown,Unknown,Not Stated,0,0,0,1,No Pedestrian Involved,POINT (-122.432779743 37.732977812),Fixed Object
21463,,Driver,East,Parking Maneuver,Driver,North,Parking Maneuver,Other,0,0,0,1,No Pedestrian Involved,POINT (-122.416405507 37.740436703),Other Motor Vehicle
21464,1.0,Driver,East,Proceeding Straight,Driver,Not Stated,Parked,Rear End,0,0,0,1,No Pedestrian Involved,POINT (-122.428554925 37.77999685),Parked Motor Vehicle
21465,2.0,Driver,North,Stopped In Road,Driver,North,Proceeding Straight,Not Stated,0,0,0,1,No Pedestrian Involved,POINT (-122.418616218 37.773127091),Other Motor Vehicle
21466,1.0,Driver,South,Stopped In Road,Pedestrian,West,Other,Vehicle/Pedestrian,1,0,0,1,No Pedestrian Involved,POINT (-122.399148598 37.791016649),Pedestrian
21467,1.0,Driver,East,Proceeding Straight,Driver,East,Stopped,Rear End,0,0,0,1,No Pedestrian Involved,POINT (-122.439658928 37.715821811),Not Stated
21468,1.0,Bicyclist,North,Entering Traffic,Driver,East,Proceeding Straight,Broadside,0,1,0,1,No Pedestrian Involved,POINT (-122.436884629 37.778937753),Bicycle
21469,1.0,Driver,East,Proceeding Straight,Unknown,Unknown,Unknown,Hit Object,0,0,0,1,No Pedestrian Involved,POINT (-122.420292934 37.718872632),Other Object
21470,1.0,Driver,North,Traveling Wrong Way,Unknown,Unknown,Unknown,Hit Object,0,0,0,1,No Pedestrian Involved,POINT (-122.39214662 37.730642139),Fixed Object
21471,1.0,Driver,East,Proceeding Straight,Parked Vehicle,East,Parked,Overturned,0,0,0,1,No Pedestrian Involved,POINT (-122.421324054 37.80463254),Parked Motor Vehicle
21472,1.0,Driver,West,Making Left Turn,Driver,East,Proceeding Straight,Head-On,0,0,0,1,No Pedestrian Involved,POINT (-122.498452832 37.74578604),Other Motor Vehicle
21473,1.0,Driver,East,Proceeding Straight,Driver,East,Proceeding Straight,Rear End,1,0,0,1,Not Stated,POINT (-122.460404198 37.786865758),Other Motor Vehicle
21474,,Driver,East,Not Stated,Bicyclist,South,Not Stated,Not Stated,1,0,0,1,Not Stated,POINT (-122.40276677 37.792851221),Not Stated
21475,,Bicyclist,North,Making Right Turn,Unknown,Unknown,Unknown,Other,0,0,0,0,No Pedestrian Involved,POINT (-122.419693566 37.777299856),Other Object
21476,1.0,Driver,North,Passing Other Vehicle,Unknown,Unknown,Unknown,Hit Object,0,0,0,1,No Pedestrian Involved,POINT (-122.480694242 37.783648549),Fixed Object
21477,,Pedestrian,West,Not Stated,Bicyclist,North,Making Left Turn,Vehicle/Pedestrian,1,0,0,0,Crossing Not in Crosswalk,POINT (-122.433074471 37.764195713),Other Object
21478,1.0,Driver,East,Proceeding Straight,Parked Vehicle,West,Parked,Head-On,0,0,0,1,No Pedestrian Involved,POINT (-122.47387213 37.748742745),Parked Motor Vehicle
21479,1.0,Driver,North,Changing Lanes,Driver,North,Proceeding Straight,Broadside,0,0,0,1,No Pedestrian Involved,POINT (-122.398967102 37.7190295),Other Motor Vehicle
21480,1.0,Driver,South,Making Left Turn,Bicyclist,East,Proceeding Straight,Broadside,0,1,0,1,No Pedestrian Involved,POINT (-122.408066548 37.783991487),Bicycle
21481,1.0,Driver,West,Proceeding Straight,Driver,West,Proceeding Straight,Rear End,0,0,0,1,No Pedestrian Involved,POINT (-122.448825477 37.731559819),Other Motor Vehicle
21482,1.0,Driver,East,Backing,Pedestrian,North,Other,Vehicle/Pedestrian,1,0,0,1,Not in Road,POINT (-122.428812513 37.766060134),Pedestrian
21483,1.0,Driver,East,Proceeding Straight,Driver,North,Proceeding Straight,Broadside,0,0,0,1,No Pedestrian Involved,POINT (-122.40148758 37.794839499),Other Motor Vehicle
21484,1.0,Driver,West,Proceeding Straight,Unknown,Unknown,Unknown,Other,0,0,0,1,No Pedestrian Involved,POINT (-122.449804459 37.765819626),Non-Collision
21485,1.0,Driver,East,Proceeding Straight,Driver,East,Stopped In Road,Rear End,0,0,0,1,No Pedestrian Involved,POINT (-122.426749908 37.769127947),Other Motor Vehicle
21486,1.0,Driver,North,Proceeding Straight,Driver,North,Stopped In Road,Rear End,0,0,0,1,No Pedestrian Involved,POINT (-122.407596737 37.766321604),Other Motor Vehicle
21487,1.0,Bicyclist,West,Passing Other Vehicle,Driver,West,Stopped In Road,Sideswipe,0,1,0,1,No Pedestrian Involved,POINT (-122.407535412 37.784464771),Bicycle
21488,1.0,Driver,North,Ran Off Road,Unknown,Unknown,Unknown,Hit Object,0,0,0,1,No Pedestrian Involved,POINT (-122.460320926 37.735052519),Fixed Object
21489,1.0,Pedestrian,West,Proceeding Straight,Driver,South,Proceeding Straight,Vehicle/Pedestrian,1,0,0,1,Crossing Not in Crosswalk,POINT (-122.435187962 37.762670707),Pedestrian
21490,1.0,Driver,South,Proceeding Straight,Unknown,Unknown,Unknown,Overturned,0,0,0,1,No Pedestrian Involved,POINT (-122.399717623 37.721178552),Fixed Object
21491,1.0,Bicyclist,South,Proceeding Straight,Unknown,Unknown,Unknown,Other,0,0,0,0,No Pedestrian Involved,POINT (-122.420204952 37.788195618),Non-Collision
21492,1.0,Bicyclist,North,Proceeding Straight,Driver,West,Proceeding Straight,Broadside,0,1,0,1,No Pedestrian Involved,POINT (-122.423274962 37.80341264),Bicycle
21493,1.0,Driver,East,Proceeding Straight,Driver,East,Stopped,Rear End,0,0,0,1,No Pedestrian Involved,POINT (-122.419712024 37.784939622),Other Motor Vehicle
21494,1.0,Driver,East,Making Right Turn,Pedestrian,Not Stated,Not Stated,Head-On,1,0,0,1,Crossing in Crosswalk at Intersection,POINT (-122.475409075 37.739325433),Pedestrian
21495,1.0,Driver,North,Making Left Turn,Driver,South,Proceeding Straight,Sideswipe,0,0,0,1,No Pedestrian Involved,POINT (-122.428819148 37.766130014),Other Motor Vehicle
21496,,Driver,West,Proceeding Straight,Unknown,Unknown,Unknown,Hit Object,0,0,0,1,No Pedestrian Involved,POINT (-122.391083501 37.760383287),Fixed Object
21497,1.0,Driver,East,Proceeding Straight,Driver,East,Proceeding Straight,Rear End,0,0,0,1,No Pedestrian Involved,POINT (-122.406486747 37.770456731),Other Motor Vehicle
21498,1.0,Driver,East,Making Right Turn,Parked Vehicle,East,Parked,Hit Object,0,0,0,1,No Pedestrian Involved,POINT (-122.41137898 37.777276985),Fixed Object
21499,1.0,Pedestrian,North,Not Stated,Driver,West,Making Left Turn,Vehicle/Pedestrian,1,0,0,1,Crossing Not in Crosswalk,POINT (-122.408667084 37.785388249),Pedestrian
21500,1.0,Driver,North,Making Left Turn,Driver,West,Proceeding Straight,Head-On,0,0,0,1,No Pedestrian Involved,POINT (-122.420901271 37.764976899),Other Motor Vehicle
21501,1.0,Driver,North,Making Right Turn,Driver,East,Proceeding Straight,Broadside,0,0,0,1,No Pedestrian Involved,POINT (-122.461210548 37.724949701),Other Motor Vehicle
21502,1.0,Driver,West,Proceeding Straight,Driver,West,Stopped In Road,Sideswipe,0,0,0,1,No Pedestrian Involved,POINT (-122.400352376 37.785122095),Other Motor Vehicle
21503,1.0,Driver,East,Proceeding Straight,Bicyclist,East,Proceeding Straight,Rear End,0,1,0,1,No Pedestrian Involved,POINT (-122.438912807 37.711794615),Bicycle
21504,1.0,Driver,South,Entering Traffic,Driver,West,Proceeding Straight,Broadside,0,0,0,1,No Pedestrian Involved,POINT (-122.435098916 37.788746118),Other Motor Vehicle
21505,1.0,Driver,East,Proceeding Straight,Driver,Not Stated,Making Left Turn,Broadside,0,0,0,1,No Pedestrian Involved,POINT (-122.374942746 37.731533594),Other Motor Vehicle
21506,1.0,Driver,East,Slowing/Stopping,Driver,East,Stopped In Road,Rear End,0,0,0,1,No Pedestrian Involved,POINT (-122.435751498 37.773345713),Other Motor Vehicle
21507,1.0,Driver,South,Proceeding Straight,Driver,South,Proceeding Straight,Rear End,0,0,0,1,No Pedestrian Involved,POINT (-122.402062255 37.775670891),Other Motor Vehicle
21508,1.0,Driver,South,Merging,Driver,South,Stopped In Road,Rear End,0,0,0,1,No Pedestrian Involved,POINT (-122.410883157 37.771263745),Other Motor Vehicle
21509,1.0,Bicyclist,North,Other Unsafe Turning,Bicyclist,East,Not Stated,Broadside,0,0,0,0,No Pedestrian Involved,POINT (-122.405497715 37.764603897),Train
21510,1.0,Driver,South,Making Left Turn,Pedestrian,East,Proceeding Straight,Vehicle/Pedestrian,1,0,0,1,Crossing in Crosswalk at Intersection,POINT (-122.395160622 37.784311013),Pedestrian
21511,,Driver,East,Not Stated,Driver,East,Stopped In Road,Rear End,0,0,0,1,No Pedestrian Involved,POINT (-122.442377978 37.772504316),Other Motor Vehicle
21512,1.0,Driver,North,Proceeding Straight,Driver,South,Making Left Turn,Broadside,0,0,0,1,No Pedestrian Involved,POINT (-122.422694163 37.792174644),Other Motor Vehicle
21513,1.0,Driver,West,Merging,Driver,South,Merging,Rear End,0,0,0,1,No Pedestrian Involved,POINT (-122.431204946 37.784568241),Other Motor Vehicle
21514,1.0,Bicyclist,South,Proceeding Straight,Driver,West,Making Left Turn,Broadside,0,1,0,1,No Pedestrian Involved,POINT (-122.425791803 37.734277998),Bicycle
21515,1.0,Driver,South,Proceeding Straight,Driver,Not Stated,Proceeding Straight,Broadside,0,0,0,1,No Pedestrian Involved,POINT (-122.424731259 37.802280984),Other Motor Vehicle
21516,1.0,Pedestrian,North,Proceeding Straight,Driver,West,Proceeding Straight,Vehicle/Pedestrian,1,0,0,1,Crossing in Crosswalk at Intersection,POINT (-122.417454754 37.77663132),Pedestrian
21517,1.0,Driver,West,Proceeding Straight,Pedestrian,Not Stated,Proceeding Straight,Vehicle/Pedestrian,1,0,0,1,Crossing in Crosswalk at Intersection,POINT (-122.473422993 37.741283066),Pedestrian
21518,1.0,Driver,West,Making Left Turn,Pedestrian,West,Proceeding Straight,Vehicle/Pedestrian,1,0,0,1,Crossing in Crosswalk at Intersection,POINT (-122.405707667 37.767200062),Pedestrian
21519,,Driver,North,Not Stated,Bicyclist,North,Not Stated,Not Stated,0,0,0,1,No Pedestrian Involved,POINT (-122.418658584 37.775558162),Not Stated
21520,1.0,Driver,North,Proceeding Straight,Driver,South,Proceeding Straight,Broadside,0,0,0,1,No Pedestrian Involved,POINT (-122.499058976 37.731576071),Other Motor Vehicle