party_id,party_at_fault,party1_type,party1_dir_of_travel,party1_move_pre_acc,party2_type,party2_dir_of_travel,party2_move_pre_acc,type_of_collision,involves_pedestrian,involves_bicycle,involves_motorcycle,involves_vehicle,ped_action,point,mviw
21830,1.0,Driver,East,Making Right Turn,Driver,South,Proceeding Straight,Broadside,0,0,0,1,No Pedestrian Involved,POINT (-122.45314269 37.711221076),Other Motor Vehicle
21831,1.0,Driver,North,Proceeding Straight,Driver,South,Making Left Turn,Head-On,0,0,0,1,No Pedestrian Involved,POINT (-122.438177048 37.776855889),Other Motor Vehicle
21832,1.0,Driver,East,Proceeding Straight,Driver,South,Proceeding Straight,Broadside,0,0,0,1,No Pedestrian Involved,POINT (-122.465883163 37.773398205),Other Motor Vehicle
21833,1.0,Driver,North,Proceeding Straight,Driver,South,Making Left Turn,Broadside,0,0,0,1,No Pedestrian Involved,POINT (-122.437010758 37.724840763),Other Motor Vehicle
21834,1.0,Pedestrian,East,Proceeding Straight,Driver,South,Proceeding Straight,Head-On,1,0,0,1,Crossing Not in Crosswalk,POINT (-122.40276677 37.792851221),Pedestrian
21835,1.0,Driver,East,Proceeding Straight,Driver,East,Slowing/Stopping,Overturned,0,0,0,1,No Pedestrian Involved,POINT (-122.395224459 37.736425066),Other Motor Vehicle
21836,1.0,Driver,North,Changing Lanes,Driver,North,Proceeding Straight,Sideswipe,0,0,0,1,No Pedestrian Involved,POINT (-122.472496358 37.716491977),Other Motor Vehicle
21837,1.0,Pedestrian,West,Other,Driver,West,Proceeding Straight,Vehicle/Pedestrian,1,0,0,1,"In Road, Including Shoulder",POINT (-122.407159488 37.779738906),Pedestrian
21838,1.0,Driver,East,Proceeding Straight,Driver,East,Proceeding Straight,Sideswipe,0,0,0,1,No Pedestrian Involved,POINT (-122.407790938 37.748390269),Other Motor Vehicle
21839,1.0,Driver,South,Making U Turn,Bicyclist,South,Proceeding Straight,Sideswipe,0,1,0,1,No Pedestrian Involved,POINT (-122.422179566 37.767937743),Bicycle
21840,1.0,Driver,South,Proceeding Straight,Driver,East,Proceeding Straight,Broadside,0,0,0,1,No Pedestrian Involved,POINT (-122.472585868 37.784448891),Motor Vehicle on Other Roadway
21841,1.0,Driver,South,Changing Lanes,Bicyclist,South,Proceeding Straight,Sideswipe,0,1,0,1,No Pedestrian Involved,POINT (-122.399948691 37.801617249),Bicycle
21842,1.0,Driver,South,Making Left Turn,Driver,West,Proceeding Straight,Broadside,0,0,0,1,No Pedestrian Involved,POINT (-122.461210548 37.724949701),Other Motor Vehicle
21843,1.0,Driver,South,Making Left Turn,Pedestrian,West,Proceeding Straight,Sideswipe,1,0,0,1,Crossing in Crosswalk at Intersection,POINT (-122.411376271 37.801125133),Pedestrian
21844,1.0,Driver,South,Proceeding Straight,Unknown,Unknown,Unknown,Sideswipe,0,0,0,1,No Pedestrian Involved,POINT (-122.433277828 37.713776188),Other Object
21845,1.0,Driver,East,Changing Lanes,Unknown,Unknown,Unknown,Hit Object,0,0,0,1,No Pedestrian Involved,POINT (-122.417609443 37.770407418),Fixed Object
21846,,Driver,West,Proceeding Straight,Driver,South,Proceeding Straight,Broadside,0,0,0,1,No Pedestrian Involved,POINT (-122.416449123 37.786310218),Other Motor Vehicle
21847,1.0,Pedestrian,West,Stopped,Driver,South,Slowing/Stopping,Vehicle/Pedestrian,1,0,0,1,Crossing Not in Crosswalk,POINT (-122.407772051 37.767943481),Pedestrian
21848,1.0,Driver,West,Proceeding Straight,Driver,West,Proceeding Straight,Sideswipe,0,0,0,1,No Pedestrian Involved,POINT (-122.503247112 37.7796339),Other Motor Vehicle
21849,1.0,Driver,South,Proceeding Straight,Driver,South,Stopped In Road,Rear End,0,0,0,1,No Pedestrian Involved,POINT (-122.411772072 37.77635357),Other Motor Vehicle
21850,1.0,Driver,North,Making Left Turn,Pedestrian,Not Stated,Not Stated,Vehicle/Pedestrian,1,0,0,1,Crossing in Crosswalk at Intersection,POINT (-122.463499698 37.71430078),Pedestrian
21851,1.0,Driver,East,Making Left Turn,Driver,East,Proceeding Straight,Sideswipe,0,0,0,1,No Pedestrian Involved,POINT (-122.463233169 37.766056721),Other Motor Vehicle
21852,1.0,Driver,West,Making Left Turn,Driver,West,Stopped In Road,Rear End,0,0,0,1,No Pedestrian Involved,POINT (-122.428354065 37.761289573),Other Motor Vehicle
21853,1.0,Driver,South,Proceeding Straight,Driver,South,Stopped In Road,Rear End,0,0,0,1,No Pedestrian Involved,POINT (-122.406828185 37.757545867),Other Motor Vehicle
21854,1.0,Driver,East,Entering Traffic,Driver,East,Proceeding Straight,Sideswipe,0,0,0,1,No Pedestrian Involved,POINT (-122.422098133 37.78654937),Other Motor Vehicle
21855,1.0,Driver,South,Changing Lanes,Driver,South,Slowing/Stopping,Broadside,0,0,0,1,No Pedestrian Involved,POINT (-122.422882713 37.776415818),Other Motor Vehicle
21856,1.0,Driver,West,Proceeding Straight,Driver,North,Proceeding Straight,Broadside,0,0,0,1,No Pedestrian Involved,POINT (-122.410764827 37.783214313),Other Motor Vehicle
21857,1.0,Driver,South,Proceeding Straight,Driver,South,Stopped In Road,Rear End,0,0,0,1,No Pedestrian Involved,POINT (-122.40205869 37.789400969),Other Motor Vehicle
21858,1.0,Driver,North,Making Left Turn,Driver,East,Proceeding Straight,Other,0,0,0,1,No Pedestrian Involved,POINT (-122.463503012 37.785130538),Non-Collision
21859,1.0,Driver,South,Proceeding Straight,Driver,South,Stopped In Road,Rear End,0,0,0,1,No Pedestrian Involved,POINT (-122.400670869 37.781633828),Other Motor Vehicle
21860,1.0,Driver,South,Proceeding Straight,Driver,North,Making Left Turn,Broadside,0,0,0,1,No Pedestrian Involved,POINT (-122.430609199 37.781645584),Other Motor Vehicle
21861,1.0,Driver,East,Making Left Turn,Unknown,Unknown,Unknown,Hit Object,0,0,0,1,No Pedestrian Involved,POINT (-122.385001539 37.733070821),Fixed Object
21862,1.0,Driver,South,Making Right Turn,Pedestrian,South,Not Stated,Vehicle/Pedestrian,1,0,0,1,Crossing in Crosswalk at Intersection,POINT (-122.445832101 37.782472679),Pedestrian
21863,1.0,Driver,East,Making Left Turn,Driver,South,Proceeding Straight,Broadside,0,0,0,1,No Pedestrian Involved,POINT (-122.422306466 37.769258498),Other Motor Vehicle
21864,1.0,Bicyclist,South,Stopped,Driver,South,Slowing/Stopping,Sideswipe,0,1,0,1,No Pedestrian Involved,POINT (-122.419981512 37.768273653),Bicycle
21865,1.0,Driver,West,Making Left Turn,Bicyclist,East,Proceeding Straight,Head-On,0,1,0,1,No Pedestrian Involved,POINT (-122.424852598 37.770747745),Bicycle
21866,1.0,Driver,North,Proceeding Straight,Driver,North,Slowing/Stopping,Rear End,0,0,0,1,No Pedestrian Involved,POINT (-122.459212628 37.724478031),Motor Vehicle on Other Roadway
21867,1.0,Driver,East,Proceeding Straight,Driver,East,Stopped In Road,Rear End,0,0,0,1,No Pedestrian Involved,POINT (-122.452832947 37.771150039),Other Motor Vehicle
21868,1.0,Driver,West,Ran Off Road,Unknown,Unknown,Unknown,Hit Object,0,0,0,1,No Pedestrian Involved,POINT (-122.416687943 37.780545297),Fixed Object
21869,1.0,Pedestrian,West,Other,Driver,North,Proceeding Straight,Vehicle/Pedestrian,1,0,0,1,Crossing Not in Crosswalk,POINT (-122.404816284 37.78140604),Pedestrian
21870,1.0,Driver,North,Making Left Turn,Driver,North,Proceeding Straight,Other,0,0,0,1,No Pedestrian Involved,POINT (-122.403829085 37.746015502),Non-Collision
21871,1.0,Driver,West,Proceeding Straight,Driver,North,Proceeding Straight,Rear End,0,0,0,1,No Pedestrian Involved,POINT (-122.405152675 37.749140155),Other Motor Vehicle
21872,1.0,Driver,North,Proceeding Straight,Driver,West,Proceeding Straight,Broadside,0,0,0,1,No Pedestrian Involved,POINT (-122.402571331 37.791898939),Other Motor Vehicle
21873,1.0,Driver,East,Proceeding Straight,Pedestrian,North,Proceeding Straight,Vehicle/Pedestrian,1,0,0,1,Crossing in Crosswalk at Intersection,POINT (-122.458172625 37.724321144),Pedestrian
21874,1.0,Driver,West,Proceeding Straight,Driver,West,Stopped In Road,Rear End,0,0,0,1,No Pedestrian Involved,POINT (-122.426056351 37.769636676),Other Motor Vehicle
21875,1.0,Driver,South,Making Right Turn,Driver,South,Stopped In Road,Rear End,0,0,0,1,No Pedestrian Involved,POINT (-122.420968887 37.783311335),Other Motor Vehicle
21876,1.0,Driver,West,Proceeding Straight,Driver,West,Stopped In Road,Rear End,0,0,0,1,No Pedestrian Involved,POINT (-122.430509821 37.790280696),Other Motor Vehicle
21877,1.0,Driver,West,Proceeding Straight,Pedestrian,North,Other,Vehicle/Pedestrian,1,0,0,1,"In Road, Including Shoulder",POINT (-122.492457317 37.742312513),Pedestrian
21878,1.0,Pedestrian,North,Parked,Driver,South,Backing,Vehicle/Pedestrian,1,0,0,1,"In Road, Including Shoulder",POINT (-122.469005866 37.782737054),Pedestrian
21879,1.0,Parked Vehicle,West,Other,Bicyclist,West,Proceeding Straight,Other,0,1,0,0,No Pedestrian Involved,POINT (-122.420054784 37.765028032),Bicycle
21880,,Driver,West,Making Left Turn,Driver,East,Proceeding Straight,Broadside,0,0,0,1,No Pedestrian Involved,POINT (-122.391840525 37.778125698),Other Motor Vehicle
21881,1.0,Pedestrian,North,Proceeding Straight,Driver,East,Making Left Turn,Vehicle/Pedestrian,1,0,0,1,Crossing Not in Crosswalk,POINT (-122.473439431 37.743148593),Pedestrian
21882,,Driver,North,Proceeding Straight,Driver,North,Stopped In Road,Rear End,0,0,0,1,No Pedestrian Involved,POINT (-122.413904904 37.771766545),Other Motor Vehicle
21883,1.0,Driver,East,Proceeding Straight,Driver,East,Stopped In Road,Rear End,0,0,0,1,No Pedestrian Involved,POINT (-122.395438086 37.749795939),Other Motor Vehicle
21884,,Bicyclist,North,Other,Unknown,Unknown,Unknown,Other,0,0,0,0,No Pedestrian Involved,POINT (-122.426006177 37.761596211),Non-Collision
21885,1.0,Bicyclist,West,Entering Traffic,Driver,North,Proceeding Straight,Broadside,0,1,0,1,No Pedestrian Involved,POINT (-122.417025815 37.760367023),Bicycle
21886,1.0,Driver,West,Backing,Driver,North,Slowing/Stopping,Broadside,0,0,0,1,No Pedestrian Involved,POINT (-122.46021321 37.719083812),Other Motor Vehicle
21887,1.0,Driver,West,Backing,Driver,East,Changing Lanes,Head-On,0,0,0,1,No Pedestrian Involved,POINT (-122.501826405 37.735297796),Other Motor Vehicle
21888,1.0,Driver,West,Proceeding Straight,Unknown,Unknown,Unknown,Hit Object,0,0,0,1,No Pedestrian Involved,POINT (-122.405030752 37.749103763),Fixed Object
21889,1.0,Driver,West,Proceeding Straight,Driver,West,Making Left Turn,Sideswipe,0,0,0,1,No Pedestrian Involved,POINT (-122.440921792 37.773635296),Other Motor Vehicle
21890,1.0,Driver,Not Stated,Proceeding Straight,Pedestrian,South,Proceeding Straight,Vehicle/Pedestrian,1,0,0,1,Crossing in Crosswalk at Intersection,POINT (-122.410833639 37.800239159),Pedestrian
21891,1.0,Driver,South,Proceeding Straight,Driver,South,Proceeding Straight,Rear End,0,0,0,1,No Pedestrian Involved,POINT (-122.402524097 37.776039321),Other Motor Vehicle
21892,1.0,Driver,West,Stopped In Road,Pedestrian,South,Proceeding Straight,Vehicle/Pedestrian,1,0,0,1,Crossing in Crosswalk at Intersection,POINT (-122.422364819 37.769867698),Pedestrian
21893,1.0,Bicyclist,West,Proceeding Straight,Driver,South,Proceeding Straight,Broadside,0,1,0,1,No Pedestrian Involved,POINT (-122.429127985 37.769456128),Bicycle
21894,1.0,Driver,South,Making Left Turn,Pedestrian,East,Proceeding Straight,Vehicle/Pedestrian,1,0,0,1,Crossing in Crosswalk at Intersection,POINT (-122.464042005 37.762268849),Pedestrian
21895,,Driver,West,Making Left Turn,Pedestrian,East,Proceeding Straight,Vehicle/Pedestrian,1,0,0,1,Crossing in Crosswalk at Intersection,POINT (-122.418465027 37.787966286),Pedestrian
21896,1.0,Driver,East,Making Left Turn,Bicyclist,West,Proceeding Straight,Broadside,0,1,0,1,No Pedestrian Involved,POINT (-122.410936574 37.779211686),Bicycle
21897,1.0,Driver,South,Proceeding Straight,Driver,North,Making Left Turn,Head-On,0,0,0,1,No Pedestrian Involved,POINT (-122.449198466 37.740829312),Other Motor Vehicle
21898,2.0,Driver,South,Proceeding Straight,Driver,South,Stopped In Road,Rear End,0,0,0,1,No Pedestrian Involved,POINT (-122.418611516 37.772836601),Other Motor Vehicle
21899,1.0,Driver,North,Parked,Driver,North,Proceeding Straight,Sideswipe,0,0,0,1,No Pedestrian Involved,POINT (-122.417316625 37.782271686),Other Motor Vehicle
21900,1.0,Driver,East,Making Left Turn,Driver,West,Proceeding Straight,Broadside,0,0,0,1,No Pedestrian Involved,POINT (-122.44647083 37.775801592),Other Motor Vehicle
21901,1.0,Pedestrian,North,Entering Traffic,Driver,East,Proceeding Straight,Vehicle/Pedestrian,1,0,0,1,Crossing Not in Crosswalk,POINT (-122.407347782 37.712547389),Pedestrian
21902,2.0,Driver,Not Stated,Not Stated,Bicyclist,East,Not Stated,Not Stated,0,0,0,1,No Pedestrian Involved,POINT (-122.402797991 37.780730347),Not Stated
21903,,Pedestrian,Not Stated,Not Stated,Unknown,Unknown,Unknown,Not Stated,1,0,0,0,Not Stated,POINT (-122.483423103 37.76141728),Not Stated
21904,1.0,Driver,South,Making Left Turn,Driver,North,Proceeding Straight,Head-On,0,0,0,1,No Pedestrian Involved,POINT (-122.446091727 37.773935371),Other Motor Vehicle
21905,1.0,Driver,South,Other,Unknown,Unknown,Unknown,Hit Object,0,0,0,1,No Pedestrian Involved,POINT (-122.417717547 37.770322453),Fixed Object
21906,2.0,Driver,South,Proceeding Straight,Driver,South,Proceeding Straight,Rear End,0,0,0,1,No Pedestrian Involved,POINT (-122.417753194 37.769815079),Other Motor Vehicle
21907,1.0,Driver,North,Proceeding Straight,Driver,West,Proceeding Straight,Broadside,0,0,0,1,No Pedestrian Involved,POINT (-122.49472055 37.738472871),Other Motor Vehicle
21908,1.0,Driver,East,Making Left Turn,Bicyclist,North,Proceeding Straight,Other,0,1,0,1,No Pedestrian Involved,POINT (-122.505405789 37.752964111),Bicycle
21909,1.0,Driver,South,Making U Turn,Bicyclist,North,Not Stated,Broadside,0,1,0,1,No Pedestrian Involved,POINT (-122.412610235 37.760062177),Bicycle
21910,1.0,Driver,South,Entering Traffic,Bicyclist,South,Proceeding Straight,Sideswipe,0,1,0,1,No Pedestrian Involved,POINT (-122.387883432 37.764031361),Bicycle
21911,1.0,Driver,North,Proceeding Straight,Driver,East,Proceeding Straight,Broadside,0,0,0,1,No Pedestrian Involved,POINT (-122.401589389 37.754570555),Other Motor Vehicle
21912,1.0,Pedestrian,West,Not Stated,Driver,West,Proceeding Straight,Vehicle/Pedestrian,1,0,0,1,"In Road, Including Shoulder",POINT (-122.445505947 37.787425011),Pedestrian
21913,1.0,Pedestrian,West,Proceeding Straight,Driver,South,Passing Other Vehicle,Vehicle/Pedestrian,1,0,0,1,Crossing in Crosswalk at Intersection,POINT (-122.399964376 37.793236557),Pedestrian
21914,1.0,Driver,North,Parking Maneuver,Pedestrian,Not Stated,Stopped In Road,Vehicle/Pedestrian,1,0,0,1,Not in Road,POINT (-122.417296573 37.807254991),Pedestrian
21915,1.0,Driver,South,Making Right Turn,Pedestrian,West,Proceeding Straight,Vehicle/Pedestrian,1,0,0,1,Crossing in Crosswalk at Intersection,POINT (-122.406479403 37.782731636),Pedestrian
21916,1.0,Driver,East,Changing Lanes,Unknown,Unknown,Unknown,Not Stated,0,0,0,1,No Pedestrian Involved,POINT (-122.428036082 37.800796209),Non-Collision
21917,,Driver,West,Making Right Turn,Driver,West,Making Left Turn,Sideswipe,0,0,0,1,No Pedestrian Involved,POINT (-122.476813892 37.759833936),Other Motor Vehicle
21918,1.0,Bicyclist,East,Proceeding Straight,Driver,East,Stopped In Road,Rear End,0,1,0,1,No Pedestrian Involved,POINT (-122.441971278 37.788822537),Bicycle
21919,,Driver,North,Making Left Turn,Bicyclist,Not Stated,Proceeding Straight,Broadside,0,1,0,1,No Pedestrian Involved,POINT (-122.41890131 37.781704787),Bicycle
21920,1.0,Driver,South,Proceeding Straight,Driver,East,Proceeding Straight,Broadside,0,0,0,1,No Pedestrian Involved,POINT (-122.412416426 37.765489809),Other Motor Vehicle
21921,1.0,Driver,East,Proceeding Straight,Driver,North,Proceeding Straight,Sideswipe,0,0,0,1,No Pedestrian Involved,POINT (-122.453406647 37.786417731),Other Motor Vehicle
21922,1.0,Driver,South,Proceeding Straight,Driver,South,Stopped,Rear End,0,0,0,1,No Pedestrian Involved,POINT (-122.498001637 37.731277833),Other Motor Vehicle
21923,,Driver,Not Stated,Not Stated,Driver,East,Not Stated,Not Stated,1,0,0,1,Not Stated,POINT (-122.41576151 37.799616465),Not Stated
21924,1.0,Driver,North,Making Left Turn,Driver,South,Proceeding Straight,Head-On,0,0,0,1,No Pedestrian Involved,POINT (-122.439297625 37.782450481),Other Motor Vehicle
21925,1.0,Driver,West,Making Left Turn,Driver,South,Not Stated,Broadside,0,0,0,1,No Pedestrian Involved,POINT (-122.424309369 37.743034755),Other Motor Vehicle
21926,1.0,Pedestrian,North,Proceeding Straight,Driver,East,Proceeding Straight,Vehicle/Pedestrian,1,0,0,1,Crossing Not in Crosswalk,POINT (-122.444128378 37.798866549),Pedestrian
21927,1.0,Driver,North,Proceeding Straight,Driver,East,Proceeding Straight,Broadside,0,0,0,1,No Pedestrian Involved,POINT (-122.463503012 37.785130538),Other Motor Vehicle
21928,1.0,Driver,East,Stopped In Road,Pedestrian,North,Proceeding Straight,Vehicle/Pedestrian,1,0,0,1,Crossing in Crosswalk at Intersection,POINT (-122.464293136 37.781025473),Pedestrian
21929,1.0,Driver,North,Making Right Turn,Bicyclist,West,Proceeding Straight,Broadside,0,1,0,1,No Pedestrian Involved,POINT (-122.434894836 37.769121904),Bicycle
21930,1.0,Driver,East,Making Left Turn,Driver,East,Proceeding Straight,Broadside,0,0,0,1,No Pedestrian Involved,POINT (-122.421372381 37.768189636),Other Motor Vehicle
21931,1.0,Driver,North,Making U Turn,Driver,North,Proceeding Straight,Broadside,0,0,0,1,No Pedestrian Involved,POINT (-122.447436207 37.784375055),Other Motor Vehicle
21932,,Driver,South,Proceeding Straight,Driver,East,Proceeding Straight,Broadside,0,0,0,1,No Pedestrian Involved,POINT (-122.432005499 37.721237256),Other Motor Vehicle
21933,1.0,Driver,West,Entering Traffic,Driver,West,Making Right Turn,Broadside,0,0,0,1,No Pedestrian Involved,POINT (-122.42458109 37.769734696),Other Motor Vehicle
21934,1.0,Driver,East,Proceeding Straight,Unknown,Unknown,Unknown,Overturned,0,0,0,1,No Pedestrian Involved,POINT (-122.397352416 37.739520341),Non-Collision
21935,1.0,Driver,East,Proceeding Straight,Parked Vehicle,East,Parked,Sideswipe,0,0,0,1,No Pedestrian Involved,POINT (-122.442705719 37.791433451),Other Motor Vehicle
21936,1.0,Driver,West,Proceeding Straight,Parked Vehicle,West,Parked,Broadside,0,0,0,1,No Pedestrian Involved,POINT (-122.441049113 37.761108377),Parked Motor Vehicle
21937,1.0,Driver,South,Making Right Turn,Driver,South,Proceeding Straight,Overturned,0,0,0,1,No Pedestrian Involved,POINT (-122.406452616 37.754276933),Other Motor Vehicle
21938,1.0,Driver,South,Making Right Turn,Bicyclist,South,Proceeding Straight,Sideswipe,0,1,0,1,No Pedestrian Involved,POINT (-122.413385239 37.769502005),Bicycle
21939,1.0,Driver,South,Changing Lanes,Driver,South,Proceeding Straight,Sideswipe,0,0,0,1,No Pedestrian Involved,POINT (-122.455277001 37.711543871),Other Motor Vehicle
21940,1.0,Driver,South,Making Right Turn,Bicyclist,South,Proceeding Straight,Sideswipe,0,1,0,1,No Pedestrian Involved,POINT (-122.405658784 37.806673632),Bicycle
21941,1.0,Driver,South,Making Left Turn,Driver,East,Proceeding Straight,Broadside,0,0,0,1,No Pedestrian Involved,POINT (-122.465883163 37.773398205),Other Motor Vehicle
21942,1.0,Driver,North,Proceeding Straight,Driver,North,Stopped In Road,Rear End,0,0,0,1,No Pedestrian Involved,POINT (-122.476794917 37.759809102),Other Motor Vehicle
21943,1.0,Driver,West,Making Left Turn,Bicyclist,East,Proceeding Straight,Vehicle/Pedestrian,1,1,0,1,No Pedestrian Involved,POINT (-122.445891876 37.772943719),Bicycle
21944,1.0,Driver,South,Changing Lanes,Driver,South,Proceeding Straight,Sideswipe,0,0,0,1,No Pedestrian Involved,POINT (-122.389910501 37.775048396),Other Motor Vehicle
21945,1.0,Driver,East,Proceeding Straight,Driver,East,Stopped In Road,Rear End,0,0,0,1,No Pedestrian Involved,POINT (-122.484056904 37.772575315),Other Motor Vehicle
21946,,Driver,South,Making Right Turn,Parked Vehicle,South,Parked,Sideswipe,0,0,0,1,No Pedestrian Involved,POINT (-122.388797363 37.736323242),Parked Motor Vehicle
21947,1.0,Driver,East,Proceeding Straight,Driver,East,Stopped In Road,Rear End,0,0,0,1,No Pedestrian Involved,POINT (-122.408669609 37.735775756),Other Motor Vehicle
21948,1.0,Driver,South,Backing,Pedestrian,North,Proceeding Straight,Vehicle/Pedestrian,1,0,0,1,Not in Road,POINT (-122.476079265 37.750217473),Pedestrian
21949,1.0,Pedestrian,East,Proceeding Straight,Driver,West,Making Left Turn,Other,1,0,0,1,No Pedestrian Involved,POINT (-122.401051293 37.798580054),Other Object
21950,1.0,Driver,South,Making Left Turn,Unknown,Unknown,Unknown,Broadside,0,0,0,1,No Pedestrian Involved,POINT (-122.392624536 37.729278454),Train
21951,1.0,Driver,West,Proceeding Straight,Pedestrian,South,Proceeding Straight,Vehicle/Pedestrian,1,0,0,1,Crossing Not in Crosswalk,POINT (-122.409245442 37.781398134),Pedestrian
21952,1.0,Driver,West,Proceeding Straight,Driver,South,Proceeding Straight,Broadside,0,0,0,1,No Pedestrian Involved,POINT (-122.423792965 37.797616582),Other Motor Vehicle
21953,1.0,Driver,North,Parked,Bicyclist,North,Proceeding Straight,Sideswipe,0,1,0,1,No Pedestrian Involved,POINT (-122.43575901 37.798420899),Bicycle
21954,1.0,Driver,South,Making Right Turn,Pedestrian,East,Proceeding Straight,Vehicle/Pedestrian,1,0,0,1,Crossing in Crosswalk at Intersection,POINT (-122.430049158 37.778846907),Pedestrian
21955,,Driver,South,Making Left Turn,Bicyclist,East,Proceeding Straight,Broadside,0,1,0,1,No Pedestrian Involved,POINT (-122.417077278 37.806141247),Bicycle
21956,,Driver,West,Changing Lanes,Driver,West,Proceeding Straight,Sideswipe,0,0,0,1,No Pedestrian Involved,POINT (-122.415908179 37.77527206),Other Motor Vehicle
21957,1.0,Pedestrian,West,Proceeding Straight,Driver,South,Proceeding Straight,Broadside,1,0,0,1,Crossing in Crosswalk at Intersection,POINT (-122.456510269 37.72399494),Pedestrian
21958,1.0,Driver,South,Proceeding Straight,Unknown,Unknown,Unknown,Hit Object,0,0,0,1,No Pedestrian Involved,POINT (-122.410527703 37.745903958),Fixed Object
21959,1.0,Driver,West,Proceeding Straight,Driver,West,Making Left Turn,Other,0,0,0,1,No Pedestrian Involved,POINT (-122.414107302 37.791416479),Other Motor Vehicle
21960,1.0,Driver,South,Making Left Turn,Driver,West,Proceeding Straight,Broadside,0,0,0,1,No Pedestrian Involved,POINT (-122.499196336 37.734311616),Motor Vehicle on Other Roadway
21961,1.0,Driver,South,Changing Lanes,Driver,South,Proceeding Straight,Rear End,0,0,0,1,No Pedestrian Involved,,Other Motor Vehicle
21962,1.0,Driver,West,Making Left Turn,Pedestrian,North,Proceeding Straight,Vehicle/Pedestrian,1,0,0,1,Crossing in Crosswalk at Intersection,POINT (-122.435485564 37.78869694),Pedestrian
21963,1.0,Driver,East,Proceeding Straight,Driver,South,Proceeding Straight,Broadside,0,0,0,1,No Pedestrian Involved,POINT (-122.455292643 37.770929472),Other Motor Vehicle
21964,1.0,Driver,South,Proceeding Straight,Other,South,Proceeding Straight,Broadside,0,0,0,1,No Pedestrian Involved,POINT (-122.40854638 37.788991109),Other Object
21965,1.0,Driver,South,Proceeding Straight,Driver,West,Proceeding Straight,Broadside,0,0,0,1,No Pedestrian Involved,POINT (-122.437989848 37.775925406),Other Motor Vehicle
21966,1.0,Driver,West,Stopped,Driver,West,Proceeding Straight,Rear End,0,0,0,1,No Pedestrian Involved,POINT (-122.408007204 37.76924401),Other Motor Vehicle
21967,,Bicyclist,East,Proceeding Straight,Unknown,Unknown,Unknown,Other,1,0,0,0,Not Stated,POINT (-122.401375491 37.789264322),Not Stated
21968,1.0,Driver,South,Making Left Turn,Pedestrian,East,Not Stated,Vehicle/Pedestrian,1,0,0,1,Crossing in Crosswalk at Intersection,POINT (-122.401051293 37.798580054),Pedestrian
21969,1.0,Driver,East,Proceeding Straight,Driver,East,Parking Maneuver,Hit Object,0,0,0,1,No Pedestrian Involved,POINT (-122.450843847 37.780622314),Other Object
21970,1.0,Driver,North,Other Unsafe Turning,Driver,South,Proceeding Straight,Broadside,0,0,0,1,No Pedestrian Involved,POINT (-122.424687041 37.785334622),Other Motor Vehicle
21971,1.0,Bicyclist,South,Proceeding Straight,Unknown,Unknown,Unknown,Overturned,0,0,0,0,No Pedestrian Involved,POINT (-122.4319981 37.752759882),Fixed Object
21972,1.0,Pedestrian,West,Other,Driver,North,Proceeding Straight,Vehicle/Pedestrian,1,0,0,1,Crossing Not in Crosswalk,POINT (-122.410527961 37.710066981),Pedestrian
21973,1.0,Driver,North,Making Left Turn,Bicyclist,South,Proceeding Straight,Broadside,0,1,0,1,No Pedestrian Involved,POINT (-122.422043812 37.766539576),Bicycle
21974,1.0,Driver,North,Other Unsafe Turning,Unknown,Unknown,Unknown,Hit Object,0,0,0,1,No Pedestrian Involved,POINT (-122.394206077 37.776037675),Fixed Object
21975,1.0,Driver,Not Stated,Other,Bicyclist,South,Proceeding Straight,Other,0,1,0,1,No Pedestrian Involved,POINT (-122.406665217 37.719214803),Bicycle
21976,1.0,Driver,South,Proceeding Straight,Unknown,Unknown,Unknown,Overturned,0,0,0,1,No Pedestrian Involved,POINT (-122.482919609 37.722250837),Fixed Object
21977,1.0,Pedestrian,South,Other,Driver,South,Slowing/Stopping,Vehicle/Pedestrian,1,0,0,1,Crossing Not in Crosswalk,POINT (-122.408535918 37.797220047),Pedestrian
21978,1.0,Driver,West,Proceeding Straight,Unknown,Unknown,Unknown,Overturned,0,0,0,1,No Pedestrian Involved,POINT (-122.427242361 37.750099066),Fixed Object
21979,1.0,Driver,North,Making Right Turn,Driver,North,Making Right Turn,Broadside,0,0,0,1,No Pedestrian Involved,POINT (-122.410730717 37.76817787),Other Motor Vehicle
21980,1.0,Driver,South,Entering Traffic,Pedestrian,North,Not Stated,Vehicle/Pedestrian,1,0,0,1,"In Road, Including Shoulder",POINT (-122.399075453 37.790958374),Pedestrian
21981,1.0,Driver,South,Proceeding Straight,Pedestrian,East,Not Stated,Vehicle/Pedestrian,1,0,0,1,Crossing Not in Crosswalk,POINT (-122.503298082 37.753568538),Pedestrian
21982,1.0,Driver,South,Other,Unknown,Unknown,Unknown,Hit Object,0,0,0,1,No Pedestrian Involved,,Fixed Object
21983,1.0,Pedestrian,South,Not Stated,Driver,East,Proceeding Straight,Vehicle/Pedestrian,1,0,0,1,Crossing Not in Crosswalk,POINT (-122.405287295 37.764616601),Pedestrian
21984,,Driver,East,Making Left Turn,Pedestrian,Not Stated,Proceeding Straight,Vehicle/Pedestrian,1,0,0,1,Crossing in Crosswalk at Intersection,POINT (-122.403139295 37.794666281),Pedestrian
21985,1.0,Driver,East,Proceeding Straight,Parked Vehicle,East,Proceeding Straight,Sideswipe,0,0,0,1,No Pedestrian Involved,POINT (-122.42433152 37.805200929),Parked Motor Vehicle
21986,1.0,Driver,South,Making Left Turn,Driver,West,Slowing/Stopping,Head-On,0,0,0,1,No Pedestrian Involved,POINT (-122.493469933 37.729596663),Other Motor Vehicle