party_id,party_at_fault,party1_type,party1_dir_of_travel,party1_move_pre_acc,party2_type,party2_dir_of_travel,party2_move_pre_acc,type_of_collision,involves_pedestrian,involves_bicycle,involves_motorcycle,involves_vehicle,ped_action,point,mviw
23530,1.0,Driver,South,Passing Other Vehicle,Driver,South,Making Left Turn,Broadside,0,0,0,1,No Pedestrian Involved,POINT (-122.382962002 37.734603206),Other Motor Vehicle
23531,1.0,Driver,South,Proceeding Straight,Parked Vehicle,South,Parked,Rear End,0,0,0,1,No Pedestrian Involved,POINT (-122.485136747 37.728700941),Other Motor Vehicle
23532,,Driver,East,Proceeding Straight,Driver,South,Proceeding Straight,Broadside,0,0,0,1,No Pedestrian Involved,POINT (-122.505135077 37.779799869),Other Motor Vehicle
23533,1.0,Driver,South,Making Left Turn,Driver,North,Proceeding Straight,Broadside,0,0,0,1,No Pedestrian Involved,POINT (-122.419206044 37.760235355),Other Motor Vehicle
23534,1.0,Driver,South,Making Left Turn,Driver,North,Proceeding Straight,Broadside,0,0,0,1,No Pedestrian Involved,POINT (-122.43742294 37.773133493),Motor Vehicle on Other Roadway
23535,1.0,Driver,West,Proceeding Straight,Driver,North,Making Left Turn,Broadside,0,0,0,1,No Pedestrian Involved,POINT (-122.413604168 37.80561848),Other Motor Vehicle
23536,1.0,Driver,North,Making Left Turn,Pedestrian,West,Proceeding Straight,Vehicle/Pedestrian,1,0,0,1,Crossing in Crosswalk at Intersection,POINT (-122.476764599 37.743002633),Pedestrian
23537,,Driver,East,Stopped In Road,Unknown,Unknown,Unknown,Other,0,0,0,1,No Pedestrian Involved,POINT (-122.414741222 37.778719429),Non-Collision
23538,1.0,Driver,South,Proceeding Straight,Bicyclist,South,Proceeding Straight,Rear End,0,1,0,1,No Pedestrian Involved,POINT (-122.401844145 37.782570648),Bicycle
23539,1.0,Driver,East,Proceeding Straight,Driver,East,Stopped In Road,Rear End,0,0,0,1,No Pedestrian Involved,POINT (-122.405362695 37.754342755),Other Motor Vehicle
23540,1.0,Driver,East,Backing,Driver,South,Proceeding Straight,Broadside,0,0,0,1,No Pedestrian Involved,POINT (-122.487286639 37.755224659),Other Motor Vehicle
23541,1.0,Pedestrian,West,Proceeding Straight,Driver,South,Other,Vehicle/Pedestrian,1,0,0,1,Crossing Not in Crosswalk,POINT (-122.441233453 37.716177105),Pedestrian
23542,1.0,Driver,East,Proceeding Straight,Driver,East,Stopped In Road,Rear End,0,0,0,1,No Pedestrian Involved,POINT (-122.422154945 37.780812367),Other Motor Vehicle
23543,1.0,Driver,West,Making Right Turn,Pedestrian,South,Entering Traffic,Vehicle/Pedestrian,1,0,0,1,Crossing in Crosswalk at Intersection,POINT (-122.417486596 37.765183135),Pedestrian
23544,1.0,Driver,North,Proceeding Straight,Driver,North,Proceeding Straight,Rear End,0,0,0,1,No Pedestrian Involved,POINT (-122.420436039 37.789336934),Other Motor Vehicle
23545,1.0,Driver,North,Making Right Turn,Driver,North,Making Right Turn,Sideswipe,0,0,0,1,No Pedestrian Involved,POINT (-122.459176584 37.78565151),Other Motor Vehicle
23546,1.0,Driver,West,Making Right Turn,Driver,North,Proceeding Straight,Sideswipe,0,0,0,1,No Pedestrian Involved,POINT (-122.476055248 37.763621182),Other Motor Vehicle
23547,1.0,Driver,North,Proceeding Straight,Unknown,Unknown,Unknown,Head-On,0,0,0,1,No Pedestrian Involved,POINT (-122.404605506 37.77769966),Fixed Object
23548,1.0,Driver,East,Changing Lanes,Driver,East,Entering Traffic,Rear End,0,0,0,1,No Pedestrian Involved,POINT (-122.421815315 37.804564905),Other Motor Vehicle
23549,1.0,Driver,North,Proceeding Straight,Driver,North,Stopped In Road,Rear End,0,0,0,1,No Pedestrian Involved,POINT (-122.418151092 37.803135399),Other Motor Vehicle
23550,,Driver,North,Entering Traffic,Bicyclist,East,Proceeding Straight,Broadside,0,1,0,1,No Pedestrian Involved,POINT (-122.47736283 37.766062487),Bicycle
23551,1.0,Pedestrian,East,Proceeding Straight,Driver,South,Stopped,Broadside,1,0,0,1,No Pedestrian Involved,POINT (-122.435372983 37.771479485),Other Object
23552,1.0,Driver,South,Proceeding Straight,Driver,East,Proceeding Straight,Vehicle/Pedestrian,1,0,0,1,Crossing in Crosswalk at Intersection,POINT (-122.394035066 37.776332976),Pedestrian
23553,1.0,Driver,West,Making Left Turn,Driver,East,Proceeding Straight,Broadside,0,0,0,1,No Pedestrian Involved,POINT (-122.461089544 37.766161081),Other Motor Vehicle
23554,1.0,Driver,North,Making Left Turn,Pedestrian,North,Proceeding Straight,Vehicle/Pedestrian,1,0,0,1,Crossing in Crosswalk at Intersection,POINT (-122.411139801 37.785074596),Pedestrian
23555,1.0,Parked Vehicle,Not Stated,Parked,Bicyclist,South,Proceeding Straight,Sideswipe,0,1,0,0,No Pedestrian Involved,POINT (-122.506320048 37.737068305),Bicycle
23556,1.0,Bicyclist,West,Other Unsafe Turning,Driver,South,Proceeding Straight,Broadside,0,1,0,1,No Pedestrian Involved,POINT (-122.418226582 37.778489117),Bicycle
23557,1.0,Driver,South,Making Left Turn,Pedestrian,East,Proceeding Straight,Vehicle/Pedestrian,1,0,0,1,Crossing in Crosswalk at Intersection,POINT (-122.472056885 37.726824049),Pedestrian
23558,1.0,Driver,East,Stopped In Road,Bicyclist,East,Proceeding Straight,Sideswipe,0,1,0,1,No Pedestrian Involved,POINT (-122.414935626 37.778505548),Bicycle
23559,1.0,Driver,South,Making Left Turn,Pedestrian,South,Proceeding Straight,Vehicle/Pedestrian,1,0,0,1,Crossing in Crosswalk at Intersection,POINT (-122.48953948 37.772325474),Pedestrian
23560,1.0,Driver,East,Proceeding Straight,Driver,East,Stopped In Road,Rear End,0,0,0,1,No Pedestrian Involved,POINT (-122.409129909 37.752795584),Other Motor Vehicle
23561,1.0,Driver,North,Backing,Pedestrian,East,Stopped,Vehicle/Pedestrian,1,0,0,1,Crossing in Crosswalk at Intersection,POINT (-122.409245442 37.781398134),Pedestrian
23562,1.0,Driver,South,Making Left Turn,Driver,North,Proceeding Straight,Head-On,0,0,0,1,No Pedestrian Involved,POINT (-122.447517982 37.781069511),Other Motor Vehicle
23563,1.0,Driver,East,Making Right Turn,Bicyclist,East,Proceeding Straight,Sideswipe,0,1,0,1,No Pedestrian Involved,POINT (-122.423412714 37.771864181),Bicycle
23564,,Driver,East,Slowing/Stopping,Pedestrian,South,Proceeding Straight,Vehicle/Pedestrian,1,0,0,1,Crossing in Crosswalk at Intersection,POINT (-122.432941657 37.727191946),Pedestrian
23565,1.0,Driver,East,Proceeding Straight,Pedestrian,North,Proceeding Straight,Vehicle/Pedestrian,1,0,0,1,Crossing in Crosswalk at Intersection,POINT (-122.421617329 37.708743054),Pedestrian
23566,,Driver,East,Proceeding Straight,Bicyclist,East,Proceeding Straight,Sideswipe,0,1,0,1,No Pedestrian Involved,POINT (-122.415383523 37.778150306),Bicycle
23567,1.0,Driver,West,Proceeding Straight,Parked Vehicle,Not Stated,Parked,Rear End,0,0,0,1,No Pedestrian Involved,POINT (-122.411287595 37.729616363),Parked Motor Vehicle
23568,1.0,Driver,South,Making Left Turn,Pedestrian,West,Proceeding Straight,Vehicle/Pedestrian,1,0,0,1,Crossing in Crosswalk at Intersection,POINT (-122.415315615 37.780719177),Pedestrian
23569,1.0,Driver,East,Parking Maneuver,Pedestrian,West,Stopped In Road,Vehicle/Pedestrian,1,0,0,1,Not in Road,POINT (-122.408014309 37.794046174),Pedestrian
23570,1.0,Driver,North,Parking Maneuver,Bicyclist,North,Proceeding Straight,Sideswipe,0,1,0,1,No Pedestrian Involved,POINT (-122.403167937 37.780089886),Bicycle
23571,1.0,Driver,North,Proceeding Straight,Driver,West,Proceeding Straight,Broadside,0,0,0,1,No Pedestrian Involved,POINT (-122.471652115 37.719640203),Motor Vehicle on Other Roadway
23572,1.0,Driver,South,Entering Traffic,Driver,West,Proceeding Straight,Broadside,0,0,0,1,No Pedestrian Involved,POINT (-122.408593962 37.765719611),Other Motor Vehicle
23573,1.0,Driver,North,Proceeding Straight,Driver,North,Slowing/Stopping,Rear End,0,0,0,1,No Pedestrian Involved,POINT (-122.43057462 37.78161482),Other Motor Vehicle
23574,1.0,Driver,West,Proceeding Straight,Driver,West,Proceeding Straight,Rear End,0,0,0,1,No Pedestrian Involved,POINT (-122.418965756 37.732208479),Other Motor Vehicle
23575,1.0,Pedestrian,North,Proceeding Straight,Bicyclist,East,Proceeding Straight,Vehicle/Pedestrian,1,0,0,0,Crossing Not in Crosswalk,POINT (-122.408880198 37.78340429),Pedestrian
23576,1.0,Driver,West,Making Left Turn,Bicyclist,East,Proceeding Straight,Broadside,0,1,0,1,No Pedestrian Involved,POINT (-122.417226194 37.80516965),Bicycle
23577,1.0,Driver,South,Making Right Turn,Driver,East,Proceeding Straight,Broadside,0,0,0,1,No Pedestrian Involved,POINT (-122.453528282 37.771056191),Other Motor Vehicle
23578,1.0,Driver,East,Backing,Driver,South,Proceeding Straight,Broadside,0,0,0,1,No Pedestrian Involved,POINT (-122.475933724 37.730447966),Other Motor Vehicle
23579,1.0,Driver,North,Proceeding Straight,Parked Vehicle,Not Stated,Not Stated,Head-On,0,0,0,1,No Pedestrian Involved,POINT (-122.42358024 37.739883705),Parked Motor Vehicle
23580,1.0,Driver,North,Entering Traffic,Pedestrian,Not Stated,Other,Vehicle/Pedestrian,1,0,0,1,"In Road, Including Shoulder",POINT (-122.435151008 37.762469144),Pedestrian
23581,1.0,Bicyclist,South,Traveling Wrong Way,Driver,West,Not Stated,Broadside,1,1,0,1,Crossing Not in Crosswalk,POINT (-122.418121551 37.786096821),Bicycle
23582,1.0,Driver,South,Entering Traffic,Driver,East,Proceeding Straight,Broadside,0,0,0,1,No Pedestrian Involved,POINT (-122.476947114 37.732650988),Other Motor Vehicle
23583,1.0,Driver,North,Making Left Turn,Driver,South,Proceeding Straight,Broadside,0,0,0,1,No Pedestrian Involved,POINT (-122.419425408 37.801062214),Other Motor Vehicle
23584,1.0,Driver,West,Making Left Turn,Driver,East,Proceeding Straight,Not Stated,0,0,0,1,No Pedestrian Involved,POINT (-122.451119861 37.781984116),Other Motor Vehicle
23585,1.0,Driver,East,Proceeding Straight,Driver,East,Stopped In Road,Rear End,0,0,0,1,No Pedestrian Involved,POINT (-122.421371859 37.788563206),Other Motor Vehicle
23586,3.0,Driver,South,Proceeding Straight,Driver,South,Stopped In Road,Rear End,0,0,0,1,No Pedestrian Involved,POINT (-122.419103546 37.772116469),Other Motor Vehicle
23587,1.0,Bicyclist,North,Proceeding Straight,Unknown,Unknown,Unknown,Overturned,0,0,0,0,No Pedestrian Involved,POINT (-122.447365266 37.780150376),Non-Collision
23588,1.0,Driver,North,Making Left Turn,Driver,South,Proceeding Straight,Head-On,0,0,0,1,No Pedestrian Involved,POINT (-122.438552277 37.778724108),Other Motor Vehicle
23589,1.0,Pedestrian,East,Proceeding Straight,Driver,South,Making Left Turn,Vehicle/Pedestrian,1,0,0,1,Crossing Not in Crosswalk,POINT (-122.448566172 37.769735454),Pedestrian
23590,1.0,Parked Vehicle,North,Parked,Bicyclist,North,Proceeding Straight,Other,0,1,0,0,No Pedestrian Involved,POINT (-122.436468165 37.722465218),Bicycle
23591,1.0,Driver,East,Proceeding Straight,Driver,East,Stopped,Rear End,0,0,0,1,No Pedestrian Involved,POINT (-122.431025471 37.765867986),Other Motor Vehicle
23592,1.0,Driver,North,Proceeding Straight,Driver,East,Proceeding Straight,Broadside,0,0,0,1,No Pedestrian Involved,POINT (-122.491823755 37.774093954),Other Motor Vehicle
23593,1.0,Driver,West,Making Left Turn,Pedestrian,North,Proceeding Straight,Vehicle/Pedestrian,1,0,0,1,Crossing in Crosswalk at Intersection,POINT (-122.395174959 37.789215703),Pedestrian
23594,1.0,Driver,East,Making Left Turn,Pedestrian,North,Other,Vehicle/Pedestrian,1,0,0,1,Crossing in Crosswalk at Intersection,POINT (-122.414996655 37.770896108),Pedestrian
23595,1.0,Driver,West,Proceeding Straight,Driver,North,Proceeding Straight,Broadside,0,0,0,1,No Pedestrian Involved,POINT (-122.487736175 37.746259607),Other Motor Vehicle
23596,1.0,Driver,West,Parking Maneuver,Parked Vehicle,West,Parked,Rear End,0,0,0,1,No Pedestrian Involved,POINT (-122.405251413 37.795292435),Parked Motor Vehicle
23597,1.0,Driver,West,Other,Bicyclist,West,Proceeding Straight,Sideswipe,0,1,0,1,No Pedestrian Involved,POINT (-122.420121969 37.748070305),Bicycle
23598,1.0,Driver,West,Proceeding Straight,Driver,West,Proceeding Straight,Rear End,0,0,0,1,No Pedestrian Involved,POINT (-122.42432465 37.775753962),Other Motor Vehicle
23599,1.0,Driver,South,Making Right Turn,Driver,South,Making Right Turn,Sideswipe,0,0,0,1,No Pedestrian Involved,POINT (-122.419255606 37.775147074),Other Motor Vehicle
23600,1.0,Driver,East,Proceeding Straight,Driver,North,Proceeding Straight,Broadside,0,0,0,1,No Pedestrian Involved,POINT (-122.419359267 37.761835855),Other Motor Vehicle
23601,1.0,Driver,East,Making Right Turn,Pedestrian,West,Proceeding Straight,Vehicle/Pedestrian,1,0,0,1,Crossing in Crosswalk at Intersection,POINT (-122.471891749 37.712798947),Pedestrian
23602,1.0,Driver,South,Making Right Turn,Pedestrian,West,Not Stated,Vehicle/Pedestrian,1,0,0,1,Crossing in Crosswalk at Intersection,POINT (-122.402209197 37.728101973),Pedestrian
23603,1.0,Driver,West,Proceeding Straight,Unknown,Unknown,Unknown,Hit Object,0,0,0,1,No Pedestrian Involved,POINT (-122.447542078 37.772784692),Fixed Object
23604,1.0,Driver,South,Proceeding Straight,Driver,South,Proceeding Straight,Rear End,0,0,0,1,No Pedestrian Involved,POINT (-122.420763598 37.782181597),Other Motor Vehicle
23605,1.0,Driver,North,Proceeding Straight,Driver,East,Proceeding Straight,Broadside,0,0,0,1,No Pedestrian Involved,POINT (-122.406667931 37.797864613),Other Motor Vehicle
23606,1.0,Driver,North,Proceeding Straight,Driver,North,Slowing/Stopping,Rear End,0,0,0,1,No Pedestrian Involved,POINT (-122.472576123 37.717157845),Other Motor Vehicle
23607,,Bicyclist,East,Proceeding Straight,Driver,North,Making Right Turn,Broadside,0,1,0,1,No Pedestrian Involved,POINT (-122.419883231 37.778251017),Bicycle
23608,1.0,Driver,South,Proceeding Straight,Driver,East,Proceeding Straight,Broadside,0,0,0,1,No Pedestrian Involved,POINT (-122.397696678 37.731434536),Other Motor Vehicle
23609,1.0,Pedestrian,East,Not Stated,Driver,South,Proceeding Straight,Vehicle/Pedestrian,1,0,0,1,Crossing Not in Crosswalk,POINT (-122.420919722 37.783068157),Pedestrian
23610,1.0,Driver,South,Proceeding Straight,Driver,South,Slowing/Stopping,Rear End,0,0,0,1,No Pedestrian Involved,POINT (-122.494994869 37.749715209),Other Motor Vehicle
23611,1.0,Driver,East,Making U Turn,Driver,North,Proceeding Straight,Head-On,0,0,0,1,No Pedestrian Involved,POINT (-122.422694163 37.792174644),Other Motor Vehicle
23612,1.0,Bicyclist,South,Traveling Wrong Way,Driver,West,Making Right Turn,Broadside,0,1,0,1,No Pedestrian Involved,POINT (-122.410244114 37.763029333),Bicycle
23613,1.0,Driver,East,Entering Traffic,Driver,East,Proceeding Straight,Sideswipe,0,0,0,1,No Pedestrian Involved,POINT (-122.442846092 37.79997798),Other Motor Vehicle
23614,1.0,Driver,East,Proceeding Straight,Driver,West,Proceeding Straight,Head-On,0,0,0,1,No Pedestrian Involved,POINT (-122.392624536 37.729278454),Other Motor Vehicle
23615,1.0,Driver,North,Backing,Pedestrian,East,Proceeding Straight,Vehicle/Pedestrian,1,0,0,1,Crossing in Crosswalk at Intersection,POINT (-122.469627031 37.780768739),Pedestrian
23616,1.0,Driver,South,Proceeding Straight,Driver,West,Proceeding Straight,Broadside,0,0,0,1,No Pedestrian Involved,POINT (-122.4172048 37.790045141),Other Motor Vehicle
23617,1.0,Driver,South,Ran Off Road,Parked Vehicle,Not Stated,Parked,Sideswipe,0,0,0,1,No Pedestrian Involved,POINT (-122.513615146 37.778663484),Parked Motor Vehicle
23618,,Bicyclist,South,Proceeding Straight,Driver,East,Proceeding Straight,Other,0,1,0,1,No Pedestrian Involved,POINT (-122.438926755 37.780588487),Bicycle
23619,1.0,Driver,West,Proceeding Straight,Bicyclist,West,Proceeding Straight,Rear End,0,1,0,1,No Pedestrian Involved,POINT (-122.418513728 37.752235266),Bicycle
23620,1.0,Driver,West,Making Left Turn,Bicyclist,East,Proceeding Straight,Broadside,0,1,0,1,No Pedestrian Involved,POINT (-122.426228479 37.76303087),Bicycle
23621,1.0,Driver,South,Making Right Turn,Pedestrian,Not Stated,Other,Vehicle/Pedestrian,1,0,0,1,Crossing in Crosswalk at Intersection,POINT (-122.395175671 37.784299126),Pedestrian
23622,1.0,Driver,North,Stopped In Road,Other,North,Proceeding Straight,Rear End,0,0,0,1,No Pedestrian Involved,POINT (-122.420139032 37.804599762),Train
23623,,Driver,Not Stated,Proceeding Straight,Driver,South,Stopped In Road,Rear End,0,0,0,1,No Pedestrian Involved,POINT (-122.450852984 37.745825832),Other Motor Vehicle
23624,1.0,Driver,South,Proceeding Straight,Driver,West,Proceeding Straight,Broadside,0,0,0,1,No Pedestrian Involved,POINT (-122.439276798 37.77384712),Other Motor Vehicle
23625,1.0,Driver,North,Proceeding Straight,Driver,North,Proceeding Straight,Rear End,0,0,0,1,No Pedestrian Involved,POINT (-122.472585695 37.71719794),Other Motor Vehicle
23626,1.0,Driver,North,Proceeding Straight,Parked Vehicle,Not Stated,Not Stated,Sideswipe,0,0,0,1,No Pedestrian Involved,POINT (-122.475221952 37.721057296),Parked Motor Vehicle
23627,1.0,Driver,West,Making Left Turn,Pedestrian,Not Stated,Not Stated,Vehicle/Pedestrian,1,0,0,1,Crossing in Crosswalk at Intersection,POINT (-122.445205138 37.786464322),Pedestrian
23628,1.0,Driver,South,Proceeding Straight,Pedestrian,West,Proceeding Straight,Vehicle/Pedestrian,1,0,0,1,Crossing in Crosswalk at Intersection,POINT (-122.448013161 37.767006681),Pedestrian
23629,1.0,Driver,South,Parked,Unknown,Unknown,Unknown,Hit Object,0,0,0,1,No Pedestrian Involved,POINT (-122.396700696 37.75307026),Fixed Object
23630,1.0,Driver,South,Proceeding Straight,Driver,East,Making Right Turn,Broadside,0,0,0,1,No Pedestrian Involved,POINT (-122.38657461 37.75032466),Other Motor Vehicle
23631,1.0,Driver,East,Making Left Turn,Driver,South,Proceeding Straight,Broadside,0,0,0,1,No Pedestrian Involved,POINT (-122.501726077 37.746466655),Other Motor Vehicle
23632,1.0,Driver,East,Making Right Turn,Bicyclist,East,Proceeding Straight,Sideswipe,0,1,0,1,No Pedestrian Involved,POINT (-122.416362389 37.768492195),Bicycle
23633,,Driver,West,Proceeding Straight,Unknown,Unknown,Unknown,Hit Object,0,0,0,1,No Pedestrian Involved,POINT (-122.410283309 37.782261892),Non-Collision
23634,1.0,Driver,West,Proceeding Straight,Pedestrian,South,Other,Vehicle/Pedestrian,1,0,0,1,"In Road, Including Shoulder",POINT (-122.41435003 37.776515643),Pedestrian
23635,1.0,Bicyclist,West,Proceeding Straight,Bicyclist,East,Proceeding Straight,Hit Object,0,1,0,0,No Pedestrian Involved,POINT (-122.466310621 37.764036989),Bicycle
23636,1.0,Driver,East,Making Right Turn,Bicyclist,East,Proceeding Straight,Sideswipe,0,1,0,1,No Pedestrian Involved,POINT (-122.424423156 37.768005734),Bicycle
23637,1.0,Driver,South,Proceeding Straight,Driver,South,Stopped In Road,Rear End,0,0,0,1,No Pedestrian Involved,POINT (-122.474934468 37.731205003),Other Motor Vehicle
23638,,Driver,West,Proceeding Straight,Driver,North,Proceeding Straight,Broadside,0,0,0,1,No Pedestrian Involved,POINT (-122.404593827 37.727374301),Other Motor Vehicle
23639,1.0,Driver,West,Making Right Turn,Driver,West,Proceeding Straight,Broadside,0,0,0,1,No Pedestrian Involved,POINT (-122.471070759 37.735106507),Other Motor Vehicle
23640,1.0,Driver,East,Proceeding Straight,Driver,South,Proceeding Straight,Broadside,0,0,0,1,No Pedestrian Involved,POINT (-122.456061425 37.71407676),Other Motor Vehicle
23641,1.0,Driver,North,Backing,Pedestrian,South,Proceeding Straight,Vehicle/Pedestrian,1,0,0,1,Crossing in Crosswalk at Intersection,POINT (-122.480420474 37.780267104),Pedestrian
23642,,Driver,North,Not Stated,Bicyclist,North,Not Stated,Not Stated,1,0,0,1,Not Stated,POINT (-122.404935277 37.80608227),Not Stated
23643,1.0,Pedestrian,West,Proceeding Straight,Driver,North,Making Right Turn,Sideswipe,1,0,0,1,Crossing in Crosswalk at Intersection,POINT (-122.463781528 37.758538181),Pedestrian
23644,1.0,Driver,West,Proceeding Straight,Driver,West,Proceeding Straight,Rear End,0,0,0,1,No Pedestrian Involved,POINT (-122.428436337 37.768002496),Other Motor Vehicle
23645,1.0,Driver,South,Proceeding Straight,Driver,South,Stopped In Road,Rear End,0,0,0,1,No Pedestrian Involved,POINT (-122.450642658 37.744280059),Other Motor Vehicle
23646,1.0,Pedestrian,North,Proceeding Straight,Driver,West,Passing Other Vehicle,Vehicle/Pedestrian,1,0,0,1,Crossing in Crosswalk at Intersection,POINT (-122.413172703 37.777445563),Pedestrian
23647,1.0,Driver,East,Making Right Turn,Pedestrian,North,Proceeding Straight,Sideswipe,1,0,0,1,Crossing in Crosswalk at Intersection,POINT (-122.403537293 37.748118111),Pedestrian
23648,1.0,Driver,South,Proceeding Straight,Parked Vehicle,South,Parked,Rear End,0,0,0,1,No Pedestrian Involved,POINT (-122.389200084 37.723317752),Other Motor Vehicle
23649,,Other,Not Stated,Not Stated,Driver,North,Proceeding Straight,Hit Object,0,0,0,1,No Pedestrian Involved,POINT (-122.406235684 37.75190418),Other Object
23650,1.0,Driver,West,Proceeding Straight,Driver,West,Stopped In Road,Rear End,0,0,0,1,No Pedestrian Involved,POINT (-122.431115291 37.800469218),Other Motor Vehicle
23651,1.0,Driver,South,Proceeding Straight,Pedestrian,West,Not Stated,Vehicle/Pedestrian,1,0,0,1,Crossing Not in Crosswalk,POINT (-122.400297759 37.777799011),Pedestrian
23652,1.0,Driver,West,Merging,Driver,West,Proceeding Straight,Sideswipe,0,0,0,1,No Pedestrian Involved,POINT (-122.482141687 37.771958919),Other Motor Vehicle
23653,1.0,Driver,South,Proceeding Straight,Driver,West,Proceeding Straight,Broadside,0,0,0,1,No Pedestrian Involved,POINT (-122.472312256 37.780655828),Other Motor Vehicle
23654,1.0,Driver,North,Parking Maneuver,Pedestrian,North,Other,Vehicle/Pedestrian,1,0,0,1,"In Road, Including Shoulder",POINT (-122.435087444 37.761832769),Pedestrian
23655,1.0,Driver,North,Making Left Turn,Bicyclist,South,Proceeding Straight,Broadside,0,1,0,1,No Pedestrian Involved,POINT (-122.423800671 37.761565673),Bicycle
23656,1.0,Driver,East,Making Left Turn,Pedestrian,Not Stated,Proceeding Straight,Vehicle/Pedestrian,1,0,0,1,Crossing in Crosswalk at Intersection,POINT (-122.409666466 37.781775839),Pedestrian
23657,1.0,Driver,North,Proceeding Straight,Driver,North,Making Right Turn,Sideswipe,0,0,0,1,No Pedestrian Involved,POINT (-122.422838086 37.78454661),Other Motor Vehicle
23658,1.0,Driver,West,Proceeding Straight,Driver,West,Stopped In Road,Rear End,0,0,0,1,No Pedestrian Involved,POINT (-122.402708154 37.783259236),Other Motor Vehicle
23659,1.0,Driver,North,Traveling Wrong Way,Driver,East,Proceeding Straight,Broadside,0,0,0,1,No Pedestrian Involved,POINT (-122.42458109 37.769734696),Other Motor Vehicle
23660,1.0,Driver,North,Making Left Turn,Driver,West,Proceeding Straight,Broadside,0,0,0,1,No Pedestrian Involved,POINT (-122.436046174 37.799842953),Other Motor Vehicle
23661,1.0,Driver,East,Proceeding Straight,Driver,North,Making Left Turn,Broadside,0,0,0,1,No Pedestrian Involved,POINT (-122.414918963 37.748230731),Other Motor Vehicle
23662,1.0,Driver,South,Changing Lanes,Driver,Not Stated,Parked,Sideswipe,0,0,0,1,No Pedestrian Involved,POINT (-122.409381878 37.793065557),Parked Motor Vehicle
23663,1.0,Driver,North,Proceeding Straight,Driver,North,Stopped In Road,Rear End,0,0,0,1,No Pedestrian Involved,POINT (-122.475196086 37.721036235),Other Motor Vehicle
23664,1.0,Pedestrian,South,Not Stated,Driver,East,Parking Maneuver,Vehicle/Pedestrian,1,0,0,1,"In Road, Including Shoulder",POINT (-122.392665347 37.745375795),Pedestrian
23665,1.0,Driver,South,Proceeding Straight,Unknown,Unknown,Unknown,Hit Object,0,0,0,1,No Pedestrian Involved,POINT (-122.418611516 37.772836601),Fixed Object
23666,1.0,Driver,South,Making Left Turn,Pedestrian,West,Not Stated,Vehicle/Pedestrian,1,0,0,1,Crossing in Crosswalk at Intersection,POINT (-122.418901029 37.757035402),Pedestrian
23667,1.0,Driver,South,Making Left Turn,Driver,South,Proceeding Straight,Sideswipe,0,0,0,1,No Pedestrian Involved,POINT (-122.476051408 37.763566314),Other Motor Vehicle
23668,1.0,Driver,North,Proceeding Straight,Driver,South,Parking Maneuver,Broadside,0,0,0,1,No Pedestrian Involved,POINT (-122.441393755 37.781505853),Other Motor Vehicle
23669,1.0,Driver,East,Making Left Turn,Driver,West,Proceeding Straight,Head-On,0,0,0,1,No Pedestrian Involved,POINT (-122.39562276 37.722431604),Other Motor Vehicle
23670,1.0,Driver,Not Stated,Proceeding Straight,Pedestrian,South,Stopped In Road,Vehicle/Pedestrian,1,0,0,1,Crossing in Crosswalk at Intersection,POINT (-122.419981512 37.768273653),Pedestrian
23671,1.0,Bicyclist,East,Proceeding Straight,Unknown,Unknown,Unknown,Not Stated,0,0,0,0,No Pedestrian Involved,POINT (-122.403621047 37.787429281),Other Object
23672,1.0,Driver,West,Changing Lanes,Driver,West,Proceeding Straight,Sideswipe,0,0,0,1,No Pedestrian Involved,POINT (-122.410499375 37.78898369),Other Motor Vehicle
23673,1.0,Driver,South,Proceeding Straight,Driver,East,Proceeding Straight,Broadside,0,0,0,1,No Pedestrian Involved,POINT (-122.45584313 37.779941488),Other Motor Vehicle
23674,1.0,Driver,North,Proceeding Straight,Driver,North,Proceeding Straight,Rear End,0,0,0,1,No Pedestrian Involved,POINT (-122.411808331 37.805107743),Other Motor Vehicle
23675,1.0,Driver,South,Proceeding Straight,Driver,West,Making Left Turn,Head-On,0,0,0,1,No Pedestrian Involved,POINT (-122.503040637 37.72525955),Other Motor Vehicle
23676,1.0,Driver,South,Making Left Turn,Pedestrian,East,Proceeding Straight,Vehicle/Pedestrian,1,0,0,1,Crossing in Crosswalk at Intersection,POINT (-122.437798747 37.774991948),Pedestrian
23677,1.0,Pedestrian,North,Not Stated,Driver,East,Proceeding Straight,Vehicle/Pedestrian,1,0,0,1,Crossing Not in Crosswalk,POINT (-122.416983366 37.777002869),Pedestrian
23678,1.0,Driver,North,Proceeding Straight,Driver,East,Proceeding Straight,Broadside,0,0,0,1,No Pedestrian Involved,POINT (-122.415290835 37.713504275),Other Motor Vehicle
23679,1.0,Driver,South,Proceeding Straight,Bicyclist,South,Proceeding Straight,Rear End,0,1,0,1,No Pedestrian Involved,POINT (-122.415531982 37.767674194),Bicycle
23680,1.0,Pedestrian,South,Proceeding Straight,Driver,East,Making Right Turn,Vehicle/Pedestrian,1,0,0,1,Not Stated,POINT (-122.429978026 37.718147559),Pedestrian
23681,1.0,Driver,South,Making Left Turn,Pedestrian,East,Not Stated,Vehicle/Pedestrian,1,0,0,1,Crossing in Crosswalk at Intersection,POINT (-122.484459504 37.776286269),Pedestrian
23682,1.0,Driver,East,Proceeding Straight,Driver,South,Proceeding Straight,Sideswipe,0,0,0,1,No Pedestrian Involved,POINT (-122.412824227 37.77281216),Other Motor Vehicle