party_id,party_at_fault,party1_type,party1_dir_of_travel,party1_move_pre_acc,party2_type,party2_dir_of_travel,party2_move_pre_acc,type_of_collision,involves_pedestrian,involves_bicycle,involves_motorcycle,involves_vehicle,ped_action,point,mviw
24147,1.0,Driver,East,Proceeding Straight,Driver,East,Slowing/Stopping,Rear End,0,0,0,1,No Pedestrian Involved,POINT (-122.40500937 37.720508681),Other Motor Vehicle
24148,1.0,Driver,West,Proceeding Straight,Driver,West,Stopped In Road,Rear End,0,0,0,1,No Pedestrian Involved,POINT (-122.403130965 37.80510466),Other Motor Vehicle
24149,1.0,Driver,North,Making Left Turn,Driver,West,Proceeding Straight,Broadside,0,0,0,1,No Pedestrian Involved,POINT (-122.428665129 37.764507613),Other Motor Vehicle
24150,1.0,Driver,West,Proceeding Straight,Parked Vehicle,Not Stated,Parked,Sideswipe,0,0,0,1,No Pedestrian Involved,POINT (-122.418284622 37.74669437),Parked Motor Vehicle
24151,2.0,Driver,North,Stopped,Driver,North,Passing Other Vehicle,Sideswipe,0,0,0,1,No Pedestrian Involved,POINT (-122.481350516 37.747119504),Other Motor Vehicle
24152,1.0,Driver,West,Making Left Turn,Pedestrian,East,Proceeding Straight,Vehicle/Pedestrian,1,0,0,1,Crossing in Crosswalk at Intersection,POINT (-122.406492101 37.754552658),Pedestrian
24153,,Pedestrian,East,Proceeding Straight,Driver,East,Making Left Turn,Vehicle/Pedestrian,1,0,0,1,Crossing in Crosswalk at Intersection,POINT (-122.437439121 37.723716463),Pedestrian
24154,1.0,Driver,West,Proceeding Straight,Pedestrian,South,Proceeding Straight,Vehicle/Pedestrian,1,0,0,1,Crossing in Crosswalk at Intersection,POINT (-122.417695794 37.7841788),Pedestrian
24155,1.0,Driver,West,Making Left Turn,Driver,East,Proceeding Straight,Head-On,0,0,0,1,No Pedestrian Involved,POINT (-122.417391335 37.790973192),Other Motor Vehicle
24156,1.0,Driver,South,Proceeding Straight,Pedestrian,West,Not Stated,Vehicle/Pedestrian,1,0,0,1,Crossing in Crosswalk at Intersection,POINT (-122.404036175 37.777245514),Pedestrian
24157,1.0,Driver,East,Proceeding Straight,Driver,South,Proceeding Straight,Broadside,0,0,0,1,No Pedestrian Involved,POINT (-122.433083398 37.78515094),Other Motor Vehicle
24158,,Driver,East,Proceeding Straight,Driver,North,Proceeding Straight,Broadside,0,0,0,1,No Pedestrian Involved,POINT (-122.404796473 37.794453005),Other Motor Vehicle
24159,1.0,Driver,South,Other,Unknown,Unknown,Unknown,Hit Object,0,0,0,1,No Pedestrian Involved,POINT (-122.392614322 37.777624853),Fixed Object
24160,1.0,Driver,Not Stated,Making Left Turn,Driver,South,Proceeding Straight,Head-On,0,0,0,1,No Pedestrian Involved,POINT (-122.418530632 37.804999044),Other Motor Vehicle
24161,,Driver,North,Proceeding Straight,Driver,East,Proceeding Straight,Broadside,0,0,0,1,No Pedestrian Involved,POINT (-122.415155086 37.763696767),Other Motor Vehicle
24162,1.0,Bicyclist,North,Proceeding Straight,Driver,East,Proceeding Straight,Broadside,0,1,0,1,No Pedestrian Involved,POINT (-122.478858315 37.772813588),Bicycle
24163,,Bicyclist,West,Stopped In Road,Unknown,Unknown,Unknown,Other,0,0,0,0,No Pedestrian Involved,POINT (-122.506785765 37.760386504),Not Stated
24164,1.0,Bicyclist,North,Entering Traffic,Driver,East,Proceeding Straight,Broadside,0,1,0,1,No Pedestrian Involved,POINT (-122.409029897 37.797575937),Bicycle
24165,1.0,Driver,South,Making Left Turn,Pedestrian,North,Proceeding Straight,Vehicle/Pedestrian,1,0,0,1,Crossing in Crosswalk at Intersection,POINT (-122.464010602 37.777234779),Pedestrian
24166,1.0,Driver,West,Proceeding Straight,Driver,West,Stopped In Road,Rear End,0,0,0,1,No Pedestrian Involved,POINT (-122.410434762 37.747357798),Other Motor Vehicle
24167,1.0,Driver,South,Proceeding Straight,Driver,South,Slowing/Stopping,Rear End,0,0,0,1,No Pedestrian Involved,POINT (-122.40671029 37.756809655),Other Motor Vehicle
24168,1.0,Driver,North,Slowing/Stopping,Unknown,Unknown,Unknown,Overturned,0,0,0,1,No Pedestrian Involved,POINT (-122.394206077 37.776037675),Non-Collision
24169,1.0,Driver,East,Proceeding Straight,Driver,North,Proceeding Straight,Broadside,0,0,0,1,No Pedestrian Involved,POINT (-122.495098259 37.751544767),Other Motor Vehicle
24170,1.0,Driver,North,Proceeding Straight,Driver,East,Making Left Turn,Broadside,0,0,0,1,No Pedestrian Involved,POINT (-122.424845025 37.748632588),Other Motor Vehicle
24171,1.0,Driver,South,Proceeding Straight,Driver,South,Stopped In Road,Rear End,0,0,0,1,No Pedestrian Involved,POINT (-122.42392849 37.773868071),Other Motor Vehicle
24172,1.0,Driver,West,Proceeding Straight,Parked Vehicle,West,Parked,Broadside,0,0,0,1,No Pedestrian Involved,POINT (-122.512394503 37.779044638),Other Motor Vehicle
24173,1.0,Driver,South,Proceeding Straight,Driver,South,Stopped In Road,Rear End,0,0,0,1,No Pedestrian Involved,POINT (-122.423758379 37.772957392),Other Motor Vehicle
24174,1.0,Driver,East,Making U Turn,Bicyclist,East,Proceeding Straight,Broadside,0,1,0,1,No Pedestrian Involved,POINT (-122.429354531 37.764465917),Bicycle
24175,,Driver,North,Proceeding Straight,Driver,East,Proceeding Straight,Broadside,0,0,0,1,No Pedestrian Involved,POINT (-122.417226194 37.80516965),Other Motor Vehicle
24176,1.0,Driver,South,Entering Traffic,Driver,South,Proceeding Straight,Broadside,0,0,0,1,No Pedestrian Involved,POINT (-122.387372608 37.744259407),Other Motor Vehicle
24177,1.0,Driver,South,Proceeding Straight,Pedestrian,West,Not Stated,Vehicle/Pedestrian,1,0,0,1,Crossing in Crosswalk at Intersection,POINT (-122.44456307 37.716079428),Pedestrian
24178,1.0,Driver,West,Making Right Turn,Pedestrian,West,Proceeding Straight,Vehicle/Pedestrian,1,0,0,1,Crossing in Crosswalk at Intersection,POINT (-122.420813973 37.753722342),Pedestrian
24179,1.0,Driver,East,Proceeding Straight,Pedestrian,South,Other,Vehicle/Pedestrian,1,0,0,1,Crossing Not in Crosswalk,POINT (-122.425985691 37.787974594),Pedestrian
24180,1.0,Driver,South,Proceeding Straight,Pedestrian,West,Not Stated,Vehicle/Pedestrian,1,0,0,1,Crossing in Crosswalk at Intersection,POINT (-122.421968762 37.742375398),Pedestrian
24181,1.0,Pedestrian,East,Not Stated,Driver,North,Proceeding Straight,Vehicle/Pedestrian,1,0,0,1,Crossing Not in Crosswalk,POINT (-122.418380591 37.751582066),Pedestrian
24182,1.0,Driver,Not Stated,Making Left Turn,Pedestrian,West,Proceeding Straight,Vehicle/Pedestrian,1,0,0,1,Crossing in Crosswalk at Intersection,POINT (-122.412411747 37.783004078),Pedestrian
24183,,Driver,West,Proceeding Straight,Driver,West,Proceeding Straight,Sideswipe,0,0,0,1,No Pedestrian Involved,POINT (-122.408827362 37.711701561),Other Motor Vehicle
24184,1.0,Driver,East,Making Left Turn,Pedestrian,North,Not Stated,Broadside,1,0,0,1,Crossing in Crosswalk at Intersection,POINT (-122.403374377 37.780275108),Pedestrian
24185,2.0,Driver,North,Stopped In Road,Driver,North,Proceeding Straight,Rear End,0,0,0,1,No Pedestrian Involved,POINT (-122.419843487 37.778476306),Other Motor Vehicle
24186,1.0,Driver,West,Making Right Turn,Pedestrian,East,Proceeding Straight,Vehicle/Pedestrian,1,0,0,1,Crossing in Crosswalk at Intersection,POINT (-122.40113206 37.793088468),Pedestrian
24187,1.0,Driver,South,Stopped In Road,Driver,East,Proceeding Straight,Broadside,0,0,0,1,No Pedestrian Involved,POINT (-122.50267097 37.775470567),Other Motor Vehicle
24188,1.0,Pedestrian,North,Proceeding Straight,Driver,East,Proceeding Straight,Vehicle/Pedestrian,1,0,0,1,Crossing in Crosswalk at Intersection,POINT (-122.462212503 37.725265708),Pedestrian
24189,1.0,Driver,West,Proceeding Straight,Pedestrian,South,Proceeding Straight,Vehicle/Pedestrian,1,0,0,1,Crossing in Crosswalk at Intersection,POINT (-122.480188243 37.761559636),Pedestrian
24190,1.0,Driver,West,Proceeding Straight,Driver,West,Stopped In Road,Rear End,0,0,0,1,No Pedestrian Involved,POINT (-122.4889643 37.779869799),Other Motor Vehicle
24191,1.0,Bicyclist,West,Proceeding Straight,Pedestrian,South,Proceeding Straight,Broadside,1,0,0,0,Crossing in Crosswalk at Intersection,POINT (-122.417560198 37.776427839),Pedestrian
24192,1.0,Driver,East,Making Left Turn,Driver,West,Proceeding Straight,Head-On,0,0,0,1,No Pedestrian Involved,POINT (-122.393340266 37.749915159),Not Stated
24193,1.0,Driver,West,Making U Turn,Driver,West,Proceeding Straight,Rear End,0,0,0,1,No Pedestrian Involved,POINT (-122.460552663 37.774031134),Other Motor Vehicle
24194,,Bicyclist,West,Proceeding Straight,Unknown,Unknown,Unknown,Not Stated,0,0,0,0,No Pedestrian Involved,POINT (-122.466310621 37.764036989),Non-Collision
24195,1.0,Driver,East,Parked,Bicyclist,East,Proceeding Straight,Other,0,1,0,1,No Pedestrian Involved,POINT (-122.437832814 37.721309255),Bicycle
24196,1.0,Pedestrian,East,Proceeding Straight,Driver,South,Proceeding Straight,Vehicle/Pedestrian,1,0,0,1,"In Road, Including Shoulder",POINT (-122.470204169 37.758256984),Other Object
24197,1.0,Driver,West,Proceeding Straight,Pedestrian,North,Not Stated,Vehicle/Pedestrian,1,0,0,1,Crossing in Crosswalk at Intersection,POINT (-122.408066548 37.783991487),Pedestrian
24198,1.0,Driver,East,Proceeding Straight,Driver,West,Proceeding Straight,Head-On,0,0,0,1,No Pedestrian Involved,POINT (-122.442685697 37.735822993),Other Motor Vehicle
24199,1.0,Driver,East,Making Left Turn,Driver,North,Proceeding Straight,Broadside,0,0,0,1,No Pedestrian Involved,POINT (-122.422487364 37.74801345),Other Motor Vehicle
24200,1.0,Driver,West,Proceeding Straight,Driver,East,Stopped In Road,Not Stated,0,0,0,1,No Pedestrian Involved,POINT (-122.45169121 37.769400922),Other Motor Vehicle
24201,1.0,Driver,West,Proceeding Straight,Driver,West,Slowing/Stopping,Rear End,0,0,0,1,No Pedestrian Involved,POINT (-122.398702054 37.796112755),Other Motor Vehicle
24202,1.0,Driver,South,Slowing/Stopping,Driver,South,Stopped In Road,Sideswipe,0,0,0,1,No Pedestrian Involved,POINT (-122.472091725 37.726870952),Other Motor Vehicle
24203,1.0,Driver,North,Making Left Turn,Pedestrian,North,Proceeding Straight,Vehicle/Pedestrian,1,0,0,1,Crossing in Crosswalk at Intersection,POINT (-122.388069173 37.784770299),Pedestrian
24204,,Driver,East,Proceeding Straight,Driver,East,Stopped In Road,Rear End,1,0,0,1,Crossing in Crosswalk at Intersection,POINT (-122.429570699 37.731039888),Other Motor Vehicle
24205,1.0,Driver,East,Proceeding Straight,Driver,East,Stopped In Road,Rear End,0,0,0,1,No Pedestrian Involved,POINT (-122.390218007 37.764237671),Other Motor Vehicle
24206,1.0,Driver,South,Backing,Pedestrian,East,Not Stated,Vehicle/Pedestrian,1,0,0,1,Not in Road,POINT (-122.433890999 37.762561197),Pedestrian
24207,1.0,Driver,East,Proceeding Straight,Pedestrian,North,Not Stated,Vehicle/Pedestrian,1,0,0,1,Crossing in Crosswalk at Intersection,POINT (-122.476058519 37.720788909),Pedestrian
24208,1.0,Driver,North,Proceeding Straight,Pedestrian,West,Proceeding Straight,Vehicle/Pedestrian,1,0,0,1,"In Road, Including Shoulder",POINT (-122.434030888 37.769155948),Pedestrian
24209,,Driver,North,Proceeding Straight,Driver,North,Proceeding Straight,Rear End,0,0,0,1,No Pedestrian Involved,POINT (-122.423405497 37.771912281),Other Motor Vehicle
24210,1.0,Driver,South,Proceeding Straight,Driver,South,Proceeding Straight,Rear End,0,0,0,1,No Pedestrian Involved,POINT (-122.431101933 37.728854491),Other Motor Vehicle
24211,1.0,Bicyclist,West,Proceeding Straight,Parked Vehicle,West,Parked,Rear End,0,1,0,0,No Pedestrian Involved,POINT (-122.477890111 37.742953206),Bicycle
24212,1.0,Driver,West,Proceeding Straight,Parked Vehicle,West,Parked,Rear End,0,0,0,1,No Pedestrian Involved,POINT (-122.41401532 37.733182491),Parked Motor Vehicle
24213,1.0,Driver,Not Stated,Proceeding Straight,Pedestrian,East,Proceeding Straight,Vehicle/Pedestrian,1,0,0,1,Crossing Not in Crosswalk,POINT (-122.432672949 37.783128358),Pedestrian
24214,1.0,Driver,North,Stopped In Road,Unknown,Unknown,Unknown,Hit Object,0,0,0,1,No Pedestrian Involved,POINT (-122.394657438 37.794407823),Fixed Object
24215,1.0,Driver,East,Proceeding Straight,Driver,South,Proceeding Straight,Broadside,0,0,0,1,No Pedestrian Involved,POINT (-122.424459208 37.744635998),Other Motor Vehicle
24216,1.0,Driver,South,Making Left Turn,Pedestrian,East,Proceeding Straight,Vehicle/Pedestrian,1,0,0,1,Crossing in Crosswalk at Intersection,POINT (-122.472173618 37.778728021),Pedestrian
24217,1.0,Driver,West,Proceeding Straight,Driver,North,Proceeding Straight,Broadside,0,0,0,1,No Pedestrian Involved,POINT (-122.467220404 37.77708786),Other Motor Vehicle
24218,1.0,Driver,North,Making Left Turn,Pedestrian,East,Proceeding Straight,Vehicle/Pedestrian,1,0,0,1,Crossing in Crosswalk at Intersection,POINT (-122.404035521 37.790783698),Pedestrian
24219,1.0,Driver,South,Proceeding Straight,Driver,South,Proceeding Straight,Rear End,0,0,0,1,No Pedestrian Involved,POINT (-122.399881252 37.77746668),Other Motor Vehicle
24220,1.0,Driver,North,Proceeding Straight,Driver,West,Proceeding Straight,Broadside,0,0,0,1,No Pedestrian Involved,POINT (-122.476684178 37.757968982),Other Motor Vehicle
24221,1.0,Driver,South,Proceeding Straight,Driver,East,Proceeding Straight,Broadside,0,0,0,1,No Pedestrian Involved,POINT (-122.475644468 37.743051813),Other Motor Vehicle
24222,1.0,Driver,East,Proceeding Straight,Driver,South,Proceeding Straight,Broadside,0,0,0,1,No Pedestrian Involved,POINT (-122.394276228 37.78992623),Other Motor Vehicle
24223,1.0,Driver,North,Making Left Turn,Driver,South,Proceeding Straight,Sideswipe,0,0,0,1,No Pedestrian Involved,POINT (-122.417104136 37.774325288),Other Motor Vehicle
24224,1.0,Driver,East,Making Left Turn,Pedestrian,North,Other,Vehicle/Pedestrian,1,0,0,1,Crossing in Crosswalk at Intersection,POINT (-122.417503361 37.78331405),Pedestrian
24225,1.0,Driver,North,Stopped In Road,Bicyclist,North,Stopped In Road,Other,0,1,0,1,No Pedestrian Involved,POINT (-122.421376752 37.759595236),Bicycle
24226,1.0,Driver,South,Making Right Turn,Unknown,Unknown,Unknown,Overturned,0,0,0,1,No Pedestrian Involved,POINT (-122.405524065 37.748965101),Fixed Object
24227,1.0,Pedestrian,North,Entering Traffic,Other,East,Proceeding Straight,Other,1,0,0,0,Crossing in Crosswalk at Intersection,POINT (-122.408066548 37.783991487),Not Stated
24228,1.0,Driver,South,Proceeding Straight,Driver,West,Proceeding Straight,Broadside,0,0,0,1,No Pedestrian Involved,POINT (-122.432092301 37.771897266),Other Motor Vehicle
24229,1.0,Driver,South,Making Left Turn,Driver,North,Proceeding Straight,Head-On,0,0,0,1,No Pedestrian Involved,POINT (-122.400784748 37.723616209),Other Motor Vehicle
24230,1.0,Driver,West,Making Left Turn,Driver,West,Proceeding Straight,Broadside,0,0,0,1,No Pedestrian Involved,POINT (-122.471762123 37.773138948),Other Motor Vehicle
24231,1.0,Pedestrian,North,Other,Driver,West,Proceeding Straight,Vehicle/Pedestrian,1,0,0,1,Crossing in Crosswalk at Intersection,POINT (-122.473686137 37.759973788),Pedestrian
24232,1.0,Driver,West,Proceeding Straight,Driver,West,Stopped,Rear End,0,0,0,1,No Pedestrian Involved,POINT (-122.410936574 37.779211685),Other Motor Vehicle
24233,,Driver,South,Proceeding Straight,Driver,East,Proceeding Straight,Broadside,0,0,0,1,No Pedestrian Involved,POINT (-122.466694444 37.784715523),Other Motor Vehicle
24234,1.0,Bicyclist,West,Traveling Wrong Way,Driver,South,Proceeding Straight,Broadside,0,1,0,1,No Pedestrian Involved,POINT (-122.420077757 37.787567394),Bicycle
24235,1.0,Driver,West,Proceeding Straight,Driver,West,Stopped In Road,Rear End,0,0,0,1,No Pedestrian Involved,POINT (-122.401954203 37.727956921),Other Motor Vehicle
24236,1.0,Driver,South,Proceeding Straight,Unknown,Unknown,Unknown,Hit Object,0,0,0,1,No Pedestrian Involved,POINT (-122.392306981 37.777867612),Fixed Object
24237,1.0,Pedestrian,East,Proceeding Straight,Driver,North,Stopped In Road,Head-On,1,0,0,1,Crossing Not in Crosswalk,POINT (-122.435372983 37.771479485),Pedestrian
24238,1.0,Driver,East,Making Left Turn,Pedestrian,West,Proceeding Straight,Vehicle/Pedestrian,1,0,0,1,Crossing in Crosswalk at Intersection,POINT (-122.472451061 37.782578538),Pedestrian
24239,1.0,Driver,North,Proceeding Straight,Unknown,Unknown,Unknown,Hit Object,0,0,0,1,No Pedestrian Involved,POINT (-122.419631651 37.739894992),Fixed Object
24240,1.0,Driver,South,Proceeding Straight,Driver,South,Stopped In Road,Rear End,0,0,0,1,No Pedestrian Involved,POINT (-122.418617376 37.773084401),Other Motor Vehicle
24241,,Driver,West,Proceeding Straight,Bicyclist,West,Proceeding Straight,Rear End,0,1,0,1,No Pedestrian Involved,POINT (-122.468546487 37.772446552),Bicycle
24242,,Driver,West,Making Left Turn,Pedestrian,East,Other,Not Stated,1,0,0,1,Crossing in Crosswalk at Intersection,POINT (-122.421764777 37.787539666),Pedestrian
24243,1.0,Driver,North,Proceeding Straight,Driver,North,Stopped In Road,Rear End,0,0,0,1,No Pedestrian Involved,POINT (-122.418486299 37.772889593),Other Motor Vehicle
24244,1.0,Driver,North,Proceeding Straight,Bicyclist,Not Stated,Proceeding Straight,Broadside,0,1,0,1,No Pedestrian Involved,POINT (-122.420128162 37.76178914),Bicycle
24245,1.0,Driver,East,Making Left Turn,Bicyclist,East,Proceeding Straight,Broadside,0,1,0,1,No Pedestrian Involved,POINT (-122.421948585 37.788489643),Bicycle
24246,1.0,Driver,South,Making Left Turn,Other,South,Proceeding Straight,Broadside,0,0,0,1,No Pedestrian Involved,POINT (-122.399130242 37.800896477),Other Object
24247,1.0,Bicyclist,Not Stated,Not Stated,Driver,Not Stated,Making Right Turn,Broadside,0,1,0,1,No Pedestrian Involved,POINT (-122.416768093 37.779584437),Bicycle
24248,1.0,Other,West,Stopped In Road,Driver,West,Proceeding Straight,Rear End,0,0,0,1,No Pedestrian Involved,POINT (-122.477731265 37.742960183),Other Motor Vehicle
24249,1.0,Driver,East,Backing,Pedestrian,South,Other,Vehicle/Pedestrian,1,0,0,1,"In Road, Including Shoulder",POINT (-122.415933447 37.748950636),Not Stated
24250,,Driver,East,Passing Other Vehicle,Driver,Not Stated,Not Stated,Sideswipe,0,0,0,1,No Pedestrian Involved,POINT (-122.439529337 37.772866009),Other Motor Vehicle
24251,1.0,Driver,East,Proceeding Straight,Pedestrian,North,Proceeding Straight,Vehicle/Pedestrian,1,0,0,1,Crossing in Crosswalk at Intersection,POINT (-122.469614555 37.780776048),Pedestrian
24252,3.0,Driver,North,Slowing/Stopping,Driver,North,Stopped In Road,Rear End,0,0,0,1,No Pedestrian Involved,POINT (-122.418616218 37.773127091),Other Motor Vehicle
24253,1.0,Pedestrian,South,Proceeding Straight,Driver,East,Backing,Vehicle/Pedestrian,1,0,0,1,"In Road, Including Shoulder",POINT (-122.389345004 37.743486837),Pedestrian
24254,1.0,Driver,South,Proceeding Straight,Driver,South,Slowing/Stopping,Rear End,0,0,0,1,No Pedestrian Involved,POINT (-122.475221952 37.721057296),Other Motor Vehicle
24255,1.0,Driver,South,Proceeding Straight,Driver,South,Slowing/Stopping,Rear End,0,0,0,1,No Pedestrian Involved,POINT (-122.389973348 37.737070699),Other Motor Vehicle
24256,1.0,Driver,West,Proceeding Straight,Pedestrian,North,Proceeding Straight,Vehicle/Pedestrian,1,0,0,1,Crossing in Crosswalk at Intersection,POINT (-122.469933776 37.784571615),Pedestrian
24257,1.0,Pedestrian,East,Entering Traffic,Driver,North,Slowing/Stopping,Vehicle/Pedestrian,1,0,0,1,Crossing Not in Crosswalk,POINT (-122.455132409 37.722985606),Pedestrian
24258,1.0,Driver,North,Proceeding Straight,Driver,East,Proceeding Straight,Broadside,0,0,0,1,No Pedestrian Involved,POINT (-122.437405608 37.773135694),Other Motor Vehicle
24259,,Driver,Not Stated,Proceeding Straight,Bicyclist,North,Proceeding Straight,Sideswipe,0,1,0,1,No Pedestrian Involved,POINT (-122.419892517 37.77822714),Bicycle
24260,1.0,Driver,East,Proceeding Straight,Driver,East,Stopped In Road,Rear End,0,0,0,1,No Pedestrian Involved,POINT (-122.407941326 37.786421539),Other Motor Vehicle
24261,1.0,Pedestrian,West,Not Stated,Driver,North,Proceeding Straight,Vehicle/Pedestrian,1,0,0,1,Crossing Not in Crosswalk,POINT (-122.448591902 37.708757193),Pedestrian
24262,1.0,Driver,West,Making Left Turn,Driver,West,Proceeding Straight,Broadside,0,0,0,1,No Pedestrian Involved,POINT (-122.421582535 37.769917759),Other Motor Vehicle
24263,1.0,Driver,North,Proceeding Straight,Bicyclist,North,Passing Other Vehicle,Broadside,0,1,0,1,No Pedestrian Involved,POINT (-122.46732952 37.768203977),Bicycle
24264,1.0,Driver,West,Making Left Turn,Bicyclist,East,Proceeding Straight,Broadside,0,1,0,1,No Pedestrian Involved,POINT (-122.418044127 37.806019682),Bicycle
24265,1.0,Driver,West,Making Left Turn,Driver,West,Proceeding Straight,Hit Object,0,0,0,1,No Pedestrian Involved,POINT (-122.39705973 37.777908651),Non-Collision
24266,1.0,Driver,East,Proceeding Straight,Driver,East,Stopped In Road,Rear End,0,0,0,1,No Pedestrian Involved,POINT (-122.415417291 37.780706294),Other Motor Vehicle
24267,1.0,Driver,South,Proceeding Straight,Driver,East,Proceeding Straight,Broadside,0,0,0,1,No Pedestrian Involved,POINT (-122.416638697 37.78724521),Other Motor Vehicle
24268,1.0,Driver,North,Proceeding Straight,Driver,North,Stopped,Rear End,0,0,0,1,No Pedestrian Involved,POINT (-122.398256963 37.78677895),Other Motor Vehicle
24269,1.0,Driver,South,Making Right Turn,Driver,North,Proceeding Straight,Head-On,0,0,0,1,No Pedestrian Involved,POINT (-122.381031444 37.738671005),Other Motor Vehicle
24270,1.0,Driver,South,Making Left Turn,Pedestrian,South,Other,Not Stated,1,0,0,1,Crossing in Crosswalk at Intersection,POINT (-122.402459479 37.712179486),Pedestrian
24271,1.0,Driver,East,Proceeding Straight,Driver,East,Stopped,Rear End,0,0,0,1,No Pedestrian Involved,POINT (-122.419883231 37.778251017),Other Motor Vehicle
24272,1.0,Driver,South,Proceeding Straight,Driver,East,Proceeding Straight,Broadside,0,0,0,1,No Pedestrian Involved,POINT (-122.388851283 37.764321835),Other Motor Vehicle
24273,1.0,Bicyclist,East,Proceeding Straight,Driver,North,Proceeding Straight,Broadside,0,1,0,1,No Pedestrian Involved,POINT (-122.426228479 37.76303087),Bicycle
24274,1.0,Driver,East,Backing,Unknown,Unknown,Unknown,Hit Object,0,0,0,1,No Pedestrian Involved,POINT (-122.411076087 37.743439222),Other Object
24275,1.0,Bicyclist,North,Proceeding Straight,Driver,North,Proceeding Straight,Sideswipe,0,1,0,1,No Pedestrian Involved,POINT (-122.449344155 37.721676244),Bicycle
24276,1.0,Driver,East,Making Right Turn,Bicyclist,West,Other,Not Stated,0,1,0,1,No Pedestrian Involved,POINT (-122.413396248 37.768671224),Bicycle
24277,1.0,Driver,East,Proceeding Straight,Driver,East,Stopped In Road,Rear End,0,0,0,1,No Pedestrian Involved,POINT (-122.469318114 37.71056282),Other Motor Vehicle
24278,1.0,Driver,West,Proceeding Straight,Driver,South,Proceeding Straight,Broadside,0,0,0,1,No Pedestrian Involved,POINT (-122.400503096 37.787450499),Other Motor Vehicle
24279,1.0,Driver,North,Proceeding Straight,Driver,East,Proceeding Straight,Broadside,0,0,0,1,No Pedestrian Involved,POINT (-122.412197893 37.755832511),Other Motor Vehicle
24280,,Driver,South,Not Stated,Driver,South,Not Stated,Not Stated,1,0,0,1,Not Stated,POINT (-122.43947631 37.800119487),Not Stated
24281,1.0,Driver,South,Making Left Turn,Driver,East,Stopped,Broadside,0,0,0,1,No Pedestrian Involved,POINT (-122.466426903 37.780924588),Other Motor Vehicle
24282,1.0,Driver,South,Making Left Turn,Pedestrian,East,Other,Vehicle/Pedestrian,1,0,0,1,Crossing in Crosswalk at Intersection,POINT (-122.493446345 37.781627239),Pedestrian
24283,,Driver,West,Proceeding Straight,Driver,South,Proceeding Straight,Broadside,0,0,0,1,No Pedestrian Involved,POINT (-122.464010602 37.777234779),Other Motor Vehicle
24284,1.0,Driver,West,Proceeding Straight,Driver,West,Slowing/Stopping,Rear End,0,0,0,1,No Pedestrian Involved,POINT (-122.435871466 37.774285009),Other Motor Vehicle
24285,1.0,Driver,North,Proceeding Straight,Driver,North,Stopped In Road,Rear End,0,0,0,1,No Pedestrian Involved,POINT (-122.475040788 37.721353363),Other Motor Vehicle
24286,1.0,Driver,North,Proceeding Straight,Driver,West,Proceeding Straight,Broadside,0,0,0,1,No Pedestrian Involved,POINT (-122.424340517 37.791965369),Other Motor Vehicle
24287,,Driver,South,Proceeding Straight,Parked Vehicle,North,Parked,Sideswipe,0,0,0,1,No Pedestrian Involved,POINT (-122.388256316 37.72046859),Parked Motor Vehicle
24288,1.0,Driver,North,Slowing/Stopping,Driver,North,Slowing/Stopping,Rear End,0,0,0,1,No Pedestrian Involved,POINT (-122.420852743 37.7700448),Other Motor Vehicle
24289,1.0,Driver,West,Making U Turn,Pedestrian,West,Stopped In Road,Vehicle/Pedestrian,1,0,0,1,"In Road, Including Shoulder",POINT (-122.471731029 37.716292588),Pedestrian
24290,1.0,Driver,North,Proceeding Straight,Driver,North,Stopped In Road,Rear End,0,0,0,1,No Pedestrian Involved,POINT (-122.41751988 37.783267242),Other Motor Vehicle
24291,,Driver,South,Proceeding Straight,Driver,South,Stopped In Road,Rear End,0,0,0,1,No Pedestrian Involved,POINT (-122.422871201 37.793050003),Other Motor Vehicle
24292,1.0,Driver,East,Proceeding Straight,Driver,East,Stopped In Road,Rear End,0,0,0,1,No Pedestrian Involved,POINT (-122.462146401 37.766102872),Other Motor Vehicle
24293,1.0,Pedestrian,East,Proceeding Straight,Driver,South,Proceeding Straight,Head-On,1,0,0,1,Crossing in Crosswalk at Intersection,POINT (-122.417501463 37.776540894),Pedestrian
24294,1.0,Driver,South,Making Left Turn,Unknown,Unknown,Unknown,Overturned,0,0,0,1,No Pedestrian Involved,POINT (-122.460084017 37.739657039),Fixed Object
24295,1.0,Driver,East,Making Left Turn,Driver,West,Proceeding Straight,Broadside,0,0,0,1,No Pedestrian Involved,POINT (-122.444922643 37.775998441),Other Motor Vehicle
24296,1.0,Bicyclist,North,Entering Traffic,Driver,South,Making Left Turn,Broadside,0,1,0,1,No Pedestrian Involved,POINT (-122.401244302 37.786865295),Bicycle
24297,1.0,Driver,West,Proceeding Straight,Driver,West,Slowing/Stopping,Rear End,0,0,0,1,No Pedestrian Involved,POINT (-122.395626106 37.77491099),Other Motor Vehicle
24298,1.0,Driver,East,Proceeding Straight,Driver,East,Stopped In Road,Rear End,0,0,0,1,No Pedestrian Involved,POINT (-122.457733043 37.781314587),Other Motor Vehicle
24299,1.0,Driver,South,Making Left Turn,Pedestrian,North,Other,Vehicle/Pedestrian,1,0,0,1,Crossing in Crosswalk at Intersection,POINT (-122.42027883 37.748125283),Pedestrian
24300,1.0,Driver,Not Stated,Proceeding Straight,Pedestrian,Not Stated,Proceeding Straight,Vehicle/Pedestrian,1,0,0,1,Crossing in Crosswalk at Intersection,POINT (-122.416291701 37.777493844),Pedestrian