party_id,party_at_fault,party1_type,party1_dir_of_travel,party1_move_pre_acc,party2_type,party2_dir_of_travel,party2_move_pre_acc,type_of_collision,involves_pedestrian,involves_bicycle,involves_motorcycle,involves_vehicle,ped_action,point,mviw
24609,1.0,Driver,Not Stated,Ran Off Road,Driver,North,Proceeding Straight,Sideswipe,0,0,0,1,No Pedestrian Involved,POINT (-122.472039542 37.77686823),Other Motor Vehicle
24610,1.0,Driver,West,Making Right Turn,Pedestrian,South,Not Stated,Vehicle/Pedestrian,1,0,0,1,Not Stated,POINT (-122.476004145 37.748648784),Pedestrian
24611,1.0,Driver,East,Making Left Turn,Pedestrian,North,Not Stated,Vehicle/Pedestrian,1,0,0,1,Crossing in Crosswalk at Intersection,POINT (-122.47616919 37.78047585),Pedestrian
24612,1.0,Pedestrian,South,Entering Traffic,Driver,East,Stopped In Road,Vehicle/Pedestrian,1,0,0,1,Crossing Not in Crosswalk,POINT (-122.420597146 37.760151323),Pedestrian
24613,1.0,Driver,North,Entering Traffic,Driver,North,Proceeding Straight,Sideswipe,0,0,0,1,No Pedestrian Involved,POINT (-122.470506137 37.762576522),Other Motor Vehicle
24614,1.0,Driver,South,Proceeding Straight,Pedestrian,West,Proceeding Straight,Vehicle/Pedestrian,1,0,0,1,Crossing in Crosswalk at Intersection,POINT (-122.443450854 37.716967299),Pedestrian
24615,1.0,Driver,East,Making U Turn,Driver,South,Proceeding Straight,Sideswipe,0,0,0,1,No Pedestrian Involved,POINT (-122.450378355 37.716168964),Other Motor Vehicle
24616,1.0,Driver,East,Making Left Turn,Driver,North,Proceeding Straight,Broadside,0,0,0,1,No Pedestrian Involved,POINT (-122.418352033 37.772222179),Other Motor Vehicle
24617,1.0,Driver,East,Entering Traffic,Pedestrian,North,Proceeding Straight,Vehicle/Pedestrian,1,0,0,1,Crossing in Crosswalk at Intersection,POINT (-122.495630257 37.751526823),Pedestrian
24618,1.0,Driver,North,Making Left Turn,Driver,West,Proceeding Straight,Head-On,0,0,0,1,No Pedestrian Involved,POINT (-122.471240069 37.773161982),Other Motor Vehicle
24619,1.0,Driver,West,Proceeding Straight,Driver,West,Stopped In Road,Rear End,0,0,0,1,No Pedestrian Involved,POINT (-122.442654327 37.799003715),Other Motor Vehicle
24620,1.0,Other,West,Changing Lanes,Driver,South,Parking Maneuver,Broadside,0,0,0,1,No Pedestrian Involved,POINT (-122.389590696 37.779861285),Other Object
24621,1.0,Bicyclist,North,Making Right Turn,Driver,South,Proceeding Straight,Broadside,0,1,0,1,No Pedestrian Involved,POINT (-122.43313757 37.713970829),Bicycle
24622,1.0,Driver,West,Proceeding Straight,Driver,South,Proceeding Straight,Broadside,0,0,0,1,No Pedestrian Involved,POINT (-122.406956987 37.789433682),Other Motor Vehicle
24623,1.0,Pedestrian,West,Entering Traffic,Driver,North,Changing Lanes,Vehicle/Pedestrian,1,0,0,1,No Pedestrian Involved,POINT (-122.411610117 37.773769347),Pedestrian
24624,1.0,Driver,East,Making U Turn,Driver,West,Proceeding Straight,Broadside,0,0,0,1,No Pedestrian Involved,POINT (-122.394716387 37.777298684),Other Motor Vehicle
24625,1.0,Driver,West,Stopped,Bicyclist,West,Proceeding Straight,Hit Object,0,1,0,1,No Pedestrian Involved,POINT (-122.410363749 37.764309985),Bicycle
24626,1.0,Driver,North,Proceeding Straight,Other,Not Stated,Stopped,Head-On,0,0,0,1,No Pedestrian Involved,POINT (-122.440062034 37.728922714),Train
24627,1.0,Driver,South,Slowing/Stopping,Driver,North,Entering Traffic,Head-On,0,0,0,1,No Pedestrian Involved,POINT (-122.480370102 37.779176919),Other Motor Vehicle
24628,1.0,Bicyclist,North,Proceeding Straight,Pedestrian,North,Proceeding Straight,Broadside,1,0,0,0,Not in Road,POINT (-122.423959244 37.763167824),Not Stated
24629,1.0,Driver,West,Backing,Driver,East,Parked,Rear End,0,0,0,1,No Pedestrian Involved,POINT (-122.47887992 37.763484429),Other Motor Vehicle
24630,1.0,Bicyclist,South,Proceeding Straight,Unknown,Unknown,Unknown,Other,0,0,0,0,No Pedestrian Involved,POINT (-122.41556139 37.773100588),Non-Collision
24631,1.0,Driver,South,Backing,Bicyclist,East,Proceeding Straight,Vehicle/Pedestrian,1,0,0,1,No Pedestrian Involved,POINT (-122.398325983 37.721143238),Pedestrian
24632,2.0,Driver,West,Proceeding Straight,Driver,East,Making Left Turn,Broadside,0,0,0,1,No Pedestrian Involved,POINT (-122.410829501 37.734732915),Other Motor Vehicle
24633,1.0,Driver,West,Proceeding Straight,Driver,West,Proceeding Straight,Head-On,0,0,0,1,No Pedestrian Involved,POINT (-122.455800001 37.731358322),Fixed Object
24634,1.0,Driver,North,Proceeding Straight,Driver,North,Making Right Turn,Sideswipe,0,0,0,1,No Pedestrian Involved,POINT (-122.471905103 37.775003336),Other Motor Vehicle
24635,1.0,Pedestrian,North,Proceeding Straight,Driver,West,Proceeding Straight,Vehicle/Pedestrian,1,0,0,1,Crossing Not in Crosswalk,POINT (-122.421382795 37.778038706),Pedestrian
24636,1.0,Bicyclist,East,Proceeding Straight,Driver,West,Entering Traffic,Broadside,0,1,0,1,No Pedestrian Involved,POINT (-122.399616233 37.780791483),Bicycle
24637,2.0,Driver,North,Proceeding Straight,Driver,North,Proceeding Straight,Sideswipe,0,0,0,1,No Pedestrian Involved,POINT (-122.414026707 37.771863706),Other Motor Vehicle
24638,1.0,Driver,East,Proceeding Straight,Pedestrian,North,Proceeding Straight,Vehicle/Pedestrian,1,0,0,1,Crossing in Crosswalk at Intersection,POINT (-122.456669912 37.763814688),Pedestrian
24639,1.0,Driver,East,Other Unsafe Turning,Unknown,Unknown,Unknown,Hit Object,0,0,0,1,No Pedestrian Involved,POINT (-122.436176465 37.714209484),Fixed Object
24640,1.0,Bicyclist,North,Proceeding Straight,Driver,North,Making Right Turn,Broadside,0,1,0,1,No Pedestrian Involved,POINT (-122.389611483 37.771997938),Bicycle
24641,,Bicyclist,East,Proceeding Straight,Unknown,Unknown,Unknown,Overturned,0,0,0,0,No Pedestrian Involved,POINT (-122.439041269 37.775791781),Non-Collision
24642,,Driver,South,Proceeding Straight,Driver,South,Making Left Turn,Rear End,0,0,0,1,No Pedestrian Involved,POINT (-122.417082694 37.749462379),Other Motor Vehicle
24643,1.0,Driver,North,Proceeding Straight,Driver,South,Proceeding Straight,Head-On,0,0,0,1,No Pedestrian Involved,POINT (-122.37147548 37.810413738),Other Motor Vehicle
24644,1.0,Driver,North,Proceeding Straight,Driver,North,Proceeding Straight,Sideswipe,0,0,0,1,No Pedestrian Involved,POINT (-122.444746625 37.722966572),Other Motor Vehicle
24645,1.0,Driver,East,Proceeding Straight,Parked Vehicle,Not Stated,Parked,Rear End,1,0,0,1,"In Road, Including Shoulder",POINT (-122.406616438 37.794224007),Other Motor Vehicle
24646,1.0,Driver,East,Slowing/Stopping,Driver,East,Proceeding Straight,Rear End,0,0,0,1,No Pedestrian Involved,POINT (-122.443696072 37.718928673),Other Motor Vehicle
24647,1.0,Driver,North,Making Left Turn,Driver,West,Proceeding Straight,Broadside,0,0,0,1,No Pedestrian Involved,POINT (-122.470162693 37.77320951),Other Motor Vehicle
24648,1.0,Driver,East,Making Left Turn,Bicyclist,North,Proceeding Straight,Not Stated,0,0,0,1,No Pedestrian Involved,POINT (-122.458637895 37.77800835),Non-Collision
24649,1.0,Pedestrian,South,Not Stated,Driver,West,Making Right Turn,Sideswipe,1,0,0,1,Crossing in Crosswalk at Intersection,POINT (-122.424764017 37.802276822),Pedestrian
24650,1.0,Driver,East,Making Left Turn,Pedestrian,Not Stated,Other,Vehicle/Pedestrian,1,0,0,1,Crossing in Crosswalk at Intersection,POINT (-122.481515722 37.780225819),Pedestrian
24651,1.0,Driver,South,Changing Lanes,Driver,South,Slowing/Stopping,Rear End,0,0,0,1,No Pedestrian Involved,POINT (-122.406703836 37.736308604),Other Motor Vehicle
24652,1.0,Driver,North,Proceeding Straight,Driver,East,Proceeding Straight,Broadside,0,0,0,1,No Pedestrian Involved,POINT (-122.459724821 37.777429862),Other Motor Vehicle
24653,1.0,Pedestrian,South,Other,Driver,West,Proceeding Straight,Vehicle/Pedestrian,1,0,0,1,Crossing Not in Crosswalk,POINT (-122.416294651 37.788246011),Pedestrian
24654,,Pedestrian,East,Proceeding Straight,Driver,North,Making Right Turn,Vehicle/Pedestrian,1,0,0,1,Crossing in Crosswalk at Intersection,POINT (-122.418214722 37.748181877),Pedestrian
24655,1.0,Driver,East,Proceeding Straight,Unknown,Unknown,Unknown,Overturned,0,0,0,1,No Pedestrian Involved,POINT (-122.453003331 37.774970754),Non-Collision
24656,,Driver,North,Backing,Pedestrian,Not Stated,Stopped In Road,Vehicle/Pedestrian,1,0,0,1,"In Road, Including Shoulder",POINT (-122.44174152 37.786042631),Pedestrian
24657,1.0,Driver,North,Making Left Turn,Driver,North,Proceeding Straight,Sideswipe,0,0,0,1,No Pedestrian Involved,POINT (-122.472451061 37.782578537),Other Motor Vehicle
24658,1.0,Driver,East,Making Left Turn,Pedestrian,North,Proceeding Straight,Vehicle/Pedestrian,1,0,0,1,Crossing in Crosswalk at Intersection,POINT (-122.478615696 37.754145767),Pedestrian
24659,1.0,Driver,North,Proceeding Straight,Bicyclist,West,Proceeding Straight,Not Stated,0,0,0,1,No Pedestrian Involved,POINT (-122.410936574 37.779211686),Not Stated
24660,1.0,Driver,North,Proceeding Straight,Driver,West,Proceeding Straight,Broadside,0,0,0,1,No Pedestrian Involved,POINT (-122.496984891 37.740238317),Other Motor Vehicle
24661,1.0,Driver,West,Proceeding Straight,Driver,West,Stopped,Rear End,0,0,0,1,No Pedestrian Involved,POINT (-122.434240149 37.763397526),Other Motor Vehicle
24662,1.0,Bicyclist,East,Proceeding Straight,Parked Vehicle,East,Parked,Sideswipe,0,1,0,0,No Pedestrian Involved,POINT (-122.408906833 37.797591393),Bicycle
24663,1.0,Driver,North,Stopped In Road,Bicyclist,North,Proceeding Straight,Sideswipe,0,1,0,1,No Pedestrian Involved,POINT (-122.418700564 37.780734406),Bicycle
24664,1.0,Driver,East,Proceeding Straight,Driver,North,Proceeding Straight,Broadside,0,0,0,1,No Pedestrian Involved,POINT (-122.437989848 37.775925406),Other Motor Vehicle
24665,1.0,Driver,North,Making Left Turn,Pedestrian,West,Proceeding Straight,Vehicle/Pedestrian,1,0,0,1,Crossing in Crosswalk at Intersection,POINT (-122.44647083 37.775801592),Pedestrian
24666,1.0,Driver,West,Proceeding Straight,Driver,West,Stopped In Road,Rear End,0,0,0,1,No Pedestrian Involved,POINT (-122.420083066 37.708311266),Other Motor Vehicle
24667,,Pedestrian,North,Proceeding Straight,Driver,West,Proceeding Straight,Vehicle/Pedestrian,1,0,0,1,Crossing in Crosswalk at Intersection,POINT (-122.432957627 37.801235699),Pedestrian
24668,1.0,Driver,South,Proceeding Straight,Pedestrian,North,Stopped,Vehicle/Pedestrian,1,0,0,1,Not in Road,POINT (-122.413573 37.780638),Pedestrian
24669,1.0,Driver,South,Making Left Turn,Bicyclist,North,Proceeding Straight,Head-On,0,1,0,1,No Pedestrian Involved,POINT (-122.495630257 37.751526823),Bicycle
24670,1.0,Driver,North,Proceeding Straight,Unknown,Unknown,Unknown,Hit Object,0,0,0,1,No Pedestrian Involved,POINT (-122.397840658 37.791378324),Fixed Object
24671,1.0,Driver,South,Proceeding Straight,Driver,South,Making Left Turn,Sideswipe,0,0,0,1,No Pedestrian Involved,POINT (-122.40973589 37.770348516),Other Motor Vehicle
24672,1.0,Driver,West,Proceeding Straight,Driver,North,Proceeding Straight,Broadside,0,0,0,1,No Pedestrian Involved,POINT (-122.49134262 37.734007858),Other Motor Vehicle
24673,1.0,Driver,East,Proceeding Straight,Driver,North,Proceeding Straight,Broadside,0,0,0,1,No Pedestrian Involved,POINT (-122.454682649 37.774755485),Other Motor Vehicle
24674,1.0,Driver,East,Proceeding Straight,Driver,West,Proceeding Straight,Head-On,0,0,0,1,No Pedestrian Involved,POINT (-122.398224662 37.736593326),Other Motor Vehicle
24675,1.0,Driver,West,Proceeding Straight,Driver,West,Stopped In Road,Rear End,0,0,0,1,No Pedestrian Involved,POINT (-122.437248914 37.762360308),Other Motor Vehicle
24676,1.0,Bicyclist,North,Making Right Turn,Unknown,Unknown,Unknown,Not Stated,0,0,0,0,No Pedestrian Involved,POINT (-122.433562431 37.770831178),Other Object
24677,1.0,Driver,North,Proceeding Straight,Driver,Not Stated,Parked,Overturned,0,0,0,1,No Pedestrian Involved,POINT (-122.453016612 37.766577166),Parked Motor Vehicle
24678,,Driver,Not Stated,Proceeding Straight,Pedestrian,East,Proceeding Straight,Broadside,1,0,0,1,Crossing Not in Crosswalk,POINT (-122.405512936 37.797064591),Pedestrian
24679,1.0,Driver,West,Not Stated,Driver,East,Not Stated,Broadside,0,0,0,1,No Pedestrian Involved,POINT (-122.390748123 37.780432337),Other Motor Vehicle
24680,1.0,Bicyclist,North,Merging,Driver,North,Proceeding Straight,Sideswipe,0,1,0,1,No Pedestrian Involved,POINT (-122.419319943 37.761425098),Bicycle
24681,,Bicyclist,East,Proceeding Straight,Unknown,Unknown,Unknown,Other,0,0,0,0,No Pedestrian Involved,POINT (-122.498221504 37.7863348),Fixed Object
24682,1.0,Driver,West,Proceeding Straight,Parked Vehicle,West,Stopped In Road,Rear End,0,0,0,1,No Pedestrian Involved,POINT (-122.502317577 37.767591123),Other Motor Vehicle
24683,1.0,Driver,East,Proceeding Straight,Driver,East,Stopped In Road,Rear End,0,0,0,1,No Pedestrian Involved,POINT (-122.412823787 37.785807921),Other Motor Vehicle
24684,1.0,Driver,East,Proceeding Straight,Driver,South,Proceeding Straight,Broadside,0,0,0,1,No Pedestrian Involved,POINT (-122.430824713 37.773972521),Other Motor Vehicle
24685,1.0,Driver,West,Making Right Turn,Bicyclist,South,Proceeding Straight,Broadside,0,1,0,1,No Pedestrian Involved,POINT (-122.425109521 37.804145846),Bicycle
24686,,Driver,North,Proceeding Straight,Driver,North,Proceeding Straight,Sideswipe,0,0,0,1,No Pedestrian Involved,POINT (-122.415336816 37.765614638),Other Motor Vehicle
24687,1.0,Driver,South,Proceeding Straight,Driver,South,Stopped In Road,Rear End,0,0,0,1,No Pedestrian Involved,POINT (-122.485026506 37.71903999),Other Motor Vehicle
24688,1.0,Driver,South,Slowing/Stopping,Driver,South,Proceeding Straight,Rear End,0,0,0,1,No Pedestrian Involved,POINT (-122.424147154 37.73986923),Other Motor Vehicle
24689,1.0,Driver,North,Proceeding Straight,Driver,North,Stopped In Road,Rear End,0,0,0,1,No Pedestrian Involved,POINT (-122.476000314 37.74859909),Other Motor Vehicle
24690,1.0,Driver,South,Proceeding Straight,Driver,North,Making Left Turn,Broadside,0,0,0,1,No Pedestrian Involved,POINT (-122.437610624 37.774061647),Other Motor Vehicle
24691,1.0,Driver,East,Proceeding Straight,Unknown,Unknown,Unknown,Other,0,0,0,1,No Pedestrian Involved,POINT (-122.468610984 37.729598561),Non-Collision
24692,1.0,Driver,West,Proceeding Straight,Driver,South,Proceeding Straight,Broadside,0,0,0,1,No Pedestrian Involved,POINT (-122.466992603 37.758397637),Motor Vehicle on Other Roadway
24693,1.0,Driver,East,Proceeding Straight,Driver,West,Proceeding Straight,Sideswipe,0,0,0,1,No Pedestrian Involved,POINT (-122.391929499 37.786862991),Other Motor Vehicle
24694,1.0,Bicyclist,North,Proceeding Straight,Driver,North,Slowing/Stopping,Rear End,0,1,0,1,No Pedestrian Involved,POINT (-122.506707909 37.767036582),Bicycle
24695,1.0,Bicyclist,West,Proceeding Straight,Driver,North,Making Right Turn,Broadside,0,1,0,1,No Pedestrian Involved,POINT (-122.422231935 37.772873222),Bicycle
24696,1.0,Driver,West,Making Left Turn,Driver,South,Proceeding Straight,Broadside,0,0,0,1,No Pedestrian Involved,POINT (-122.495877086 37.762735073),Other Motor Vehicle
24697,1.0,Driver,East,Stopped In Road,Bicyclist,East,Proceeding Straight,Sideswipe,0,1,0,1,No Pedestrian Involved,POINT (-122.395215614 37.776904425),Bicycle
24698,1.0,Driver,North,Proceeding Straight,Driver,West,Proceeding Straight,Broadside,0,0,0,1,No Pedestrian Involved,POINT (-122.459860374 37.779282629),Other Motor Vehicle
24699,1.0,Driver,South,Proceeding Straight,Driver,West,Ran Off Road,Not Stated,0,0,0,1,No Pedestrian Involved,POINT (-122.443559779 37.786690919),Fixed Object
24700,1.0,Driver,East,Making Left Turn,Pedestrian,North,Proceeding Straight,Not Stated,1,0,0,1,Crossing in Crosswalk at Intersection,POINT (-122.429849201 37.777919296),Pedestrian
24701,1.0,Driver,West,Proceeding Straight,Driver,South,Making Left Turn,Not Stated,0,0,0,1,No Pedestrian Involved,POINT (-122.404070257 37.777272702),Other Motor Vehicle
24702,1.0,Bicyclist,North,Making Left Turn,Driver,North,Proceeding Straight,Sideswipe,0,1,0,1,No Pedestrian Involved,POINT (-122.443782168 37.758192867),Bicycle
24703,,Bicyclist,East,Proceeding Straight,Pedestrian,East,Proceeding Straight,Vehicle/Pedestrian,1,0,0,0,Not in Road,POINT (-122.404738286 37.781653768),Not Stated
24704,1.0,Driver,North,Making Left Turn,Driver,West,Proceeding Straight,Broadside,0,0,0,1,No Pedestrian Involved,POINT (-122.443431269 37.716970222),Other Motor Vehicle
24705,1.0,Driver,North,Making Left Turn,Driver,West,Proceeding Straight,Broadside,0,0,0,1,No Pedestrian Involved,POINT (-122.410829501 37.734732915),Other Motor Vehicle
24706,1.0,Driver,West,Making Left Turn,Bicyclist,East,Proceeding Straight,Head-On,0,1,0,1,No Pedestrian Involved,POINT (-122.429849201 37.777919296),Bicycle
24707,1.0,Bicyclist,South,Proceeding Straight,Driver,North,Entering Traffic,Head-On,0,1,0,1,No Pedestrian Involved,POINT (-122.422302598 37.781888379),Bicycle
24708,1.0,Driver,South,Proceeding Straight,Driver,East,Proceeding Straight,Broadside,0,0,0,1,No Pedestrian Involved,POINT (-122.490751706 37.774142985),Other Motor Vehicle
24709,1.0,Pedestrian,West,Proceeding Straight,Driver,North,Proceeding Straight,Vehicle/Pedestrian,1,0,0,1,Crossing Not in Crosswalk,POINT (-122.425314832 37.754310121),Pedestrian
24710,1.0,Driver,Not Stated,Proceeding Straight,Bicyclist,South,Proceeding Straight,Rear End,0,0,0,1,No Pedestrian Involved,POINT (-122.408323183 37.796170369),Other Motor Vehicle
24711,1.0,Driver,Not Stated,Changing Lanes,Bicyclist,Not Stated,Proceeding Straight,Not Stated,0,1,0,1,No Pedestrian Involved,POINT (-122.464172023 37.76413087),Bicycle
24712,1.0,Driver,North,Stopped,Driver,North,Stopped,Rear End,0,0,0,1,No Pedestrian Involved,POINT (-122.42458149 37.800997041),Other Motor Vehicle
24713,1.0,Driver,West,Making Left Turn,Driver,South,Proceeding Straight,Other,0,0,0,1,No Pedestrian Involved,POINT (-122.426359035 37.776930184),Other Object
24714,1.0,Driver,West,Making Left Turn,Pedestrian,Not Stated,Other,Vehicle/Pedestrian,1,0,0,1,Crossing in Crosswalk at Intersection,POINT (-122.413786659 37.806554633),Pedestrian
24715,1.0,Driver,East,Making Right Turn,Pedestrian,North,Proceeding Straight,Vehicle/Pedestrian,1,0,0,1,Crossing in Crosswalk at Intersection,POINT (-122.417880067 37.785169929),Pedestrian
24716,1.0,Driver,West,Backing,Driver,West,Proceeding Straight,Rear End,0,0,0,1,No Pedestrian Involved,POINT (-122.400024529 37.780468934),Other Motor Vehicle
24717,1.0,Driver,West,Other Unsafe Turning,Driver,West,Proceeding Straight,Sideswipe,0,0,0,1,No Pedestrian Involved,POINT (-122.422286646 37.781751804),Other Motor Vehicle
24718,,Driver,East,Proceeding Straight,Bicyclist,North,Making Left Turn,Rear End,0,1,0,1,No Pedestrian Involved,POINT (-122.402524097 37.776039321),Bicycle
24719,1.0,Bicyclist,North,Proceeding Straight,Driver,North,Stopped,Rear End,0,1,0,1,No Pedestrian Involved,POINT (-122.426027388 37.761370531),Bicycle
24720,1.0,Driver,East,Proceeding Straight,Driver,East,Stopped,Rear End,0,0,0,1,No Pedestrian Involved,POINT (-122.397390194 37.729940181),Other Motor Vehicle
24721,1.0,Driver,East,Making Left Turn,Driver,Not Stated,Proceeding Straight,Head-On,0,0,0,1,No Pedestrian Involved,POINT (-122.404935168 37.741426553),Other Motor Vehicle
24722,1.0,Parked Vehicle,East,Parked,Driver,East,Proceeding Straight,Sideswipe,0,0,0,1,No Pedestrian Involved,POINT (-122.413309144 37.785746909),Parked Motor Vehicle
24723,1.0,Driver,West,Proceeding Straight,Driver,West,Stopped In Road,Not Stated,0,0,0,1,No Pedestrian Involved,POINT (-122.472312256 37.780655828),Other Motor Vehicle
24724,1.0,Driver,South,Ran Off Road,Unknown,Unknown,Unknown,Overturned,0,0,0,1,No Pedestrian Involved,POINT (-122.494030531 37.729460833),Fixed Object
24725,1.0,Driver,East,Proceeding Straight,Driver,East,Proceeding Straight,Rear End,0,0,0,1,No Pedestrian Involved,POINT (-122.470981669 37.78078399),Other Motor Vehicle
24726,1.0,Driver,South,Parked,Bicyclist,South,Proceeding Straight,Hit Object,0,1,0,1,No Pedestrian Involved,POINT (-122.484618479 37.763114754),Bicycle
24727,1.0,Driver,East,Proceeding Straight,Driver,East,Proceeding Straight,Rear End,0,0,0,1,No Pedestrian Involved,POINT (-122.465376633 37.765969942),Other Motor Vehicle
24728,1.0,Driver,North,Proceeding Straight,Driver,East,Proceeding Straight,Broadside,0,0,0,1,No Pedestrian Involved,POINT (-122.471638565 37.778752208),Other Motor Vehicle
24729,1.0,Driver,East,Proceeding Straight,Driver,South,Proceeding Straight,Broadside,0,0,0,1,No Pedestrian Involved,POINT (-122.461736598 37.730022031),Other Motor Vehicle
24730,1.0,Driver,South,Making Left Turn,Pedestrian,East,Other,Vehicle/Pedestrian,1,0,0,1,Crossing in Crosswalk at Intersection,POINT (-122.425109521 37.804145846),Pedestrian
24731,,Driver,North,Proceeding Straight,Driver,North,Stopped In Road,Rear End,0,0,0,1,No Pedestrian Involved,POINT (-122.419325711 37.761485344),Other Motor Vehicle
24732,1.0,Driver,West,Stopped,Unknown,Unknown,Unknown,Hit Object,0,0,0,1,No Pedestrian Involved,POINT (-122.409761759 37.749544315),Fixed Object
24733,,Driver,North,Proceeding Straight,Driver,West,Proceeding Straight,Broadside,0,0,0,1,No Pedestrian Involved,POINT (-122.431574642 37.777699925),Not Stated
24734,1.0,Driver,South,Making U Turn,Other,South,Proceeding Straight,Broadside,0,0,0,1,No Pedestrian Involved,POINT (-122.420210436 37.7882227),Other Motor Vehicle
24735,1.0,Driver,North,Proceeding Straight,Driver,North,Stopped In Road,Rear End,0,0,0,1,No Pedestrian Involved,POINT (-122.433658289 37.779662729),Other Motor Vehicle
24736,1.0,Bicyclist,West,Changing Lanes,Driver,West,Proceeding Straight,Sideswipe,0,1,0,1,No Pedestrian Involved,POINT (-122.418897965 37.772916439),Bicycle
24737,1.0,Driver,West,Proceeding Straight,Unknown,Unknown,Unknown,Head-On,0,0,0,1,No Pedestrian Involved,POINT (-122.485075178 37.723999727),Fixed Object
24738,1.0,Driver,North,Proceeding Straight,Driver,North,Stopped In Road,Rear End,0,0,0,1,No Pedestrian Involved,POINT (-122.419839597 37.778456987),Other Motor Vehicle
24739,1.0,Driver,East,Making Left Turn,Pedestrian,North,Proceeding Straight,Vehicle/Pedestrian,1,0,0,1,Crossing in Crosswalk at Intersection,POINT (-122.450047775 37.782122206),Pedestrian
24740,1.0,Driver,East,Proceeding Straight,Parked Vehicle,East,Parked,Sideswipe,0,0,0,1,No Pedestrian Involved,POINT (-122.446368156 37.756470911),Parked Motor Vehicle
24741,1.0,Driver,North,Making U Turn,Driver,South,Proceeding Straight,Broadside,0,0,0,1,No Pedestrian Involved,POINT (-122.483614307 37.764145354),Other Motor Vehicle
24742,1.0,Driver,East,Proceeding Straight,Pedestrian,Not Stated,Not Stated,Vehicle/Pedestrian,1,0,0,1,Not in Road,POINT (-122.40753237 37.780288041),Pedestrian
24743,1.0,Driver,West,Proceeding Straight,Driver,West,Proceeding Straight,Rear End,0,0,0,1,No Pedestrian Involved,POINT (-122.427880718 37.77529764),Other Motor Vehicle
24744,1.0,Driver,East,Making Left Turn,Pedestrian,North,Proceeding Straight,Vehicle/Pedestrian,1,0,0,1,Crossing in Crosswalk at Intersection,POINT (-122.48799608 37.74999008),Pedestrian
24745,,Driver,North,Proceeding Straight,Driver,North,Making Right Turn,Rear End,0,0,0,1,No Pedestrian Involved,POINT (-122.476380734 37.754546763),Other Motor Vehicle
24746,1.0,Driver,South,Proceeding Straight,Driver,South,Proceeding Straight,Broadside,0,0,0,1,No Pedestrian Involved,POINT (-122.422978149 37.776883527),Other Motor Vehicle
24747,1.0,Driver,South,Proceeding Straight,Driver,South,Proceeding Straight,Hit Object,0,0,0,1,No Pedestrian Involved,POINT (-122.416827153 37.788177891),Parked Motor Vehicle
24748,1.0,Driver,South,Proceeding Straight,Unknown,Unknown,Unknown,Hit Object,0,0,0,1,No Pedestrian Involved,POINT (-122.379347109 37.73167941),Fixed Object
24749,1.0,Driver,South,Making Left Turn,Pedestrian,East,Proceeding Straight,Vehicle/Pedestrian,1,0,0,1,Crossing in Crosswalk at Intersection,POINT (-122.437429621 37.803096319),Pedestrian
24750,1.0,Driver,North,Making Left Turn,Bicyclist,West,Proceeding Straight,Broadside,0,1,0,1,No Pedestrian Involved,POINT (-122.460552663 37.774031134),Bicycle
24751,,Driver,North,Not Stated,Driver,North,Stopped,Rear End,0,0,0,1,No Pedestrian Involved,POINT (-122.411643322 37.718675368),Other Motor Vehicle
24752,1.0,Driver,South,Other Unsafe Turning,Bicyclist,South,Proceeding Straight,Sideswipe,0,1,0,1,No Pedestrian Involved,POINT (-122.409934391 37.759737689),Bicycle
24753,1.0,Bicyclist,South,Making Left Turn,Driver,West,Proceeding Straight,Sideswipe,0,1,0,1,No Pedestrian Involved,POINT (-122.407159488 37.779738906),Bicycle
24754,1.0,Driver,East,Proceeding Straight,Parked Vehicle,South,Parked,Broadside,0,0,0,1,No Pedestrian Involved,POINT (-122.424526185 37.735194835),Parked Motor Vehicle
24755,,Driver,South,Making Right Turn,Pedestrian,South,Parked,Vehicle/Pedestrian,1,0,0,1,"In Road, Including Shoulder",POINT (-122.389237753 37.72641515),Pedestrian
24756,1.0,Bicyclist,West,Traveling Wrong Way,Driver,South,Proceeding Straight,Broadside,0,1,0,1,No Pedestrian Involved,POINT (-122.416838007 37.779929469),Bicycle
24757,1.0,Driver,South,Backing,Pedestrian,South,Stopped,Vehicle/Pedestrian,1,0,0,1,Not in Road,POINT (-122.421239593 37.76495646),Pedestrian
24758,1.0,Driver,South,Making Left Turn,Driver,South,Proceeding Straight,Sideswipe,1,0,0,1,Not Stated,POINT (-122.411277937 37.771578677),Other Motor Vehicle
24759,1.0,Driver,East,Proceeding Straight,Parked Vehicle,East,Parked,Rear End,0,0,0,1,No Pedestrian Involved,POINT (-122.479744371 37.765370647),Parked Motor Vehicle
24760,1.0,Driver,East,Changing Lanes,Driver,East,Proceeding Straight,Sideswipe,0,0,0,1,No Pedestrian Involved,POINT (-122.424539039 37.774772867),Other Motor Vehicle
24761,1.0,Driver,East,Making U Turn,Driver,East,Proceeding Straight,Broadside,0,0,0,1,No Pedestrian Involved,POINT (-122.483864396 37.727019523),Other Motor Vehicle
24762,1.0,Pedestrian,South,Proceeding Straight,Driver,East,Proceeding Straight,Vehicle/Pedestrian,1,0,0,1,Crossing Not in Crosswalk,POINT (-122.42441169 37.768006425),Pedestrian
24763,1.0,Driver,East,Changing Lanes,Driver,East,Proceeding Straight,Sideswipe,0,0,0,1,No Pedestrian Involved,POINT (-122.42768415 37.774370993),Other Motor Vehicle