party_id,party_at_fault,party1_type,party1_dir_of_travel,party1_move_pre_acc,party2_type,party2_dir_of_travel,party2_move_pre_acc,type_of_collision,involves_pedestrian,involves_bicycle,involves_motorcycle,involves_vehicle,ped_action,point,mviw
28797,2.0,Driver,South,Proceeding Straight,Pedestrian,East,Other,Vehicle/Pedestrian,1,0,0,1,Crossing in Crosswalk at Intersection,POINT (-122.39562611 37.722447347),Pedestrian
28798,1.0,Driver,North,Proceeding Straight,Pedestrian,Not Stated,Stopped,Vehicle/Pedestrian,1,0,0,1,Crossing in Crosswalk at Intersection,POINT (-122.420493442 37.789620438),Pedestrian
28799,1.0,Driver,West,Making Right Turn,Unknown,Unknown,Unknown,Hit Object,0,0,0,1,No Pedestrian Involved,POINT (-122.406213364 37.769462546),Fixed Object
28800,1.0,Driver,East,Proceeding Straight,Pedestrian,North,Proceeding Straight,Vehicle/Pedestrian,1,0,0,1,Crossing in Crosswalk at Intersection,POINT (-122.446783404 37.761781414),Pedestrian
28801,1.0,Driver,West,Making U Turn,Driver,East,Proceeding Straight,Broadside,0,0,0,1,No Pedestrian Involved,POINT (-122.437694705 37.79963393),Other Motor Vehicle
28802,1.0,Driver,West,Making Left Turn,Driver,East,Proceeding Straight,Broadside,0,0,0,1,No Pedestrian Involved,POINT (-122.393122628 37.757650785),Other Motor Vehicle
28803,1.0,Driver,East,Making Left Turn,Driver,East,Proceeding Straight,Sideswipe,0,0,0,1,No Pedestrian Involved,POINT (-122.407146281 37.806427814),Other Motor Vehicle
28804,1.0,Bicyclist,West,Proceeding Straight,Driver,South,Making Right Turn,Broadside,0,1,0,1,No Pedestrian Involved,POINT (-122.391289757 37.730411352),Bicycle
28805,1.0,Driver,West,Proceeding Straight,Pedestrian,North,Proceeding Straight,Vehicle/Pedestrian,1,0,0,1,Crossing in Crosswalk at Intersection,POINT (-122.50501447 37.747367295),Pedestrian
28806,1.0,Driver,North,Making Left Turn,Bicyclist,South,Proceeding Straight,Broadside,0,1,0,1,No Pedestrian Involved,POINT (-122.391002477 37.782211374),Bicycle
28807,1.0,Driver,South,Parked,Bicyclist,South,Proceeding Straight,Other,0,1,0,1,No Pedestrian Involved,POINT (-122.415573426 37.768111538),Bicycle
28808,1.0,Parked Vehicle,South,Parked,Driver,South,Proceeding Straight,Broadside,0,0,0,1,No Pedestrian Involved,POINT (-122.420743268 37.807590107),Other Motor Vehicle
28809,1.0,Driver,West,Making Left Turn,Pedestrian,West,Proceeding Straight,Vehicle/Pedestrian,1,0,0,1,Crossing in Crosswalk at Intersection,POINT (-122.413541443 37.788598204),Pedestrian
28810,,Bicyclist,West,Making Left Turn,Bicyclist,South,Proceeding Straight,Broadside,0,1,0,0,No Pedestrian Involved,POINT (-122.418708904 37.780773161),Bicycle
28811,1.0,Driver,South,Making Left Turn,Driver,South,Proceeding Straight,Sideswipe,0,0,0,1,No Pedestrian Involved,POINT (-122.430554791 37.729535432),Other Motor Vehicle
28812,1.0,Driver,North,Proceeding Straight,Driver,North,Stopped In Road,Rear End,0,0,0,1,No Pedestrian Involved,POINT (-122.424134191 37.739517333),Other Motor Vehicle
28813,1.0,Driver,East,Proceeding Straight,Pedestrian,East,Other,Vehicle/Pedestrian,1,0,0,1,"In Road, Including Shoulder",POINT (-122.41600028 37.711914556),Pedestrian
28814,1.0,Other,East,Proceeding Straight,Pedestrian,South,Other,Vehicle/Pedestrian,1,0,0,0,Crossing in Crosswalk at Intersection,POINT (-122.390746947 37.77872722),Pedestrian
28815,1.0,Driver,North,Making Left Turn,Driver,North,Proceeding Straight,Sideswipe,0,0,0,1,No Pedestrian Involved,POINT (-122.423781081 37.78920314),Other Motor Vehicle
28816,1.0,Driver,East,Entering Traffic,Driver,West,Proceeding Straight,Broadside,0,0,0,1,No Pedestrian Involved,POINT (-122.455289746 37.770929661),Other Motor Vehicle
28817,1.0,Driver,West,Making Right Turn,Driver,East,Proceeding Straight,Head-On,0,0,0,1,No Pedestrian Involved,POINT (-122.423028463 37.753569181),Other Motor Vehicle
28818,1.0,Driver,East,Making Left Turn,Driver,Not Stated,Proceeding Straight,Broadside,0,0,0,1,No Pedestrian Involved,POINT (-122.394300038 37.78008973),Other Motor Vehicle
28819,1.0,Driver,West,Making Left Turn,Driver,East,Proceeding Straight,Broadside,0,0,0,1,No Pedestrian Involved,POINT (-122.437847944 37.783717638),Other Motor Vehicle
28820,1.0,Bicyclist,East,Proceeding Straight,Unknown,Unknown,Unknown,Other,0,0,0,0,No Pedestrian Involved,POINT (-122.424102684 37.764783453),Non-Collision
28821,,Driver,North,Proceeding Straight,Unknown,Unknown,Unknown,Other,0,0,0,1,No Pedestrian Involved,POINT (-122.401164837 37.789096445),Non-Collision
28822,1.0,Bicyclist,North,Entering Traffic,Driver,East,Proceeding Straight,Broadside,0,1,0,1,No Pedestrian Involved,POINT (-122.414711003 37.77623052),Bicycle
28823,1.0,Pedestrian,West,Other,Driver,North,Entering Traffic,Vehicle/Pedestrian,1,0,0,1,"In Road, Including Shoulder",POINT (-122.401107446 37.785530099),Pedestrian
28824,1.0,Driver,South,Proceeding Straight,Driver,East,Proceeding Straight,Broadside,0,0,0,1,No Pedestrian Involved,POINT (-122.495630257 37.751526823),Other Motor Vehicle
28825,1.0,Driver,West,Proceeding Straight,Driver,North,Proceeding Straight,Broadside,0,0,0,1,No Pedestrian Involved,POINT (-122.454175993 37.781598822),Other Motor Vehicle
28826,,Driver,North,Proceeding Straight,Bicyclist,North,Proceeding Straight,Sideswipe,0,1,0,1,No Pedestrian Involved,POINT (-122.406978585 37.739566273),Bicycle
28827,1.0,Driver,West,Proceeding Straight,Bicyclist,West,Proceeding Straight,Sideswipe,0,1,0,1,No Pedestrian Involved,POINT (-122.47736283 37.766062486),Bicycle
28828,1.0,Pedestrian,North,Proceeding Straight,Driver,Not Stated,Proceeding Straight,Sideswipe,1,0,0,1,Crossing in Crosswalk at Intersection,POINT (-122.442647897 37.79900005),Pedestrian
28829,1.0,Driver,South,Making Left Turn,Driver,Not Stated,Not Stated,Rear End,0,0,0,1,No Pedestrian Involved,POINT (-122.411484129 37.748298287),Other Motor Vehicle
28830,1.0,Driver,South,Crossed Into Opposing Lane,Driver,North,Stopped In Road,Head-On,0,0,0,1,No Pedestrian Involved,POINT (-122.419272775 37.731291061),Other Motor Vehicle
28831,1.0,Driver,West,Proceeding Straight,Driver,South,Proceeding Straight,Broadside,0,0,0,1,No Pedestrian Involved,POINT (-122.404070257 37.777272703),Other Motor Vehicle
28832,1.0,Bicyclist,North,Proceeding Straight,Driver,East,Making Left Turn,Head-On,0,1,0,1,No Pedestrian Involved,POINT (-122.463169718 37.781049698),Bicycle
28833,1.0,Driver,West,Proceeding Straight,Driver,West,Slowing/Stopping,Rear End,0,0,0,1,No Pedestrian Involved,POINT (-122.484194201 37.772569062),Other Motor Vehicle
28834,1.0,Driver,East,Proceeding Straight,Driver,East,Slowing/Stopping,Rear End,1,0,0,1,Crossing in Crosswalk at Intersection,POINT (-122.488074288 37.764999474),Other Motor Vehicle
28835,1.0,Driver,East,Proceeding Straight,Bicyclist,South,Proceeding Straight,Broadside,0,1,0,1,No Pedestrian Involved,POINT (-122.401487581 37.794839498),Bicycle
28836,1.0,Driver,South,Proceeding Straight,Unknown,Unknown,Unknown,Overturned,0,0,0,1,No Pedestrian Involved,POINT (-122.419122535 37.770963945),Other Object
28837,1.0,Driver,North,Changing Lanes,Parked Vehicle,North,Parked,Sideswipe,0,0,0,1,No Pedestrian Involved,POINT (-122.402631451 37.776124961),Parked Motor Vehicle
28838,,Driver,West,Proceeding Straight,Parked Vehicle,Not Stated,Proceeding Straight,Rear End,0,0,0,1,No Pedestrian Involved,POINT (-122.428716395 37.772326748),Parked Motor Vehicle
28839,1.0,Driver,West,Proceeding Straight,Driver,West,Stopped In Road,Rear End,0,0,0,1,No Pedestrian Involved,POINT (-122.421534422 37.777065291),Other Motor Vehicle
28840,1.0,Pedestrian,West,Other,Driver,South,Slowing/Stopping,Vehicle/Pedestrian,1,0,0,1,Crossing in Crosswalk at Intersection,POINT (-122.412782128 37.784866245),Pedestrian
28841,1.0,Driver,North,Stopped In Road,Driver,Not Stated,Stopped In Road,Rear End,0,0,0,1,No Pedestrian Involved,POINT (-122.404349826 37.710103929),Other Motor Vehicle
28842,1.0,Driver,South,Making Left Turn,Pedestrian,Not Stated,Not Stated,Vehicle/Pedestrian,1,0,0,1,Crossing in Crosswalk at Intersection,POINT (-122.407727187 37.793178301),Pedestrian
28843,,Other,East,Other,Driver,North,Proceeding Straight,Sideswipe,0,0,0,1,No Pedestrian Involved,POINT (-122.397980977 37.718177726),Other Object
28844,,Bicyclist,North,Proceeding Straight,Parked Vehicle,North,Parked,Sideswipe,0,1,0,0,No Pedestrian Involved,POINT (-122.431717012 37.770034859),Bicycle
28845,1.0,Driver,West,Making Left Turn,Pedestrian,North,Proceeding Straight,Vehicle/Pedestrian,1,0,0,1,Crossing in Crosswalk at Intersection,POINT (-122.426228479 37.76303087),Pedestrian
28846,1.0,Bicyclist,Not Stated,Proceeding Straight,Driver,West,Making Left Turn,Broadside,0,1,0,1,No Pedestrian Involved,POINT (-122.481929204 37.785884439),Bicycle
28847,1.0,Pedestrian,South,Proceeding Straight,Driver,West,Proceeding Straight,Vehicle/Pedestrian,1,0,0,1,Crossing in Crosswalk at Intersection,POINT (-122.420008321 37.770111449),Pedestrian
28848,,Driver,East,Making Right Turn,Pedestrian,South,Proceeding Straight,Vehicle/Pedestrian,1,0,0,1,Crossing in Crosswalk at Intersection,POINT (-122.434798414 37.724682554),Pedestrian
28849,1.0,Pedestrian,North,Other,Driver,South,Proceeding Straight,Vehicle/Pedestrian,1,0,0,1,"In Road, Including Shoulder",POINT (-122.41911608 37.746783206),Pedestrian
28850,1.0,Driver,East,Proceeding Straight,Driver,North,Proceeding Straight,Broadside,0,0,0,1,No Pedestrian Involved,POINT (-122.477010887 37.761699375),Other Motor Vehicle
28851,1.0,Driver,East,Proceeding Straight,Driver,North,Proceeding Straight,Broadside,0,0,0,1,No Pedestrian Involved,POINT (-122.446283674 37.774871103),Other Motor Vehicle
28852,1.0,Driver,South,Parked,Bicyclist,South,Proceeding Straight,Other,0,1,0,1,No Pedestrian Involved,POINT (-122.415155086 37.763696766),Bicycle
28853,1.0,Driver,North,Crossed Into Opposing Lane,Parked Vehicle,South,Not Stated,Head-On,0,0,0,1,No Pedestrian Involved,POINT (-122.389072507 37.729738755),Parked Motor Vehicle
28854,1.0,Pedestrian,East,Entering Traffic,Driver,Not Stated,Changing Lanes,Sideswipe,1,0,0,1,"In Road, Including Shoulder",POINT (-122.42401007 37.790333805),Pedestrian
28855,1.0,Driver,West,Proceeding Straight,Driver,West,Proceeding Straight,Rear End,0,0,0,1,No Pedestrian Involved,POINT (-122.483149377 37.714697466),Other Motor Vehicle
28856,1.0,Driver,West,Proceeding Straight,Driver,West,Slowing/Stopping,Rear End,0,0,0,1,No Pedestrian Involved,POINT (-122.425109521 37.804145845),Other Motor Vehicle
28857,1.0,Other,North,Traveling Wrong Way,Driver,South,Proceeding Straight,Other,1,0,0,1,Not Stated,POINT (-122.477936681 37.759784493),Not Stated
28858,,Other,Not Stated,Stopped In Road,Bicyclist,East,Not Stated,Other,0,1,0,0,No Pedestrian Involved,POINT (-122.41933897 37.77501943),Bicycle
28859,1.0,Driver,West,Proceeding Straight,Pedestrian,North,Proceeding Straight,Vehicle/Pedestrian,1,0,0,1,Crossing in Crosswalk at Intersection,POINT (-122.471652115 37.719640203),Pedestrian
28860,1.0,Pedestrian,East,Parked,Driver,Not Stated,Not Stated,Vehicle/Pedestrian,1,0,0,1,Crossing Not in Crosswalk,POINT (-122.419181704 37.7831014),Pedestrian
28861,,Driver,West,Slowing/Stopping,Pedestrian,South,Other,Vehicle/Pedestrian,1,0,0,1,Crossing Not in Crosswalk,POINT (-122.412512256 37.780478512),Pedestrian
28862,1.0,Driver,South,Stopped In Road,Pedestrian,West,Proceeding Straight,Broadside,1,0,0,1,Crossing Not in Crosswalk,POINT (-122.489943419 37.762418158),Pedestrian
28863,1.0,Driver,South,Stopped,Parked Vehicle,South,Parked,Other,1,0,0,1,Not Stated,POINT (-122.44883578 37.788856511),Parked Motor Vehicle
28864,,Driver,East,Other,Driver,East,Proceeding Straight,Sideswipe,0,0,0,1,No Pedestrian Involved,POINT (-122.421737613 37.769907835),Other Motor Vehicle
28865,1.0,Driver,West,Proceeding Straight,Unknown,Unknown,Unknown,Hit Object,0,0,0,1,No Pedestrian Involved,POINT (-122.443345611 37.71392819),Other Object
28866,1.0,Driver,South,Changing Lanes,Driver,North,Stopped In Road,Sideswipe,0,0,0,1,No Pedestrian Involved,POINT (-122.418798342 37.755965766),Other Motor Vehicle
28867,,Driver,East,Making Right Turn,Bicyclist,East,Proceeding Straight,Sideswipe,0,1,0,1,No Pedestrian Involved,POINT (-122.424312277 37.772886933),Bicycle
28868,1.0,Driver,West,Changing Lanes,Driver,West,Proceeding Straight,Sideswipe,0,0,0,1,No Pedestrian Involved,POINT (-122.406911684 37.791350148),Other Motor Vehicle
28869,,Driver,East,Making U Turn,Driver,West,Proceeding Straight,Broadside,0,0,0,1,No Pedestrian Involved,POINT (-122.474045318 37.765592924),Motor Vehicle on Other Roadway
28870,1.0,Driver,South,Changing Lanes,Driver,South,Stopped In Road,Sideswipe,0,0,0,1,No Pedestrian Involved,POINT (-122.446091727 37.773935371),Other Motor Vehicle
28871,1.0,Driver,West,Proceeding Straight,Parked Vehicle,West,Parked,Rear End,0,0,0,1,No Pedestrian Involved,POINT (-122.385676099 37.733834095),Parked Motor Vehicle
28872,1.0,Driver,South,Making Left Turn,Pedestrian,West,Proceeding Straight,Vehicle/Pedestrian,1,0,0,1,Crossing in Crosswalk at Intersection,POINT (-122.411591358 37.776209601),Pedestrian
28873,1.0,Driver,East,Making Left Turn,Pedestrian,North,Proceeding Straight,Vehicle/Pedestrian,1,0,0,1,Crossing in Crosswalk at Intersection,POINT (-122.465919985 37.758444594),Pedestrian
28874,1.0,Other,East,Proceeding Straight,Driver,North,Entering Traffic,Broadside,0,0,0,1,No Pedestrian Involved,POINT (-122.410680595 37.777829251),Other Motor Vehicle
28875,1.0,Driver,West,Proceeding Straight,Pedestrian,North,Proceeding Straight,Vehicle/Pedestrian,1,0,0,1,Crossing in Crosswalk at Intersection,POINT (-122.436449314 37.723787847),Pedestrian
28876,1.0,Driver,East,Changing Lanes,Driver,East,Proceeding Straight,Sideswipe,0,0,0,1,No Pedestrian Involved,POINT (-122.406610693 37.748765639),Other Motor Vehicle
28877,,Driver,South,Parked,Bicyclist,South,Proceeding Straight,Vehicle/Pedestrian,1,1,0,1,No Pedestrian Involved,POINT (-122.421745414 37.763444814),Bicycle
28878,,Driver,West,Proceeding Straight,Driver,West,Stopped In Road,Not Stated,1,0,0,1,Not Stated,POINT (-122.464296828 37.765962835),Not Stated
28879,1.0,Driver,West,Proceeding Straight,Driver,South,Proceeding Straight,Broadside,0,0,0,1,No Pedestrian Involved,POINT (-122.483685437 37.765160177),Other Motor Vehicle
28880,1.0,Driver,North,Proceeding Straight,Unknown,Unknown,Unknown,Other,0,0,0,1,No Pedestrian Involved,POINT (-122.470208828 37.773846574),Other Object
28881,1.0,Driver,South,Making Right Turn,Driver,East,Stopped In Road,Rear End,0,0,0,1,No Pedestrian Involved,POINT (-122.438329414 37.720015525),Other Motor Vehicle
28882,1.0,Pedestrian,West,Other,Driver,South,Proceeding Straight,Vehicle/Pedestrian,1,0,0,1,Crossing in Crosswalk at Intersection,POINT (-122.421393308 37.785685802),Pedestrian
28883,1.0,Driver,South,Proceeding Straight,Driver,South,Stopped In Road,Rear End,0,0,0,1,No Pedestrian Involved,POINT (-122.421816869 37.742610248),Other Motor Vehicle
28884,1.0,Driver,South,Making Left Turn,Pedestrian,East,Proceeding Straight,Vehicle/Pedestrian,1,0,0,1,Crossing in Crosswalk Not at Intersection,POINT (-122.409874016 37.787149144),Pedestrian
28885,1.0,Driver,West,Changing Lanes,Driver,West,Making Left Turn,Rear End,0,0,0,1,No Pedestrian Involved,POINT (-122.428400275 37.80372713),Other Motor Vehicle
28886,1.0,Driver,East,Proceeding Straight,Driver,East,Proceeding Straight,Rear End,0,0,0,1,No Pedestrian Involved,POINT (-122.424858422 37.786196428),Other Motor Vehicle
28887,1.0,Driver,West,Making Left Turn,Pedestrian,East,Proceeding Straight,Vehicle/Pedestrian,1,0,0,1,Crossing in Crosswalk at Intersection,POINT (-122.408271588 37.778860687),Pedestrian
28888,1.0,Pedestrian,North,Proceeding Straight,Driver,East,Proceeding Straight,Vehicle/Pedestrian,1,0,0,1,Crossing in Crosswalk at Intersection,POINT (-122.396705177 37.785542131),Pedestrian
28889,1.0,Bicyclist,East,Proceeding Straight,Bicyclist,East,Proceeding Straight,Sideswipe,0,0,0,0,No Pedestrian Involved,POINT (-122.412547566 37.755811267),Not Stated
28890,1.0,Driver,North,Parking Maneuver,Unknown,Unknown,Unknown,Hit Object,0,0,0,1,No Pedestrian Involved,POINT (-122.420878483 37.719463143),Fixed Object
28891,1.0,Driver,East,Making Left Turn,Pedestrian,North,Proceeding Straight,Vehicle/Pedestrian,1,0,0,1,Crossing in Crosswalk at Intersection,POINT (-122.409683073 37.786202665),Pedestrian
28892,1.0,Driver,East,Proceeding Straight,Driver,North,Making Left Turn,Broadside,0,0,0,1,No Pedestrian Involved,POINT (-122.41127262 37.755887569),Other Motor Vehicle
28893,1.0,Driver,West,Making Right Turn,Pedestrian,South,Proceeding Straight,Vehicle/Pedestrian,1,0,0,1,Crossing in Crosswalk at Intersection,POINT (-122.421578401 37.761700909),Pedestrian
28894,2.0,Driver,West,Proceeding Straight,Pedestrian,North,Other,Vehicle/Pedestrian,1,0,0,1,Crossing Not in Crosswalk,POINT (-122.406182886 37.785529491),Pedestrian
28895,1.0,Driver,North,Slowing/Stopping,Driver,North,Stopped In Road,Rear End,0,0,0,1,No Pedestrian Involved,POINT (-122.422310655 37.74637652),Non-Collision
28896,1.0,Driver,South,Making Right Turn,Pedestrian,East,Other,Vehicle/Pedestrian,1,0,0,1,Crossing in Crosswalk at Intersection,POINT (-122.464423765 37.782923342),Pedestrian
28897,1.0,Pedestrian,North,Proceeding Straight,Driver,East,Proceeding Straight,Vehicle/Pedestrian,1,0,0,1,Crossing in Crosswalk at Intersection,POINT (-122.469272372 37.710598455),Pedestrian
28898,1.0,Driver,West,Proceeding Straight,Driver,West,Proceeding Straight,Sideswipe,0,0,0,1,No Pedestrian Involved,POINT (-122.386554542 37.741950241),Other Motor Vehicle
28899,1.0,Driver,East,Passing Other Vehicle,Driver,East,Entering Traffic,Sideswipe,0,0,0,1,No Pedestrian Involved,POINT (-122.438037934 37.774961292),Other Motor Vehicle
28900,1.0,Driver,East,Proceeding Straight,Parked Vehicle,East,Parked,Rear End,0,0,0,1,No Pedestrian Involved,POINT (-122.425085701 37.796502191),Parked Motor Vehicle
28901,1.0,Driver,South,Proceeding Straight,Driver,Not Stated,Not Stated,Sideswipe,0,0,0,1,No Pedestrian Involved,POINT (-122.411786 37.797103882),Parked Motor Vehicle
28902,1.0,Driver,East,Making Left Turn,Driver,East,Proceeding Straight,Sideswipe,0,0,0,1,No Pedestrian Involved,POINT (-122.419547854 37.78496026),Other Motor Vehicle
28903,1.0,Driver,West,Making Left Turn,Pedestrian,South,Proceeding Straight,Vehicle/Pedestrian,1,0,0,1,Crossing in Crosswalk at Intersection,POINT (-122.429224619 37.770350618),Pedestrian
28904,1.0,Driver,East,Changing Lanes,Driver,East,Proceeding Straight,Rear End,0,0,0,1,No Pedestrian Involved,POINT (-122.413353963 37.787663599),Other Motor Vehicle
28905,1.0,Driver,West,Crossed Into Opposing Lane,Driver,East,Proceeding Straight,Head-On,0,0,0,1,No Pedestrian Involved,POINT (-122.424285019 37.728730959),Other Motor Vehicle
28906,1.0,Driver,North,Stopped In Road,Driver,North,Stopped In Road,Rear End,0,0,0,1,No Pedestrian Involved,POINT (-122.4034308 37.787641849),Other Motor Vehicle
28907,1.0,Driver,South,Proceeding Straight,Driver,Not Stated,Backing,Sideswipe,0,0,0,1,No Pedestrian Involved,POINT (-122.431070215 37.775195012),Other Motor Vehicle
28908,1.0,Driver,South,Making Left Turn,Driver,East,Proceeding Straight,Broadside,0,0,0,1,No Pedestrian Involved,POINT (-122.444847226 37.746945373),Motor Vehicle on Other Roadway
28909,1.0,Pedestrian,West,Proceeding Straight,Driver,North,Proceeding Straight,Broadside,1,0,0,1,"In Road, Including Shoulder",POINT (-122.409189818 37.800445061),Pedestrian
28910,,Pedestrian,West,Proceeding Straight,Driver,North,Proceeding Straight,Vehicle/Pedestrian,1,0,0,1,Crossing in Crosswalk at Intersection,POINT (-122.405675357 37.806693728),Pedestrian
28911,1.0,Driver,North,Backing,Parked Vehicle,Not Stated,Parked,Hit Object,0,0,0,1,No Pedestrian Involved,POINT (-122.415854333 37.712241597),Fixed Object
28912,1.0,Bicyclist,West,Making Left Turn,Driver,East,Proceeding Straight,Sideswipe,0,1,0,1,No Pedestrian Involved,POINT (-122.479895428 37.770495878),Bicycle
28913,,Driver,East,Proceeding Straight,Driver,East,Proceeding Straight,Sideswipe,0,0,0,1,No Pedestrian Involved,POINT (-122.4060743 37.732294944),Other Motor Vehicle
28914,1.0,Driver,East,Making Right Turn,Unknown,Unknown,Unknown,Hit Object,0,0,0,1,No Pedestrian Involved,POINT (-122.389865003 37.774551171),Fixed Object
28915,1.0,Driver,North,Proceeding Straight,Parked Vehicle,North,Parked,Overturned,0,0,0,1,No Pedestrian Involved,POINT (-122.486347881 37.757070239),Parked Motor Vehicle
28916,1.0,Driver,West,Making Right Turn,Unknown,Unknown,Unknown,Hit Object,0,0,0,1,No Pedestrian Involved,POINT (-122.383425445 37.735803254),Fixed Object
28917,1.0,Driver,West,Proceeding Straight,Unknown,Unknown,Unknown,Hit Object,0,0,0,1,No Pedestrian Involved,POINT (-122.489641354 37.787486517),Fixed Object
28918,1.0,Driver,South,Making Left Turn,Driver,South,Making Left Turn,Sideswipe,0,0,0,1,No Pedestrian Involved,POINT (-122.403139295 37.794666281),Other Motor Vehicle
28919,,Other,North,Proceeding Straight,Driver,East,Making Right Turn,Broadside,0,0,0,1,No Pedestrian Involved,POINT (-122.387794889 37.78709724),Other Motor Vehicle
28920,1.0,Driver,South,Proceeding Straight,Driver,East,Proceeding Straight,Broadside,0,0,0,1,No Pedestrian Involved,POINT (-122.501272471 37.740048853),Other Motor Vehicle
28921,1.0,Driver,South,Proceeding Straight,Pedestrian,West,Not Stated,Vehicle/Pedestrian,1,0,0,1,Crossing in Crosswalk at Intersection,POINT (-122.435187963 37.762670708),Pedestrian
28922,1.0,Driver,West,Backing,Pedestrian,North,Not Stated,Vehicle/Pedestrian,1,0,0,1,Crossing Not in Crosswalk,POINT (-122.420430918 37.768246507),Pedestrian
28923,1.0,Driver,North,Proceeding Straight,Driver,West,Proceeding Straight,Broadside,0,0,0,1,No Pedestrian Involved,POINT (-122.42871211 37.788577068),Other Motor Vehicle
28924,,Driver,West,Making Left Turn,Driver,West,Making Left Turn,Rear End,0,0,0,1,No Pedestrian Involved,POINT (-122.426514001 37.794397548),Other Motor Vehicle
28925,1.0,Driver,East,Making Left Turn,Bicyclist,West,Proceeding Straight,Head-On,0,1,0,1,No Pedestrian Involved,POINT (-122.422364819 37.769867698),Bicycle
28926,1.0,Driver,East,Making Left Turn,Driver,East,Proceeding Straight,Broadside,0,0,0,1,No Pedestrian Involved,POINT (-122.417413628 37.768428727),Motor Vehicle on Other Roadway
28927,1.0,Driver,South,Proceeding Straight,Driver,South,Proceeding Straight,Rear End,0,0,0,1,No Pedestrian Involved,POINT (-122.494587322 37.743235393),Other Motor Vehicle
28928,1.0,Pedestrian,South,Other,Driver,West,Proceeding Straight,Vehicle/Pedestrian,1,0,0,1,Crossing Not in Crosswalk,POINT (-122.404582117 37.798130961),Pedestrian
28929,1.0,Driver,South,Proceeding Straight,Parked Vehicle,South,Parked,Sideswipe,0,0,0,1,No Pedestrian Involved,POINT (-122.389813903 37.737207039),Other Motor Vehicle
28930,1.0,Driver,West,Making Right Turn,Driver,West,Proceeding Straight,Broadside,0,0,0,1,No Pedestrian Involved,POINT (-122.437847944 37.783717638),Other Motor Vehicle
28931,1.0,Driver,East,Making Left Turn,Parked Vehicle,West,Parked,Broadside,0,0,0,1,No Pedestrian Involved,POINT (-122.416779029 37.709921593),Parked Motor Vehicle
28932,1.0,Bicyclist,West,Proceeding Straight,Driver,West,Proceeding Straight,Broadside,0,1,0,1,No Pedestrian Involved,POINT (-122.387876866 37.7639629),Bicycle
28933,1.0,Driver,South,Proceeding Straight,Pedestrian,East,Proceeding Straight,Vehicle/Pedestrian,1,0,0,1,Crossing Not in Crosswalk,POINT (-122.429441718 37.792189792),Pedestrian
28934,1.0,Driver,East,Proceeding Straight,Driver,North,Proceeding Straight,Broadside,0,0,0,1,No Pedestrian Involved,POINT (-122.43742294 37.773133493),Other Motor Vehicle
28935,1.0,Driver,North,Backing,Driver,North,Stopped In Road,Broadside,0,0,0,1,No Pedestrian Involved,POINT (-122.440718581 37.772630999),Other Motor Vehicle
28936,1.0,Driver,North,Proceeding Straight,Pedestrian,North,Other,Vehicle/Pedestrian,1,0,0,1,"In Road, Including Shoulder",POINT (-122.483143444 37.71851735),Non-Collision
28937,1.0,Driver,West,Proceeding Straight,Driver,West,Stopped In Road,Rear End,0,0,0,1,No Pedestrian Involved,POINT (-122.420964093 37.755294782),Other Motor Vehicle
28938,1.0,Driver,East,Parking Maneuver,Pedestrian,Not Stated,Entering Traffic,Vehicle/Pedestrian,1,0,0,1,"In Road, Including Shoulder",POINT (-122.411135327 37.794555603),Pedestrian
28939,1.0,Driver,West,Making Left Turn,Pedestrian,West,Proceeding Straight,Vehicle/Pedestrian,1,0,0,1,Crossing in Crosswalk at Intersection,POINT (-122.455216941 37.777599279),Pedestrian
28940,1.0,Bicyclist,North,Proceeding Straight,Driver,East,Making Left Turn,Head-On,0,1,0,1,No Pedestrian Involved,POINT (-122.445716665 37.772080394),Bicycle
28941,,Driver,South,Making Right Turn,Pedestrian,East,Proceeding Straight,Vehicle/Pedestrian,1,0,0,1,Crossing in Crosswalk at Intersection,POINT (-122.47814372 37.776590211),Other Motor Vehicle
28942,,Driver,North,Passing Other Vehicle,Driver,West,Making Right Turn,Sideswipe,0,0,0,1,No Pedestrian Involved,POINT (-122.446091727 37.773935371),Other Motor Vehicle
28943,1.0,Driver,North,Proceeding Straight,Driver,South,Stopped,Other,0,0,0,1,No Pedestrian Involved,POINT (-122.436029549 37.748373465),Other Object
28944,,Driver,East,Proceeding Straight,Driver,North,Proceeding Straight,Broadside,0,0,0,1,No Pedestrian Involved,POINT (-122.426468152 37.722825603),Other Motor Vehicle
28945,1.0,Driver,West,Proceeding Straight,Parked Vehicle,West,Parked,Rear End,0,0,0,1,No Pedestrian Involved,POINT (-122.433355983 37.801185064),Parked Motor Vehicle
28946,1.0,Driver,East,Proceeding Straight,Parked Vehicle,Not Stated,Parked,Head-On,0,0,0,1,No Pedestrian Involved,POINT (-122.38543957 37.728987142),Parked Motor Vehicle
28947,1.0,Driver,North,Proceeding Straight,Parked Vehicle,North,Parked,Sideswipe,0,0,0,1,No Pedestrian Involved,POINT (-122.449308667 37.709946203),Parked Motor Vehicle
28948,1.0,Driver,East,Proceeding Straight,Driver,East,Stopped,Rear End,0,0,0,1,No Pedestrian Involved,POINT (-122.420388143 37.748904455),Other Motor Vehicle
28949,1.0,Driver,East,Proceeding Straight,Bicyclist,East,Proceeding Straight,Sideswipe,0,1,0,1,No Pedestrian Involved,POINT (-122.451938581 37.771286136),Bicycle
28950,1.0,Driver,East,Proceeding Straight,Parked Vehicle,Not Stated,Not Stated,Hit Object,0,0,0,1,No Pedestrian Involved,POINT (-122.468297758 37.750887615),Parked Motor Vehicle