party_id,party_at_fault,party1_type,party1_dir_of_travel,party1_move_pre_acc,party2_type,party2_dir_of_travel,party2_move_pre_acc,type_of_collision,involves_pedestrian,involves_bicycle,involves_motorcycle,involves_vehicle,ped_action,point,mviw
29262,,Driver,East,Making Right Turn,Pedestrian,North,Proceeding Straight,Vehicle/Pedestrian,1,0,0,1,Crossing in Crosswalk at Intersection,POINT (-122.409309179 37.784349269),Pedestrian
29263,1.0,Driver,East,Making Right Turn,Pedestrian,South,Not Stated,Vehicle/Pedestrian,1,0,0,1,Crossing in Crosswalk at Intersection,POINT (-122.413845085 37.781865956),Pedestrian
29264,1.0,Driver,East,Making U Turn,Driver,North,Proceeding Straight,Broadside,0,0,0,1,No Pedestrian Involved,POINT (-122.435143708 37.732229774),Other Motor Vehicle
29265,1.0,Driver,South,Making Right Turn,Pedestrian,East,Other,Vehicle/Pedestrian,1,0,0,1,Crossing in Crosswalk at Intersection,POINT (-122.472044664 37.776860446),Pedestrian
29266,1.0,Driver,South,Making Left Turn,Driver,West,Proceeding Straight,Sideswipe,0,0,0,1,No Pedestrian Involved,POINT (-122.399616233 37.780791483),Other Motor Vehicle
29267,1.0,Driver,South,Making Left Turn,Pedestrian,West,Proceeding Straight,Not Stated,1,0,0,1,Crossing in Crosswalk at Intersection,POINT (-122.417199351 37.790018042),Pedestrian
29268,1.0,Driver,East,Parking Maneuver,Parked Vehicle,Not Stated,Parked,Broadside,0,0,0,1,No Pedestrian Involved,POINT (-122.39752676 37.753937809),Other Motor Vehicle
29269,1.0,Driver,West,Proceeding Straight,Driver,West,Making Left Turn,Broadside,0,0,0,1,No Pedestrian Involved,POINT (-122.454096162 37.720038192),Other Motor Vehicle
29270,1.0,Driver,South,Proceeding Straight,Pedestrian,West,Not Stated,Vehicle/Pedestrian,1,0,0,1,Crossing in Crosswalk at Intersection,POINT (-122.49945403 37.775607141),Pedestrian
29271,1.0,Bicyclist,East,Making Left Turn,Driver,East,Stopped,Sideswipe,0,1,0,1,No Pedestrian Involved,POINT (-122.410263525 37.797420186),Bicycle
29272,1.0,Driver,North,Changing Lanes,Driver,North,Proceeding Straight,Sideswipe,1,0,0,1,Crossing in Crosswalk at Intersection,POINT (-122.419506294 37.776368869),Other Motor Vehicle
29273,1.0,Driver,South,Proceeding Straight,Driver,South,Stopped In Road,Rear End,0,0,0,1,No Pedestrian Involved,POINT (-122.510938963 37.770450838),Other Motor Vehicle
29274,1.0,Driver,West,Proceeding Straight,Pedestrian,North,Stopped In Road,Vehicle/Pedestrian,1,0,0,1,Crossing in Crosswalk at Intersection,POINT (-122.476829556 37.774778827),Pedestrian
29275,1.0,Driver,East,Proceeding Straight,Driver,South,Proceeding Straight,Broadside,0,0,0,1,No Pedestrian Involved,POINT (-122.45314269 37.711221076),Other Motor Vehicle
29276,1.0,Pedestrian,West,Proceeding Straight,Driver,West,Entering Traffic,Vehicle/Pedestrian,1,0,0,1,"In Road, Including Shoulder",POINT (-122.421986173 37.804543172),Pedestrian
29277,1.0,Driver,North,Proceeding Straight,Driver,East,Proceeding Straight,Broadside,0,0,0,1,No Pedestrian Involved,POINT (-122.412075868 37.789739908),Other Motor Vehicle
29278,1.0,Driver,North,Proceeding Straight,Driver,West,Proceeding Straight,Broadside,0,0,0,1,No Pedestrian Involved,POINT (-122.402840618 37.779828524),Other Motor Vehicle
29279,1.0,Driver,West,Making Right Turn,Bicyclist,South,Proceeding Straight,Broadside,0,1,0,1,No Pedestrian Involved,POINT (-122.411606112 37.776221356),Bicycle
29280,1.0,Pedestrian,East,Proceeding Straight,Driver,North,Entering Traffic,Vehicle/Pedestrian,1,0,0,1,"In Road, Including Shoulder",POINT (-122.405105412 37.796215639),Pedestrian
29281,1.0,Bicyclist,North,Proceeding Straight,Unknown,Unknown,Unknown,Overturned,0,0,0,0,No Pedestrian Involved,POINT (-122.487009741 37.781786761),Non-Collision
29282,1.0,Driver,East,Proceeding Straight,Driver,East,Stopped In Road,Rear End,0,0,0,1,No Pedestrian Involved,POINT (-122.417495431 37.790961475),Other Motor Vehicle
29283,,Driver,Not Stated,Other,Driver,South,Making Left Turn,Vehicle/Pedestrian,1,0,0,1,Crossing in Crosswalk at Intersection,POINT (-122.4583711 37.774308895),Pedestrian
29284,,Driver,North,Making Left Turn,Pedestrian,East,Proceeding Straight,Vehicle/Pedestrian,1,0,0,1,Crossing in Crosswalk at Intersection,POINT (-122.454885125 37.710478554),Not Stated
29285,1.0,Driver,East,Making Left Turn,Driver,East,Proceeding Straight,Broadside,0,0,0,1,No Pedestrian Involved,POINT (-122.440088049 37.745296035),Other Motor Vehicle
29286,1.0,Driver,East,Changing Lanes,Unknown,Unknown,Unknown,Overturned,0,0,0,1,No Pedestrian Involved,POINT (-122.449079404 37.782314374),Other Object
29287,1.0,Driver,West,Making Right Turn,Bicyclist,West,Proceeding Straight,Not Stated,0,1,0,1,No Pedestrian Involved,POINT (-122.454115753 37.723457007),Bicycle
29288,1.0,Driver,East,Proceeding Straight,Driver,East,Stopped,Rear End,0,0,0,1,No Pedestrian Involved,POINT (-122.396261347 37.774578067),Motor Vehicle on Other Roadway
29289,1.0,Driver,West,Passing Other Vehicle,Driver,West,Making Right Turn,Sideswipe,0,0,0,1,No Pedestrian Involved,POINT (-122.474152306 37.78437468),Other Motor Vehicle
29290,1.0,Driver,West,Proceeding Straight,Driver,North,Proceeding Straight,Broadside,0,0,0,1,No Pedestrian Involved,POINT (-122.46200237 37.779186712),Other Motor Vehicle
29291,1.0,Driver,North,Entering Traffic,Bicyclist,North,Proceeding Straight,Sideswipe,0,1,0,1,No Pedestrian Involved,POINT (-122.445901573 37.76490586),Bicycle
29292,1.0,Driver,South,Making Right Turn,Pedestrian,West,Proceeding Straight,Vehicle/Pedestrian,1,0,0,1,No Pedestrian Involved,POINT (-122.41371875 37.802743202),Pedestrian
29293,1.0,Bicyclist,West,Proceeding Straight,Unknown,Unknown,Unknown,Other,0,0,0,0,No Pedestrian Involved,POINT (-122.417045333 37.808062252),Fixed Object
29294,1.0,Bicyclist,East,Proceeding Straight,Unknown,Unknown,Unknown,Hit Object,0,0,0,0,No Pedestrian Involved,POINT (-122.422199174 37.768139683),Fixed Object
29295,1.0,Driver,West,Making Left Turn,Driver,South,Proceeding Straight,Broadside,0,0,0,1,No Pedestrian Involved,POINT (-122.406667931 37.797864613),Other Motor Vehicle
29296,1.0,Driver,East,Proceeding Straight,Pedestrian,North,Making Right Turn,Vehicle/Pedestrian,1,0,0,1,Crossing in Crosswalk at Intersection,POINT (-122.419052607 37.758632567),Pedestrian
29297,1.0,Pedestrian,South,Not Stated,Driver,East,Making Left Turn,Vehicle/Pedestrian,1,0,0,1,Crossing in Crosswalk at Intersection,POINT (-122.391845526 37.789379345),Pedestrian
29298,1.0,Driver,East,Making Left Turn,Driver,West,Proceeding Straight,Head-On,0,0,0,1,No Pedestrian Involved,POINT (-122.425109521 37.804145846),Other Motor Vehicle
29299,1.0,Driver,East,Proceeding Straight,Driver,East,Stopped In Road,Rear End,0,0,0,1,No Pedestrian Involved,POINT (-122.424539039 37.774772867),Other Motor Vehicle
29300,,Driver,South,Proceeding Straight,Bicyclist,East,Proceeding Straight,Broadside,0,1,0,1,No Pedestrian Involved,POINT (-122.419883231 37.778251017),Bicycle
29301,1.0,Driver,South,Proceeding Straight,Driver,South,Slowing/Stopping,Rear End,0,0,0,1,No Pedestrian Involved,POINT (-122.437060557 37.72169124),Other Motor Vehicle
29302,1.0,Driver,South,Proceeding Straight,Driver,South,Stopped,Rear End,0,0,0,1,No Pedestrian Involved,POINT (-122.506696 37.736255646),Other Motor Vehicle
29303,1.0,Driver,North,Proceeding Straight,Driver,West,Proceeding Straight,Broadside,0,0,0,1,No Pedestrian Involved,POINT (-122.444324756 37.714087389),Other Motor Vehicle
29304,1.0,Driver,South,Making Left Turn,Driver,East,Proceeding Straight,Broadside,0,0,0,1,No Pedestrian Involved,POINT (-122.453127578 37.781694133),Not Stated
29305,1.0,Driver,West,Making Left Turn,Driver,South,Proceeding Straight,Broadside,0,0,0,1,No Pedestrian Involved,POINT (-122.423488531 37.758364549),Other Motor Vehicle
29306,1.0,Driver,South,Proceeding Straight,Driver,South,Slowing/Stopping,Rear End,0,0,0,1,No Pedestrian Involved,POINT (-122.38752603 37.74362609),Other Motor Vehicle
29307,1.0,Driver,North,Proceeding Straight,Bicyclist,North,Proceeding Straight,Sideswipe,0,1,0,1,No Pedestrian Involved,POINT (-122.458474983 37.775783987),Bicycle
29308,,Driver,East,Proceeding Straight,Parked Vehicle,South,Parked,Sideswipe,0,0,0,1,No Pedestrian Involved,POINT (-122.43627391 37.800814144),Parked Motor Vehicle
29309,1.0,Driver,North,Proceeding Straight,Driver,North,Stopped In Road,Rear End,0,0,0,1,No Pedestrian Involved,POINT (-122.419883231 37.778251017),Other Motor Vehicle
29310,1.0,Bicyclist,East,Proceeding Straight,Driver,North,Proceeding Straight,Broadside,0,1,0,1,No Pedestrian Involved,POINT (-122.417528773 37.78331089),Bicycle
29311,1.0,Driver,North,Proceeding Straight,Unknown,Unknown,Unknown,Hit Object,0,0,0,1,No Pedestrian Involved,POINT (-122.429564814 37.776793391),Fixed Object
29312,1.0,Bicyclist,South,Changing Lanes,Driver,South,Proceeding Straight,Sideswipe,0,1,0,1,No Pedestrian Involved,POINT (-122.415994014 37.749583695),Bicycle
29313,2.0,Driver,North,Proceeding Straight,Pedestrian,East,Not Stated,Vehicle/Pedestrian,1,0,0,1,Crossing Not in Crosswalk,POINT (-122.404392085 37.73924909),Pedestrian
29314,1.0,Driver,South,Proceeding Straight,Driver,South,Proceeding Straight,Rear End,0,0,0,1,No Pedestrian Involved,POINT (-122.453270247 37.744604922),Other Motor Vehicle
29315,1.0,Driver,West,Proceeding Straight,Bicyclist,West,Stopped,Not Stated,0,0,0,1,No Pedestrian Involved,POINT (-122.436696631 37.778006398),Not Stated
29316,1.0,Driver,West,Making Left Turn,Driver,East,Proceeding Straight,Other,0,0,0,1,No Pedestrian Involved,POINT (-122.461089544 37.766161081),Non-Collision
29317,1.0,Driver,East,Proceeding Straight,Driver,East,Stopped In Road,Rear End,0,0,0,1,No Pedestrian Involved,POINT (-122.408203111 37.764440513),Other Motor Vehicle
29318,,Driver,North,Entering Traffic,Driver,East,Proceeding Straight,Other,0,0,0,1,No Pedestrian Involved,POINT (-122.436848942 37.770342897),Non-Collision
29319,1.0,Driver,North,Making Left Turn,Driver,East,Proceeding Straight,Broadside,0,0,0,1,No Pedestrian Involved,POINT (-122.50833137 37.764076019),Other Motor Vehicle
29320,1.0,Driver,North,Proceeding Straight,Pedestrian,West,Other,Vehicle/Pedestrian,1,0,0,1,Crossing in Crosswalk at Intersection,POINT (-122.445141314 37.769312821),Pedestrian
29321,1.0,Bicyclist,East,Proceeding Straight,Driver,South,Making Right Turn,Broadside,0,1,0,1,No Pedestrian Involved,POINT (-122.426076502 37.761427133),Bicycle
29322,1.0,Driver,East,Proceeding Straight,Driver,West,Making Left Turn,Broadside,0,0,0,1,No Pedestrian Involved,POINT (-122.423112421 37.764843299),Other Motor Vehicle
29323,,Driver,West,Not Stated,Unknown,Unknown,Unknown,Other,0,0,0,1,No Pedestrian Involved,POINT (-122.474110593 37.782509078),Non-Collision
29324,1.0,Driver,South,Proceeding Straight,Driver,South,Stopped,Rear End,0,0,0,1,No Pedestrian Involved,POINT (-122.41260614 37.78398686),Motor Vehicle on Other Roadway
29325,1.0,Driver,West,Proceeding Straight,Parked Vehicle,Not Stated,Parked,Sideswipe,0,0,0,1,No Pedestrian Involved,POINT (-122.479816919 37.765367605),Parked Motor Vehicle
29326,1.0,Driver,South,Proceeding Straight,Other,Not Stated,Other,Other,0,0,0,1,No Pedestrian Involved,POINT (-122.415127953 37.775889703),Other Object
29327,,Bicyclist,South,Proceeding Straight,Unknown,Unknown,Unknown,Other,0,0,0,0,No Pedestrian Involved,POINT (-122.423396761 37.771885644),Non-Collision
29328,,Driver,East,Proceeding Straight,Driver,East,Changing Lanes,Rear End,0,0,0,1,No Pedestrian Involved,POINT (-122.406169751 37.782976158),Motor Vehicle on Other Roadway
29329,1.0,Driver,South,Entering Traffic,Driver,South,Proceeding Straight,Sideswipe,0,0,0,1,No Pedestrian Involved,POINT (-122.507702853 37.747308611),Other Motor Vehicle
29330,,Bicyclist,East,Slowing/Stopping,Unknown,Unknown,Unknown,Hit Object,0,0,0,0,No Pedestrian Involved,POINT (-122.469684892 37.780799694),Other Object
29331,1.0,Pedestrian,North,Entering Traffic,Driver,East,Proceeding Straight,Vehicle/Pedestrian,1,0,0,1,Crossing in Crosswalk at Intersection,POINT (-122.389657 37.77293396),Pedestrian
29332,1.0,Driver,South,Proceeding Straight,Driver,South,Proceeding Straight,Sideswipe,0,0,0,1,No Pedestrian Involved,POINT (-122.44684647 37.777669109),Other Motor Vehicle
29333,1.0,Pedestrian,North,Proceeding Straight,Driver,West,Proceeding Straight,Vehicle/Pedestrian,1,0,0,1,Crossing Not in Crosswalk,POINT (-122.430529129 37.778789463),Pedestrian
29334,1.0,Pedestrian,North,Other,Driver,East,Making Left Turn,Vehicle/Pedestrian,1,0,0,1,Crossing Not in Crosswalk,POINT (-122.480977502 37.759650534),Pedestrian
29335,1.0,Driver,West,Proceeding Straight,Driver,South,Proceeding Straight,Broadside,0,0,0,1,No Pedestrian Involved,POINT (-122.40295736 37.793779857),Other Motor Vehicle
29336,1.0,Driver,West,Proceeding Straight,Pedestrian,East,Other,Sideswipe,1,0,0,1,Crossing in Crosswalk at Intersection,POINT (-122.434581 37.728722),Pedestrian
29337,1.0,Driver,West,Proceeding Straight,Unknown,Unknown,Unknown,Hit Object,0,0,0,1,No Pedestrian Involved,POINT (-122.458637161 37.7672),Fixed Object
29338,1.0,Pedestrian,East,Proceeding Straight,Driver,South,Making Left Turn,Broadside,1,0,0,1,Crossing in Crosswalk at Intersection,POINT (-122.425920302 37.759829614),Pedestrian
29339,1.0,Driver,West,Proceeding Straight,Other,West,Parked,Rear End,0,0,0,1,No Pedestrian Involved,POINT (-122.425797029 37.775560462),Parked Motor Vehicle
29340,1.0,Driver,North,Making Right Turn,Pedestrian,West,Proceeding Straight,Vehicle/Pedestrian,1,0,0,1,Crossing in Crosswalk at Intersection,POINT (-122.414711003 37.77623052),Pedestrian
29341,1.0,Driver,East,Making Right Turn,Driver,South,Proceeding Straight,Other,0,0,0,1,No Pedestrian Involved,POINT (-122.445083294 37.74689572),Other Object
29342,1.0,Driver,North,Making Right Turn,Driver,East,Proceeding Straight,Broadside,0,0,0,1,No Pedestrian Involved,POINT (-122.471797436 37.731032355),Other Motor Vehicle
29343,1.0,Driver,Not Stated,Proceeding Straight,Driver,North,Stopped,Rear End,0,0,0,1,No Pedestrian Involved,POINT (-122.406332987 37.752968458),Other Motor Vehicle
29344,1.0,Driver,South,Proceeding Straight,Driver,South,Proceeding Straight,Not Stated,0,0,0,1,No Pedestrian Involved,POINT (-122.399958736 37.793209101),Other Motor Vehicle
29345,1.0,Driver,South,Proceeding Straight,Unknown,Unknown,Unknown,Overturned,0,0,0,1,No Pedestrian Involved,POINT (-122.419491511 37.775894187),Fixed Object
29346,1.0,Pedestrian,East,Proceeding Straight,Driver,North,Slowing/Stopping,Vehicle/Pedestrian,1,0,0,1,Crossing in Crosswalk at Intersection,POINT (-122.437798747 37.774991948),Pedestrian
29347,1.0,Driver,North,Proceeding Straight,Driver,North,Making Left Turn,Broadside,0,0,0,1,No Pedestrian Involved,POINT (-122.42441169 37.768006425),Other Motor Vehicle
29348,1.0,Driver,North,Slowing/Stopping,Driver,North,Slowing/Stopping,Sideswipe,0,0,0,1,No Pedestrian Involved,POINT (-122.471675988 37.77299971),Other Motor Vehicle
29349,1.0,Pedestrian,South,Not Stated,Driver,East,Proceeding Straight,Vehicle/Pedestrian,1,0,0,1,Crossing Not in Crosswalk,POINT (-122.427326469 37.768672977),Pedestrian
29350,1.0,Driver,West,Proceeding Straight,Driver,South,Proceeding Straight,Broadside,1,0,0,1,Not in Road,POINT (-122.417486596 37.765183135),Other Motor Vehicle
29351,1.0,Driver,North,Proceeding Straight,Unknown,Unknown,Unknown,Hit Object,0,0,0,1,No Pedestrian Involved,POINT (-122.397608999 37.745350352),Fixed Object
29352,1.0,Driver,North,Changing Lanes,Driver,North,Proceeding Straight,Sideswipe,0,0,0,1,No Pedestrian Involved,POINT (-122.477725475 37.766963567),Other Motor Vehicle
29353,1.0,Driver,West,Making Right Turn,Driver,West,Proceeding Straight,Not Stated,0,0,0,1,No Pedestrian Involved,POINT (-122.447539086 37.721137771),Other Motor Vehicle
29354,1.0,Driver,West,Making Left Turn,Driver,Not Stated,Proceeding Straight,Head-On,0,0,0,1,No Pedestrian Involved,POINT (-122.457789624 37.766014768),Other Motor Vehicle
29355,1.0,Driver,East,Backing,Pedestrian,Not Stated,Other,Vehicle/Pedestrian,1,0,0,1,Not in Road,POINT (-122.469127058 37.758246376),Pedestrian
29356,1.0,Driver,West,Entering Traffic,Driver,West,Changing Lanes,Sideswipe,0,0,0,1,No Pedestrian Involved,POINT (-122.400832589 37.79212125),Other Motor Vehicle
29357,1.0,Driver,South,Making Left Turn,Driver,West,Proceeding Straight,Broadside,0,0,0,1,No Pedestrian Involved,POINT (-122.475613626 37.77296241),Other Motor Vehicle
29358,1.0,Driver,West,Proceeding Straight,Driver,South,Proceeding Straight,Broadside,0,0,0,1,No Pedestrian Involved,POINT (-122.495972016 37.772032015),Motor Vehicle on Other Roadway
29359,1.0,Driver,West,Making Left Turn,Driver,West,Proceeding Straight,Broadside,0,0,0,1,No Pedestrian Involved,POINT (-122.423821475 37.769780287),Other Motor Vehicle
29360,1.0,Driver,West,Making U Turn,Driver,West,Proceeding Straight,Broadside,0,0,0,1,No Pedestrian Involved,POINT (-122.422319479 37.77314029),Other Motor Vehicle
29361,1.0,Other,East,Proceeding Straight,Unknown,Unknown,Unknown,Other,0,0,0,0,No Pedestrian Involved,POINT (-122.418653682 37.775562043),Non-Collision
29362,1.0,Bicyclist,North,Proceeding Straight,Driver,North,Proceeding Straight,Rear End,0,1,0,1,No Pedestrian Involved,POINT (-122.447436735 37.780962316),Bicycle
29363,1.0,Bicyclist,East,Proceeding Straight,Unknown,Unknown,Unknown,Other,0,0,0,0,No Pedestrian Involved,POINT (-122.445348178 37.722915329),Non-Collision
29364,1.0,Driver,South,Proceeding Straight,Driver,West,Proceeding Straight,Broadside,0,0,0,1,No Pedestrian Involved,POINT (-122.430424415 37.780715573),Other Motor Vehicle
29365,1.0,Driver,North,Crossed Into Opposing Lane,Driver,South,Proceeding Straight,Broadside,0,0,0,1,No Pedestrian Involved,POINT (-122.402710809 37.725498703),Other Motor Vehicle
29366,1.0,Driver,North,Entering Traffic,Driver,East,Proceeding Straight,Broadside,0,0,0,1,No Pedestrian Involved,POINT (-122.432141606 37.76429731),Other Motor Vehicle
29367,1.0,Driver,West,Making Right Turn,Pedestrian,South,Proceeding Straight,Vehicle/Pedestrian,1,0,0,1,Crossing in Crosswalk at Intersection,POINT (-122.415315615 37.780719177),Pedestrian
29368,1.0,Driver,South,Proceeding Straight,Driver,East,Proceeding Straight,Broadside,0,0,0,1,No Pedestrian Involved,POINT (-122.415505178 37.781654262),Other Motor Vehicle
29369,1.0,Driver,North,Making Right Turn,Pedestrian,North,Proceeding Straight,Head-On,1,0,0,1,Crossing in Crosswalk at Intersection,POINT (-122.44642171 37.785370264),Pedestrian
29370,1.0,Driver,West,Proceeding Straight,Pedestrian,North,Proceeding Straight,Vehicle/Pedestrian,1,0,0,1,Crossing Not in Crosswalk,POINT (-122.419937908 37.710852889),Pedestrian
29371,1.0,Bicyclist,North,Proceeding Straight,Driver,East,Making Left Turn,Broadside,0,1,0,1,No Pedestrian Involved,POINT (-122.477936681 37.759784493),Bicycle
29372,1.0,Driver,East,Proceeding Straight,Driver,East,Parked,Sideswipe,0,0,0,1,No Pedestrian Involved,POINT (-122.434587213 37.743219658),Motor Vehicle on Other Roadway
29373,1.0,Driver,North,Proceeding Straight,Driver,North,Stopped In Road,Rear End,0,0,0,1,No Pedestrian Involved,POINT (-122.392175192 37.777633531),Other Motor Vehicle
29374,1.0,Driver,East,Making Left Turn,Driver,North,Proceeding Straight,Broadside,0,0,0,1,No Pedestrian Involved,POINT (-122.420008321 37.770111449),Other Motor Vehicle
29375,1.0,Driver,North,Proceeding Straight,Driver,North,Stopped,Rear End,0,0,0,1,No Pedestrian Involved,POINT (-122.409318667 37.777922636),Other Motor Vehicle
29376,1.0,Parked Vehicle,Not Stated,Stopped In Road,Bicyclist,South,Proceeding Straight,Other,0,1,0,0,No Pedestrian Involved,POINT (-122.415679086 37.782512099),Bicycle
29377,,Driver,North,Making Right Turn,Pedestrian,West,Other,Vehicle/Pedestrian,1,0,0,1,Crossing in Crosswalk at Intersection,POINT (-122.454682648 37.774755485),Pedestrian
29378,1.0,Driver,North,Proceeding Straight,Driver,West,Proceeding Straight,Broadside,0,0,0,1,No Pedestrian Involved,POINT (-122.492127419 37.762900598),Motor Vehicle on Other Roadway
29379,1.0,Driver,South,Making Left Turn,Driver,West,Proceeding Straight,Broadside,0,0,0,1,No Pedestrian Involved,POINT (-122.46521066 37.779042581),Other Motor Vehicle
29380,1.0,Driver,South,Proceeding Straight,Driver,East,Proceeding Straight,Broadside,0,0,0,1,No Pedestrian Involved,POINT (-122.478615696 37.754145767),Other Motor Vehicle
29381,,Driver,South,Proceeding Straight,Driver,South,Stopped In Road,Rear End,0,0,0,1,No Pedestrian Involved,POINT (-122.421749881 37.788027215),Other Motor Vehicle
29382,1.0,Driver,West,Ran Off Road,Unknown,Unknown,Unknown,Hit Object,0,0,0,1,No Pedestrian Involved,POINT (-122.439286888 37.783403536),Fixed Object
29383,1.0,Pedestrian,South,Other,Driver,West,Proceeding Straight,Vehicle/Pedestrian,1,0,0,1,Crossing Not in Crosswalk,POINT (-122.421526741 37.764939111),Pedestrian
29384,1.0,Driver,North,Proceeding Straight,Bicyclist,North,Proceeding Straight,Sideswipe,0,1,0,1,No Pedestrian Involved,POINT (-122.400804277 37.771137788),Bicycle
29385,1.0,Bicyclist,South,Proceeding Straight,Driver,East,Proceeding Straight,Broadside,0,1,0,1,No Pedestrian Involved,POINT (-122.412595277 37.783932577),Bicycle
29386,1.0,Driver,North,Proceeding Straight,Bicyclist,North,Making Right Turn,Sideswipe,0,1,0,1,No Pedestrian Involved,POINT (-122.409326186 37.777928627),Bicycle
29387,1.0,Driver,East,Proceeding Straight,Driver,East,Parked,Rear End,0,0,0,1,No Pedestrian Involved,POINT (-122.425963703 37.728641022),Other Motor Vehicle
29388,1.0,Pedestrian,West,Proceeding Straight,Driver,North,Stopped In Road,Vehicle/Pedestrian,1,0,0,1,Crossing in Crosswalk at Intersection,POINT (-122.418601535 37.780274193),Pedestrian
29389,2.0,Driver,West,Making Left Turn,Bicyclist,East,Proceeding Straight,Broadside,0,1,0,1,No Pedestrian Involved,POINT (-122.42458109 37.769734696),Bicycle
29390,1.0,Driver,East,Proceeding Straight,Driver,West,Proceeding Straight,Sideswipe,0,0,0,1,No Pedestrian Involved,POINT (-122.455127029 37.72184861),Other Motor Vehicle
29391,1.0,Driver,East,Proceeding Straight,Driver,East,Stopped,Rear End,0,0,0,1,No Pedestrian Involved,POINT (-122.47510247 37.734625573),Other Motor Vehicle
29392,1.0,Driver,South,Proceeding Straight,Pedestrian,Not Stated,Other,Vehicle/Pedestrian,1,0,0,1,Crossing in Crosswalk Not at Intersection,POINT (-122.400480814 37.7147223),Pedestrian
29393,1.0,Driver,East,Proceeding Straight,Unknown,Unknown,Unknown,Head-On,1,0,0,1,Not Stated,POINT (-122.46313559 37.737023356),Fixed Object
29394,1.0,Driver,North,Proceeding Straight,Driver,South,Proceeding Straight,Broadside,0,0,0,1,No Pedestrian Involved,POINT (-122.419693566 37.777299856),Other Motor Vehicle
29395,1.0,Driver,North,Proceeding Straight,Driver,West,Proceeding Straight,Broadside,0,0,0,1,No Pedestrian Involved,POINT (-122.428008119 37.77671971),Other Motor Vehicle
29396,1.0,Driver,Not Stated,Making Left Turn,Pedestrian,Not Stated,Not Stated,Vehicle/Pedestrian,1,0,0,1,Crossing in Crosswalk at Intersection,POINT (-122.491688045 37.772227493),Pedestrian
29397,2.0,Driver,West,Stopped,Other,West,Other,Hit Object,0,1,0,1,No Pedestrian Involved,POINT (-122.438160326 37.77399087),Bicycle
29398,1.0,Driver,West,Not Stated,Driver,East,Not Stated,Rear End,0,0,0,1,No Pedestrian Involved,POINT (-122.447826667 37.778522689),Other Motor Vehicle
29399,1.0,Pedestrian,Not Stated,Other,Driver,East,Proceeding Straight,Vehicle/Pedestrian,1,0,0,1,Crossing Not in Crosswalk,POINT (-122.440130624 37.770876231),Pedestrian
29400,1.0,Bicyclist,North,Proceeding Straight,Driver,North,Proceeding Straight,Sideswipe,0,1,0,1,No Pedestrian Involved,POINT (-122.410761871 37.768506215),Bicycle
29401,1.0,Driver,Not Stated,Proceeding Straight,Driver,East,Changing Lanes,Rear End,0,0,0,1,No Pedestrian Involved,POINT (-122.424756008 37.780481039),Other Motor Vehicle
29402,1.0,Driver,Not Stated,Slowing/Stopping,Unknown,Unknown,Unknown,Other,0,0,0,1,No Pedestrian Involved,POINT (-122.39214662 37.73064214),Non-Collision
29403,1.0,Driver,South,Proceeding Straight,Driver,South,Stopped In Road,Rear End,0,0,0,1,No Pedestrian Involved,POINT (-122.41532909 37.780785645),Other Motor Vehicle
29404,1.0,Driver,East,Proceeding Straight,Pedestrian,North,Proceeding Straight,Vehicle/Pedestrian,1,0,0,1,Crossing in Crosswalk at Intersection,POINT (-122.403660677 37.78889443),Pedestrian
29405,1.0,Driver,North,Making Left Turn,Unknown,Unknown,Unknown,Hit Object,0,0,0,1,No Pedestrian Involved,POINT (-122.421902727 37.779941459),Fixed Object
29406,1.0,Driver,South,Changing Lanes,Driver,South,Proceeding Straight,Sideswipe,0,0,0,1,No Pedestrian Involved,POINT (-122.420014891 37.769998462),Other Motor Vehicle
29407,1.0,Driver,North,Making Right Turn,Driver,North,Proceeding Straight,Broadside,0,0,0,1,No Pedestrian Involved,POINT (-122.472451061 37.782578538),Other Motor Vehicle
29408,1.0,Driver,East,Making Left Turn,Pedestrian,North,Proceeding Straight,Not Stated,1,0,0,1,Crossing in Crosswalk at Intersection,POINT (-122.432914248 37.784355056),Pedestrian
29409,1.0,Parked Vehicle,South,Parked,Bicyclist,South,Proceeding Straight,Sideswipe,0,1,0,0,No Pedestrian Involved,POINT (-122.453784148 37.770412211),Bicycle
29410,1.0,Pedestrian,South,Proceeding Straight,Driver,East,Making Left Turn,Broadside,1,0,0,1,Crossing Not in Crosswalk,POINT (-122.428614043 37.77138333),Pedestrian
29411,1.0,Driver,South,Changing Lanes,Driver,South,Proceeding Straight,Sideswipe,0,0,0,1,No Pedestrian Involved,POINT (-122.402441633 37.791266968),Other Motor Vehicle
29412,1.0,Driver,South,Making Left Turn,Driver,North,Proceeding Straight,Head-On,0,0,0,1,No Pedestrian Involved,POINT (-122.43742294 37.773133492),Other Motor Vehicle
29413,1.0,Driver,South,Proceeding Straight,Driver,East,Proceeding Straight,Broadside,0,0,0,1,No Pedestrian Involved,POINT (-122.433606338 37.722000221),Other Motor Vehicle
29414,1.0,Bicyclist,East,Proceeding Straight,Unknown,Unknown,Unknown,Other,0,0,0,0,No Pedestrian Involved,POINT (-122.426228478 37.76303087),Other Object
29415,,Driver,East,Stopped,Parked Vehicle,Not Stated,Stopped,Rear End,0,0,0,1,No Pedestrian Involved,POINT (-122.390327941 37.74404593),Parked Motor Vehicle