party_id,party_at_fault,party1_type,party1_dir_of_travel,party1_move_pre_acc,party2_type,party2_dir_of_travel,party2_move_pre_acc,type_of_collision,involves_pedestrian,involves_bicycle,involves_motorcycle,involves_vehicle,ped_action,point,mviw
31588,1.0,Driver,West,Other,Parked Vehicle,West,Not Stated,Sideswipe,0,0,0,1,No Pedestrian Involved,POINT (-122.44744938 37.788127331),Other Motor Vehicle
31589,1.0,Driver,South,Making Left Turn,Driver,West,Proceeding Straight,Sideswipe,0,0,0,1,No Pedestrian Involved,POINT (-122.432003326 37.788159074),Motor Vehicle on Other Roadway
31590,1.0,Driver,South,Making Right Turn,Pedestrian,West,Proceeding Straight,Vehicle/Pedestrian,1,0,0,1,Crossing in Crosswalk at Intersection,POINT (-122.420902737 37.744023598),Pedestrian
31591,1.0,Driver,West,Making Left Turn,Driver,East,Proceeding Straight,Broadside,0,0,0,1,No Pedestrian Involved,POINT (-122.407419738 37.764487829),Motor Vehicle on Other Roadway
31592,,Driver,South,Proceeding Straight,Pedestrian,West,Other,Vehicle/Pedestrian,1,0,0,1,Crossing in Crosswalk at Intersection,POINT (-122.404070257 37.777272702),Pedestrian
31593,1.0,Driver,North,Proceeding Straight,Pedestrian,East,Proceeding Straight,Vehicle/Pedestrian,1,0,0,1,Crossing in Crosswalk at Intersection,POINT (-122.422144498 37.797808727),Pedestrian
31594,1.0,Driver,North,Making U Turn,Bicyclist,East,Proceeding Straight,Broadside,0,1,0,1,No Pedestrian Involved,POINT (-122.498853784 37.786385392),Bicycle
31595,1.0,Bicyclist,South,Making Left Turn,Driver,South,Proceeding Straight,Sideswipe,0,0,0,1,No Pedestrian Involved,POINT (-122.406635799 37.756166983),Not Stated
31596,1.0,Driver,South,Proceeding Straight,Driver,South,Stopped In Road,Rear End,0,0,0,1,No Pedestrian Involved,POINT (-122.476331814 37.752436417),Other Motor Vehicle
31597,1.0,Driver,West,Proceeding Straight,Parked Vehicle,Not Stated,Parked,Rear End,0,0,0,1,No Pedestrian Involved,POINT (-122.427161199 37.71892822),Parked Motor Vehicle
31598,1.0,Bicyclist,West,Making Right Turn,Driver,North,Proceeding Straight,Broadside,0,1,0,1,No Pedestrian Involved,POINT (-122.431951803 37.779564148),Bicycle
31599,1.0,Driver,West,Making Right Turn,Driver,East,Proceeding Straight,Head-On,0,0,0,1,No Pedestrian Involved,POINT (-122.417612631 37.765175524),Other Motor Vehicle
31600,1.0,Driver,West,Proceeding Straight,Driver,West,Stopped,Rear End,0,0,0,1,No Pedestrian Involved,POINT (-122.416244241 37.786336364),Other Motor Vehicle
31601,1.0,Driver,North,Making Right Turn,Driver,North,Stopped,Rear End,0,0,0,1,No Pedestrian Involved,POINT (-122.417658992 37.755502498),Other Motor Vehicle
31602,1.0,Driver,West,Making Left Turn,Pedestrian,North,Proceeding Straight,Vehicle/Pedestrian,1,0,0,1,Crossing in Crosswalk at Intersection,POINT (-122.434729993 37.784944006),Pedestrian
31603,1.0,Driver,East,Proceeding Straight,Driver,East,Proceeding Straight,Broadside,0,0,0,1,No Pedestrian Involved,POINT (-122.398229563 37.721120684),Other Motor Vehicle
31604,1.0,Driver,West,Proceeding Straight,Driver,West,Entering Traffic,Sideswipe,0,0,0,1,No Pedestrian Involved,POINT (-122.394186305 37.735837014),Other Motor Vehicle
31605,1.0,Driver,North,Making Left Turn,Pedestrian,East,Proceeding Straight,Head-On,1,0,0,1,Crossing in Crosswalk at Intersection,POINT (-122.419981513 37.768273653),Pedestrian
31606,1.0,Driver,South,Making U Turn,Driver,West,Proceeding Straight,Broadside,0,0,0,1,No Pedestrian Involved,POINT (-122.422571802 37.795843638),Other Motor Vehicle
31607,1.0,Driver,East,Proceeding Straight,Driver,East,Proceeding Straight,Rear End,0,0,0,1,No Pedestrian Involved,POINT (-122.486956433 37.729788118),Other Motor Vehicle
31608,1.0,Driver,South,Making Left Turn,Bicyclist,West,Proceeding Straight,Broadside,0,1,0,1,No Pedestrian Involved,POINT (-122.418380659 37.805977369),Bicycle
31609,1.0,Driver,South,Proceeding Straight,Driver,North,Proceeding Straight,Head-On,0,0,0,1,No Pedestrian Involved,POINT (-122.485360442 37.711339203),Motor Vehicle on Other Roadway
31610,1.0,Driver,West,Making U Turn,Driver,West,Proceeding Straight,Sideswipe,0,0,0,1,No Pedestrian Involved,POINT (-122.395276567 37.737403236),Other Motor Vehicle
31611,1.0,Driver,West,Proceeding Straight,Driver,West,Proceeding Straight,Rear End,0,0,0,1,No Pedestrian Involved,POINT (-122.495171262 37.779559336),Other Motor Vehicle
31612,1.0,Driver,East,Proceeding Straight,Driver,South,Proceeding Straight,Broadside,0,0,0,1,No Pedestrian Involved,POINT (-122.423730984 37.780611621),Other Motor Vehicle
31613,1.0,Driver,East,Proceeding Straight,Other,South,Proceeding Straight,Broadside,0,0,0,1,No Pedestrian Involved,POINT (-122.40969326 37.781754327),Not Stated
31614,1.0,Driver,West,Proceeding Straight,Driver,West,Stopped,Rear End,0,0,0,1,No Pedestrian Involved,POINT (-122.431589368 37.749837532),Other Motor Vehicle
31615,1.0,Driver,Not Stated,Proceeding Straight,Driver,East,Proceeding Straight,Broadside,0,0,0,1,No Pedestrian Involved,POINT (-122.420347854 37.748099833),Other Motor Vehicle
31616,1.0,Driver,South,Making Left Turn,Pedestrian,West,Proceeding Straight,Vehicle/Pedestrian,1,0,0,1,Crossing in Crosswalk at Intersection,POINT (-122.453536875 37.769165225),Pedestrian
31617,1.0,Parked Vehicle,Not Stated,Parked,Bicyclist,North,Proceeding Straight,Other,0,1,0,0,No Pedestrian Involved,POINT (-122.419725195 37.765635028),Bicycle
31618,1.0,Driver,West,Ran Off Road,Parked Vehicle,West,Parked,Rear End,0,0,0,1,No Pedestrian Involved,POINT (-122.443937681 37.74888012),Parked Motor Vehicle
31619,1.0,Pedestrian,Not Stated,Not Stated,Driver,South,Backing,Vehicle/Pedestrian,1,0,0,1,"In Road, Including Shoulder",POINT (-122.435000702 37.760888933),Pedestrian
31620,1.0,Driver,East,Proceeding Straight,Parked Vehicle,Not Stated,Not Stated,Rear End,0,0,0,1,No Pedestrian Involved,POINT (-122.471046153 37.721635481),Parked Motor Vehicle
31621,,Driver,South,Making Left Turn,Pedestrian,West,Proceeding Straight,Vehicle/Pedestrian,1,0,0,1,Crossing in Crosswalk at Intersection,POINT (-122.481831846 37.754004233),Pedestrian
31622,1.0,Driver,East,Making Right Turn,Bicyclist,East,Proceeding Straight,Broadside,0,1,0,1,No Pedestrian Involved,POINT (-122.422629403 37.772469925),Bicycle
31623,1.0,Driver,North,Proceeding Straight,Driver,East,Proceeding Straight,Broadside,0,0,0,1,No Pedestrian Involved,POINT (-122.391870343 37.7203491),Other Motor Vehicle
31624,1.0,Driver,North,Proceeding Straight,Driver,North,Stopped In Road,Rear End,0,0,0,1,No Pedestrian Involved,POINT (-122.459243741 37.786476255),Other Motor Vehicle
31625,1.0,Pedestrian,West,Not Stated,Driver,North,Proceeding Straight,Vehicle/Pedestrian,1,0,0,1,Crossing in Crosswalk at Intersection,POINT (-122.414694218 37.776217104),Pedestrian
31626,1.0,Driver,South,Making Right Turn,Pedestrian,South,Proceeding Straight,Vehicle/Pedestrian,1,0,0,1,"In Road, Including Shoulder",POINT (-122.419491536 37.78468298),Pedestrian
31627,,Driver,West,Proceeding Straight,Driver,South,Proceeding Straight,Not Stated,0,0,0,1,No Pedestrian Involved,POINT (-122.400503096 37.787450499),Other Motor Vehicle
31628,1.0,Driver,West,Making Right Turn,Parked Vehicle,Not Stated,Parked,Broadside,0,0,0,1,No Pedestrian Involved,POINT (-122.4751057 37.732510405),Parked Motor Vehicle
31629,1.0,Driver,South,Proceeding Straight,Driver,South,Slowing/Stopping,Rear End,0,0,0,1,No Pedestrian Involved,POINT (-122.41898682 37.782136675),Other Motor Vehicle
31630,,Driver,West,Proceeding Straight,Driver,West,Stopped,Rear End,0,0,0,1,No Pedestrian Involved,POINT (-122.396034765 37.788535931),Other Motor Vehicle
31631,1.0,Driver,East,Proceeding Straight,Unknown,Unknown,Unknown,Overturned,0,0,0,1,No Pedestrian Involved,POINT (-122.455815738 37.711222853),Other Object
31632,1.0,Driver,North,Making Left Turn,Pedestrian,East,Proceeding Straight,Vehicle/Pedestrian,1,0,0,1,Crossing in Crosswalk at Intersection,POINT (-122.475644468 37.743051813),Pedestrian
31633,1.0,Bicyclist,North,Proceeding Straight,Unknown,Unknown,Unknown,Other,0,1,0,0,No Pedestrian Involved,POINT (-122.397478734 37.718834358),Bicycle
31634,1.0,Driver,North,Proceeding Straight,Driver,North,Stopped,Rear End,0,0,0,1,No Pedestrian Involved,POINT (-122.394035068 37.776332976),Other Motor Vehicle
31635,1.0,Driver,South,Making Left Turn,Pedestrian,West,Proceeding Straight,Vehicle/Pedestrian,1,0,0,1,Crossing in Crosswalk at Intersection,POINT (-122.420247184 37.780074697),Pedestrian
31636,1.0,Driver,Not Stated,Proceeding Straight,Bicyclist,West,Not Stated,Rear End,0,1,0,1,No Pedestrian Involved,POINT (-122.420008321 37.770111449),Bicycle
31637,1.0,Driver,South,Parked,Bicyclist,South,Proceeding Straight,Sideswipe,0,1,0,1,No Pedestrian Involved,POINT (-122.391070407 37.76966054),Bicycle
31638,1.0,Driver,North,Proceeding Straight,Driver,East,Proceeding Straight,Broadside,0,0,0,1,No Pedestrian Involved,POINT (-122.387568783 37.760550222),Other Motor Vehicle
31639,1.0,Driver,South,Proceeding Straight,Driver,South,Proceeding Straight,Hit Object,0,0,0,1,No Pedestrian Involved,POINT (-122.438569158 37.778685159),Fixed Object
31640,1.0,Driver,West,Other,Parked Vehicle,West,Parked,Rear End,0,0,0,1,No Pedestrian Involved,POINT (-122.401484267 37.793014683),Parked Motor Vehicle
31641,1.0,Driver,West,Making Left Turn,Pedestrian,South,Not Stated,Vehicle/Pedestrian,1,0,0,1,Crossing in Crosswalk at Intersection,POINT (-122.468839738 37.784620905),Pedestrian
31642,1.0,Bicyclist,South,Other,Driver,East,Making Left Turn,Broadside,0,1,0,1,No Pedestrian Involved,POINT (-122.426381708 37.764645688),Bicycle
31643,,Driver,East,Making U Turn,Driver,South,Proceeding Straight,Broadside,0,0,0,1,No Pedestrian Involved,POINT (-122.42544641 37.734580004),Other Motor Vehicle
31644,1.0,Driver,North,Proceeding Straight,Parked Vehicle,Not Stated,Not Stated,Hit Object,0,0,0,1,No Pedestrian Involved,POINT (-122.45476427 37.7755268),Parked Motor Vehicle
31645,1.0,Driver,North,Backing,Pedestrian,West,Other,Vehicle/Pedestrian,1,0,0,1,Crossing Not in Crosswalk,POINT (-122.43214039 37.780496261),Pedestrian
31646,2.0,Driver,East,Making Right Turn,Bicyclist,West,Proceeding Straight,Head-On,0,1,0,1,No Pedestrian Involved,POINT (-122.392381993 37.750021506),Bicycle
31647,1.0,Driver,South,Proceeding Straight,Driver,South,Stopped In Road,Rear End,0,0,0,1,No Pedestrian Involved,POINT (-122.406398878 37.786615347),Other Motor Vehicle
31648,1.0,Driver,West,Making Left Turn,Pedestrian,North,Proceeding Straight,Broadside,1,0,0,1,Crossing in Crosswalk at Intersection,POINT (-122.431204945 37.784568241),Not Stated
31649,,Driver,East,Making Left Turn,Driver,West,Proceeding Straight,Broadside,0,0,0,1,No Pedestrian Involved,POINT (-122.398781647 37.7933591),Other Motor Vehicle
31650,1.0,Driver,East,Proceeding Straight,Driver,North,Making Left Turn,Broadside,0,0,0,1,No Pedestrian Involved,POINT (-122.394823625 37.711025025),Other Motor Vehicle
31651,1.0,Driver,East,Proceeding Straight,Other,Not Stated,Proceeding Straight,Broadside,0,0,0,1,No Pedestrian Involved,POINT (-122.393618076 37.783077854),Other Motor Vehicle
31652,1.0,Other,South,Proceeding Straight,Parked Vehicle,Not Stated,Parked,Sideswipe,0,0,0,0,No Pedestrian Involved,POINT (-122.416035434 37.784269798),Other Motor Vehicle
31653,1.0,Driver,North,Proceeding Straight,Driver,North,Stopped,Broadside,0,0,0,1,No Pedestrian Involved,POINT (-122.485160999 37.715044857),Other Motor Vehicle
31654,1.0,Driver,South,Making Right Turn,Pedestrian,West,Proceeding Straight,Broadside,1,0,0,1,Crossing in Crosswalk at Intersection,POINT (-122.412157954 37.776660987),Pedestrian
31655,1.0,Driver,West,Proceeding Straight,Driver,North,Proceeding Straight,Broadside,0,0,0,1,No Pedestrian Involved,POINT (-122.419738734 37.785892901),Other Motor Vehicle
31656,1.0,Driver,Not Stated,Proceeding Straight,Pedestrian,Not Stated,Entering Traffic,Vehicle/Pedestrian,1,0,0,1,"In Road, Including Shoulder",POINT (-122.422463744 37.782685369),Pedestrian
31657,1.0,Driver,South,Proceeding Straight,Driver,South,Proceeding Straight,Not Stated,0,0,0,1,No Pedestrian Involved,POINT (-122.408066548 37.783991487),Non-Collision
31658,1.0,Pedestrian,Not Stated,Proceeding Straight,Driver,East,Making Left Turn,Vehicle/Pedestrian,1,0,0,1,Crossing Not in Crosswalk,POINT (-122.410062771 37.774991792),Pedestrian
31659,1.0,Driver,South,Proceeding Straight,Driver,West,Proceeding Straight,Broadside,0,0,0,1,No Pedestrian Involved,POINT (-122.41007597 37.796492762),Other Motor Vehicle
31660,,Driver,North,Proceeding Straight,Driver,West,Proceeding Straight,Broadside,0,0,0,1,No Pedestrian Involved,POINT (-122.43729872 37.761895474),Fixed Object
31661,1.0,Driver,East,Proceeding Straight,Driver,East,Stopped,Not Stated,0,0,0,1,No Pedestrian Involved,POINT (-122.442647897 37.799000051),Other Motor Vehicle
31662,1.0,Other,East,Proceeding Straight,Driver,West,Slowing/Stopping,Other,0,0,0,1,No Pedestrian Involved,POINT (-122.416623264 37.786287993),Non-Collision
31663,1.0,Driver,North,Changing Lanes,Driver,North,Proceeding Straight,Sideswipe,0,0,0,1,No Pedestrian Involved,POINT (-122.432503794 37.727586743),Other Motor Vehicle
31664,1.0,Driver,South,Backing,Pedestrian,West,Proceeding Straight,Vehicle/Pedestrian,1,0,0,1,Crossing in Crosswalk at Intersection,POINT (-122.414053764 37.782794446),Pedestrian
31665,1.0,Driver,East,Making Left Turn,Pedestrian,South,Proceeding Straight,Vehicle/Pedestrian,1,0,0,1,Crossing in Crosswalk at Intersection,POINT (-122.428344483 37.795105611),Pedestrian
31666,1.0,Pedestrian,North,Crossed Into Opposing Lane,Driver,West,Proceeding Straight,Vehicle/Pedestrian,1,0,0,1,Crossing Not in Crosswalk,POINT (-122.454115753 37.723457007),Pedestrian
31667,,Driver,West,Making Left Turn,Other,East,Proceeding Straight,Head-On,0,0,0,1,No Pedestrian Involved,POINT (-122.415334846 37.780814041),Other Motor Vehicle
31668,1.0,Driver,South,Making Right Turn,Parked Vehicle,South,Parked,Sideswipe,0,0,0,1,No Pedestrian Involved,POINT (-122.426119257 37.792446457),Parked Motor Vehicle
31669,2.0,Driver,South,Passing Other Vehicle,Driver,West,Stopped In Road,Rear End,0,0,0,1,No Pedestrian Involved,POINT (-122.398693309 37.754745312),Other Motor Vehicle
31670,1.0,Driver,West,Making Left Turn,Pedestrian,East,Other,Vehicle/Pedestrian,1,0,0,1,Crossing in Crosswalk at Intersection,POINT (-122.396021314 37.78852521),Pedestrian
31671,,Driver,North,Proceeding Straight,Driver,North,Slowing/Stopping,Rear End,0,0,0,1,No Pedestrian Involved,POINT (-122.484321453 37.725682377),Pedestrian
31672,1.0,Driver,East,Proceeding Straight,Driver,East,Stopped In Road,Rear End,0,0,0,1,No Pedestrian Involved,POINT (-122.43133123 37.784512304),Other Motor Vehicle
31673,1.0,Driver,North,Proceeding Straight,Driver,North,Slowing/Stopping,Rear End,0,0,0,1,No Pedestrian Involved,POINT (-122.478262952 37.768656474),Other Motor Vehicle
31674,1.0,Driver,South,Other,Pedestrian,West,Backing,Vehicle/Pedestrian,1,0,0,1,"In Road, Including Shoulder",POINT (-122.403604248 37.788568159),Pedestrian
31675,1.0,Bicyclist,East,Proceeding Straight,Driver,South,Proceeding Straight,Broadside,0,1,0,1,No Pedestrian Involved,POINT (-122.422407117 37.774084975),Bicycle
31676,1.0,Driver,South,Proceeding Straight,Driver,South,Stopped In Road,Rear End,0,0,0,1,No Pedestrian Involved,POINT (-122.412362058 37.733685041),Other Motor Vehicle
31677,1.0,Driver,North,Slowing/Stopping,Driver,North,Stopped In Road,Rear End,0,0,0,1,No Pedestrian Involved,POINT (-122.457068389 37.710110915),Other Motor Vehicle
31678,1.0,Driver,Not Stated,Making Right Turn,Bicyclist,West,Proceeding Straight,Not Stated,0,1,0,1,No Pedestrian Involved,POINT (-122.423396761 37.771885645),Bicycle
31679,1.0,Driver,East,Proceeding Straight,Parked Vehicle,Not Stated,Not Stated,Rear End,0,0,0,1,No Pedestrian Involved,POINT (-122.45681322 37.783928912),Other Motor Vehicle
31680,1.0,Driver,North,Making U Turn,Driver,West,Proceeding Straight,Broadside,0,0,0,1,No Pedestrian Involved,POINT (-122.409566685 37.780293569),Other Motor Vehicle
31681,1.0,Driver,West,Proceeding Straight,Driver,West,Slowing/Stopping,Rear End,0,0,0,1,No Pedestrian Involved,POINT (-122.404668142 37.791633891),Other Motor Vehicle
31682,1.0,Driver,West,Proceeding Straight,Parked Vehicle,East,Parked,Head-On,0,0,0,1,No Pedestrian Involved,POINT (-122.423286549 37.747923922),Parked Motor Vehicle
31683,,Driver,North,Proceeding Straight,Driver,North,Stopped,Rear End,0,0,0,1,No Pedestrian Involved,POINT (-122.47262579 37.786314806),Motor Vehicle on Other Roadway
31684,1.0,Driver,North,Changing Lanes,Driver,North,Proceeding Straight,Broadside,0,0,0,1,No Pedestrian Involved,POINT (-122.394150515 37.783503509),Other Motor Vehicle
31685,1.0,Driver,East,Proceeding Straight,Driver,East,Stopped,Broadside,0,0,0,1,No Pedestrian Involved,POINT (-122.396273544 37.749745601),Other Motor Vehicle
31686,,Driver,North,Proceeding Straight,Driver,West,Proceeding Straight,Broadside,0,0,0,1,No Pedestrian Involved,POINT (-122.454682648 37.774755485),Other Motor Vehicle
31687,1.0,Driver,South,Proceeding Straight,Driver,East,Making Left Turn,Broadside,0,0,0,1,No Pedestrian Involved,POINT (-122.405279493 37.740716851),Other Motor Vehicle
31688,1.0,Driver,South,Proceeding Straight,Pedestrian,West,Proceeding Straight,Vehicle/Pedestrian,1,0,0,1,Not Stated,POINT (-122.404070257 37.777272702),Pedestrian
31689,1.0,Driver,North,Making Left Turn,Bicyclist,West,Proceeding Straight,Broadside,0,1,0,1,No Pedestrian Involved,POINT (-122.397082548 37.777890616),Bicycle
31690,1.0,Driver,East,Proceeding Straight,Driver,East,Proceeding Straight,Rear End,0,0,0,1,No Pedestrian Involved,POINT (-122.434404698 37.800051548),Other Motor Vehicle
31691,1.0,Driver,North,Proceeding Straight,Driver,North,Stopped In Road,Rear End,0,0,0,1,No Pedestrian Involved,POINT (-122.472059785 37.778287924),Other Motor Vehicle
31692,1.0,Bicyclist,South,Proceeding Straight,Driver,South,Proceeding Straight,Sideswipe,0,1,0,1,No Pedestrian Involved,POINT (-122.400637178 37.787559542),Bicycle
31693,,Driver,North,Proceeding Straight,Unknown,Unknown,Unknown,Overturned,0,0,0,1,No Pedestrian Involved,POINT (-122.409369695 37.755211148),Other Object
31694,1.0,Driver,North,Proceeding Straight,Driver,North,Stopped In Road,Rear End,0,0,0,1,No Pedestrian Involved,POINT (-122.478244543 37.76838082),Other Motor Vehicle
31695,1.0,Driver,East,Proceeding Straight,Unknown,Unknown,Unknown,Overturned,0,0,0,1,No Pedestrian Involved,POINT (-122.473184155 37.713028593),Fixed Object
31696,1.0,Driver,North,Proceeding Straight,Parked Vehicle,North,Parked,Sideswipe,0,0,0,1,No Pedestrian Involved,POINT (-122.403148603 37.723878747),Parked Motor Vehicle
31697,1.0,Driver,West,Proceeding Straight,Driver,South,Proceeding Straight,Broadside,0,0,0,1,No Pedestrian Involved,POINT (-122.399763353 37.792257948),Other Motor Vehicle
31698,1.0,Driver,North,Making Left Turn,Driver,North,Proceeding Straight,Broadside,0,0,0,1,No Pedestrian Involved,POINT (-122.392052962 37.786765483),Other Motor Vehicle
31699,1.0,Driver,North,Proceeding Straight,Driver,North,Stopped,Rear End,0,0,0,1,No Pedestrian Involved,POINT (-122.399958736 37.793209101),Other Motor Vehicle
31700,1.0,Pedestrian,Not Stated,Not Stated,Driver,Not Stated,Not Stated,Vehicle/Pedestrian,1,0,0,1,Crossing Not in Crosswalk,POINT (-122.494519751 37.781577295),Pedestrian
31701,,Driver,Not Stated,Proceeding Straight,Driver,Not Stated,Proceeding Straight,Broadside,0,0,0,1,No Pedestrian Involved,POINT (-122.385281656 37.740240016),Other Motor Vehicle
31702,1.0,Driver,West,Proceeding Straight,Driver,South,Proceeding Straight,Broadside,0,0,0,1,No Pedestrian Involved,POINT (-122.426822303 37.745298501),Other Motor Vehicle
31703,1.0,Bicyclist,North,Making Left Turn,Driver,North,Proceeding Straight,Sideswipe,0,1,0,1,No Pedestrian Involved,POINT (-122.410764827 37.783214312),Bicycle
31704,1.0,Pedestrian,South,Other,Driver,West,Proceeding Straight,Vehicle/Pedestrian,1,0,0,1,Crossing Not in Crosswalk,POINT (-122.420385973 37.765008027),Pedestrian
31705,1.0,Driver,East,Proceeding Straight,Driver,North,Making Left Turn,Broadside,0,0,0,1,No Pedestrian Involved,POINT (-122.441931913 37.765295099),Other Motor Vehicle
31706,1.0,Driver,South,Proceeding Straight,Pedestrian,West,Other,Vehicle/Pedestrian,1,0,0,1,Crossing in Crosswalk at Intersection,POINT (-122.409874017 37.787149144),Not Stated
31707,1.0,Driver,West,Making Left Turn,Driver,South,Proceeding Straight,Broadside,0,0,0,1,No Pedestrian Involved,POINT (-122.406799737 37.757762057),Other Motor Vehicle
31708,,Driver,West,Proceeding Straight,Driver,West,Proceeding Straight,Rear End,0,0,0,1,No Pedestrian Involved,POINT (-122.39512643 37.789254071),Other Motor Vehicle
31709,1.0,Driver,West,Making Right Turn,Driver,South,Stopped,Hit Object,0,0,0,1,No Pedestrian Involved,POINT (-122.485228935 37.714694513),Motor Vehicle on Other Roadway
31710,1.0,Driver,North,Parked,Bicyclist,North,Proceeding Straight,Other,0,1,0,1,No Pedestrian Involved,POINT (-122.418432044 37.752105026),Bicycle
31711,,Driver,South,Proceeding Straight,Bicyclist,Not Stated,Proceeding Straight,Other,0,1,0,1,No Pedestrian Involved,POINT (-122.414741222 37.778719429),Bicycle
31712,1.0,Driver,West,Making Left Turn,Driver,West,Proceeding Straight,Sideswipe,0,0,0,1,No Pedestrian Involved,POINT (-122.394372825 37.736888214),Other Motor Vehicle
31713,1.0,Bicyclist,West,Proceeding Straight,Driver,Not Stated,Proceeding Straight,Broadside,0,1,0,1,No Pedestrian Involved,POINT (-122.501117921 37.753153652),Bicycle
31714,1.0,Driver,West,Proceeding Straight,Pedestrian,South,Not Stated,Vehicle/Pedestrian,1,0,0,1,Crossing in Crosswalk at Intersection,POINT (-122.461358507 37.785404432),Pedestrian
31715,1.0,Bicyclist,East,Proceeding Straight,Parked Vehicle,Not Stated,Parked,Head-On,0,0,0,0,No Pedestrian Involved,POINT (-122.497546933 37.769028706),Parked Motor Vehicle
31716,1.0,Driver,South,Making Left Turn,Bicyclist,East,Proceeding Straight,Broadside,0,1,0,1,No Pedestrian Involved,POINT (-122.402209197 37.728101973),Bicycle
31717,1.0,Driver,East,Proceeding Straight,Parked Vehicle,East,Parked,Rear End,0,0,0,1,No Pedestrian Involved,POINT (-122.416292546 37.799550102),Parked Motor Vehicle
31718,,Driver,South,Proceeding Straight,Driver,South,Other,Sideswipe,0,0,0,1,No Pedestrian Involved,POINT (-122.398504035 37.790503128),Other Motor Vehicle
31719,1.0,Driver,South,Proceeding Straight,Driver,East,Stopped,Sideswipe,0,0,0,1,No Pedestrian Involved,POINT (-122.397980977 37.718177726),Other Motor Vehicle
31720,1.0,Driver,East,Making Left Turn,Pedestrian,North,Proceeding Straight,Sideswipe,1,0,0,1,Crossing in Crosswalk at Intersection,POINT (-122.45065524 37.789517499),Pedestrian
31721,1.0,Driver,North,Proceeding Straight,Driver,West,Proceeding Straight,Broadside,0,0,0,1,No Pedestrian Involved,POINT (-122.475297665 37.782454299),Other Motor Vehicle
31722,1.0,Driver,West,Making Left Turn,Pedestrian,South,Proceeding Straight,Vehicle/Pedestrian,1,0,0,1,Crossing in Crosswalk at Intersection,POINT (-122.412266187 37.790672784),Pedestrian
31723,1.0,Driver,South,Proceeding Straight,Pedestrian,East,Proceeding Straight,Broadside,1,0,0,1,Crossing in Crosswalk at Intersection,POINT (-122.393355125 37.775787315),Pedestrian
31724,1.0,Driver,South,Proceeding Straight,Driver,South,Stopped In Road,Sideswipe,0,0,0,1,No Pedestrian Involved,POINT (-122.421758104 37.78754814),Other Motor Vehicle
31725,1.0,Driver,East,Making U Turn,Bicyclist,East,Proceeding Straight,Broadside,0,1,0,1,No Pedestrian Involved,POINT (-122.400430092 37.79865861),Bicycle
31726,1.0,Driver,North,Backing,Driver,South,Stopped In Road,Other,0,0,0,1,No Pedestrian Involved,POINT (-122.421188696 37.793053987),Other Motor Vehicle
31727,1.0,Driver,South,Making Left Turn,Pedestrian,North,Proceeding Straight,Broadside,1,0,0,1,Not Stated,POINT (-122.39723446 37.785963992),Other Motor Vehicle
31728,1.0,Other,East,Proceeding Straight,Parked Vehicle,Not Stated,Parked,Other,0,0,0,0,No Pedestrian Involved,POINT (-122.439854433 37.779510985),Other Motor Vehicle
31729,1.0,Driver,South,Making Left Turn,Driver,North,Proceeding Straight,Head-On,0,0,0,1,No Pedestrian Involved,POINT (-122.447130573 37.800385825),Other Motor Vehicle
31730,1.0,Driver,West,Proceeding Straight,Driver,North,Proceeding Straight,Broadside,0,0,0,1,No Pedestrian Involved,POINT (-122.48953948 37.772325474),Other Motor Vehicle
31731,1.0,Bicyclist,North,Changing Lanes,Driver,North,Proceeding Straight,Sideswipe,0,1,0,1,No Pedestrian Involved,POINT (-122.391121418 37.777553277),Bicycle
31732,1.0,Driver,South,Making Left Turn,Pedestrian,East,Proceeding Straight,Vehicle/Pedestrian,1,0,0,1,Crossing in Crosswalk at Intersection,POINT (-122.462972001 37.76231577),Pedestrian
31733,1.0,Driver,East,Making Left Turn,Driver,South,Proceeding Straight,Broadside,0,0,0,1,No Pedestrian Involved,POINT (-122.41802892 37.77087647),Other Motor Vehicle
31734,1.0,Driver,North,Proceeding Straight,Parked Vehicle,North,Parked,Sideswipe,0,0,0,1,No Pedestrian Involved,POINT (-122.401144346 37.724494091),Other Motor Vehicle
31735,1.0,Driver,East,Proceeding Straight,Other,East,Changing Lanes,Broadside,0,0,0,1,No Pedestrian Involved,POINT (-122.416115821 37.785394065),Not Stated
31736,1.0,Bicyclist,East,Proceeding Straight,Pedestrian,South,Proceeding Straight,Vehicle/Pedestrian,1,0,0,0,Crossing in Crosswalk at Intersection,POINT (-122.412157954 37.776660987),Not Stated
31737,1.0,Pedestrian,North,Stopped,Driver,West,Proceeding Straight,Vehicle/Pedestrian,1,0,0,1,Crossing Not in Crosswalk,POINT (-122.409285278 37.780515811),Pedestrian
31738,1.0,Driver,South,Making Left Turn,Pedestrian,South,Not Stated,Vehicle/Pedestrian,1,0,0,1,Crossing in Crosswalk at Intersection,POINT (-122.4169955 37.789112901),Pedestrian
31739,1.0,Driver,East,Proceeding Straight,Pedestrian,South,Not Stated,Vehicle/Pedestrian,1,0,0,1,Crossing in Crosswalk at Intersection,POINT (-122.462584572 37.786766401),Pedestrian
31740,1.0,Driver,East,Proceeding Straight,Driver,North,Proceeding Straight,Broadside,0,0,0,1,No Pedestrian Involved,POINT (-122.418655872 37.788909612),Other Motor Vehicle
31741,1.0,Driver,West,Proceeding Straight,Pedestrian,South,Proceeding Straight,Vehicle/Pedestrian,1,0,0,1,Crossing Not in Crosswalk,POINT (-122.409701628 37.739730196),Pedestrian