party_id,party_at_fault,party1_type,party1_dir_of_travel,party1_move_pre_acc,party2_type,party2_dir_of_travel,party2_move_pre_acc,type_of_collision,involves_pedestrian,involves_bicycle,involves_motorcycle,involves_vehicle,ped_action,point,mviw
34376,1.0,Driver,West,Making Left Turn,Driver,South,Proceeding Straight,Head-On,0,0,0,1,No Pedestrian Involved,POINT (-122.404070257 37.777272703),Other Motor Vehicle
34377,1.0,Driver,South,Proceeding Straight,Unknown,Unknown,Unknown,Other,0,0,0,1,No Pedestrian Involved,POINT (-122.482554637 37.77264394),Other Object
34378,1.0,Driver,East,Proceeding Straight,Parked Vehicle,East,Parked,Sideswipe,0,0,0,1,No Pedestrian Involved,POINT (-122.442447248 37.7468695),Parked Motor Vehicle
34379,,Bicyclist,South,Proceeding Straight,Driver,South,Making Right Turn,Broadside,0,1,0,1,No Pedestrian Involved,POINT (-122.444847426 37.76800102),Bicycle
34380,1.0,Driver,West,Proceeding Straight,Unknown,Unknown,Unknown,Overturned,0,0,0,1,No Pedestrian Involved,POINT (-122.408833263 37.736673084),Fixed Object
34381,1.0,Pedestrian,East,Proceeding Straight,Driver,North,Making Left Turn,Vehicle/Pedestrian,1,0,0,1,Crossing Not in Crosswalk,POINT (-122.399002865 37.783843661),Pedestrian
34382,1.0,Driver,South,Ran Off Road,Pedestrian,Not Stated,Other,Vehicle/Pedestrian,1,0,0,1,Not in Road,POINT (-122.437284546 37.721343833),Pedestrian
34383,1.0,Other,North,Proceeding Straight,Driver,East,Backing,Rear End,0,0,0,1,No Pedestrian Involved,POINT (-122.412473036 37.766086324),Other Motor Vehicle
34384,1.0,Driver,North,Proceeding Straight,Driver,North,Making Right Turn,Sideswipe,0,0,0,1,No Pedestrian Involved,POINT (-122.459322764 37.787510426),Other Motor Vehicle
34385,1.0,Driver,South,Entering Traffic,Driver,South,Proceeding Straight,Sideswipe,0,0,0,1,No Pedestrian Involved,POINT (-122.495157171 37.775570239),Other Motor Vehicle
34386,1.0,Driver,South,Proceeding Straight,Driver,South,Stopped,Rear End,0,0,0,1,No Pedestrian Involved,POINT (-122.401271894 37.782113858),Other Motor Vehicle
34387,1.0,Driver,North,Proceeding Straight,Driver,North,Changing Lanes,Rear End,0,0,0,1,No Pedestrian Involved,POINT (-122.471217662 37.70912349),Other Object
34388,1.0,Driver,West,Making Left Turn,Other,East,Proceeding Straight,Other,0,0,0,1,No Pedestrian Involved,POINT (-122.416071734 37.784448842),Other Motor Vehicle
34389,1.0,Driver,North,Crossed Into Opposing Lane,Driver,East,Entering Traffic,Sideswipe,0,0,0,1,No Pedestrian Involved,POINT (-122.37877338 37.728682323),Other Motor Vehicle
34390,1.0,Driver,South,Making Right Turn,Pedestrian,East,Proceeding Straight,Vehicle/Pedestrian,1,0,0,1,Crossing in Crosswalk at Intersection,POINT (-122.390971016 37.790069801),Pedestrian
34391,1.0,Driver,East,Proceeding Straight,Driver,South,Proceeding Straight,Broadside,0,0,0,1,No Pedestrian Involved,POINT (-122.418718266 37.805931519),Other Motor Vehicle
34392,1.0,Driver,South,Making Left Turn,Pedestrian,Not Stated,Not Stated,Vehicle/Pedestrian,1,0,0,1,Crossing in Crosswalk at Intersection,POINT (-122.433587657 37.726219118),Pedestrian
34393,1.0,Driver,West,Proceeding Straight,Pedestrian,South,Proceeding Straight,Vehicle/Pedestrian,1,0,0,1,Crossing in Crosswalk at Intersection,POINT (-122.408914449 37.731428097),Pedestrian
34394,1.0,Driver,South,Stopped In Road,Bicyclist,East,Proceeding Straight,Rear End,0,1,0,1,No Pedestrian Involved,POINT (-122.406819986 37.7884933),Bicycle
34395,1.0,Driver,South,Proceeding Straight,Bicyclist,West,Proceeding Straight,Other,0,1,0,1,No Pedestrian Involved,POINT (-122.3892084 37.726447831),Bicycle
34396,1.0,Driver,Not Stated,Other,Unknown,Unknown,Unknown,Other,0,0,0,1,No Pedestrian Involved,POINT (-122.4471227 37.770934642),Other Object
34397,1.0,Driver,East,Making Left Turn,Driver,North,Proceeding Straight,Broadside,0,0,0,1,No Pedestrian Involved,POINT (-122.453979523 37.771428395),Other Motor Vehicle
34398,1.0,Driver,East,Proceeding Straight,Driver,East,Proceeding Straight,Rear End,0,0,0,1,No Pedestrian Involved,POINT (-122.442767014 37.794251419),Other Motor Vehicle
34399,1.0,Driver,West,Making U Turn,Bicyclist,West,Proceeding Straight,Broadside,0,1,0,1,No Pedestrian Involved,POINT (-122.50730681 37.768001016),Bicycle
34400,1.0,Driver,East,Making Left Turn,Driver,South,Proceeding Straight,Broadside,0,0,0,1,No Pedestrian Involved,POINT (-122.458637897 37.778008349),Other Motor Vehicle
34401,,Driver,West,Proceeding Straight,Driver,North,Proceeding Straight,Broadside,0,0,0,1,No Pedestrian Involved,POINT (-122.472585868 37.784448891),Other Motor Vehicle
34402,1.0,Driver,West,Changing Lanes,Driver,West,Proceeding Straight,Sideswipe,0,0,0,1,No Pedestrian Involved,POINT (-122.449098495 37.782170889),Other Motor Vehicle
34403,1.0,Bicyclist,North,Proceeding Straight,Unknown,Unknown,Unknown,Overturned,0,0,0,0,No Pedestrian Involved,POINT (-122.437884118 37.756721295),Non-Collision
34404,1.0,Driver,South,Proceeding Straight,Driver,South,Stopped In Road,Rear End,0,0,0,1,No Pedestrian Involved,POINT (-122.423741492 37.772587245),Other Motor Vehicle
34405,1.0,Parked Vehicle,South,Other,Bicyclist,South,Proceeding Straight,Sideswipe,0,1,0,0,No Pedestrian Involved,POINT (-122.417340383 37.752128114),Bicycle
34406,1.0,Driver,East,Proceeding Straight,Driver,East,Stopped,Rear End,0,0,0,1,No Pedestrian Involved,POINT (-122.411514481 37.748285208),Other Motor Vehicle
34407,,Driver,West,Making Left Turn,Driver,East,Proceeding Straight,Broadside,0,0,0,1,No Pedestrian Involved,POINT (-122.450118226 37.722082795),Other Motor Vehicle
34408,1.0,Driver,West,Proceeding Straight,Pedestrian,South,Making Left Turn,Vehicle/Pedestrian,1,0,0,1,"In Road, Including Shoulder",POINT (-122.417104136 37.774325288),Pedestrian
34409,1.0,Driver,South,Proceeding Straight,Driver,South,Proceeding Straight,Rear End,0,0,0,1,No Pedestrian Involved,POINT (-122.510925947 37.770435675),Other Motor Vehicle
34410,1.0,Driver,West,Proceeding Straight,Unknown,Unknown,Unknown,Not Stated,1,0,0,1,Not Stated,POINT (-122.385467594 37.733733738),Not Stated
34411,1.0,Driver,East,Proceeding Straight,Driver,North,Proceeding Straight,Broadside,0,0,0,1,No Pedestrian Involved,POINT (-122.411325582 37.785996236),Other Motor Vehicle
34412,,Bicyclist,West,Proceeding Straight,Pedestrian,South,Other,Other,1,0,0,0,Crossing in Crosswalk at Intersection,POINT (-122.460108472 37.724693835),Pedestrian
34413,1.0,Driver,South,Proceeding Straight,Driver,East,Proceeding Straight,Sideswipe,0,0,0,1,No Pedestrian Involved,POINT (-122.464172023 37.76413087),Other Motor Vehicle
34414,1.0,Driver,South,Proceeding Straight,Driver,West,Proceeding Straight,Broadside,0,0,0,1,No Pedestrian Involved,POINT (-122.411929944 37.792644505),Other Motor Vehicle
34415,,Pedestrian,Not Stated,Stopped In Road,Driver,South,Entering Traffic,Vehicle/Pedestrian,1,0,0,1,Not in Road,POINT (-122.415516175 37.781708505),Pedestrian
34416,,Driver,West,Proceeding Straight,Driver,South,Proceeding Straight,Broadside,0,0,0,1,No Pedestrian Involved,POINT (-122.428268447 37.729283672),Other Motor Vehicle
34417,1.0,Driver,South,Proceeding Straight,Pedestrian,West,Proceeding Straight,Vehicle/Pedestrian,1,0,0,1,Not in Road,POINT (-122.417517733 37.783256707),Pedestrian
34418,1.0,Driver,South,Changing Lanes,Driver,South,Proceeding Straight,Rear End,0,0,0,1,No Pedestrian Involved,POINT (-122.475310046 37.736714835),Other Motor Vehicle
34419,1.0,Driver,South,Making Left Turn,Pedestrian,South,Proceeding Straight,Vehicle/Pedestrian,1,0,0,1,Crossing in Crosswalk at Intersection,POINT (-122.446783404 37.761781414),Pedestrian
34420,1.0,Driver,North,Making Right Turn,Driver,East,Proceeding Straight,Broadside,0,0,0,1,No Pedestrian Involved,POINT (-122.422328955 37.79036966),Other Motor Vehicle
34421,1.0,Driver,South,Making Right Turn,Other,South,Proceeding Straight,Broadside,0,0,0,1,No Pedestrian Involved,POINT (-122.409519521 37.774552166),Not Stated
34422,1.0,Driver,East,Proceeding Straight,Driver,East,Slowing/Stopping,Rear End,0,0,0,1,No Pedestrian Involved,POINT (-122.45690937 37.781427236),Other Motor Vehicle
34423,1.0,Driver,South,Making Left Turn,Pedestrian,East,Other,Vehicle/Pedestrian,1,0,0,1,Crossing in Crosswalk at Intersection,POINT (-122.435988098 37.723114796),Pedestrian
34424,1.0,Driver,East,Proceeding Straight,Driver,East,Stopped In Road,Overturned,0,0,0,1,No Pedestrian Involved,POINT (-122.474131526 37.765546633),Other Motor Vehicle
34425,1.0,Bicyclist,North,Proceeding Straight,Pedestrian,Not Stated,Proceeding Straight,Vehicle/Pedestrian,1,0,0,0,Crossing in Crosswalk at Intersection,POINT (-122.408066548 37.783991487),Pedestrian
34426,1.0,Driver,South,Proceeding Straight,Driver,South,Stopped In Road,Rear End,0,0,0,1,No Pedestrian Involved,POINT (-122.422233953 37.773177655),Other Motor Vehicle
34427,1.0,Driver,South,Making Left Turn,Pedestrian,West,Not Stated,Hit Object,1,0,0,1,Crossing in Crosswalk at Intersection,POINT (-122.416071734 37.784448842),Pedestrian
34428,1.0,Driver,South,Making Right Turn,Pedestrian,South,Proceeding Straight,Vehicle/Pedestrian,1,0,0,1,"In Road, Including Shoulder",POINT (-122.403643056 37.766017069),Pedestrian
34429,1.0,Pedestrian,South,Other,Driver,West,Proceeding Straight,Other,1,0,0,1,Crossing Not in Crosswalk,POINT (-122.411788514 37.78110725),Non-Collision
34430,1.0,Driver,East,Making Left Turn,Bicyclist,North,Proceeding Straight,Broadside,0,1,0,1,No Pedestrian Involved,POINT (-122.458834558 37.780892046),Bicycle
34431,1.0,Driver,East,Making Left Turn,Driver,Not Stated,Proceeding Straight,Broadside,0,0,0,1,No Pedestrian Involved,POINT (-122.402377492 37.779458715),Other Motor Vehicle
34432,1.0,Pedestrian,South,Not Stated,Driver,East,Slowing/Stopping,Vehicle/Pedestrian,1,0,0,1,Crossing in Crosswalk Not at Intersection,POINT (-122.47081889 37.784531794),Pedestrian
34433,1.0,Driver,South,Proceeding Straight,Driver,South,Stopped,Rear End,0,0,0,1,No Pedestrian Involved,POINT (-122.464059622 37.762521144),Other Motor Vehicle
34434,1.0,Driver,South,Making Left Turn,Driver,East,Proceeding Straight,Broadside,0,0,0,1,No Pedestrian Involved,POINT (-122.426180043 37.801095455),Other Motor Vehicle
34435,1.0,Driver,North,Proceeding Straight,Driver,West,Proceeding Straight,Broadside,0,0,0,1,No Pedestrian Involved,POINT (-122.387926352 37.742703155),Other Motor Vehicle
34436,,Driver,South,Proceeding Straight,Unknown,Unknown,Unknown,Hit Object,0,0,0,1,No Pedestrian Involved,POINT (-122.420130343 37.746576031),Fixed Object
34437,,Driver,South,Making Right Turn,Driver,North,Stopped In Road,Head-On,0,0,0,1,No Pedestrian Involved,POINT (-122.433690465 37.739992516),Other Motor Vehicle
34438,1.0,Driver,East,Proceeding Straight,Driver,West,Making Left Turn,Broadside,0,0,0,1,No Pedestrian Involved,POINT (-122.450118225 37.722082795),Other Motor Vehicle
34439,1.0,Bicyclist,South,Proceeding Straight,Unknown,Unknown,Unknown,Other,0,0,0,0,No Pedestrian Involved,POINT (-122.42396767 37.763809618),Non-Collision
34440,,Driver,East,Proceeding Straight,Driver,East,Stopped In Road,Rear End,0,0,0,1,No Pedestrian Involved,POINT (-122.421192974 37.784753446),Other Motor Vehicle
34441,1.0,Driver,North,Entering Traffic,Driver,North,Proceeding Straight,Sideswipe,0,0,0,1,No Pedestrian Involved,POINT (-122.446303341 37.721090554),Motor Vehicle on Other Roadway
34442,1.0,Driver,East,Proceeding Straight,Driver,East,Stopped,Rear End,0,0,0,1,No Pedestrian Involved,POINT (-122.420306882 37.788699046),Other Motor Vehicle
34443,1.0,Driver,South,Making Left Turn,Driver,North,Proceeding Straight,Broadside,0,0,0,1,No Pedestrian Involved,POINT (-122.405615266 37.778505105),Other Motor Vehicle
34444,1.0,Driver,West,Proceeding Straight,Driver,West,Making Left Turn,Sideswipe,0,0,0,1,No Pedestrian Involved,POINT (-122.426070325 37.775524546),Other Motor Vehicle
34445,1.0,Driver,North,Traveling Wrong Way,Driver,South,Stopped,Head-On,0,0,0,1,No Pedestrian Involved,POINT (-122.436381034 37.793136721),Other Motor Vehicle
34446,1.0,Driver,South,Proceeding Straight,Driver,East,Proceeding Straight,Broadside,0,0,0,1,No Pedestrian Involved,POINT (-122.390693773 37.73479736),Other Motor Vehicle
34447,1.0,Bicyclist,East,Making Left Turn,Driver,East,Proceeding Straight,Broadside,0,1,0,1,No Pedestrian Involved,POINT (-122.392485618 37.764097997),Bicycle
34448,1.0,Bicyclist,North,Making Left Turn,Parked Vehicle,North,Parked,Hit Object,0,0,0,0,No Pedestrian Involved,POINT (-122.411370096 37.739831062),Parked Motor Vehicle
34449,1.0,Bicyclist,North,Proceeding Straight,Driver,East,Making Right Turn,Broadside,0,1,0,1,No Pedestrian Involved,POINT (-122.387794889 37.78709724),Bicycle
34450,1.0,Parked Vehicle,East,Parked,Bicyclist,East,Proceeding Straight,Other,0,1,0,0,No Pedestrian Involved,POINT (-122.418901029 37.757035402),Bicycle
34451,1.0,Driver,West,Making Left Turn,Driver,West,Stopped In Road,Rear End,0,0,0,1,No Pedestrian Involved,POINT (-122.440977561 37.799212366),Other Motor Vehicle
34452,1.0,Bicyclist,East,Proceeding Straight,Driver,South,Making Right Turn,Broadside,0,1,0,1,No Pedestrian Involved,POINT (-122.431574642 37.777699925),Bicycle
34453,1.0,Driver,East,Proceeding Straight,Driver,North,Proceeding Straight,Broadside,0,0,0,1,No Pedestrian Involved,POINT (-122.38470554 37.740897516),Other Motor Vehicle
34454,1.0,Driver,South,Proceeding Straight,Pedestrian,South,Proceeding Straight,Vehicle/Pedestrian,1,0,0,1,"In Road, Including Shoulder",POINT (-122.385420368 37.730643696),Pedestrian
34455,1.0,Driver,North,Proceeding Straight,Pedestrian,East,Other,Vehicle/Pedestrian,1,0,0,1,Not in Road,POINT (-122.403589386 37.786576251),Pedestrian
34456,1.0,Driver,East,Making Left Turn,Driver,West,Proceeding Straight,Sideswipe,0,0,0,1,No Pedestrian Involved,POINT (-122.434996087 37.733717519),Other Motor Vehicle
34457,1.0,Driver,Not Stated,Proceeding Straight,Driver,South,Stopped,Rear End,0,0,0,1,No Pedestrian Involved,POINT (-122.390967889 37.734013873),Other Motor Vehicle
34458,1.0,Driver,North,Proceeding Straight,Unknown,Unknown,Unknown,Other,0,0,0,1,No Pedestrian Involved,POINT (-122.421330432 37.777090973),Non-Collision
34459,1.0,Driver,East,Proceeding Straight,Bicyclist,East,Proceeding Straight,Rear End,0,1,0,1,No Pedestrian Involved,POINT (-122.419255606 37.775147074),Bicycle
34460,1.0,Bicyclist,East,Proceeding Straight,Driver,North,Proceeding Straight,Broadside,0,1,0,1,No Pedestrian Involved,POINT (-122.45541928 37.788018102),Bicycle
34461,1.0,Driver,North,Making Left Turn,Bicyclist,North,Proceeding Straight,Broadside,0,1,0,1,No Pedestrian Involved,POINT (-122.396744115 37.795336278),Bicycle
34462,1.0,Driver,South,Proceeding Straight,Parked Vehicle,South,Stopped,Rear End,0,0,0,1,No Pedestrian Involved,POINT (-122.48439202 37.725454594),Other Motor Vehicle
34463,1.0,Driver,East,Proceeding Straight,Pedestrian,North,Proceeding Straight,Vehicle/Pedestrian,1,0,0,1,Crossing in Crosswalk at Intersection,POINT (-122.431927236 37.712766597),Pedestrian
34464,1.0,Driver,East,Proceeding Straight,Other,East,Making Left Turn,Rear End,0,0,0,1,No Pedestrian Involved,POINT (-122.438709125 37.771056495),Other Motor Vehicle
34465,1.0,Driver,North,Proceeding Straight,Driver,North,Making Right Turn,Rear End,0,0,0,1,No Pedestrian Involved,POINT (-122.411540909 37.773713246),Other Motor Vehicle
34466,1.0,Driver,East,Proceeding Straight,Driver,East,Making Right Turn,Sideswipe,0,0,0,1,No Pedestrian Involved,POINT (-122.437461294 37.806401781),Other Motor Vehicle
34467,,Other,East,Proceeding Straight,Unknown,Unknown,Unknown,Other,0,0,0,0,No Pedestrian Involved,POINT (-122.441772254 37.770666483),Non-Collision
34468,1.0,Driver,South,Proceeding Straight,Driver,North,Making Left Turn,Broadside,0,0,0,1,No Pedestrian Involved,POINT (-122.44660865 37.720724224),Other Motor Vehicle
34469,1.0,Bicyclist,South,Proceeding Straight,Driver,Not Stated,Making Left Turn,Sideswipe,0,0,0,1,No Pedestrian Involved,POINT (-122.420698773 37.774007805),Other Object
34470,1.0,Driver,West,Making Left Turn,Driver,West,Proceeding Straight,Sideswipe,0,0,0,1,No Pedestrian Involved,POINT (-122.426070325 37.775524546),Other Motor Vehicle
34471,1.0,Driver,South,Making Left Turn,Pedestrian,North,Other,Vehicle/Pedestrian,1,0,0,1,Crossing in Crosswalk at Intersection,POINT (-122.458731622 37.779333159),Pedestrian
34472,1.0,Driver,West,Proceeding Straight,Driver,West,Proceeding Straight,Rear End,0,0,0,1,No Pedestrian Involved,POINT (-122.455267376 37.746323152),Other Motor Vehicle
34473,1.0,Driver,East,Proceeding Straight,Driver,East,Stopped,Rear End,0,0,0,1,No Pedestrian Involved,POINT (-122.417176324 37.785259417),Other Motor Vehicle
34474,1.0,Driver,South,Making Left Turn,Driver,East,Proceeding Straight,Broadside,0,0,0,1,No Pedestrian Involved,POINT (-122.431025471 37.765867986),Other Motor Vehicle
34475,1.0,Driver,East,Stopped In Road,Driver,East,Proceeding Straight,Sideswipe,0,0,0,1,No Pedestrian Involved,POINT (-122.405079312 37.798067342),Other Motor Vehicle
34476,1.0,Driver,West,Proceeding Straight,Driver,North,Proceeding Straight,Broadside,0,0,0,1,No Pedestrian Involved,POINT (-122.452623844 37.773106134),Other Motor Vehicle
34477,,Driver,West,Proceeding Straight,Pedestrian,North,Other,Vehicle/Pedestrian,1,0,0,1,Crossing in Crosswalk at Intersection,POINT (-122.433572208 37.769178369),Pedestrian
34478,1.0,Driver,South,Proceeding Straight,Driver,South,Stopped,Rear End,0,0,0,1,No Pedestrian Involved,POINT (-122.426467511 37.777464075),Other Motor Vehicle
34479,1.0,Driver,North,Proceeding Straight,Driver,East,Proceeding Straight,Broadside,0,0,0,1,No Pedestrian Involved,POINT (-122.430026151 37.722397871),Other Motor Vehicle
34480,1.0,Driver,West,Changing Lanes,Unknown,Unknown,Unknown,Hit Object,0,0,0,1,No Pedestrian Involved,POINT (-122.497313079 37.742095306),Fixed Object
34481,1.0,Driver,West,Proceeding Straight,Driver,West,Proceeding Straight,Sideswipe,0,0,0,1,No Pedestrian Involved,POINT (-122.445913236 37.799461226),Other Motor Vehicle
34482,1.0,Pedestrian,West,Entering Traffic,Driver,North,Not Stated,Vehicle/Pedestrian,1,0,0,1,Crossing in Crosswalk at Intersection,POINT (-122.402235057 37.728161745),Pedestrian
34483,1.0,Driver,West,Making Left Turn,Driver,East,Proceeding Straight,Head-On,0,0,0,1,No Pedestrian Involved,POINT (-122.404990206 37.769714506),Other Motor Vehicle
34484,1.0,Pedestrian,North,Proceeding Straight,Driver,East,Making Left Turn,Vehicle/Pedestrian,1,0,0,1,Crossing Not in Crosswalk,POINT (-122.458122529 37.730799536),Pedestrian
34485,,Driver,East,Not Stated,Bicyclist,West,Proceeding Straight,Broadside,0,1,0,1,No Pedestrian Involved,POINT (-122.491053534 37.762947981),Bicycle
34486,1.0,Driver,West,Making Right Turn,Driver,North,Proceeding Straight,Broadside,0,0,0,1,No Pedestrian Involved,POINT (-122.439872613 37.785247527),Other Motor Vehicle
34487,,Driver,West,Merging,Driver,West,Proceeding Straight,Sideswipe,0,0,0,1,No Pedestrian Involved,POINT (-122.41844637 37.777459954),Not Stated
34488,1.0,Driver,East,Making Left Turn,Driver,North,Proceeding Straight,Broadside,0,0,0,1,No Pedestrian Involved,POINT (-122.422086793 37.780821048),Fixed Object
34489,1.0,Driver,West,Changing Lanes,Driver,West,Proceeding Straight,Sideswipe,0,0,0,1,No Pedestrian Involved,POINT (-122.444847226 37.746945373),Other Motor Vehicle
34490,1.0,Driver,West,Making Right Turn,Pedestrian,North,Proceeding Straight,Vehicle/Pedestrian,1,0,0,1,Crossing in Crosswalk at Intersection,POINT (-122.403643056 37.766017069),Pedestrian
34491,1.0,Driver,East,Stopped,Driver,East,Making Right Turn,Sideswipe,0,0,0,1,No Pedestrian Involved,POINT (-122.400181634 37.731507107),Parked Motor Vehicle
34492,1.0,Driver,South,Proceeding Straight,Driver,South,Stopped In Road,Rear End,0,0,0,1,No Pedestrian Involved,POINT (-122.400149638 37.78121752),Other Motor Vehicle
34493,1.0,Driver,West,Backing,Pedestrian,North,Stopped In Road,Vehicle/Pedestrian,1,0,0,1,Not in Road,POINT (-122.467108989 37.715528669),Pedestrian
34494,1.0,Driver,South,Proceeding Straight,Driver,South,Stopped In Road,Rear End,0,0,0,1,No Pedestrian Involved,POINT (-122.420023853 37.745439466),Other Motor Vehicle
34495,1.0,Driver,West,Proceeding Straight,Driver,West,Stopped In Road,Rear End,0,0,0,1,No Pedestrian Involved,POINT (-122.420749946 37.789587881),Other Motor Vehicle
34496,1.0,Driver,South,Proceeding Straight,Driver,South,Stopped,Rear End,0,0,0,1,No Pedestrian Involved,POINT (-122.495069458 37.751588676),Other Motor Vehicle
34497,1.0,Driver,West,Proceeding Straight,Driver,North,Proceeding Straight,Broadside,0,0,0,1,No Pedestrian Involved,POINT (-122.421758104 37.78754814),Other Motor Vehicle
34498,1.0,Driver,South,Traveling Wrong Way,Driver,North,Stopped,Head-On,0,0,0,1,No Pedestrian Involved,POINT (-122.404687439 37.774232388),Motor Vehicle on Other Roadway
34499,1.0,Driver,South,Making Left Turn,Pedestrian,Not Stated,Proceeding Straight,Vehicle/Pedestrian,1,0,0,1,Crossing in Crosswalk at Intersection,POINT (-122.41723329 37.790041398),Pedestrian
34500,1.0,Pedestrian,West,Entering Traffic,Pedestrian,West,Entering Traffic,Sideswipe,1,0,0,0,Crossing Not in Crosswalk,POINT (-122.39562276 37.722431604),Pedestrian
34501,1.0,Driver,South,Proceeding Straight,Driver,South,Stopped In Road,Rear End,0,0,0,1,No Pedestrian Involved,POINT (-122.47467023 37.728191829),Other Motor Vehicle
34502,1.0,Driver,East,Making Left Turn,Driver,West,Stopped,Head-On,0,0,0,1,No Pedestrian Involved,POINT (-122.419738734 37.785892901),Other Motor Vehicle
34503,1.0,Driver,West,Making Right Turn,Driver,South,Proceeding Straight,Broadside,0,0,0,1,No Pedestrian Involved,POINT (-122.388014053 37.72073951),Other Motor Vehicle
34504,1.0,Driver,South,Slowing/Stopping,Driver,South,Proceeding Straight,Rear End,0,0,0,1,No Pedestrian Involved,POINT (-122.403528686 37.748392695),Other Motor Vehicle
34505,1.0,Driver,West,Proceeding Straight,Pedestrian,Not Stated,Proceeding Straight,Vehicle/Pedestrian,1,0,0,1,Crossing in Crosswalk at Intersection,POINT (-122.439504172 37.80040343),Pedestrian
34506,1.0,Driver,South,Proceeding Straight,Driver,West,Proceeding Straight,Broadside,0,0,0,1,No Pedestrian Involved,POINT (-122.446610466 37.786302299),Not Stated
34507,1.0,Driver,East,Making Right Turn,Bicyclist,Not Stated,Proceeding Straight,Broadside,0,1,0,1,No Pedestrian Involved,POINT (-122.427280768 37.781495749),Bicycle
34508,,Driver,Not Stated,Not Stated,Driver,North,Not Stated,Not Stated,1,0,0,1,Not Stated,POINT (-122.390416264 37.735590521),Not Stated
34509,1.0,Driver,North,Proceeding Straight,Pedestrian,Not Stated,Not Stated,Not Stated,1,0,0,1,Not Stated,POINT (-122.411325582 37.785996236),Fixed Object
34510,,Driver,South,Proceeding Straight,Driver,East,Proceeding Straight,Broadside,0,0,0,1,No Pedestrian Involved,POINT (-122.399958736 37.793209101),Other Motor Vehicle
34511,1.0,Driver,North,Crossed Into Opposing Lane - Unplanned,Driver,South,Proceeding Straight,Broadside,0,0,0,1,No Pedestrian Involved,POINT (-122.423089907 37.740641886),Other Motor Vehicle
34512,1.0,Pedestrian,South,Other,Driver,West,Proceeding Straight,Vehicle/Pedestrian,1,0,0,1,Crossing in Crosswalk at Intersection,POINT (-122.414087296 37.782790165),Pedestrian
34513,1.0,Bicyclist,East,Traveling Wrong Way,Driver,West,Proceeding Straight,Rear End,0,1,0,1,No Pedestrian Involved,POINT (-122.385490089 37.749121499),Bicycle
34514,1.0,Driver,North,Making Left Turn,Driver,East,Proceeding Straight,Broadside,0,0,0,1,No Pedestrian Involved,POINT (-122.46001642 37.766165788),Other Motor Vehicle
34515,1.0,Driver,West,Proceeding Straight,Driver,West,Stopped In Road,Rear End,0,0,0,1,No Pedestrian Involved,POINT (-122.462212503 37.725265708),Other Motor Vehicle
34516,1.0,Driver,West,Proceeding Straight,Pedestrian,North,Proceeding Straight,Vehicle/Pedestrian,1,0,0,1,Crossing in Crosswalk at Intersection,POINT (-122.453592852 37.78734411),Pedestrian
34517,1.0,Driver,East,Making Left Turn,Driver,West,Stopped,Head-On,0,0,0,1,No Pedestrian Involved,POINT (-122.412468269 37.722658456),Other Motor Vehicle
34518,1.0,Bicyclist,South,Making Left Turn,Driver,East,Proceeding Straight,Broadside,0,1,0,1,No Pedestrian Involved,POINT (-122.391840525 37.778125698),Bicycle
34519,1.0,Driver,West,Proceeding Straight,Pedestrian,Not Stated,Other,Vehicle/Pedestrian,1,0,0,1,Crossing in Crosswalk at Intersection,POINT (-122.440417738 37.717244619),Pedestrian
34520,1.0,Bicyclist,East,Proceeding Straight,Driver,North,Proceeding Straight,Broadside,0,1,0,1,No Pedestrian Involved,POINT (-122.436693349 37.802628425),Bicycle
34521,1.0,Pedestrian,North,Other,Driver,East,Proceeding Straight,Vehicle/Pedestrian,1,0,0,1,Not Stated,POINT (-122.425183779 37.782339632),Pedestrian
34522,1.0,Driver,South,Parked,Other,South,Proceeding Straight,Other,0,0,0,1,No Pedestrian Involved,POINT (-122.407187489 37.761935877),Other Motor Vehicle
34523,1.0,Driver,East,Proceeding Straight,Driver,South,Proceeding Straight,Sideswipe,0,0,0,1,No Pedestrian Involved,POINT (-122.405424735 37.771296353),Other Motor Vehicle
34524,1.0,Driver,North,Proceeding Straight,Pedestrian,North,Other,Vehicle/Pedestrian,1,0,0,1,"In Road, Including Shoulder",POINT (-122.510297875 37.763941402),Pedestrian
34525,1.0,Driver,South,Proceeding Straight,Driver,South,Stopped In Road,Rear End,0,0,0,1,No Pedestrian Involved,POINT (-122.432447324 37.727637208),Other Motor Vehicle
34526,1.0,Driver,Not Stated,Proceeding Straight,Pedestrian,North,Proceeding Straight,Sideswipe,1,0,0,1,Crossing in Crosswalk at Intersection,POINT (-122.413676361 37.780926855),Pedestrian
34527,1.0,Driver,West,Proceeding Straight,Parked Vehicle,East,Parked,Overturned,0,0,0,1,No Pedestrian Involved,POINT (-122.49755693 37.734622039),Parked Motor Vehicle
34528,1.0,Driver,North,Proceeding Straight,Bicyclist,East,Proceeding Straight,Broadside,0,1,0,1,No Pedestrian Involved,POINT (-122.495630257 37.751526822),Bicycle
34529,1.0,Driver,West,Proceeding Straight,Unknown,Unknown,Unknown,Head-On,0,0,0,1,No Pedestrian Involved,POINT (-122.458637161 37.7672),Fixed Object
34530,1.0,Driver,North,Making Right Turn,Pedestrian,West,Not Stated,Vehicle/Pedestrian,1,0,0,1,Crossing in Crosswalk at Intersection,POINT (-122.409105871 37.799553188),Pedestrian