party_id,party_at_fault,party1_type,party1_dir_of_travel,party1_move_pre_acc,party2_type,party2_dir_of_travel,party2_move_pre_acc,type_of_collision,involves_pedestrian,involves_bicycle,involves_motorcycle,involves_vehicle,ped_action,point,mviw
34531,1.0,Other,North,Traveling Wrong Way,Unknown,Unknown,Unknown,Other,0,0,0,0,No Pedestrian Involved,POINT (-122.419164301 37.775030877),Fixed Object
34532,1.0,Driver,North,Proceeding Straight,Driver,North,Making Left Turn,Broadside,0,0,0,1,No Pedestrian Involved,POINT (-122.419883231 37.778251017),Other Motor Vehicle
34533,1.0,Driver,West,Proceeding Straight,Bicyclist,West,Proceeding Straight,Sideswipe,0,1,0,1,No Pedestrian Involved,POINT (-122.407739161 37.784183664),Bicycle
34534,1.0,Driver,West,Proceeding Straight,Bicyclist,North,Proceeding Straight,Broadside,0,1,0,1,No Pedestrian Involved,POINT (-122.428986106 37.767921942),Bicycle
34535,1.0,Pedestrian,West,Entering Traffic,Driver,North,Proceeding Straight,Vehicle/Pedestrian,1,0,0,1,Crossing Not in Crosswalk,POINT (-122.424268322 37.767019293),Pedestrian
34536,1.0,Driver,North,Proceeding Straight,Pedestrian,Not Stated,Proceeding Straight,Head-On,1,0,0,1,Crossing in Crosswalk at Intersection,POINT (-122.414693369 37.758931228),Pedestrian
34537,,Driver,East,Proceeding Straight,Driver,North,Proceeding Straight,Sideswipe,0,0,0,1,No Pedestrian Involved,POINT (-122.411325582 37.785996236),Other Motor Vehicle
34538,1.0,Driver,North,Proceeding Straight,Driver,North,Stopped In Road,Rear End,0,0,0,1,No Pedestrian Involved,POINT (-122.430824395 37.766013731),Other Motor Vehicle
34539,1.0,Driver,South,Proceeding Straight,Driver,West,Proceeding Straight,Head-On,0,0,0,1,No Pedestrian Involved,POINT (-122.430736823 37.790252063),Other Motor Vehicle
34540,1.0,Driver,East,Stopped,Driver,East,Proceeding Straight,Rear End,0,0,0,1,No Pedestrian Involved,POINT (-122.424998167 37.778537929),Other Motor Vehicle
34541,1.0,Driver,North,Making Left Turn,Bicyclist,South,Proceeding Straight,Other,0,1,0,1,No Pedestrian Involved,POINT (-122.438581571 37.787324904),Bicycle
34542,1.0,Driver,East,Making Left Turn,Driver,North,Proceeding Straight,Broadside,0,0,0,1,No Pedestrian Involved,POINT (-122.44456307 37.716079428),Other Motor Vehicle
34543,,Driver,North,Proceeding Straight,Driver,East,Proceeding Straight,Broadside,0,0,0,1,No Pedestrian Involved,POINT (-122.418655872 37.788909612),Other Motor Vehicle
34544,1.0,Driver,West,Making Right Turn,Driver,West,Proceeding Straight,Broadside,0,0,0,1,No Pedestrian Involved,POINT (-122.408066546 37.783991488),Other Object
34545,,Pedestrian,South,Not Stated,Driver,East,Not Stated,Not Stated,1,0,0,1,Not Stated,POINT (-122.415729962 37.784492211),Not Stated
34546,1.0,Driver,South,Proceeding Straight,Parked Vehicle,South,Parked,Sideswipe,0,0,0,1,No Pedestrian Involved,POINT (-122.418271319 37.761901563),Parked Motor Vehicle
34547,,Bicyclist,South,Not Stated,Driver,East,Not Stated,Not Stated,1,0,0,1,Not Stated,POINT (-122.458958781 37.782641003),Not Stated
34548,1.0,Driver,West,Proceeding Straight,Driver,West,Stopped In Road,Rear End,0,0,0,1,No Pedestrian Involved,POINT (-122.425057305 37.795526578),Other Motor Vehicle
34549,1.0,Bicyclist,East,Not Stated,Driver,West,Stopped In Road,Head-On,0,1,0,1,No Pedestrian Involved,POINT (-122.494389913 37.781583336),Bicycle
34550,1.0,Driver,South,Proceeding Straight,Unknown,Unknown,Unknown,Head-On,0,0,0,1,No Pedestrian Involved,POINT (-122.485651693 37.708328911),Fixed Object
34551,1.0,Other,East,Proceeding Straight,Driver,South,Proceeding Straight,Broadside,0,0,0,1,No Pedestrian Involved,POINT (-122.486118058 37.753815471),Other Motor Vehicle
34552,1.0,Driver,Not Stated,Merging,Driver,North,Proceeding Straight,Other,0,0,0,1,No Pedestrian Involved,POINT (-122.405939469 37.775230082),Non-Collision
34553,1.0,Pedestrian,Not Stated,Other,Driver,South,Proceeding Straight,Vehicle/Pedestrian,1,0,0,1,"In Road, Including Shoulder",POINT (-122.41730178 37.763251503),Pedestrian
34554,1.0,Driver,East,Proceeding Straight,Driver,East,Stopped In Road,Rear End,0,0,0,1,No Pedestrian Involved,POINT (-122.395038318 37.784407613),Other Motor Vehicle
34555,1.0,Driver,East,Making Left Turn,Driver,West,Proceeding Straight,Broadside,0,0,0,1,No Pedestrian Involved,POINT (-122.422472989 37.717887379),Other Motor Vehicle
34556,1.0,Driver,West,Proceeding Straight,Driver,Not Stated,Proceeding Straight,Rear End,0,0,0,1,No Pedestrian Involved,POINT (-122.405492698 37.77860192),Other Motor Vehicle
34557,1.0,Driver,East,Proceeding Straight,Driver,East,Slowing/Stopping,Rear End,0,0,0,1,No Pedestrian Involved,POINT (-122.437694705 37.79963393),Other Motor Vehicle
34558,1.0,Driver,East,Proceeding Straight,Driver,North,Stopped In Road,Broadside,0,0,0,1,No Pedestrian Involved,POINT (-122.498424503 37.760755944),Not Stated
34559,1.0,Driver,North,Backing,Pedestrian,Not Stated,Backing,Vehicle/Pedestrian,1,0,0,1,Crossing Not in Crosswalk,POINT (-122.412872038 37.785308448),Pedestrian
34560,1.0,Driver,Not Stated,Making U Turn,Driver,North,Proceeding Straight,Sideswipe,0,0,0,1,No Pedestrian Involved,POINT (-122.419946992 37.76792022),Other Motor Vehicle
34561,1.0,Driver,West,Making Right Turn,Pedestrian,South,Proceeding Straight,Sideswipe,1,0,0,1,Not Stated,POINT (-122.432580753 37.799369724),Pedestrian
34562,1.0,Pedestrian,West,Not Stated,Driver,South,Proceeding Straight,Vehicle/Pedestrian,1,0,0,1,Crossing Not in Crosswalk,POINT (-122.400951076 37.78781482),Pedestrian
34563,1.0,Driver,East,Proceeding Straight,Driver,West,Stopped In Road,Head-On,0,0,0,1,No Pedestrian Involved,POINT (-122.392624536 37.729278454),Other Motor Vehicle
34564,1.0,Driver,West,Proceeding Straight,Pedestrian,South,Proceeding Straight,Vehicle/Pedestrian,1,0,0,1,Crossing in Crosswalk at Intersection,POINT (-122.390145052 37.736390195),Pedestrian
34565,1.0,Driver,North,Making Left Turn,Driver,East,Proceeding Straight,Head-On,0,0,0,1,No Pedestrian Involved,POINT (-122.462441444 37.785266126),Other Motor Vehicle
34566,1.0,Driver,North,Proceeding Straight,Driver,West,Making Left Turn,Broadside,0,0,0,1,No Pedestrian Involved,POINT (-122.414302668 37.800758205),Parked Motor Vehicle
34567,1.0,Driver,South,Making Right Turn,Pedestrian,West,Proceeding Straight,Vehicle/Pedestrian,1,0,0,1,Crossing in Crosswalk at Intersection,POINT (-122.419512737 37.763429273),Pedestrian
34568,1.0,Driver,South,Making U Turn,Driver,South,Proceeding Straight,Sideswipe,0,0,0,1,No Pedestrian Involved,POINT (-122.41844527 37.752239454),Other Motor Vehicle
34569,,Driver,South,Other,Other,Not Stated,Other,Other,0,0,0,1,No Pedestrian Involved,POINT (-122.426114538 37.733954475),Other Motor Vehicle
34570,1.0,Driver,East,Making Left Turn,Driver,North,Making Right Turn,Broadside,0,0,0,1,No Pedestrian Involved,POINT (-122.414241573 37.783723783),Other Motor Vehicle
34571,1.0,Driver,East,Making Right Turn,Pedestrian,North,Proceeding Straight,Vehicle/Pedestrian,1,0,0,1,Crossing Not in Crosswalk,POINT (-122.414901179 37.787465887),Pedestrian
34572,1.0,Driver,East,Making Left Turn,Pedestrian,North,Proceeding Straight,Broadside,1,0,0,1,Crossing in Crosswalk at Intersection,POINT (-122.412580383 37.783934466),Pedestrian
34573,1.0,Driver,South,Making Right Turn,Pedestrian,East,Proceeding Straight,Vehicle/Pedestrian,1,0,0,1,Crossing in Crosswalk at Intersection,POINT (-122.400784748 37.723616209),Pedestrian
34574,1.0,Bicyclist,North,Making Left Turn,Driver,East,Proceeding Straight,Sideswipe,0,1,0,1,No Pedestrian Involved,POINT (-122.404583317 37.786730567),Bicycle
34575,1.0,Driver,East,Proceeding Straight,Driver,North,Proceeding Straight,Broadside,0,0,0,1,No Pedestrian Involved,POINT (-122.449846604 37.708328121),Other Motor Vehicle
34576,1.0,Driver,North,Proceeding Straight,Unknown,Unknown,Unknown,Hit Object,0,0,0,1,No Pedestrian Involved,POINT (-122.437461294 37.806401781),Fixed Object
34577,1.0,Pedestrian,East,Other,Driver,West,Proceeding Straight,Vehicle/Pedestrian,1,0,0,1,Crossing Not in Crosswalk,POINT (-122.423673411 37.771736464),Pedestrian
34578,1.0,Driver,West,Proceeding Straight,Parked Vehicle,West,Parked,Hit Object,0,0,0,1,No Pedestrian Involved,POINT (-122.414079323 37.780875804),Fixed Object
34579,,Driver,East,Proceeding Straight,Parked Vehicle,East,Parked,Sideswipe,0,0,0,1,No Pedestrian Involved,POINT (-122.432312462 37.781430457),Parked Motor Vehicle
34580,1.0,Driver,East,Proceeding Straight,Driver,East,Stopped,Rear End,0,0,0,1,No Pedestrian Involved,POINT (-122.48981544 37.776057567),Other Motor Vehicle
34581,1.0,Driver,West,Making Left Turn,Driver,East,Proceeding Straight,Broadside,0,0,0,1,No Pedestrian Involved,POINT (-122.416899819 37.771723947),Other Motor Vehicle
34582,1.0,Driver,South,Parked,Bicyclist,South,Proceeding Straight,Vehicle/Pedestrian,1,1,0,1,No Pedestrian Involved,POINT (-122.394324232 37.794996738),Bicycle
34583,1.0,Driver,West,Proceeding Straight,Driver,East,Proceeding Straight,Head-On,0,0,0,1,No Pedestrian Involved,POINT (-122.400229836 37.744936054),Other Motor Vehicle
34584,1.0,Driver,South,Backing,Parked Vehicle,North,Parked,Sideswipe,0,0,0,1,No Pedestrian Involved,POINT (-122.485702409 37.74786311),Other Motor Vehicle
34585,1.0,Driver,South,Making Left Turn,Driver,South,Making Left Turn,Rear End,0,0,0,1,No Pedestrian Involved,POINT (-122.421886446 37.764917378),Other Motor Vehicle
34586,,Driver,East,Entering Traffic,Driver,North,Proceeding Straight,Broadside,0,0,0,1,No Pedestrian Involved,POINT (-122.404072482 37.745843126),Other Motor Vehicle
34587,1.0,Driver,South,Proceeding Straight,Pedestrian,East,Proceeding Straight,Vehicle/Pedestrian,1,0,0,1,Crossing in Crosswalk at Intersection,POINT (-122.428150906 37.794146664),Pedestrian
34588,1.0,Driver,North,Ran Off Road,Unknown,Unknown,Unknown,Hit Object,0,0,0,1,No Pedestrian Involved,POINT (-122.464674748 37.732522796),Fixed Object
34589,1.0,Driver,North,Proceeding Straight,Driver,North,Stopped,Rear End,0,0,0,1,No Pedestrian Involved,POINT (-122.472014666 37.726754759),Other Motor Vehicle
34590,1.0,Driver,North,Proceeding Straight,Driver,West,Making Left Turn,Broadside,0,0,0,1,No Pedestrian Involved,POINT (-122.393570157 37.726979832),Other Motor Vehicle
34591,1.0,Driver,East,Entering Traffic,Driver,West,Proceeding Straight,Sideswipe,0,0,0,1,No Pedestrian Involved,POINT (-122.425125732 37.782347048),Other Motor Vehicle
34592,1.0,Driver,West,Proceeding Straight,Parked Vehicle,West,Parked,Rear End,0,0,0,1,No Pedestrian Involved,POINT (-122.399220395 37.744364247),Parked Motor Vehicle
34593,,Driver,East,Proceeding Straight,Driver,South,Proceeding Straight,Broadside,0,0,0,1,No Pedestrian Involved,POINT (-122.432914248 37.784355056),Other Motor Vehicle
34594,1.0,Driver,North,Making Left Turn,Pedestrian,West,Proceeding Straight,Vehicle/Pedestrian,1,0,0,1,Crossing in Crosswalk at Intersection,POINT (-122.464425025 37.782939934),Pedestrian
34595,1.0,Driver,East,Proceeding Straight,Driver,East,Making U Turn,Broadside,0,0,0,1,No Pedestrian Involved,POINT (-122.393857287 37.777977132),Other Motor Vehicle
34596,1.0,Driver,West,Proceeding Straight,Driver,West,Slowing/Stopping,Rear End,0,0,0,1,No Pedestrian Involved,POINT (-122.46374921 37.773624065),Other Motor Vehicle
34597,,Pedestrian,South,Proceeding Straight,Driver,East,Proceeding Straight,Sideswipe,1,0,0,1,Crossing Not in Crosswalk,POINT (-122.410242699 37.800311098),Pedestrian
34598,1.0,Other,East,Proceeding Straight,Driver,North,Proceeding Straight,Broadside,0,0,0,1,No Pedestrian Involved,POINT (-122.412197893 37.755832511),Other Motor Vehicle
34599,1.0,Driver,South,Making Left Turn,Bicyclist,North,Proceeding Straight,Head-On,0,0,0,1,No Pedestrian Involved,POINT (-122.414086032 37.752506065),Not Stated
34600,1.0,Pedestrian,South,Proceeding Straight,Driver,East,Making Left Turn,Vehicle/Pedestrian,1,0,0,1,Crossing Not in Crosswalk,POINT (-122.407713378 37.768359754),Pedestrian
34601,1.0,Driver,South,Changing Lanes,Driver,South,Proceeding Straight,Sideswipe,0,0,0,1,No Pedestrian Involved,POINT (-122.406904237 37.737991922),Other Motor Vehicle
34602,1.0,Driver,West,Proceeding Straight,Parked Vehicle,West,Parked,Hit Object,0,0,0,1,No Pedestrian Involved,POINT (-122.481239651 37.772704307),Parked Motor Vehicle
34603,1.0,Driver,West,Proceeding Straight,Driver,West,Stopped,Rear End,0,0,0,1,No Pedestrian Involved,POINT (-122.458528674 37.711390645),Other Motor Vehicle
34604,1.0,Bicyclist,South,Ran Off Road,Unknown,Unknown,Unknown,Hit Object,0,0,0,0,No Pedestrian Involved,POINT (-122.497321755 37.783151474),Fixed Object
34605,1.0,Driver,North,Proceeding Straight,Driver,North,Proceeding Straight,Rear End,0,0,0,1,No Pedestrian Involved,POINT (-122.388556398 37.760491009),Other Motor Vehicle
34606,1.0,Pedestrian,South,Proceeding Straight,Driver,West,Not Stated,Vehicle/Pedestrian,1,0,0,1,Crossing Not in Crosswalk,POINT (-122.417528773 37.78331089),Pedestrian
34607,1.0,Driver,East,Making Right Turn,Driver,East,Proceeding Straight,Sideswipe,0,0,0,1,No Pedestrian Involved,POINT (-122.393114979 37.740900961),Other Motor Vehicle
34608,1.0,Driver,West,Making Left Turn,Driver,South,Proceeding Straight,Broadside,0,0,0,1,No Pedestrian Involved,POINT (-122.435395727 37.76492646),Other Motor Vehicle
34609,1.0,Driver,South,Proceeding Straight,Driver,South,Other,Overturned,0,0,0,1,No Pedestrian Involved,POINT (-122.402708154 37.783259236),Other Motor Vehicle
34610,1.0,Driver,West,Proceeding Straight,Driver,West,Stopped In Road,Rear End,0,0,0,1,No Pedestrian Involved,POINT (-122.418514575 37.786047263),Other Motor Vehicle
34611,1.0,Driver,East,Proceeding Straight,Driver,East,Proceeding Straight,Broadside,0,0,0,1,No Pedestrian Involved,POINT (-122.428482292 37.725900814),Other Motor Vehicle
34612,1.0,Driver,North,Proceeding Straight,Pedestrian,West,Proceeding Straight,Vehicle/Pedestrian,1,0,0,1,Crossing Not in Crosswalk,POINT (-122.390425172 37.735374445),Pedestrian
34613,1.0,Driver,West,Proceeding Straight,Pedestrian,South,Proceeding Straight,Vehicle/Pedestrian,1,0,0,1,Crossing in Crosswalk at Intersection,POINT (-122.491475166 37.753579326),Pedestrian
34614,1.0,Driver,South,Proceeding Straight,Driver,West,Proceeding Straight,Broadside,0,0,0,1,No Pedestrian Involved,POINT (-122.423792964 37.797616581),Other Motor Vehicle
34615,1.0,Driver,South,Making Left Turn,Driver,North,Proceeding Straight,Head-On,0,0,0,1,No Pedestrian Involved,POINT (-122.458858661 37.781257062),Other Motor Vehicle
34616,1.0,Driver,North,Proceeding Straight,Driver,East,Making Right Turn,Broadside,0,0,0,1,No Pedestrian Involved,POINT (-122.410610729 37.775428352),Other Motor Vehicle
34617,1.0,Pedestrian,North,Proceeding Straight,Driver,West,Proceeding Straight,Broadside,1,0,0,1,"In Road, Including Shoulder",POINT (-122.423971884 37.798553758),Pedestrian
34618,1.0,Bicyclist,East,Proceeding Straight,Unknown,Unknown,Unknown,Other,0,0,0,0,No Pedestrian Involved,POINT (-122.414354844 37.718711931),Fixed Object
34619,1.0,Driver,South,Proceeding Straight,Driver,East,Proceeding Straight,Sideswipe,0,0,0,1,No Pedestrian Involved,POINT (-122.437989848 37.775925406),Other Motor Vehicle
34620,,Driver,Not Stated,Stopped,Other,Not Stated,Stopped,Sideswipe,0,1,0,1,No Pedestrian Involved,POINT (-122.412512255 37.780478511),Bicycle
34621,1.0,Pedestrian,West,Proceeding Straight,Driver,South,Proceeding Straight,Vehicle/Pedestrian,1,0,0,1,Crossing Not in Crosswalk,POINT (-122.413648364 37.748028063),Pedestrian
34622,2.0,Driver,South,Proceeding Straight,Pedestrian,East,Entering Traffic,Vehicle/Pedestrian,1,0,0,1,Crossing Not in Crosswalk,POINT (-122.474364586 37.739371372),Pedestrian
34623,1.0,Driver,South,Proceeding Straight,Driver,South,Slowing/Stopping,Rear End,0,0,0,1,No Pedestrian Involved,POINT (-122.422715284 37.750412623),Other Motor Vehicle
34624,1.0,Driver,East,Proceeding Straight,Pedestrian,South,Proceeding Straight,Vehicle/Pedestrian,1,0,0,1,Crossing in Crosswalk at Intersection,POINT (-122.485335463 37.742625973),Pedestrian
34625,1.0,Pedestrian,West,Proceeding Straight,Driver,North,Making Right Turn,Vehicle/Pedestrian,1,0,0,1,Crossing in Crosswalk at Intersection,POINT (-122.407159488 37.779738906),Pedestrian
34626,1.0,Driver,East,Proceeding Straight,Driver,East,Stopped In Road,Rear End,0,0,0,1,No Pedestrian Involved,POINT (-122.448279146 37.804724225),Other Motor Vehicle
34627,1.0,Driver,South,Stopped,Driver,South,Proceeding Straight,Rear End,0,0,0,1,No Pedestrian Involved,POINT (-122.477268778 37.765515091),Other Motor Vehicle
34628,1.0,Driver,South,Proceeding Straight,Driver,South,Stopped In Road,Rear End,0,0,0,1,No Pedestrian Involved,POINT (-122.42252386 37.774657132),Other Motor Vehicle
34629,1.0,Driver,West,Making U Turn,Bicyclist,West,Proceeding Straight,Rear End,0,1,0,1,No Pedestrian Involved,POINT (-122.458551343 37.751917715),Bicycle
34630,1.0,Driver,West,Proceeding Straight,Pedestrian,North,Proceeding Straight,Vehicle/Pedestrian,1,0,0,1,Crossing in Crosswalk at Intersection,POINT (-122.459024435 37.713172049),Pedestrian
34631,1.0,Driver,North,Proceeding Straight,Driver,East,Proceeding Straight,Broadside,0,0,0,1,No Pedestrian Involved,POINT (-122.425043631 37.795458784),Other Motor Vehicle
34632,1.0,Driver,West,Making Left Turn,Driver,East,Proceeding Straight,Head-On,0,0,0,1,No Pedestrian Involved,POINT (-122.436046173 37.799842953),Other Motor Vehicle
34633,1.0,Other,East,Proceeding Straight,Unknown,Unknown,Unknown,Head-On,0,0,0,0,No Pedestrian Involved,POINT (-122.50681954 37.760385011),Fixed Object
34634,1.0,Driver,East,Proceeding Straight,Driver,East,Slowing/Stopping,Rear End,0,0,0,1,No Pedestrian Involved,POINT (-122.414241573 37.783723783),Other Motor Vehicle
34635,1.0,Driver,East,Proceeding Straight,Pedestrian,Not Stated,Stopped,Vehicle/Pedestrian,1,0,0,1,Not in Road,POINT (-122.478638521 37.742920333),Pedestrian
34636,1.0,Driver,North,Proceeding Straight,Driver,North,Stopped In Road,Rear End,1,0,0,1,Crossing in Crosswalk at Intersection,POINT (-122.413396248 37.768671224),Other Motor Vehicle
34637,1.0,Driver,West,Making Left Turn,Driver,South,Proceeding Straight,Broadside,0,0,0,1,No Pedestrian Involved,POINT (-122.440607093 37.728188244),Other Motor Vehicle
34638,1.0,Driver,South,Proceeding Straight,Driver,West,Proceeding Straight,Hit Object,0,0,0,1,No Pedestrian Involved,POINT (-122.407187488 37.761935879),Fixed Object
34639,1.0,Pedestrian,North,Not Stated,Driver,East,Proceeding Straight,Vehicle/Pedestrian,1,0,0,1,Crossing Not in Crosswalk,POINT (-122.413603054 37.785709962),Pedestrian
34640,1.0,Bicyclist,West,Proceeding Straight,Pedestrian,East,Proceeding Straight,Head-On,1,0,0,0,Not in Road,POINT (-122.40571373 37.785774842),Other Object
34641,1.0,Driver,South,Making Right Turn,Pedestrian,South,Proceeding Straight,Rear End,1,0,0,1,Crossing in Crosswalk at Intersection,POINT (-122.417658992 37.755502498),Pedestrian
34642,1.0,Bicyclist,South,Proceeding Straight,Driver,South,Making Right Turn,Sideswipe,0,1,0,1,No Pedestrian Involved,POINT (-122.430424414 37.780715573),Bicycle
34643,1.0,Driver,South,Making Right Turn,Other,South,Proceeding Straight,Broadside,0,0,0,1,No Pedestrian Involved,POINT (-122.437468564 37.723775107),Other Motor Vehicle
34644,1.0,Driver,East,Proceeding Straight,Driver,East,Stopped,Rear End,0,0,0,1,No Pedestrian Involved,POINT (-122.433871764 37.775494241),Other Motor Vehicle
34645,1.0,Driver,North,Making Left Turn,Driver,East,Proceeding Straight,Broadside,0,0,0,1,No Pedestrian Involved,POINT (-122.487398289 37.772423078),Other Motor Vehicle
34646,1.0,Driver,North,Making Left Turn,Driver,South,Proceeding Straight,Head-On,0,0,0,1,No Pedestrian Involved,POINT (-122.464425025 37.782939934),Other Motor Vehicle
34647,1.0,Driver,East,Proceeding Straight,Driver,South,Proceeding Straight,Broadside,0,0,0,1,No Pedestrian Involved,POINT (-122.415882538 37.783515641),Other Motor Vehicle
34648,,Driver,West,Proceeding Straight,Driver,West,Proceeding Straight,Sideswipe,0,0,0,1,No Pedestrian Involved,POINT (-122.459212803 37.724533171),Other Motor Vehicle
34649,1.0,Driver,East,Proceeding Straight,Driver,East,Stopped In Road,Rear End,0,0,0,1,No Pedestrian Involved,POINT (-122.434210092 37.784134535),Other Motor Vehicle
34650,1.0,Pedestrian,South,Entering Traffic,Driver,East,Proceeding Straight,Vehicle/Pedestrian,1,0,0,1,Crossing Not in Crosswalk,POINT (-122.450669995 37.771451274),Pedestrian
34651,1.0,Driver,West,Stopped,Driver,West,Stopped,Rear End,0,0,0,1,No Pedestrian Involved,POINT (-122.414996226 37.763705896),Other Motor Vehicle
34652,1.0,Driver,East,Changing Lanes,Driver,East,Proceeding Straight,Rear End,0,0,0,1,No Pedestrian Involved,POINT (-122.381451245 37.738955914),Motor Vehicle on Other Roadway
34653,1.0,Driver,West,Proceeding Straight,Driver,West,Stopped,Rear End,0,0,0,1,No Pedestrian Involved,POINT (-122.459005468 37.71138733),Other Motor Vehicle
34654,1.0,Pedestrian,East,Proceeding Straight,Driver,North,Proceeding Straight,Vehicle/Pedestrian,1,0,0,1,Crossing in Crosswalk at Intersection,POINT (-122.412603626 37.780552562),Pedestrian
34655,2.0,Parked Vehicle,South,Parked,Driver,South,Other,Sideswipe,0,0,0,1,No Pedestrian Involved,POINT (-122.412082618 37.781415068),Parked Motor Vehicle
34656,1.0,Driver,South,Entering Traffic,Unknown,Unknown,Unknown,Overturned,0,0,0,1,No Pedestrian Involved,POINT (-122.411376271 37.801125133),Non-Collision
34657,1.0,Driver,West,Changing Lanes,Driver,West,Stopped In Road,Rear End,0,0,0,1,No Pedestrian Involved,POINT (-122.465052979 37.71169196),Other Motor Vehicle
34658,1.0,Driver,South,Proceeding Straight,Driver,South,Making Left Turn,Broadside,0,0,0,1,No Pedestrian Involved,POINT (-122.507193245 37.743535156),Other Motor Vehicle
34659,1.0,Driver,South,Other,Pedestrian,East,Proceeding Straight,Vehicle/Pedestrian,1,0,0,1,Crossing in Crosswalk at Intersection,POINT (-122.421941248 37.773036051),Not Stated
34660,,Driver,West,Proceeding Straight,Pedestrian,South,Proceeding Straight,Vehicle/Pedestrian,1,0,0,1,Crossing in Crosswalk at Intersection,POINT (-122.420344368 37.77177025),Pedestrian
34661,1.0,Driver,North,Proceeding Straight,Driver,West,Proceeding Straight,Broadside,0,0,0,1,No Pedestrian Involved,POINT (-122.472659493 37.761890608),Other Motor Vehicle
34662,1.0,Pedestrian,South,Not Stated,Driver,West,Proceeding Straight,Vehicle/Pedestrian,1,0,0,1,Crossing Not in Crosswalk,POINT (-122.431927237 37.712766595),Pedestrian
34663,1.0,Driver,West,Proceeding Straight,Driver,North,Proceeding Straight,Broadside,0,0,0,1,No Pedestrian Involved,POINT (-122.413892694 37.714315055),Other Motor Vehicle
34664,1.0,Driver,South,Making Left Turn,Driver,North,Proceeding Straight,Head-On,0,0,0,1,No Pedestrian Involved,POINT (-122.396705177 37.785542131),Other Motor Vehicle
34665,1.0,Driver,North,Proceeding Straight,Pedestrian,East,Not Stated,Vehicle/Pedestrian,1,0,0,1,No Pedestrian Involved,POINT (-122.413259823 37.767069975),Pedestrian
34666,1.0,Driver,North,Proceeding Straight,Other,West,Proceeding Straight,Broadside,0,0,0,1,No Pedestrian Involved,POINT (-122.465244895 37.764083777),Train
34667,1.0,Driver,South,Proceeding Straight,Driver,South,Stopped In Road,Rear End,0,0,0,1,No Pedestrian Involved,POINT (-122.459089945 37.773242898),Other Motor Vehicle
34668,1.0,Driver,South,Proceeding Straight,Driver,South,Making Right Turn,Other,0,0,0,1,No Pedestrian Involved,POINT (-122.408516331 37.773759701),Non-Collision
34669,1.0,Driver,West,Making Left Turn,Driver,South,Making Right Turn,Sideswipe,0,0,0,1,No Pedestrian Involved,POINT (-122.38904633 37.755326919),Other Motor Vehicle
34670,1.0,Driver,North,Proceeding Straight,Driver,North,Stopped,Rear End,0,0,0,1,No Pedestrian Involved,POINT (-122.47178527 37.773102197),Motor Vehicle on Other Roadway
34671,1.0,Bicyclist,East,Traveling Wrong Way,Driver,South,Proceeding Straight,Broadside,0,1,0,1,No Pedestrian Involved,POINT (-122.415696128 37.782596161),Bicycle
34672,1.0,Driver,South,Proceeding Straight,Driver,South,Stopped In Road,Rear End,0,0,0,1,No Pedestrian Involved,POINT (-122.475289543 37.722356865),Other Motor Vehicle
34673,1.0,Driver,West,Stopped,Parked Vehicle,North,Parked,Sideswipe,0,0,0,1,No Pedestrian Involved,POINT (-122.406297284 37.79984235),Parked Motor Vehicle
34674,1.0,Bicyclist,East,Making Left Turn,Driver,North,Making Right Turn,Head-On,0,0,0,1,No Pedestrian Involved,POINT (-122.395150932 37.7892347),Motor Vehicle on Other Roadway
34675,1.0,Driver,West,Proceeding Straight,Bicyclist,West,Proceeding Straight,Rear End,0,1,0,1,No Pedestrian Involved,POINT (-122.488740844 37.776106803),Bicycle
34676,1.0,Driver,North,Proceeding Straight,Driver,South,Making Left Turn,Overturned,0,0,0,1,No Pedestrian Involved,POINT (-122.473139616 37.713671987),Non-Collision
34677,1.0,Driver,South,Proceeding Straight,Driver,South,Stopped In Road,Rear End,0,0,0,1,No Pedestrian Involved,POINT (-122.407048734 37.739741371),Other Motor Vehicle
34678,,Driver,South,Making Left Turn,Driver,East,Proceeding Straight,Sideswipe,0,0,0,1,No Pedestrian Involved,POINT (-122.414694567 37.778727983),Other Motor Vehicle
34679,1.0,Driver,West,Backing,Bicyclist,West,Proceeding Straight,Other,0,1,0,1,No Pedestrian Involved,POINT (-122.399738183 37.723367076),Bicycle
34680,1.0,Other,North,Parked,Driver,North,Proceeding Straight,Sideswipe,0,0,0,1,No Pedestrian Involved,POINT (-122.364549668 37.824769717),Parked Motor Vehicle
34681,1.0,Driver,South,Proceeding Straight,Pedestrian,West,Proceeding Straight,Not Stated,1,0,0,1,Crossing in Crosswalk at Intersection,POINT (-122.431153836 37.716593606),Pedestrian
34682,1.0,Pedestrian,Not Stated,Other,Driver,Not Stated,Proceeding Straight,Vehicle/Pedestrian,1,0,0,1,"In Road, Including Shoulder",POINT (-122.41516674 37.752383337),Pedestrian
34683,1.0,Driver,South,Entering Traffic,Driver,South,Proceeding Straight,Sideswipe,0,0,0,1,No Pedestrian Involved,POINT (-122.410924848 37.792360505),Other Motor Vehicle
34684,1.0,Driver,West,Proceeding Straight,Pedestrian,East,Proceeding Straight,Vehicle/Pedestrian,1,0,0,1,Crossing Not in Crosswalk,POINT (-122.388090826 37.737106377),Pedestrian
34685,1.0,Driver,West,Making Left Turn,Driver,West,Proceeding Straight,Head-On,0,0,0,1,No Pedestrian Involved,POINT (-122.393570157 37.726979832),Other Motor Vehicle