party_id,party_at_fault,party1_type,party1_dir_of_travel,party1_move_pre_acc,party2_type,party2_dir_of_travel,party2_move_pre_acc,type_of_collision,involves_pedestrian,involves_bicycle,involves_motorcycle,involves_vehicle,ped_action,point,mviw
35460,1.0,Driver,North,Proceeding Straight,Driver,North,Ran Off Road,Rear End,0,0,0,1,No Pedestrian Involved,POINT (-122.402227153 37.724325145),Other Motor Vehicle
35461,1.0,Driver,North,Proceeding Straight,Driver,North,Proceeding Straight,Rear End,0,0,0,1,No Pedestrian Involved,POINT (-122.404206052 37.791622764),Other Motor Vehicle
35462,,Driver,West,Proceeding Straight,Pedestrian,South,Proceeding Straight,Head-On,1,0,0,1,"In Road, Including Shoulder",POINT (-122.411991639 37.739710009),Pedestrian
35463,1.0,Driver,West,Proceeding Straight,Bicyclist,North,Proceeding Straight,Broadside,0,1,0,1,No Pedestrian Involved,POINT (-122.405466275 37.781925018),Bicycle
35464,1.0,Driver,West,Making Left Turn,Pedestrian,South,Proceeding Straight,Vehicle/Pedestrian,1,0,0,1,Crossing in Crosswalk at Intersection,POINT (-122.43418908 37.78214743),Pedestrian
35465,1.0,Pedestrian,North,Entering Traffic,Driver,West,Backing,Vehicle/Pedestrian,1,0,0,1,Crossing Not in Crosswalk,POINT (-122.413449252 37.785729297),Pedestrian
35466,1.0,Driver,South,Making Left Turn,Pedestrian,West,Proceeding Straight,Vehicle/Pedestrian,1,0,0,1,Crossing in Crosswalk at Intersection,POINT (-122.476186638 37.765498442),Pedestrian
35467,1.0,Driver,South,Ran Off Road,Unknown,Unknown,Unknown,Hit Object,0,0,0,1,No Pedestrian Involved,POINT (-122.479440482 37.771817592),Fixed Object
35468,1.0,Pedestrian,South,Proceeding Straight,Driver,West,Proceeding Straight,Vehicle/Pedestrian,1,0,0,1,Crossing in Crosswalk at Intersection,POINT (-122.436046174 37.799842953),Pedestrian
35469,1.0,Driver,East,Proceeding Straight,Driver,East,Stopped,Rear End,0,0,0,1,No Pedestrian Involved,POINT (-122.408217194 37.786386874),Other Motor Vehicle
35470,1.0,Driver,East,Making Right Turn,Driver,Not Stated,Proceeding Straight,Not Stated,0,0,0,1,No Pedestrian Involved,POINT (-122.419547854 37.78496026),Other Motor Vehicle
35471,1.0,Driver,West,Proceeding Straight,Driver,West,Stopped In Road,Rear End,0,0,0,1,No Pedestrian Involved,POINT (-122.437417384 37.799732779),Other Motor Vehicle
35472,1.0,Pedestrian,North,Proceeding Straight,Driver,West,Proceeding Straight,Vehicle/Pedestrian,1,0,0,1,Crossing in Crosswalk at Intersection,POINT (-122.431293844 37.728729548),Pedestrian
35473,1.0,Driver,South,Traveling Wrong Way,Bicyclist,North,Proceeding Straight,Head-On,0,1,0,1,No Pedestrian Involved,POINT (-122.420458445 37.749999199),Bicycle
35474,1.0,Driver,West,Proceeding Straight,Bicyclist,West,Proceeding Straight,Sideswipe,0,1,0,1,No Pedestrian Involved,POINT (-122.419825235 37.766673601),Bicycle
35475,1.0,Driver,Not Stated,Making Left Turn,Pedestrian,Not Stated,Stopped,Vehicle/Pedestrian,1,0,0,1,"In Road, Including Shoulder",POINT (-122.403484571 37.79503343),Pedestrian
35476,,Driver,East,Other,Unknown,Unknown,Unknown,Hit Object,0,0,0,1,No Pedestrian Involved,POINT (-122.423973384 37.771369006),Fixed Object
35477,1.0,Driver,South,Proceeding Straight,Driver,South,Stopped In Road,Rear End,0,0,0,1,No Pedestrian Involved,POINT (-122.423743723 37.772598074),Other Motor Vehicle
35478,1.0,Pedestrian,South,Not Stated,Driver,West,Proceeding Straight,Broadside,1,0,0,1,Crossing Not in Crosswalk,POINT (-122.41267649 37.780294276),Pedestrian
35479,1.0,Driver,North,Entering Traffic,Driver,North,Proceeding Straight,Broadside,0,0,0,1,No Pedestrian Involved,POINT (-122.389626793 37.790338435),Other Motor Vehicle
35480,1.0,Driver,East,Other,Driver,West,Proceeding Straight,Head-On,0,0,0,1,No Pedestrian Involved,POINT (-122.420910144 37.7350924),Other Motor Vehicle
35481,1.0,Driver,South,Proceeding Straight,Driver,South,Stopped,Rear End,0,0,0,1,No Pedestrian Involved,POINT (-122.413775941 37.749358813),Other Motor Vehicle
35482,1.0,Driver,North,Proceeding Straight,Driver,North,Stopped,Rear End,0,0,0,1,No Pedestrian Involved,POINT (-122.403591772 37.747205168),Other Motor Vehicle
35483,1.0,Driver,East,Proceeding Straight,Driver,North,Proceeding Straight,Broadside,0,0,0,1,No Pedestrian Involved,POINT (-122.400297759 37.777799011),Other Motor Vehicle
35484,1.0,Bicyclist,East,Not Stated,Driver,South,Making Left Turn,Other,0,1,0,1,No Pedestrian Involved,POINT (-122.423641307 37.759967376),Bicycle
35485,1.0,Driver,North,Proceeding Straight,Unknown,Unknown,Unknown,Not Stated,0,0,0,1,No Pedestrian Involved,POINT (-122.369768613 37.824958966),Fixed Object
35486,1.0,Driver,East,Proceeding Straight,Pedestrian,Not Stated,Proceeding Straight,Vehicle/Pedestrian,1,0,0,1,Not in Road,POINT (-122.414960444 37.780764174),Pedestrian
35487,1.0,Driver,South,Proceeding Straight,Parked Vehicle,Not Stated,Parked,Vehicle/Pedestrian,1,0,0,1,"In Road, Including Shoulder",POINT (-122.413155996 37.786703036),Parked Motor Vehicle
35488,1.0,Driver,East,Making Left Turn,Pedestrian,North,Proceeding Straight,Vehicle/Pedestrian,1,0,0,1,Crossing in Crosswalk at Intersection,POINT (-122.415480865 37.781657362),Pedestrian
35489,1.0,Pedestrian,Not Stated,Other,Driver,East,Proceeding Straight,Broadside,1,0,0,1,"In Road, Including Shoulder",POINT (-122.427836436 37.761320837),Pedestrian
35490,1.0,Driver,East,Stopped,Bicyclist,East,Proceeding Straight,Sideswipe,0,1,0,1,No Pedestrian Involved,POINT (-122.440336438 37.776581447),Bicycle
35491,1.0,Driver,East,Proceeding Straight,Driver,East,Stopped In Road,Rear End,0,0,0,1,No Pedestrian Involved,POINT (-122.416294412 37.777484901),Other Motor Vehicle
35492,1.0,Driver,West,Proceeding Straight,Driver,East,Proceeding Straight,Head-On,0,0,0,1,No Pedestrian Involved,POINT (-122.403389774 37.720807514),Other Motor Vehicle
35493,1.0,Driver,East,Proceeding Straight,Unknown,Unknown,Unknown,Other,0,0,0,1,No Pedestrian Involved,POINT (-122.40005204 37.79024229),Non-Collision
35494,1.0,Driver,Not Stated,Proceeding Straight,Pedestrian,North,Proceeding Straight,Vehicle/Pedestrian,1,0,0,1,"In Road, Including Shoulder",POINT (-122.409583951 37.757540146),Pedestrian
35495,1.0,Driver,East,Proceeding Straight,Pedestrian,North,Proceeding Straight,Vehicle/Pedestrian,1,0,0,1,Crossing in Crosswalk at Intersection,POINT (-122.418226581 37.778489117),Pedestrian
35496,1.0,Driver,West,Traveling Wrong Way,Parked Vehicle,East,Parked,Head-On,0,0,0,1,No Pedestrian Involved,POINT (-122.4651737 37.784913719),Parked Motor Vehicle
35497,1.0,Driver,North,Making U Turn,Driver,West,Proceeding Straight,Broadside,0,0,0,1,No Pedestrian Involved,POINT (-122.47129687 37.734669663),Other Motor Vehicle
35498,1.0,Bicyclist,East,Slowing/Stopping,Pedestrian,South,Proceeding Straight,Vehicle/Pedestrian,1,0,0,0,Crossing Not in Crosswalk,POINT (-122.40229712 37.788599636),Pedestrian
35499,1.0,Driver,West,Proceeding Straight,Other,South,Proceeding Straight,Broadside,0,0,0,1,No Pedestrian Involved,POINT (-122.417204798 37.790045142),Other Motor Vehicle
35500,1.0,Driver,West,Entering Traffic,Parked Vehicle,South,Parked,Rear End,0,0,0,1,No Pedestrian Involved,POINT (-122.509402191 37.764032736),Parked Motor Vehicle
35501,1.0,Driver,North,Making Right Turn,Driver,North,Making Right Turn,Rear End,0,0,0,1,No Pedestrian Involved,POINT (-122.424517951 37.792841414),Other Motor Vehicle
35502,,Driver,North,Proceeding Straight,Driver,West,Proceeding Straight,Broadside,0,0,0,1,No Pedestrian Involved,POINT (-122.41770675 37.78423574),Other Motor Vehicle
35503,,Driver,South,Other,Driver,North,Proceeding Straight,Head-On,0,0,0,1,No Pedestrian Involved,POINT (-122.446282275 37.774871281),Other Motor Vehicle
35504,1.0,Driver,South,Making Left Turn,Driver,West,Proceeding Straight,Broadside,0,0,0,1,No Pedestrian Involved,POINT (-122.485262026 37.77252042),Not Stated
35505,1.0,Driver,East,Making Right Turn,Pedestrian,East,Proceeding Straight,Vehicle/Pedestrian,1,0,0,1,Crossing in Crosswalk at Intersection,POINT (-122.393901403 37.72621823),Pedestrian
35506,1.0,Driver,West,Proceeding Straight,Driver,South,Proceeding Straight,Broadside,0,0,0,1,No Pedestrian Involved,POINT (-122.438641761 37.721626383),Other Motor Vehicle
35507,1.0,Driver,South,Proceeding Straight,Driver,East,Stopped,Rear End,0,0,0,1,No Pedestrian Involved,POINT (-122.451954775 37.712055691),Other Motor Vehicle
35508,1.0,Driver,East,Stopped,Pedestrian,North,Not Stated,Vehicle/Pedestrian,1,0,0,1,Crossing in Crosswalk at Intersection,POINT (-122.41600028 37.711914556),Pedestrian
35509,1.0,Driver,North,Proceeding Straight,Other,East,Proceeding Straight,Head-On,0,0,0,1,No Pedestrian Involved,POINT (-122.412713 37.780663),Other Motor Vehicle
35510,1.0,Driver,South,Proceeding Straight,Unknown,Unknown,Unknown,Head-On,0,0,0,1,No Pedestrian Involved,,Fixed Object
35511,1.0,Driver,East,Making Left Turn,Pedestrian,North,Proceeding Straight,Vehicle/Pedestrian,1,0,0,1,Crossing in Crosswalk at Intersection,POINT (-122.438177048 37.776855889),Pedestrian
35512,1.0,Driver,North,Making Left Turn,Driver,West,Proceeding Straight,Broadside,0,0,0,1,No Pedestrian Involved,POINT (-122.418842653 37.789829935),Other Motor Vehicle
35513,1.0,Driver,East,Stopped,Pedestrian,Not Stated,Stopped,Head-On,1,0,0,1,"In Road, Including Shoulder",POINT (-122.417388377 37.785232452),Pedestrian
35514,1.0,Driver,North,Proceeding Straight,Driver,West,Proceeding Straight,Sideswipe,0,0,0,1,No Pedestrian Involved,POINT (-122.411515768 37.786939707),Other Motor Vehicle
35515,1.0,Driver,West,Making Left Turn,Pedestrian,East,Proceeding Straight,Vehicle/Pedestrian,1,0,0,1,Crossing in Crosswalk at Intersection,POINT (-122.447129947 37.80037761),Pedestrian
35516,1.0,Driver,South,Making Right Turn,Other,Not Stated,Not Stated,Vehicle/Pedestrian,1,0,0,1,No Pedestrian Involved,POINT (-122.415770298 37.808051998),Pedestrian
35517,1.0,Bicyclist,East,Proceeding Straight,Unknown,Unknown,Unknown,Overturned,0,0,0,0,No Pedestrian Involved,POINT (-122.40774236 37.784181152),Fixed Object
35518,1.0,Pedestrian,West,Other,Driver,South,Proceeding Straight,Vehicle/Pedestrian,1,0,0,1,Crossing Not in Crosswalk,POINT (-122.405068509 37.778068982),Pedestrian
35519,1.0,Driver,West,Making Left Turn,Driver,East,Proceeding Straight,Broadside,0,0,0,1,No Pedestrian Involved,POINT (-122.421768167 37.795945403),Other Motor Vehicle
35520,1.0,Driver,North,Making Right Turn,Driver,North,Proceeding Straight,Broadside,0,0,0,1,No Pedestrian Involved,POINT (-122.413398561 37.768698646),Other Motor Vehicle
35521,1.0,Driver,West,Making U Turn,Unknown,Unknown,Unknown,Hit Object,0,0,0,1,No Pedestrian Involved,POINT (-122.430124832 37.764419324),Fixed Object
35522,1.0,Bicyclist,West,Proceeding Straight,Pedestrian,East,Proceeding Straight,Other,1,0,0,0,Not in Road,POINT (-122.468115859 37.780778394),Not Stated
35523,,Driver,East,Making Left Turn,Pedestrian,East,Proceeding Straight,Vehicle/Pedestrian,1,0,0,1,Crossing in Crosswalk at Intersection,POINT (-122.422328955 37.79036966),Pedestrian
35524,,Driver,East,Proceeding Straight,Driver,South,Proceeding Straight,Broadside,0,0,0,1,No Pedestrian Involved,POINT (-122.397811613 37.784666586),Other Motor Vehicle
35525,,Driver,North,Proceeding Straight,Driver,North,Proceeding Straight,Rear End,0,0,0,1,No Pedestrian Involved,POINT (-122.421148424 37.776158765),Other Motor Vehicle
35526,1.0,Driver,West,Making Right Turn,Driver,West,Making Right Turn,Rear End,0,0,0,1,No Pedestrian Involved,POINT (-122.471751028 37.712681221),Other Motor Vehicle
35527,1.0,Driver,West,Making Right Turn,Pedestrian,South,Proceeding Straight,Vehicle/Pedestrian,1,0,0,1,Crossing in Crosswalk at Intersection,POINT (-122.427988927 37.78495388),Pedestrian
35528,1.0,Driver,East,Making Left Turn,Pedestrian,North,Proceeding Straight,Vehicle/Pedestrian,1,0,0,1,Crossing in Crosswalk at Intersection,POINT (-122.471915031 37.782596214),Pedestrian
35529,1.0,Driver,North,Proceeding Straight,Driver,East,Proceeding Straight,Broadside,0,0,0,1,No Pedestrian Involved,POINT (-122.404750207 37.767257226),Other Motor Vehicle
35530,1.0,Driver,North,Proceeding Straight,Parked Vehicle,Not Stated,Parked,Sideswipe,0,0,0,1,No Pedestrian Involved,POINT (-122.424318547 37.791856895),Parked Motor Vehicle
35531,1.0,Driver,West,Proceeding Straight,Driver,West,Proceeding Straight,Rear End,0,0,0,1,No Pedestrian Involved,POINT (-122.399369535 37.785899248),Other Motor Vehicle
35532,,Driver,East,Proceeding Straight,Unknown,Unknown,Unknown,Hit Object,0,0,0,1,No Pedestrian Involved,POINT (-122.458637161 37.7672),Fixed Object
35533,1.0,Driver,East,Making Left Turn,Driver,West,Proceeding Straight,Broadside,0,0,0,1,No Pedestrian Involved,POINT (-122.430047265 37.778850929),Other Motor Vehicle
35534,1.0,Driver,North,Proceeding Straight,Driver,West,Proceeding Straight,Sideswipe,0,0,0,1,No Pedestrian Involved,POINT (-122.411899822 37.75262859),Other Motor Vehicle
35535,1.0,Driver,West,Merging,Pedestrian,East,Other,Vehicle/Pedestrian,1,0,0,1,"In Road, Including Shoulder",POINT (-122.405795087 37.789581251),Pedestrian
35536,,Driver,North,Making Left Turn,Pedestrian,South,Proceeding Straight,Vehicle/Pedestrian,1,0,0,1,Crossing in Crosswalk at Intersection,POINT (-122.407584444 37.800638021),Pedestrian
35537,1.0,Driver,West,Changing Lanes,Driver,West,Proceeding Straight,Sideswipe,0,0,0,1,No Pedestrian Involved,POINT (-122.477308394 37.765447986),Other Motor Vehicle
35538,1.0,Driver,Not Stated,Backing,Pedestrian,East,Other,Vehicle/Pedestrian,1,0,0,1,Crossing Not in Crosswalk,POINT (-122.411933409 37.780005868),Pedestrian
35539,1.0,Driver,North,Making Left Turn,Pedestrian,West,Proceeding Straight,Vehicle/Pedestrian,1,0,0,1,Crossing in Crosswalk at Intersection,POINT (-122.417486595 37.765183135),Pedestrian
35540,1.0,Driver,North,Proceeding Straight,Driver,North,Proceeding Straight,Rear End,0,0,0,1,No Pedestrian Involved,POINT (-122.478207797 37.768101423),Other Motor Vehicle
35541,1.0,Bicyclist,North,Proceeding Straight,Driver,East,Stopped,Broadside,0,1,0,1,No Pedestrian Involved,POINT (-122.424136499 37.774824795),Bicycle
35542,1.0,Driver,East,Backing,Parked Vehicle,Not Stated,Parked,Broadside,0,0,0,1,No Pedestrian Involved,POINT (-122.403135481 37.723767248),Parked Motor Vehicle
35543,1.0,Driver,South,Proceeding Straight,Unknown,Unknown,Unknown,Other,0,0,0,1,No Pedestrian Involved,POINT (-122.387676895 37.761688451),Non-Collision
35544,1.0,Driver,East,Ran Off Road,Parked Vehicle,East,Parked,Vehicle/Pedestrian,1,0,0,1,Not in Road,POINT (-122.409524902 37.781177226),Pedestrian
35545,1.0,Driver,East,Making Right Turn,Pedestrian,North,Proceeding Straight,Vehicle/Pedestrian,1,0,0,1,Crossing in Crosswalk at Intersection,POINT (-122.418193309 37.748172962),Pedestrian
35546,1.0,Driver,West,Proceeding Straight,Driver,South,Proceeding Straight,Broadside,0,0,0,1,No Pedestrian Involved,POINT (-122.38470554 37.740897516),Other Motor Vehicle
35547,1.0,Driver,North,Proceeding Straight,Driver,South,Making Left Turn,Overturned,0,0,0,1,No Pedestrian Involved,POINT (-122.422709659 37.75033787),Non-Collision
35548,1.0,Driver,South,Making Left Turn,Driver,East,Proceeding Straight,Other,0,0,0,1,No Pedestrian Involved,POINT (-122.424852598 37.770747745),Non-Collision
35549,1.0,Driver,South,Proceeding Straight,Driver,East,Proceeding Straight,Broadside,0,0,0,1,No Pedestrian Involved,POINT (-122.389619542 37.722851442),Other Motor Vehicle
35550,1.0,Driver,North,Proceeding Straight,Driver,West,Proceeding Straight,Broadside,0,0,0,1,No Pedestrian Involved,POINT (-122.413105242 37.765447608),Other Motor Vehicle
35551,1.0,Driver,West,Proceeding Straight,Unknown,Unknown,Unknown,Other,0,0,0,1,No Pedestrian Involved,POINT (-122.436380985 37.760807661),Other Object
35552,1.0,Driver,North,Making Left Turn,Driver,South,Proceeding Straight,Broadside,0,0,0,1,No Pedestrian Involved,POINT (-122.51142881 37.776147987),Other Motor Vehicle
35553,1.0,Driver,North,Proceeding Straight,Other,West,Proceeding Straight,Broadside,0,0,0,1,No Pedestrian Involved,POINT (-122.455216941 37.777599279),Other Motor Vehicle
35554,1.0,Driver,South,Making Left Turn,Driver,South,Making Left Turn,Rear End,0,0,0,1,No Pedestrian Involved,POINT (-122.403400462 37.730658352),Other Motor Vehicle
35555,1.0,Driver,South,Entering Traffic,Driver,South,Proceeding Straight,Sideswipe,0,0,0,1,No Pedestrian Involved,POINT (-122.423787474 37.761619594),Other Motor Vehicle
35556,1.0,Pedestrian,East,Proceeding Straight,Driver,North,Proceeding Straight,Broadside,1,0,0,1,Crossing in Crosswalk at Intersection,POINT (-122.42100836 37.783824118),Pedestrian
35557,1.0,Driver,North,Proceeding Straight,Bicyclist,North,Proceeding Straight,Rear End,0,1,0,1,No Pedestrian Involved,POINT (-122.420493442 37.789620438),Bicycle
35558,,Pedestrian,West,Other,Driver,South,Proceeding Straight,Vehicle/Pedestrian,1,0,0,1,Crossing Not in Crosswalk,POINT (-122.444743291 37.712622218),Pedestrian
35559,1.0,Driver,South,Entering Traffic,Driver,West,Proceeding Straight,Broadside,0,0,0,1,No Pedestrian Involved,POINT (-122.391797156 37.731643546),Motor Vehicle on Other Roadway
35560,1.0,Driver,West,Proceeding Straight,Driver,South,Proceeding Straight,Broadside,0,0,0,1,No Pedestrian Involved,POINT (-122.431951802 37.779564149),Other Motor Vehicle
35561,1.0,Pedestrian,South,Proceeding Straight,Driver,West,Parking Maneuver,Vehicle/Pedestrian,1,0,0,1,Crossing Not in Crosswalk,POINT (-122.392647314 37.773527338),Pedestrian
35562,1.0,Bicyclist,North,Proceeding Straight,Unknown,Unknown,Unknown,Hit Object,0,0,0,0,No Pedestrian Involved,POINT (-122.460930317 37.763879426),Fixed Object
35563,1.0,Driver,East,Changing Lanes,Bicyclist,West,Proceeding Straight,Rear End,0,1,0,1,No Pedestrian Involved,POINT (-122.499999985 37.734870628),Bicycle
35564,,Driver,North,Proceeding Straight,Driver,East,Proceeding Straight,Broadside,0,0,0,1,No Pedestrian Involved,POINT (-122.390693773 37.73479736),Other Motor Vehicle
35565,1.0,Driver,East,Proceeding Straight,Driver,South,Making Right Turn,Sideswipe,0,0,0,1,No Pedestrian Involved,POINT (-122.426381708 37.764645688),Other Motor Vehicle
35566,1.0,Driver,South,Backing,Driver,West,Proceeding Straight,Broadside,0,0,0,1,No Pedestrian Involved,POINT (-122.467298184 37.737132316),Other Motor Vehicle
35567,1.0,Bicyclist,North,Proceeding Straight,Unknown,Unknown,Unknown,Vehicle/Pedestrian,1,0,0,0,No Pedestrian Involved,POINT (-122.440603536 37.712646152),Non-Collision
35568,1.0,Driver,North,Making Right Turn,Unknown,Unknown,Unknown,Not Stated,0,0,0,1,No Pedestrian Involved,POINT (-122.391840525 37.778125698),Non-Collision
35569,1.0,Driver,West,Proceeding Straight,Pedestrian,North,Proceeding Straight,Vehicle/Pedestrian,1,0,0,1,Crossing in Crosswalk at Intersection,POINT (-122.436507233 37.77706808),Pedestrian
35570,1.0,Bicyclist,South,Proceeding Straight,Other,West,Proceeding Straight,Broadside,0,0,0,0,No Pedestrian Involved,POINT (-122.397669949 37.799234483),Other Motor Vehicle
35571,1.0,Driver,South,Making Left Turn,Driver,West,Proceeding Straight,Broadside,0,0,0,1,No Pedestrian Involved,POINT (-122.413046079 37.77005172),Motor Vehicle on Other Roadway
35572,1.0,Driver,South,Backing,Parked Vehicle,Not Stated,Stopped In Road,Vehicle/Pedestrian,1,0,0,1,"In Road, Including Shoulder",POINT (-122.481047687 37.784061978),Pedestrian
35573,2.0,Driver,West,Proceeding Straight,Pedestrian,North,Proceeding Straight,Broadside,1,0,0,1,Crossing in Crosswalk at Intersection,POINT (-122.46453258 37.782935001),Pedestrian
35574,1.0,Driver,North,Proceeding Straight,Driver,East,Proceeding Straight,Broadside,0,0,0,1,No Pedestrian Involved,POINT (-122.43742294 37.773133493),Other Motor Vehicle
35575,,Bicyclist,East,Proceeding Straight,Unknown,Unknown,Unknown,Other,0,0,0,0,No Pedestrian Involved,POINT (-122.411376171 37.785989877),Non-Collision
35576,1.0,Driver,West,Proceeding Straight,Bicyclist,South,Proceeding Straight,Broadside,0,1,0,1,No Pedestrian Involved,POINT (-122.436805493 37.72716839),Bicycle
35577,1.0,Driver,West,Making U Turn,Driver,East,Proceeding Straight,Broadside,0,0,0,1,No Pedestrian Involved,POINT (-122.396679288 37.77574847),Other Motor Vehicle
35578,1.0,Bicyclist,South,Proceeding Straight,Pedestrian,North,Proceeding Straight,Head-On,1,0,0,0,Not in Road,POINT (-122.410104561 37.796634137),Pedestrian
35579,1.0,Driver,West,Proceeding Straight,Driver,North,Making Left Turn,Broadside,0,0,0,1,No Pedestrian Involved,POINT (-122.398746956 37.744096062),Other Motor Vehicle
35580,1.0,Driver,North,Proceeding Straight,Driver,East,Proceeding Straight,Broadside,0,0,0,1,No Pedestrian Involved,POINT (-122.389729644 37.752720742),Other Motor Vehicle
35581,1.0,Driver,North,Backing,Pedestrian,West,Proceeding Straight,Vehicle/Pedestrian,1,0,0,1,Not Stated,POINT (-122.418157792 37.783231169),Pedestrian
35582,1.0,Driver,South,Proceeding Straight,Driver,East,Proceeding Straight,Broadside,0,0,0,1,No Pedestrian Involved,POINT (-122.406821216 37.794197957),Other Motor Vehicle
35583,1.0,Driver,West,Backing,Pedestrian,South,Proceeding Straight,Vehicle/Pedestrian,1,0,0,1,Crossing Not in Crosswalk,POINT (-122.399527593 37.793264043),Pedestrian
35584,,Driver,North,Other,Driver,Not Stated,Other,Not Stated,0,0,0,1,No Pedestrian Involved,POINT (-122.441317765 37.718634056),Other Motor Vehicle
35585,,Driver,North,Proceeding Straight,Driver,East,Proceeding Straight,Broadside,0,0,0,1,No Pedestrian Involved,POINT (-122.415155086 37.763696766),Other Motor Vehicle
35586,1.0,Driver,East,Making Left Turn,Parked Vehicle,East,Parked,Rear End,0,0,0,1,No Pedestrian Involved,POINT (-122.388680742 37.752782007),Parked Motor Vehicle
35587,,Driver,East,Proceeding Straight,Pedestrian,North,Proceeding Straight,Vehicle/Pedestrian,1,0,0,1,Crossing in Crosswalk at Intersection,POINT (-122.427396397 37.782056939),Pedestrian
35588,,Driver,East,Proceeding Straight,Pedestrian,South,Other,Vehicle/Pedestrian,1,0,0,1,Crossing in Crosswalk at Intersection,POINT (-122.412512256 37.780478512),Pedestrian
35589,1.0,Driver,East,Proceeding Straight,Driver,North,Proceeding Straight,Broadside,0,0,0,1,No Pedestrian Involved,POINT (-122.426377343 37.802071872),Other Motor Vehicle
35590,1.0,Driver,North,Proceeding Straight,Driver,North,Proceeding Straight,Rear End,0,0,0,1,No Pedestrian Involved,POINT (-122.500220954 37.718955559),Non-Collision
35591,,Other,North,Other,Unknown,Unknown,Unknown,Other,0,0,0,0,No Pedestrian Involved,POINT (-122.403491775 37.787963091),Non-Collision
35592,1.0,Pedestrian,North,Proceeding Straight,Driver,West,Proceeding Straight,Vehicle/Pedestrian,1,0,0,1,Crossing in Crosswalk at Intersection,POINT (-122.447303044 37.798459233),Pedestrian
35593,,Driver,West,Making Right Turn,Driver,West,Proceeding Straight,Sideswipe,0,0,0,1,No Pedestrian Involved,POINT (-122.447039806 37.778622308),Other Motor Vehicle
35594,1.0,Driver,South,Making Left Turn,Driver,North,Proceeding Straight,Broadside,0,0,0,1,No Pedestrian Involved,POINT (-122.48507595 37.718327591),Other Motor Vehicle
35595,1.0,Driver,North,Changing Lanes,Driver,North,Proceeding Straight,Sideswipe,0,0,0,1,No Pedestrian Involved,POINT (-122.387335783 37.748409537),Other Motor Vehicle
35596,1.0,Driver,North,Making U Turn,Driver,North,Proceeding Straight,Broadside,0,0,0,1,No Pedestrian Involved,POINT (-122.399925017 37.721517272),Other Motor Vehicle
35597,1.0,Driver,North,Stopped,Driver,North,Proceeding Straight,Rear End,0,0,0,1,No Pedestrian Involved,POINT (-122.392077942 37.730668128),Other Motor Vehicle
35598,,Driver,South,Proceeding Straight,Driver,South,Parked,Rear End,0,0,0,1,No Pedestrian Involved,POINT (-122.432893195 37.784247553),Parked Motor Vehicle
35599,1.0,Driver,South,Slowing/Stopping,Driver,South,Proceeding Straight,Rear End,0,0,0,1,No Pedestrian Involved,POINT (-122.401881397 37.723484431),Other Motor Vehicle
35600,1.0,Driver,North,Making Left Turn,Pedestrian,East,Not Stated,Vehicle/Pedestrian,1,0,0,1,Crossing in Crosswalk at Intersection,POINT (-122.486878853 37.780004507),Pedestrian
35601,1.0,Driver,North,Making Right Turn,Pedestrian,West,Proceeding Straight,Vehicle/Pedestrian,1,0,0,1,Crossing in Crosswalk at Intersection,POINT (-122.426359668 37.733692076),Pedestrian
35602,1.0,Driver,North,Making Left Turn,Pedestrian,East,Other,Vehicle/Pedestrian,1,0,0,1,Crossing in Crosswalk at Intersection,POINT (-122.412079037 37.789755441),Pedestrian
35603,1.0,Driver,North,Slowing/Stopping,Unknown,Unknown,Unknown,Overturned,0,0,0,1,No Pedestrian Involved,POINT (-122.47691013 37.760091282),Non-Collision
35604,1.0,Driver,Not Stated,Proceeding Straight,Pedestrian,West,Stopped,Vehicle/Pedestrian,1,0,0,1,"In Road, Including Shoulder",POINT (-122.415086078 37.752444916),Pedestrian
35605,1.0,Driver,West,Making Left Turn,Pedestrian,East,Proceeding Straight,Vehicle/Pedestrian,1,0,0,1,Crossing in Crosswalk at Intersection,POINT (-122.418993273 37.782169271),Pedestrian
35606,1.0,Driver,North,Changing Lanes,Driver,South,Proceeding Straight,Hit Object,0,0,0,1,No Pedestrian Involved,POINT (-122.476821521 37.760632934),Fixed Object
35607,1.0,Driver,North,Proceeding Straight,Driver,South,Stopped In Road,Head-On,0,0,0,1,No Pedestrian Involved,POINT (-122.401843273 37.779032133),Other Motor Vehicle
35608,1.0,Driver,South,Making Left Turn,Pedestrian,West,Proceeding Straight,Vehicle/Pedestrian,1,0,0,1,Crossing in Crosswalk at Intersection,POINT (-122.408160794 37.780535386),Pedestrian
35609,1.0,Bicyclist,South,Proceeding Straight,Driver,East,Proceeding Straight,Broadside,0,1,0,1,No Pedestrian Involved,POINT (-122.474245541 37.784370456),Bicycle
35610,1.0,Driver,Not Stated,Proceeding Straight,Driver,North,Proceeding Straight,Broadside,0,0,0,1,No Pedestrian Involved,POINT (-122.411349003 37.710604522),Other Motor Vehicle
35611,1.0,Driver,South,Making Left Turn,Driver,South,Making Left Turn,Rear End,0,0,0,1,No Pedestrian Involved,POINT (-122.392936685 37.786067533),Other Motor Vehicle
35612,1.0,Driver,North,Proceeding Straight,Driver,East,Proceeding Straight,Broadside,0,0,0,1,No Pedestrian Involved,POINT (-122.413925773 37.750902581),Other Motor Vehicle
35613,1.0,Driver,South,Making Left Turn,Pedestrian,East,Proceeding Straight,Vehicle/Pedestrian,1,0,0,1,Crossing in Crosswalk at Intersection,POINT (-122.407187488 37.761935879),Pedestrian