party_id,party_at_fault,party1_type,party1_dir_of_travel,party1_move_pre_acc,party2_type,party2_dir_of_travel,party2_move_pre_acc,type_of_collision,involves_pedestrian,involves_bicycle,involves_motorcycle,involves_vehicle,ped_action,point,mviw
35614,1.0,Driver,West,Proceeding Straight,Pedestrian,South,Not Stated,Vehicle/Pedestrian,1,0,0,1,Crossing in Crosswalk at Intersection,POINT (-122.454885125 37.710478554),Pedestrian
35615,1.0,Driver,West,Proceeding Straight,Unknown,Unknown,Unknown,Other,0,0,0,1,No Pedestrian Involved,POINT (-122.477308394 37.765447987),Non-Collision
35616,,Driver,South,Making Left Turn,Pedestrian,East,Proceeding Straight,Vehicle/Pedestrian,1,0,0,1,Crossing in Crosswalk at Intersection,POINT (-122.403592889 37.727634127),Pedestrian
35617,1.0,Driver,East,Proceeding Straight,Driver,Not Stated,Making Left Turn,Broadside,0,0,0,1,No Pedestrian Involved,POINT (-122.503262841 37.753058857),Other Motor Vehicle
35618,1.0,Driver,South,Making Left Turn,Driver,North,Proceeding Straight,Broadside,0,0,0,1,No Pedestrian Involved,POINT (-122.406667931 37.797864612),Other Motor Vehicle
35619,1.0,Driver,West,Changing Lanes,Driver,West,Proceeding Straight,Sideswipe,0,0,0,1,No Pedestrian Involved,POINT (-122.418900983 37.782180967),Parked Motor Vehicle
35620,1.0,Driver,West,Proceeding Straight,Driver,West,Proceeding Straight,Broadside,0,0,0,1,No Pedestrian Involved,POINT (-122.439081696 37.711749777),Other Motor Vehicle
35621,1.0,Driver,South,Making Left Turn,Pedestrian,East,Proceeding Straight,Vehicle/Pedestrian,1,0,0,1,No Pedestrian Involved,POINT (-122.456506994 37.723953124),Pedestrian
35622,1.0,Driver,North,Proceeding Straight,Driver,West,Proceeding Straight,Broadside,0,0,0,1,No Pedestrian Involved,POINT (-122.42727745 37.750096975),Other Motor Vehicle
35623,1.0,Driver,South,Making Left Turn,Pedestrian,West,Proceeding Straight,Broadside,1,0,0,1,Crossing in Crosswalk at Intersection,POINT (-122.459178767 37.785681691),Pedestrian
35624,1.0,Bicyclist,Not Stated,Changing Lanes,Unknown,Unknown,Unknown,Other,0,1,0,0,No Pedestrian Involved,POINT (-122.408952159 37.783287853),Bicycle
35625,1.0,Driver,East,Making Right Turn,Driver,North,Proceeding Straight,Sideswipe,0,0,0,1,No Pedestrian Involved,POINT (-122.434562099 37.784151864),Other Motor Vehicle
35626,1.0,Driver,North,Proceeding Straight,Unknown,Unknown,Unknown,Hit Object,0,0,0,1,No Pedestrian Involved,POINT (-122.391979806 37.777786976),Fixed Object
35627,,Driver,East,Stopped In Road,Driver,West,Proceeding Straight,Rear End,0,0,0,1,No Pedestrian Involved,POINT (-122.407727187 37.793178301),Other Motor Vehicle
35628,1.0,Driver,South,Proceeding Straight,Driver,South,Slowing/Stopping,Rear End,0,0,0,1,No Pedestrian Involved,POINT (-122.411290127 37.771588401),Other Motor Vehicle
35629,1.0,Driver,West,Proceeding Straight,Unknown,Unknown,Unknown,Overturned,0,0,0,1,No Pedestrian Involved,POINT (-122.414640773 37.778739224),Non-Collision
35630,1.0,Pedestrian,South,Not Stated,Driver,East,Proceeding Straight,Vehicle/Pedestrian,1,0,0,1,Crossing in Crosswalk at Intersection,POINT (-122.40430349 37.784449831),Pedestrian
35631,1.0,Driver,South,Proceeding Straight,Driver,Not Stated,Backing,Sideswipe,0,0,0,1,No Pedestrian Involved,POINT (-122.389624676 37.732263186),Other Motor Vehicle
35632,1.0,Driver,South,Stopped In Road,Driver,South,Proceeding Straight,Rear End,0,0,0,1,No Pedestrian Involved,POINT (-122.40107413 37.721534399),Other Motor Vehicle
35633,1.0,Driver,East,Slowing/Stopping,Driver,East,Stopped,Rear End,0,0,0,1,No Pedestrian Involved,POINT (-122.453607905 37.744373467),Other Motor Vehicle
35634,1.0,Driver,West,Proceeding Straight,Driver,Not Stated,Slowing/Stopping,Rear End,0,0,0,1,No Pedestrian Involved,POINT (-122.4057397 37.797037596),Other Motor Vehicle
35635,,Driver,South,Making Right Turn,Parked Vehicle,West,Parked,Broadside,0,0,0,1,No Pedestrian Involved,POINT (-122.384107457 37.719622475),Parked Motor Vehicle
35636,1.0,Driver,East,Making Left Turn,Parked Vehicle,Not Stated,Parked,Rear End,0,0,0,1,No Pedestrian Involved,POINT (-122.469660368 37.714261226),Parked Motor Vehicle
35637,1.0,Driver,East,Stopped,Driver,East,Proceeding Straight,Rear End,0,0,0,1,No Pedestrian Involved,POINT (-122.405522488 37.790571711),Other Motor Vehicle
35638,1.0,Pedestrian,West,Proceeding Straight,Driver,Not Stated,Other,Vehicle/Pedestrian,1,0,0,1,Crossing Not in Crosswalk,POINT (-122.404403683 37.781076597),Pedestrian
35639,,Bicyclist,East,Proceeding Straight,Driver,West,Parking Maneuver,Sideswipe,0,1,0,1,No Pedestrian Involved,POINT (-122.42085633 37.740220848),Bicycle
35640,,Driver,West,Proceeding Straight,Driver,West,Proceeding Straight,Rear End,0,0,0,1,No Pedestrian Involved,POINT (-122.423168036 37.787369079),Other Motor Vehicle
35641,1.0,Driver,West,Ran Off Road,Unknown,Unknown,Unknown,Hit Object,0,0,0,1,No Pedestrian Involved,POINT (-122.483902535 37.718542218),Fixed Object
35642,1.0,Driver,South,Making Right Turn,Unknown,Unknown,Unknown,Hit Object,0,0,0,1,No Pedestrian Involved,POINT (-122.472523697 37.716575103),Fixed Object
35643,1.0,Driver,East,Making Right Turn,Pedestrian,North,Proceeding Straight,Vehicle/Pedestrian,1,0,0,1,Crossing in Crosswalk at Intersection,POINT (-122.410928405 37.779218137),Pedestrian
35644,1.0,Driver,North,Proceeding Straight,Parked Vehicle,North,Parked,Rear End,0,0,0,1,No Pedestrian Involved,POINT (-122.436029198 37.769561931),Parked Motor Vehicle
35645,1.0,Driver,South,Proceeding Straight,Driver,East,Proceeding Straight,Broadside,0,0,0,1,No Pedestrian Involved,POINT (-122.491767895 37.742342876),Other Motor Vehicle
35646,1.0,Bicyclist,East,Crossed Into Opposing Lane,Driver,North,Proceeding Straight,Broadside,0,1,0,1,No Pedestrian Involved,POINT (-122.406186564 37.751366903),Bicycle
35647,1.0,Driver,West,Making Left Turn,Pedestrian,West,Proceeding Straight,Vehicle/Pedestrian,1,0,0,1,Crossing in Crosswalk at Intersection,POINT (-122.407159488 37.779738906),Pedestrian
35648,1.0,Driver,West,Making Left Turn,Pedestrian,South,Proceeding Straight,Vehicle/Pedestrian,1,0,0,1,Crossing in Crosswalk at Intersection,POINT (-122.44660865 37.720724224),Pedestrian
35649,1.0,Driver,West,Proceeding Straight,Driver,West,Proceeding Straight,Sideswipe,0,0,0,1,No Pedestrian Involved,POINT (-122.418243791 37.805036559),Other Motor Vehicle
35650,1.0,Driver,West,Proceeding Straight,Driver,North,Proceeding Straight,Broadside,0,0,0,1,No Pedestrian Involved,POINT (-122.477174111 37.763559499),Other Motor Vehicle
35651,1.0,Driver,East,Proceeding Straight,Bicyclist,South,Proceeding Straight,Broadside,0,1,0,1,No Pedestrian Involved,POINT (-122.419927948 37.786827527),Bicycle
35652,1.0,Driver,West,Stopped In Road,Driver,North,Proceeding Straight,Broadside,1,0,0,1,Not Stated,POINT (-122.371031538 37.813223805),Other Motor Vehicle
35653,1.0,Driver,South,Making Left Turn,Driver,North,Proceeding Straight,Broadside,0,0,0,1,No Pedestrian Involved,POINT (-122.392392963 37.738602685),Other Motor Vehicle
35654,,Bicyclist,North,Proceeding Straight,Parked Vehicle,North,Parked,Rear End,0,0,0,0,No Pedestrian Involved,POINT (-122.410495199 37.747354199),Parked Motor Vehicle
35655,1.0,Driver,East,Proceeding Straight,Bicyclist,North,Proceeding Straight,Broadside,0,1,0,1,No Pedestrian Involved,POINT (-122.419825234 37.766673602),Bicycle
35656,1.0,Driver,West,Proceeding Straight,Unknown,Unknown,Unknown,Hit Object,0,0,0,1,No Pedestrian Involved,POINT (-122.417370072 37.80802259),Fixed Object
35657,1.0,Driver,North,Making Left Turn,Pedestrian,East,Proceeding Straight,Vehicle/Pedestrian,1,0,0,1,Crossing in Crosswalk at Intersection,POINT (-122.422467031 37.782701627),Pedestrian
35658,1.0,Driver,West,Making Left Turn,Driver,North,Proceeding Straight,Head-On,0,0,0,1,No Pedestrian Involved,POINT (-122.431717012 37.770034859),Other Motor Vehicle
35659,1.0,Driver,South,Passing Other Vehicle,Driver,South,Proceeding Straight,Sideswipe,0,0,0,1,No Pedestrian Involved,POINT (-122.43176322 37.778632038),Other Motor Vehicle
35660,,Driver,North,Proceeding Straight,Unknown,Unknown,Unknown,Hit Object,0,0,0,1,No Pedestrian Involved,POINT (-122.482509281 37.771987028),Fixed Object
35661,1.0,Bicyclist,East,Proceeding Straight,Unknown,Unknown,Unknown,Other,0,0,0,0,No Pedestrian Involved,POINT (-122.411270661 37.781516271),Non-Collision
35662,2.0,Pedestrian,North,Proceeding Straight,Driver,West,Proceeding Straight,Vehicle/Pedestrian,1,0,0,1,Crossing in Crosswalk at Intersection,POINT (-122.397385539 37.782553593),Pedestrian
35663,1.0,Driver,West,Traveling Wrong Way,Parked Vehicle,East,Parked,Head-On,0,0,0,1,No Pedestrian Involved,POINT (-122.401555702 37.740961928),Parked Motor Vehicle
35664,1.0,Pedestrian,West,Proceeding Straight,Driver,South,Stopped In Road,Vehicle/Pedestrian,1,0,0,1,Crossing in Crosswalk at Intersection,POINT (-122.46889659 37.714281842),Pedestrian
35665,1.0,Driver,North,Backing,Unknown,Unknown,Unknown,Hit Object,0,0,0,1,No Pedestrian Involved,POINT (-122.440386592 37.787560107),Fixed Object
35666,1.0,Pedestrian,East,Proceeding Straight,Driver,South,Proceeding Straight,Vehicle/Pedestrian,1,0,0,1,Crossing Not in Crosswalk,POINT (-122.485383501 37.711318668),Pedestrian
35667,1.0,Driver,West,Parking Maneuver,Parked Vehicle,West,Parked,Hit Object,0,0,0,1,No Pedestrian Involved,POINT (-122.430967245 37.786378272),Fixed Object
35668,1.0,Driver,East,Proceeding Straight,Driver,East,Proceeding Straight,Broadside,0,0,0,1,No Pedestrian Involved,POINT (-122.395843499 37.781321258),Not Stated
35669,,Driver,West,Proceeding Straight,Driver,West,Stopped In Road,Rear End,0,0,0,1,No Pedestrian Involved,POINT (-122.414651695 37.776277366),Other Motor Vehicle
35670,1.0,Driver,East,Making Left Turn,Driver,West,Proceeding Straight,Broadside,0,0,0,1,No Pedestrian Involved,POINT (-122.475665865 37.758013775),Other Motor Vehicle
35671,1.0,Driver,East,Making Right Turn,Parked Vehicle,East,Parked,Sideswipe,0,0,0,1,No Pedestrian Involved,POINT (-122.425809755 37.759836296),Parked Motor Vehicle
35672,1.0,Parked Vehicle,North,Parked,Bicyclist,North,Proceeding Straight,Sideswipe,0,1,0,0,No Pedestrian Involved,POINT (-122.504801809 37.759691461),Bicycle
35673,1.0,Driver,North,Proceeding Straight,Driver,North,Stopped In Road,Rear End,0,0,0,1,No Pedestrian Involved,POINT (-122.423280598 37.795602031),Other Motor Vehicle
35674,1.0,Driver,North,Making Left Turn,Parked Vehicle,North,Parked,Rear End,0,0,0,1,No Pedestrian Involved,POINT (-122.442951036 37.763677959),Parked Motor Vehicle
35675,1.0,Driver,East,Making Left Turn,Pedestrian,North,Proceeding Straight,Vehicle/Pedestrian,1,0,0,1,Crossing in Crosswalk at Intersection,POINT (-122.445309435 37.761880443),Pedestrian
35676,1.0,Driver,North,Making Left Turn,Driver,South,Making Left Turn,Broadside,0,0,0,1,No Pedestrian Involved,POINT (-122.425152542 37.751841785),Other Motor Vehicle
35677,1.0,Driver,East,Traveling Wrong Way,Driver,West,Proceeding Straight,Sideswipe,0,0,0,1,No Pedestrian Involved,POINT (-122.39218234 37.745100998),Other Motor Vehicle
35678,1.0,Driver,North,Crossed Into Opposing Lane,Driver,South,Proceeding Straight,Sideswipe,0,0,0,1,No Pedestrian Involved,POINT (-122.371203999 37.810002592),Other Motor Vehicle
35679,1.0,Pedestrian,East,Making Left Turn,Driver,East,Proceeding Straight,Vehicle/Pedestrian,1,0,0,1,Crossing in Crosswalk at Intersection,POINT (-122.413865603 37.78186334),Pedestrian
35680,1.0,Driver,West,Proceeding Straight,Driver,West,Making Right Turn,Broadside,0,0,0,1,No Pedestrian Involved,POINT (-122.421941248 37.773036051),Other Motor Vehicle
35681,,Parked Vehicle,Not Stated,Parked,Bicyclist,West,Proceeding Straight,Sideswipe,0,1,0,0,No Pedestrian Involved,POINT (-122.510925947 37.770435675),Bicycle
35682,1.0,Driver,South,Proceeding Straight,Driver,West,Proceeding Straight,Broadside,0,0,0,1,No Pedestrian Involved,POINT (-122.416472747 37.794777286),Other Object
35683,1.0,Driver,South,Proceeding Straight,Driver,South,Stopped,Rear End,0,0,0,1,No Pedestrian Involved,POINT (-122.402572894 37.776078248),Other Motor Vehicle
35684,1.0,Pedestrian,West,Other,Driver,South,Proceeding Straight,Vehicle/Pedestrian,1,0,0,1,Crossing Not in Crosswalk,POINT (-122.44022418 37.717571397),Pedestrian
35685,1.0,Driver,South,Making Right Turn,Driver,South,Proceeding Straight,Broadside,0,0,0,1,No Pedestrian Involved,POINT (-122.405424735 37.771296353),Other Motor Vehicle
35686,1.0,Pedestrian,South,Proceeding Straight,Driver,West,Proceeding Straight,Broadside,1,0,0,1,No Pedestrian Involved,POINT (-122.420247184 37.780074697),Other Object
35687,1.0,Pedestrian,North,Other,Driver,West,Slowing/Stopping,Vehicle/Pedestrian,1,0,0,1,"In Road, Including Shoulder",POINT (-122.431093852 37.772024297),Pedestrian
35688,1.0,Driver,North,Proceeding Straight,Driver,East,Making Left Turn,Broadside,0,0,0,1,No Pedestrian Involved,POINT (-122.415577015 37.769591161),Other Motor Vehicle
35689,1.0,Driver,East,Making Left Turn,Driver,North,Proceeding Straight,Broadside,0,0,0,1,No Pedestrian Involved,POINT (-122.394150515 37.783503509),Other Motor Vehicle
35690,,Driver,South,Proceeding Straight,Unknown,Unknown,Unknown,Hit Object,0,0,0,1,No Pedestrian Involved,POINT (-122.467963318 37.734865689),Fixed Object
35691,1.0,Driver,West,Making Left Turn,Bicyclist,East,Proceeding Straight,Other,0,1,0,1,No Pedestrian Involved,POINT (-122.435187963 37.762670708),Bicycle
35692,1.0,Driver,East,Changing Lanes,Driver,East,Proceeding Straight,Sideswipe,0,0,0,1,No Pedestrian Involved,POINT (-122.431204945 37.784568241),Other Motor Vehicle
35693,1.0,Driver,South,Making Right Turn,Pedestrian,West,Proceeding Straight,Vehicle/Pedestrian,1,0,0,1,Crossing in Crosswalk at Intersection,POINT (-122.415908178 37.77527206),Pedestrian
35694,,Driver,North,Entering Traffic,Driver,West,Proceeding Straight,Broadside,0,0,0,1,No Pedestrian Involved,POINT (-122.402159513 37.79388049),Other Motor Vehicle
35695,1.0,Pedestrian,South,Proceeding Straight,Driver,West,Proceeding Straight,Vehicle/Pedestrian,1,0,0,1,"In Road, Including Shoulder",POINT (-122.416071734 37.784448842),Pedestrian
35696,1.0,Driver,East,Making Right Turn,Pedestrian,North,Proceeding Straight,Broadside,1,0,0,1,Crossing in Crosswalk at Intersection,POINT (-122.40202542 37.786248152),Pedestrian
35697,1.0,Driver,East,Proceeding Straight,Driver,East,Entering Traffic,Broadside,0,0,0,1,No Pedestrian Involved,POINT (-122.435360865 37.713843649),Other Motor Vehicle
35698,1.0,Driver,West,Proceeding Straight,Pedestrian,South,Stopped,Head-On,1,0,0,1,"In Road, Including Shoulder",POINT (-122.413685079 37.782841516),Pedestrian
35699,1.0,Driver,East,Proceeding Straight,Bicyclist,East,Stopped,Vehicle/Pedestrian,1,1,0,1,No Pedestrian Involved,POINT (-122.412512255 37.780478511),Bicycle
35700,1.0,Driver,East,Making Left Turn,Driver,East,Proceeding Straight,Sideswipe,0,0,0,1,No Pedestrian Involved,POINT (-122.410292027 37.782230575),Motor Vehicle on Other Roadway
35701,1.0,Bicyclist,South,Proceeding Straight,Driver,East,Proceeding Straight,Broadside,0,1,0,1,No Pedestrian Involved,POINT (-122.476368271 37.737407342),Bicycle
35702,2.0,Driver,North,Proceeding Straight,Driver,East,Proceeding Straight,Broadside,0,0,0,1,No Pedestrian Involved,POINT (-122.408531082 37.771290792),Other Motor Vehicle
35703,1.0,Driver,South,Making Left Turn,Driver,East,Proceeding Straight,Head-On,0,0,0,1,No Pedestrian Involved,POINT (-122.450118225 37.722082795),Other Motor Vehicle
35704,1.0,Driver,South,Making Left Turn,Bicyclist,North,Slowing/Stopping,Head-On,0,1,0,1,No Pedestrian Involved,POINT (-122.418108939 37.760205169),Bicycle
35705,1.0,Driver,North,Proceeding Straight,Driver,West,Proceeding Straight,Broadside,0,0,0,1,No Pedestrian Involved,POINT (-122.415473274 37.755634108),Other Motor Vehicle
35706,1.0,Bicyclist,West,Proceeding Straight,Driver,North,Proceeding Straight,Broadside,0,1,0,1,No Pedestrian Involved,POINT (-122.480040016 37.774632348),Bicycle
35707,1.0,Driver,East,Changing Lanes,Driver,East,Proceeding Straight,Sideswipe,0,0,0,1,No Pedestrian Involved,POINT (-122.404748492 37.774281041),Other Motor Vehicle
35708,1.0,Driver,North,Proceeding Straight,Driver,North,Stopped In Road,Rear End,0,0,0,1,No Pedestrian Involved,POINT (-122.471045788 37.710857679),Other Motor Vehicle
35709,1.0,Driver,North,Making Left Turn,Driver,East,Proceeding Straight,Broadside,0,0,0,1,No Pedestrian Involved,POINT (-122.45454674 37.710207254),Other Motor Vehicle
35710,1.0,Pedestrian,South,Other,Driver,East,Proceeding Straight,Vehicle/Pedestrian,1,0,0,1,Crossing Not in Crosswalk,POINT (-122.405735764 37.73239918),Pedestrian
35711,1.0,Bicyclist,North,Changing Lanes,Driver,North,Proceeding Straight,Rear End,0,1,0,1,No Pedestrian Involved,POINT (-122.403491775 37.787963091),Bicycle
35712,1.0,Driver,North,Making Left Turn,Bicyclist,North,Proceeding Straight,Broadside,0,1,0,1,No Pedestrian Involved,POINT (-122.417224085 37.774420424),Bicycle
35713,1.0,Driver,North,Making Right Turn,Pedestrian,Not Stated,Other,Vehicle/Pedestrian,1,0,0,1,"In Road, Including Shoulder",POINT (-122.421330432 37.777090972),Pedestrian
35714,1.0,Driver,East,Proceeding Straight,Driver,East,Stopped In Road,Rear End,0,0,0,1,No Pedestrian Involved,POINT (-122.429633099 37.77412372),Other Motor Vehicle
35715,1.0,Driver,South,Proceeding Straight,Pedestrian,Not Stated,Not Stated,Vehicle/Pedestrian,1,0,0,1,Crossing Not in Crosswalk,POINT (-122.47599704 37.729350918),Pedestrian
35716,1.0,Driver,South,Proceeding Straight,Driver,West,Proceeding Straight,Broadside,0,0,0,1,No Pedestrian Involved,POINT (-122.467515106 37.765877246),Other Motor Vehicle
35717,1.0,Other,North,Proceeding Straight,Driver,East,Making Right Turn,Other,0,0,0,1,No Pedestrian Involved,POINT (-122.422840577 37.741027407),Other Object
35718,1.0,Pedestrian,North,Proceeding Straight,Driver,East,Other,Other,1,0,0,1,Crossing Not in Crosswalk,POINT (-122.46214467 37.725196568),Pedestrian
35719,1.0,Driver,East,Proceeding Straight,Driver,North,Proceeding Straight,Broadside,0,0,0,1,No Pedestrian Involved,POINT (-122.432092301 37.771897266),Other Motor Vehicle
35720,1.0,Driver,South,Slowing/Stopping,Unknown,Unknown,Unknown,Other,0,0,0,1,No Pedestrian Involved,POINT (-122.446950356 37.756550398),Non-Collision
35721,1.0,Bicyclist,North,Proceeding Straight,Driver,East,Proceeding Straight,Broadside,0,1,0,1,No Pedestrian Involved,POINT (-122.403465028 37.785034258),Bicycle
35722,1.0,Driver,West,Traveling Wrong Way,Driver,South,Proceeding Straight,Broadside,0,0,0,1,No Pedestrian Involved,POINT (-122.418403942 37.726425418),Other Motor Vehicle
35723,1.0,Driver,South,Making Left Turn,Pedestrian,North,Proceeding Straight,Vehicle/Pedestrian,1,0,0,1,Crossing in Crosswalk at Intersection,POINT (-122.450145641 37.766729074),Pedestrian
35724,1.0,Driver,West,Proceeding Straight,Driver,North,Proceeding Straight,Broadside,0,0,0,1,No Pedestrian Involved,POINT (-122.493775483 37.740380036),Other Motor Vehicle
35725,,Driver,West,Proceeding Straight,Unknown,Unknown,Unknown,Hit Object,0,0,0,1,No Pedestrian Involved,POINT (-122.472922729 37.765641191),Fixed Object
35726,1.0,Driver,North,Proceeding Straight,Driver,South,Proceeding Straight,Broadside,0,0,0,1,No Pedestrian Involved,POINT (-122.432648623 37.774692661),Other Motor Vehicle
35727,1.0,Pedestrian,East,Not Stated,Driver,North,Proceeding Straight,Vehicle/Pedestrian,1,0,0,1,Crossing Not in Crosswalk,POINT (-122.40212447 37.724074813),Pedestrian
35728,1.0,Driver,West,Making Left Turn,Driver,North,Proceeding Straight,Sideswipe,0,0,0,1,No Pedestrian Involved,POINT (-122.389963348 37.775625948),Other Motor Vehicle
35729,1.0,Driver,East,Changing Lanes,Driver,East,Proceeding Straight,Sideswipe,0,0,0,1,No Pedestrian Involved,POINT (-122.464791523 37.784964707),Other Motor Vehicle
35730,1.0,Other,North,Proceeding Straight,Unknown,Unknown,Unknown,Overturned,0,0,0,0,No Pedestrian Involved,POINT (-122.419430423 37.792734201),Other Object
35731,1.0,Driver,West,Proceeding Straight,Pedestrian,West,Not Stated,Vehicle/Pedestrian,1,0,0,1,"In Road, Including Shoulder",POINT (-122.423997289 37.776753462),Pedestrian
35732,1.0,Driver,East,Proceeding Straight,Driver,East,Stopped,Rear End,0,0,0,1,No Pedestrian Involved,POINT (-122.414711003 37.77623052),Non-Collision
35733,1.0,Driver,West,Making Left Turn,Driver,South,Backing,Broadside,0,0,0,1,No Pedestrian Involved,POINT (-122.482766286 37.782550006),Other Motor Vehicle
35734,1.0,Driver,East,Proceeding Straight,Driver,East,Proceeding Straight,Rear End,0,0,0,1,No Pedestrian Involved,POINT (-122.442887073 37.718286852),Other Motor Vehicle
35735,1.0,Driver,South,Making Left Turn,Driver,North,Proceeding Straight,Broadside,0,0,0,1,No Pedestrian Involved,POINT (-122.392577924 37.751942199),Other Motor Vehicle
35736,1.0,Driver,East,Proceeding Straight,Pedestrian,North,Proceeding Straight,Vehicle/Pedestrian,1,0,0,1,Crossing in Crosswalk at Intersection,POINT (-122.482769584 37.752092895),Pedestrian
35737,1.0,Driver,West,Proceeding Straight,Parked Vehicle,West,Parked,Rear End,0,0,0,1,No Pedestrian Involved,POINT (-122.45858063 37.777253918),Parked Motor Vehicle
35738,1.0,Driver,Not Stated,Parked,Other,West,Passing Other Vehicle,Sideswipe,0,0,0,1,No Pedestrian Involved,POINT (-122.391219194 37.780060363),Other Object
35739,1.0,Pedestrian,Not Stated,Other,Driver,East,Making U Turn,Vehicle/Pedestrian,1,0,0,1,"In Road, Including Shoulder",POINT (-122.419181705 37.783101399),Pedestrian
35740,1.0,Pedestrian,East,Making Left Turn,Driver,East,Proceeding Straight,Broadside,1,0,0,1,No Pedestrian Involved,POINT (-122.445127872 37.720086704),Other Object
35741,,Driver,North,Proceeding Straight,Driver,East,Making Right Turn,Sideswipe,0,0,0,1,No Pedestrian Involved,POINT (-122.387756281 37.752835612),Other Motor Vehicle
35742,1.0,Driver,South,Making Left Turn,Unknown,Unknown,Unknown,Hit Object,0,0,0,1,No Pedestrian Involved,POINT (-122.493469933 37.729596663),Fixed Object
35743,1.0,Driver,North,Making Left Turn,Driver,North,Changing Lanes,Sideswipe,0,0,0,1,No Pedestrian Involved,POINT (-122.410981486 37.78428919),Other Motor Vehicle
35744,1.0,Bicyclist,East,Proceeding Straight,Unknown,Unknown,Unknown,Hit Object,0,0,0,0,No Pedestrian Involved,POINT (-122.428567112 37.762886256),Fixed Object
35745,1.0,Driver,South,Proceeding Straight,Parked Vehicle,Not Stated,Parked,Overturned,0,0,0,1,No Pedestrian Involved,POINT (-122.437268382 37.724541245),Parked Motor Vehicle
35746,,Driver,East,Making Left Turn,Pedestrian,North,Proceeding Straight,Vehicle/Pedestrian,1,0,0,1,Crossing in Crosswalk at Intersection,POINT (-122.412203648 37.782075246),Pedestrian
35747,1.0,Driver,West,Proceeding Straight,Unknown,Unknown,Unknown,Overturned,0,0,0,1,No Pedestrian Involved,POINT (-122.408169098 37.735859113),Fixed Object
35748,1.0,Driver,South,Proceeding Straight,Driver,North,Proceeding Straight,Broadside,0,0,0,1,No Pedestrian Involved,POINT (-122.442479632 37.738973997),Other Motor Vehicle
35749,1.0,Pedestrian,Not Stated,Other,Driver,West,Parking Maneuver,Vehicle/Pedestrian,1,0,0,1,"In Road, Including Shoulder",POINT (-122.41866361 37.784116452),Pedestrian
35750,1.0,Driver,South,Changing Lanes,Driver,South,Proceeding Straight,Sideswipe,0,0,0,1,No Pedestrian Involved,POINT (-122.418352033 37.772222179),Other Motor Vehicle
35751,1.0,Driver,East,Making U Turn,Bicyclist,South,Proceeding Straight,Broadside,0,1,0,1,No Pedestrian Involved,POINT (-122.419845572 37.76688183),Bicycle
35752,1.0,Driver,North,Ran Off Road,Driver,South,Stopped,Broadside,0,0,0,1,No Pedestrian Involved,POINT (-122.505481718 37.738754869),Other Motor Vehicle
35753,,Driver,South,Making U Turn,Driver,South,Proceeding Straight,Rear End,0,0,0,1,No Pedestrian Involved,POINT (-122.423063489 37.793916402),Other Motor Vehicle
35754,1.0,Driver,East,Stopped,Bicyclist,East,Proceeding Straight,Other,0,1,0,1,No Pedestrian Involved,POINT (-122.420809025 37.755304729),Bicycle
35755,1.0,Driver,East,Proceeding Straight,Parked Vehicle,Not Stated,Parked,Hit Object,0,0,0,1,No Pedestrian Involved,POINT (-122.390727084 37.731037147),Other Motor Vehicle
35756,1.0,Driver,South,Proceeding Straight,Driver,South,Stopped,Rear End,0,0,0,1,No Pedestrian Involved,POINT (-122.416104237 37.775116853),Other Motor Vehicle
35757,,Driver,Not Stated,Proceeding Straight,Pedestrian,Not Stated,Other,Vehicle/Pedestrian,1,0,0,1,Crossing in Crosswalk at Intersection,POINT (-122.412777652 37.78484388),Pedestrian
35758,1.0,Driver,South,Proceeding Straight,Driver,South,Stopped,Rear End,0,0,0,1,No Pedestrian Involved,POINT (-122.437444274 37.773078292),Other Motor Vehicle
35759,1.0,Driver,South,Entering Traffic,Driver,East,Proceeding Straight,Broadside,0,0,0,1,No Pedestrian Involved,POINT (-122.404257985 37.738712585),Other Motor Vehicle
35760,1.0,Pedestrian,North,Proceeding Straight,Driver,West,Proceeding Straight,Vehicle/Pedestrian,1,0,0,1,"In Road, Including Shoulder",POINT (-122.434562099 37.784151864),Pedestrian
35761,1.0,Driver,North,Making Left Turn,Unknown,Unknown,Unknown,Hit Object,0,0,0,1,No Pedestrian Involved,POINT (-122.423527884 37.796825422),Fixed Object
35762,1.0,Pedestrian,North,Proceeding Straight,Driver,East,Proceeding Straight,Vehicle/Pedestrian,1,0,0,1,Crossing in Crosswalk at Intersection,POINT (-122.410486689 37.765605839),Pedestrian
35763,1.0,Driver,North,Making Right Turn,Pedestrian,West,Proceeding Straight,Vehicle/Pedestrian,1,0,0,1,Crossing in Crosswalk at Intersection,POINT (-122.502976414 37.764311128),Pedestrian
35764,1.0,Driver,North,Backing,Pedestrian,East,Other,Vehicle/Pedestrian,1,0,0,1,Crossing Not in Crosswalk,POINT (-122.41893041 37.757344993),Pedestrian
35765,1.0,Bicyclist,South,Proceeding Straight,Driver,East,Proceeding Straight,Head-On,0,1,0,1,No Pedestrian Involved,POINT (-122.409943141 37.778412408),Bicycle
35766,1.0,Bicyclist,East,Proceeding Straight,Driver,South,Proceeding Straight,Broadside,0,1,0,1,No Pedestrian Involved,POINT (-122.433851103 37.748895971),Bicycle
35767,1.0,Driver,South,Making Left Turn,Driver,South,Making Left Turn,Broadside,0,0,0,1,No Pedestrian Involved,POINT (-122.40973589 37.770348516),Other Motor Vehicle
35768,1.0,Driver,South,Proceeding Straight,Driver,East,Not Stated,Broadside,0,0,0,1,No Pedestrian Involved,POINT (-122.478224161 37.748550904),Other Motor Vehicle