party_id,party_at_fault,party1_type,party1_dir_of_travel,party1_move_pre_acc,party2_type,party2_dir_of_travel,party2_move_pre_acc,type_of_collision,involves_pedestrian,involves_bicycle,involves_motorcycle,involves_vehicle,ped_action,point,mviw
36233,1.0,Other,West,Parked,Bicyclist,West,Proceeding Straight,Other,0,1,0,0,No Pedestrian Involved,POINT (-122.422143605 37.805479249),Bicycle
36234,1.0,Driver,West,Proceeding Straight,Unknown,Unknown,Unknown,Hit Object,0,0,0,1,No Pedestrian Involved,POINT (-122.403260969 37.74953041),Fixed Object
36235,1.0,Driver,South,Proceeding Straight,Parked Vehicle,South,Parked,Head-On,0,0,0,1,No Pedestrian Involved,POINT (-122.450220097 37.767097974),Parked Motor Vehicle
36236,1.0,Driver,North,Parking Maneuver,Other,North,Proceeding Straight,Sideswipe,0,0,0,1,No Pedestrian Involved,POINT (-122.397765076 37.799250231),Other Object
36237,1.0,Driver,North,Making Left Turn,Pedestrian,East,Proceeding Straight,Vehicle/Pedestrian,1,0,0,1,Crossing in Crosswalk at Intersection,POINT (-122.393181332 37.793230492),Pedestrian
36238,1.0,Driver,East,Proceeding Straight,Driver,West,Proceeding Straight,Sideswipe,0,0,0,1,No Pedestrian Involved,POINT (-122.472647459 37.784445728),Other Motor Vehicle
36239,1.0,Driver,West,Merging,Driver,West,Proceeding Straight,Sideswipe,0,0,0,1,No Pedestrian Involved,POINT (-122.460848918 37.77157607),Other Motor Vehicle
36240,1.0,Other,East,Stopped,Bicyclist,West,Proceeding Straight,Head-On,0,1,0,0,No Pedestrian Involved,POINT (-122.405075699 37.781386928),Bicycle
36241,1.0,Driver,West,Proceeding Straight,Driver,South,Proceeding Straight,Broadside,0,0,0,1,No Pedestrian Involved,POINT (-122.41610762 37.750771087),Other Motor Vehicle
36242,1.0,Driver,North,Proceeding Straight,Driver,North,Making Right Turn,Sideswipe,0,0,0,1,No Pedestrian Involved,POINT (-122.437149524 37.721575001),Other Motor Vehicle
36243,,Driver,East,Proceeding Straight,Driver,West,Making Left Turn,Sideswipe,0,0,0,1,No Pedestrian Involved,POINT (-122.463676569 37.716133567),Other Motor Vehicle
36244,,Bicyclist,North,Changing Lanes,Driver,North,Proceeding Straight,Rear End,0,1,0,1,No Pedestrian Involved,POINT (-122.414345565 37.775938445),Bicycle
36245,,Driver,East,Proceeding Straight,Driver,South,Proceeding Straight,Broadside,0,0,0,1,No Pedestrian Involved,POINT (-122.390971018 37.790069801),Other Motor Vehicle
36246,1.0,Bicyclist,South,Proceeding Straight,Driver,South,Making Right Turn,Sideswipe,0,0,0,1,No Pedestrian Involved,POINT (-122.399616233 37.780791483),Other Motor Vehicle
36247,1.0,Driver,East,Making Left Turn,Driver,South,Proceeding Straight,Other,0,0,0,1,No Pedestrian Involved,POINT (-122.399828143 37.716650149),Non-Collision
36248,1.0,Driver,West,Making Left Turn,Pedestrian,South,Proceeding Straight,Head-On,1,0,0,1,Crossing in Crosswalk at Intersection,POINT (-122.413157691 37.77745742),Pedestrian
36249,,Pedestrian,Not Stated,Other,Driver,East,Entering Traffic,Vehicle/Pedestrian,1,0,0,1,"In Road, Including Shoulder",POINT (-122.415882538 37.783515641),Pedestrian
36250,1.0,Driver,North,Proceeding Straight,Unknown,Unknown,Unknown,Hit Object,0,0,0,1,No Pedestrian Involved,POINT (-122.433590383 37.732391593),Fixed Object
36251,,Bicyclist,North,Proceeding Straight,Unknown,Unknown,Unknown,Other,0,0,0,0,No Pedestrian Involved,POINT (-122.466257172 37.778566569),Non-Collision
36252,,Bicyclist,South,Proceeding Straight,Unknown,Unknown,Unknown,Other,0,0,0,0,No Pedestrian Involved,POINT (-122.387541392 37.77387692),Non-Collision
36253,1.0,Pedestrian,East,Proceeding Straight,Driver,North,Proceeding Straight,Head-On,1,0,0,1,Crossing Not in Crosswalk,POINT (-122.40967858 37.781742648),Pedestrian
36254,1.0,Pedestrian,West,Proceeding Straight,Driver,South,Proceeding Straight,Broadside,1,0,0,1,Crossing Not in Crosswalk,POINT (-122.429978026 37.718147558),Pedestrian
36255,1.0,Driver,East,Crossed Into Opposing Lane,Driver,East,Making Left Turn,Broadside,0,0,0,1,No Pedestrian Involved,POINT (-122.389396777 37.718946845),Other Motor Vehicle
36256,1.0,Bicyclist,South,Passing Other Vehicle,Parked Vehicle,South,Parked,Sideswipe,0,0,0,0,No Pedestrian Involved,POINT (-122.420091482 37.787635182),Parked Motor Vehicle
36257,1.0,Other,North,Proceeding Straight,Driver,South,Proceeding Straight,Head-On,0,0,0,1,No Pedestrian Involved,POINT (-122.416051934 37.784351182),Other Motor Vehicle
36258,1.0,Driver,West,Proceeding Straight,Driver,South,Proceeding Straight,Broadside,0,0,0,1,No Pedestrian Involved,POINT (-122.409874017 37.787149143),Other Motor Vehicle
36259,1.0,Driver,South,Proceeding Straight,Driver,West,Proceeding Straight,Broadside,0,0,0,1,No Pedestrian Involved,POINT (-122.419359268 37.761835855),Other Motor Vehicle
36260,1.0,Driver,East,Making Left Turn,Driver,East,Proceeding Straight,Sideswipe,0,0,0,1,No Pedestrian Involved,POINT (-122.430824713 37.773972521),Other Motor Vehicle
36261,,Driver,South,Stopped In Road,Driver,South,Stopped In Road,Rear End,0,0,0,1,No Pedestrian Involved,POINT (-122.475900107 37.745896539),Other Motor Vehicle
36262,1.0,Driver,South,Proceeding Straight,Driver,West,Proceeding Straight,Broadside,0,0,0,1,No Pedestrian Involved,POINT (-122.395813422 37.791152809),Other Motor Vehicle
36263,1.0,Driver,West,Proceeding Straight,Parked Vehicle,East,Parked,Sideswipe,0,0,0,1,No Pedestrian Involved,POINT (-122.388598793 37.757922685),Parked Motor Vehicle
36264,1.0,Bicyclist,South,Passing Other Vehicle,Driver,South,Stopped In Road,Rear End,0,1,0,1,No Pedestrian Involved,POINT (-122.409014377 37.79948982),Bicycle
36265,1.0,Driver,North,Changing Lanes,Driver,North,Proceeding Straight,Sideswipe,0,0,0,1,No Pedestrian Involved,POINT (-122.397984442 37.799399227),Other Motor Vehicle
36266,1.0,Driver,South,Proceeding Straight,Unknown,Unknown,Unknown,Head-On,0,0,0,1,No Pedestrian Involved,POINT (-122.395464392 37.722993052),Fixed Object
36267,1.0,Driver,East,Slowing/Stopping,Driver,West,Stopped,Rear End,0,0,0,1,No Pedestrian Involved,POINT (-122.413606509 37.748231687),Other Motor Vehicle
36268,1.0,Driver,East,Making Left Turn,Pedestrian,South,Proceeding Straight,Vehicle/Pedestrian,1,0,0,1,Crossing in Crosswalk at Intersection,POINT (-122.421271729 37.758498509),Pedestrian
36269,,Driver,East,Parking Maneuver,Parked Vehicle,East,Parked,Rear End,0,0,0,1,No Pedestrian Involved,POINT (-122.507750667 37.771495033),Parked Motor Vehicle
36270,1.0,Not Stated,Not Stated,Making Left Turn,Driver,East,Proceeding Straight,Head-On,0,0,0,1,No Pedestrian Involved,POINT (-122.423413055 37.795737109),Other Motor Vehicle
36271,1.0,Driver,North,Proceeding Straight,Driver,North,Slowing/Stopping,Rear End,0,0,0,1,No Pedestrian Involved,POINT (-122.419370354 37.761950963),Other Motor Vehicle
36272,1.0,Driver,North,Changing Lanes,Driver,North,Proceeding Straight,Rear End,0,0,0,1,No Pedestrian Involved,POINT (-122.410401493 37.778785373),Other Motor Vehicle
36273,1.0,Driver,East,Making Right Turn,Bicyclist,North,Proceeding Straight,Broadside,0,1,0,1,No Pedestrian Involved,POINT (-122.395150932 37.7892347),Bicycle
36274,1.0,Driver,South,Proceeding Straight,Driver,East,Proceeding Straight,Broadside,0,0,0,1,No Pedestrian Involved,POINT (-122.430047266 37.778850928),Other Motor Vehicle
36275,1.0,Driver,East,Proceeding Straight,Unknown,Unknown,Unknown,Hit Object,0,0,0,1,No Pedestrian Involved,POINT (-122.40787691 37.784075498),Other Object
36276,1.0,Driver,West,Proceeding Straight,Unknown,Unknown,Unknown,Sideswipe,0,0,0,1,No Pedestrian Involved,POINT (-122.414385358 37.788490253),Fixed Object
36277,1.0,Driver,East,Parked,Other,East,Proceeding Straight,Other,0,0,0,1,No Pedestrian Involved,POINT (-122.414578355 37.763729911),Other Motor Vehicle
36278,1.0,Driver,North,Proceeding Straight,Unknown,Unknown,Unknown,Hit Object,0,0,0,1,No Pedestrian Involved,POINT (-122.412229331 37.737109252),Fixed Object
36279,1.0,Driver,East,Proceeding Straight,Driver,South,Making Left Turn,Broadside,0,0,0,1,No Pedestrian Involved,POINT (-122.496546987 37.764596062),Other Motor Vehicle
36280,1.0,Pedestrian,West,Proceeding Straight,Driver,South,Proceeding Straight,Broadside,1,0,0,1,Crossing Not in Crosswalk,POINT (-122.433172686 37.777262758),Pedestrian
36281,1.0,Driver,East,Proceeding Straight,Driver,South,Proceeding Straight,Broadside,0,0,0,1,No Pedestrian Involved,POINT (-122.440735147 37.772712874),Other Motor Vehicle
36282,1.0,Driver,West,Proceeding Straight,Pedestrian,North,Proceeding Straight,Vehicle/Pedestrian,1,0,0,1,Crossing in Crosswalk at Intersection,POINT (-122.463617943 37.786721579),Pedestrian
36283,1.0,Other,East,Making Left Turn,Unknown,Unknown,Unknown,Overturned,0,0,0,0,No Pedestrian Involved,POINT (-122.43910295 37.77299252),Not Stated
36284,1.0,Driver,South,Merging,Driver,South,Proceeding Straight,Sideswipe,0,0,0,1,No Pedestrian Involved,POINT (-122.417328066 37.790658416),Other Motor Vehicle
36285,1.0,Driver,North,Proceeding Straight,Driver,North,Stopped In Road,Rear End,0,0,0,1,No Pedestrian Involved,POINT (-122.40371509 37.733536838),Other Motor Vehicle
36286,1.0,Bicyclist,North,Proceeding Straight,Parked Vehicle,North,Parked,Rear End,0,0,0,0,No Pedestrian Involved,POINT (-122.448534509 37.759045235),Parked Motor Vehicle
36287,2.0,Bicyclist,South,Slowing/Stopping,Driver,South,Proceeding Straight,Rear End,0,1,0,1,No Pedestrian Involved,POINT (-122.419321895 37.746465502),Bicycle
36288,1.0,Driver,North,Proceeding Straight,Driver,North,Stopped In Road,Rear End,0,0,0,1,No Pedestrian Involved,POINT (-122.422945981 37.785075121),Other Motor Vehicle
36289,,Driver,West,Entering Traffic,Driver,North,Proceeding Straight,Other,0,0,0,1,No Pedestrian Involved,POINT (-122.415308388 37.76531464),Not Stated
36290,1.0,Driver,North,Changing Lanes,Driver,North,Slowing/Stopping,Sideswipe,0,0,0,1,No Pedestrian Involved,POINT (-122.390967889 37.734013873),Other Motor Vehicle
36291,1.0,Pedestrian,East,Other,Driver,South,Slowing/Stopping,Vehicle/Pedestrian,1,0,0,1,Crossing Not in Crosswalk,POINT (-122.418473291 37.752540466),Pedestrian
36292,1.0,Driver,North,Proceeding Straight,Pedestrian,East,Not Stated,Vehicle/Pedestrian,1,0,0,1,Crossing Not in Crosswalk,POINT (-122.414430199 37.784657142),Pedestrian
36293,,Driver,East,Proceeding Straight,Driver,South,Proceeding Straight,Broadside,0,0,0,1,No Pedestrian Involved,POINT (-122.42468704 37.785334622),Other Motor Vehicle
36294,1.0,Driver,North,Entering Traffic,Driver,North,Proceeding Straight,Other,0,0,0,1,No Pedestrian Involved,POINT (-122.433862489 37.735280548),Other Motor Vehicle
36295,1.0,Driver,North,Proceeding Straight,Driver,North,Slowing/Stopping,Rear End,0,0,0,1,No Pedestrian Involved,POINT (-122.422022276 37.766317756),Other Motor Vehicle
36296,1.0,Driver,North,Making Left Turn,Driver,West,Proceeding Straight,Not Stated,0,0,0,1,No Pedestrian Involved,POINT (-122.408007203 37.76924401),Other Motor Vehicle
36297,1.0,Driver,South,Proceeding Straight,Pedestrian,South,Proceeding Straight,Vehicle/Pedestrian,1,0,0,1,Crossing in Crosswalk at Intersection,POINT (-122.409014377 37.79948982),Pedestrian
36298,1.0,Driver,South,Proceeding Straight,Parked Vehicle,South,Parked,Hit Object,1,0,0,1,"In Road, Including Shoulder",POINT (-122.394596047 37.792965724),Other Object
36299,1.0,Driver,North,Proceeding Straight,Driver,North,Proceeding Straight,Broadside,0,0,0,1,No Pedestrian Involved,POINT (-122.494443285 37.742225027),Other Motor Vehicle
36300,,Bicyclist,South,Proceeding Straight,Driver,East,Proceeding Straight,Head-On,0,1,0,1,No Pedestrian Involved,POINT (-122.418347092 37.740788673),Bicycle
36301,,Driver,West,Proceeding Straight,Driver,North,Proceeding Straight,Broadside,0,0,0,1,No Pedestrian Involved,POINT (-122.387550708 37.728293727),Other Motor Vehicle
36302,1.0,Driver,South,Stopped,Driver,South,Stopped,Rear End,0,0,0,1,No Pedestrian Involved,POINT (-122.405615267 37.778505105),Motor Vehicle on Other Roadway
36303,1.0,Driver,East,Making Left Turn,Pedestrian,North,Proceeding Straight,Vehicle/Pedestrian,1,0,0,1,Crossing in Crosswalk at Intersection,POINT (-122.423730984 37.780611621),Pedestrian
36304,1.0,Driver,East,Making Left Turn,Driver,South,Proceeding Straight,Not Stated,1,0,0,1,Crossing in Crosswalk at Intersection,POINT (-122.458371099 37.774308895),Other Object
36305,1.0,Driver,North,Proceeding Straight,Driver,West,Proceeding Straight,Broadside,0,0,0,1,No Pedestrian Involved,POINT (-122.49410398 37.775862147),Other Motor Vehicle
36306,,Driver,East,Stopped In Road,Bicyclist,East,Proceeding Straight,Sideswipe,0,1,0,1,No Pedestrian Involved,POINT (-122.402109757 37.789088593),Bicycle
36307,1.0,Driver,East,Crossed Into Opposing Lane - Unplanned,Driver,West,Stopped In Road,Head-On,0,0,0,1,No Pedestrian Involved,POINT (-122.423716941 37.773918488),Other Motor Vehicle
36308,1.0,Bicyclist,East,Proceeding Straight,Parked Vehicle,Not Stated,Parked,Rear End,0,0,0,0,No Pedestrian Involved,POINT (-122.434273112 37.725900386),Parked Motor Vehicle
36309,1.0,Driver,West,Not Stated,Driver,North,Proceeding Straight,Broadside,0,0,0,1,No Pedestrian Involved,POINT (-122.396617026 37.720230912),Other Motor Vehicle
36310,1.0,Driver,South,Making Left Turn,Driver,South,Proceeding Straight,Sideswipe,0,0,0,1,No Pedestrian Involved,POINT (-122.50718492 37.74347235),Other Motor Vehicle
36311,1.0,Pedestrian,East,Not Stated,Driver,North,Proceeding Straight,Vehicle/Pedestrian,1,0,0,1,Crossing Not in Crosswalk,POINT (-122.3990077 37.783847576),Pedestrian
36312,1.0,Driver,East,Proceeding Straight,Driver,North,Making Left Turn,Other,0,0,0,1,No Pedestrian Involved,POINT (-122.435489827 37.797089001),Non-Collision
36313,1.0,Driver,South,Proceeding Straight,Driver,South,Stopped In Road,Rear End,0,0,0,1,No Pedestrian Involved,POINT (-122.388481187 37.789571919),Other Motor Vehicle
36314,1.0,Pedestrian,North,Other,Driver,East,Proceeding Straight,Vehicle/Pedestrian,1,0,0,1,Crossing in Crosswalk at Intersection,POINT (-122.418618217 37.773053455),Pedestrian
36315,1.0,Pedestrian,East,Entering Traffic,Driver,South,Stopped In Road,Vehicle/Pedestrian,1,0,0,1,Crossing in Crosswalk at Intersection,POINT (-122.402459479 37.712179486),Pedestrian
36316,1.0,Driver,South,Proceeding Straight,Driver,South,Proceeding Straight,Rear End,0,0,0,1,No Pedestrian Involved,POINT (-122.401615484 37.801381076),Other Motor Vehicle
36317,1.0,Driver,North,Entering Traffic,Driver,West,Proceeding Straight,Broadside,0,0,0,1,No Pedestrian Involved,POINT (-122.411455263 37.765547605),Other Motor Vehicle
36318,1.0,Pedestrian,North,Proceeding Straight,Driver,West,Proceeding Straight,Vehicle/Pedestrian,1,0,0,1,Crossing in Crosswalk Not at Intersection,POINT (-122.413783542 37.779417867),Pedestrian
36319,1.0,Bicyclist,East,Proceeding Straight,Driver,North,Proceeding Straight,Broadside,0,1,0,1,No Pedestrian Involved,POINT (-122.406799737 37.757762057),Bicycle
36320,1.0,Driver,South,Making Left Turn,Driver,South,Proceeding Straight,Sideswipe,0,0,0,1,No Pedestrian Involved,POINT (-122.49434933 37.740317725),Other Motor Vehicle
36321,1.0,Driver,East,Making Left Turn,Pedestrian,North,Not Stated,Vehicle/Pedestrian,1,0,0,1,Not Stated,POINT (-122.446353327 37.785378967),Pedestrian
36322,,Driver,East,Stopped In Road,Bicyclist,North,Proceeding Straight,Not Stated,0,1,0,1,No Pedestrian Involved,POINT (-122.441130269 37.711211157),Bicycle
36323,1.0,Other,South,Proceeding Straight,Driver,East,Proceeding Straight,Broadside,0,0,0,1,No Pedestrian Involved,POINT (-122.413385238 37.769502005),Other Object
36324,1.0,Driver,East,Proceeding Straight,Driver,East,Making Left Turn,Rear End,0,0,0,1,No Pedestrian Involved,POINT (-122.45481823 37.780116946),Other Motor Vehicle
36325,1.0,Driver,South,Proceeding Straight,Driver,West,Proceeding Straight,Broadside,0,0,0,1,No Pedestrian Involved,POINT (-122.424999224 37.750232717),Motor Vehicle on Other Roadway
36326,1.0,Driver,West,Making Left Turn,Driver,South,Proceeding Straight,Broadside,0,0,0,1,No Pedestrian Involved,POINT (-122.415577015 37.769591161),Other Motor Vehicle
36327,1.0,Driver,South,Making Right Turn,Driver,West,Proceeding Straight,Broadside,0,0,0,1,No Pedestrian Involved,POINT (-122.422879384 37.760013424),Other Motor Vehicle
36328,1.0,Pedestrian,Not Stated,Traveling Wrong Way,Driver,South,Proceeding Straight,Vehicle/Pedestrian,1,0,0,1,Crossing Not in Crosswalk,POINT (-122.421948585 37.788489643),Pedestrian
36329,1.0,Driver,North,Crossed Into Opposing Lane,Parked Vehicle,Not Stated,Parked,Overturned,0,0,0,1,No Pedestrian Involved,POINT (-122.463610592 37.754728951),Parked Motor Vehicle
36330,1.0,Driver,East,Proceeding Straight,Unknown,Unknown,Unknown,Hit Object,0,0,0,1,No Pedestrian Involved,POINT (-122.423353436 37.70925095),Fixed Object
36331,1.0,Driver,West,Proceeding Straight,Driver,West,Stopped,Rear End,0,0,0,1,No Pedestrian Involved,POINT (-122.427411205 37.739683075),Other Motor Vehicle
36332,1.0,Driver,South,Making U Turn,Pedestrian,East,Other,Vehicle/Pedestrian,1,0,0,1,Crossing in Crosswalk at Intersection,POINT (-122.426538464 37.766267922),Pedestrian
36333,1.0,Driver,West,Changing Lanes,Driver,West,Proceeding Straight,Sideswipe,0,0,0,1,No Pedestrian Involved,POINT (-122.455392351 37.742707167),Other Motor Vehicle
36334,1.0,Driver,South,Proceeding Straight,Driver,South,Making Left Turn,Rear End,0,0,0,1,No Pedestrian Involved,POINT (-122.485147938 37.78574601),Other Motor Vehicle
36335,1.0,Driver,South,Proceeding Straight,Pedestrian,West,Proceeding Straight,Head-On,1,0,0,1,Crossing Not in Crosswalk,POINT (-122.419395197 37.792560556),Pedestrian
36336,1.0,Driver,West,Entering Traffic,Driver,North,Proceeding Straight,Broadside,1,0,0,1,"In Road, Including Shoulder",POINT (-122.466530552 37.782394256),Other Motor Vehicle
36337,1.0,Driver,North,Making Left Turn,Driver,West,Proceeding Straight,Other,0,0,0,1,No Pedestrian Involved,POINT (-122.454885125 37.710478554),Other Object
36338,1.0,Pedestrian,East,Proceeding Straight,Driver,South,Proceeding Straight,Vehicle/Pedestrian,1,0,0,1,Crossing Not in Crosswalk,POINT (-122.416259706 37.785375975),Pedestrian
36339,1.0,Driver,North,Traveling Wrong Way,Driver,South,Proceeding Straight,Head-On,0,0,0,1,No Pedestrian Involved,POINT (-122.411448602 37.77171482),Other Motor Vehicle
36340,1.0,Driver,North,Making Left Turn,Bicyclist,South,Proceeding Straight,Broadside,0,1,0,1,No Pedestrian Involved,POINT (-122.420687383 37.790578259),Bicycle
36341,1.0,Driver,South,Making U Turn,Driver,South,Proceeding Straight,Broadside,0,0,0,1,No Pedestrian Involved,POINT (-122.455466733 37.74632798),Other Motor Vehicle
36342,1.0,Driver,North,Making Left Turn,Unknown,Unknown,Unknown,Head-On,0,0,0,1,No Pedestrian Involved,POINT (-122.407322929 37.791298136),Fixed Object
36343,1.0,Driver,West,Making Left Turn,Pedestrian,South,Proceeding Straight,Vehicle/Pedestrian,1,0,0,1,Crossing in Crosswalk at Intersection,POINT (-122.411536296 37.786937087),Pedestrian
36344,1.0,Driver,West,Other Unsafe Turning,Bicyclist,South,Proceeding Straight,Sideswipe,0,1,0,1,No Pedestrian Involved,POINT (-122.410931088 37.769411191),Bicycle
36345,1.0,Driver,South,Proceeding Straight,Driver,East,Proceeding Straight,Broadside,0,0,0,1,No Pedestrian Involved,POINT (-122.414026707 37.771863706),Other Motor Vehicle
36346,,Pedestrian,East,Traveling Wrong Way,Driver,East,Proceeding Straight,Vehicle/Pedestrian,1,0,0,1,Crossing Not in Crosswalk,POINT (-122.413086268 37.784819133),Pedestrian
36347,1.0,Driver,West,Proceeding Straight,Driver,North,Proceeding Straight,Broadside,0,0,0,1,No Pedestrian Involved,POINT (-122.427045476 37.747695853),Other Motor Vehicle
36348,1.0,Driver,North,Proceeding Straight,Driver,East,Proceeding Straight,Broadside,0,0,0,1,No Pedestrian Involved,POINT (-122.474856604 37.731065754),Other Motor Vehicle
36349,1.0,Driver,North,Traveling Wrong Way,Driver,South,Proceeding Straight,Sideswipe,0,0,0,1,No Pedestrian Involved,POINT (-122.500160349 37.717781272),Other Motor Vehicle
36350,1.0,Driver,West,Proceeding Straight,Driver,North,Making Left Turn,Broadside,0,0,0,1,No Pedestrian Involved,POINT (-122.404623337 37.765958188),Other Motor Vehicle
36351,1.0,Driver,North,Proceeding Straight,Driver,North,Parked,Rear End,0,0,0,1,No Pedestrian Involved,POINT (-122.409382479 37.781507133),Parked Motor Vehicle
36352,1.0,Driver,West,Making Left Turn,Bicyclist,East,Proceeding Straight,Head-On,0,1,0,1,No Pedestrian Involved,POINT (-122.413086556 37.781001572),Bicycle
36353,1.0,Driver,West,Changing Lanes,Parked Vehicle,West,Parked,Rear End,0,0,0,1,No Pedestrian Involved,POINT (-122.430648866 37.712553943),Parked Motor Vehicle
36354,1.0,Driver,West,Proceeding Straight,Pedestrian,South,Other,Vehicle/Pedestrian,1,0,0,1,Crossing in Crosswalk at Intersection,POINT (-122.45336232 37.786421562),Pedestrian
36355,1.0,Driver,East,Making Left Turn,Driver,East,Proceeding Straight,Broadside,0,0,0,1,No Pedestrian Involved,POINT (-122.417474126 37.783317687),Other Motor Vehicle
36356,1.0,Other,West,Proceeding Straight,Driver,South,Making Left Turn,Broadside,0,0,0,1,No Pedestrian Involved,POINT (-122.435208401 37.722763731),Other Motor Vehicle
36357,1.0,Driver,East,Proceeding Straight,Parked Vehicle,West,Parked,Sideswipe,0,0,0,1,No Pedestrian Involved,POINT (-122.445348407 37.77020974),Parked Motor Vehicle
36358,1.0,Other,South,Other,Driver,West,Proceeding Straight,Sideswipe,0,0,0,1,No Pedestrian Involved,POINT (-122.419693566 37.777299856),Other Object
36359,1.0,Driver,West,Making Left Turn,Bicyclist,East,Proceeding Straight,Broadside,0,1,0,1,No Pedestrian Involved,POINT (-122.439297625 37.782450481),Bicycle
36360,1.0,Driver,West,Proceeding Straight,Driver,West,Stopped In Road,Rear End,0,0,0,1,No Pedestrian Involved,POINT (-122.481894804 37.784023535),Other Motor Vehicle
36361,1.0,Driver,West,Making Left Turn,Driver,West,Making Left Turn,Rear End,0,0,0,1,No Pedestrian Involved,POINT (-122.393729795 37.764021343),Other Motor Vehicle
36362,1.0,Bicyclist,North,Proceeding Straight,Driver,East,Proceeding Straight,Broadside,0,1,0,1,No Pedestrian Involved,POINT (-122.394035066 37.776332976),Bicycle
36363,1.0,Driver,South,Proceeding Straight,Driver,South,Proceeding Straight,Sideswipe,0,0,0,1,No Pedestrian Involved,POINT (-122.422398275 37.774041641),Other Motor Vehicle
36364,1.0,Driver,South,Making Left Turn,Driver,East,Stopped,Broadside,0,0,0,1,No Pedestrian Involved,POINT (-122.437712138 37.721261946),Other Motor Vehicle
36365,1.0,Driver,South,Proceeding Straight,Driver,South,Other,Rear End,0,0,0,1,No Pedestrian Involved,POINT (-122.403243286 37.743794359),Other Motor Vehicle
36366,1.0,Bicyclist,East,Other Unsafe Turning,Driver,North,Proceeding Straight,Other,0,1,0,1,No Pedestrian Involved,POINT (-122.420124436 37.769279269),Bicycle
36367,1.0,Pedestrian,South,Stopped In Road,Driver,East,Backing,Vehicle/Pedestrian,1,0,0,1,Crossing Not in Crosswalk,POINT (-122.412779846 37.782957084),Pedestrian
36368,1.0,Driver,North,Backing,Driver,East,Proceeding Straight,Rear End,0,0,0,1,No Pedestrian Involved,POINT (-122.442672107 37.777246939),Other Motor Vehicle
36369,1.0,Driver,South,Proceeding Straight,Driver,North,Proceeding Straight,Broadside,0,0,0,1,No Pedestrian Involved,POINT (-122.413541441 37.788598204),Other Motor Vehicle
36370,1.0,Driver,East,Proceeding Straight,Pedestrian,North,Stopped,Vehicle/Pedestrian,1,0,0,1,"In Road, Including Shoulder",POINT (-122.409712108 37.784298179),Pedestrian
36371,1.0,Other,North,Parked,Unknown,Unknown,Unknown,Vehicle/Pedestrian,1,0,0,0,No Pedestrian Involved,POINT (-122.432649187 37.729423556),Fixed Object
36372,1.0,Driver,East,Proceeding Straight,Driver,West,Making Left Turn,Not Stated,0,0,0,1,No Pedestrian Involved,POINT (-122.495972016 37.772032015),Other Motor Vehicle
36373,1.0,Driver,East,Proceeding Straight,Driver,East,Stopped,Rear End,0,0,0,1,No Pedestrian Involved,POINT (-122.410263525 37.797420186),Other Motor Vehicle
36374,1.0,Other,South,Not Stated,Unknown,Unknown,Unknown,Other,0,0,0,0,No Pedestrian Involved,POINT (-122.484558623 37.777658812),Non-Collision
36375,1.0,Pedestrian,South,Proceeding Straight,Driver,West,Proceeding Straight,Vehicle/Pedestrian,1,0,0,1,Crossing Not in Crosswalk,POINT (-122.436046173 37.799842953),Pedestrian
36376,,Driver,North,Proceeding Straight,Driver,West,Proceeding Straight,Broadside,0,0,0,1,No Pedestrian Involved,POINT (-122.4306092 37.781645584),Other Motor Vehicle
36377,1.0,Driver,North,Making Left Turn,Driver,East,Proceeding Straight,Broadside,0,0,0,1,No Pedestrian Involved,POINT (-122.395160622 37.784311012),Not Stated
36378,1.0,Driver,South,Other,Unknown,Unknown,Unknown,Hit Object,0,0,0,1,No Pedestrian Involved,POINT (-122.4841942 37.772569062),Fixed Object
36379,,Driver,East,Proceeding Straight,Driver,South,Making Left Turn,Broadside,0,0,0,1,No Pedestrian Involved,POINT (-122.412969667 37.785789585),Other Motor Vehicle
36380,1.0,Driver,West,Making Left Turn,Pedestrian,North,Proceeding Straight,Vehicle/Pedestrian,1,0,0,1,Crossing in Crosswalk at Intersection,POINT (-122.411919358 37.788803284),Pedestrian
36381,1.0,Driver,South,Proceeding Straight,Driver,East,Making Left Turn,Broadside,0,0,0,1,No Pedestrian Involved,POINT (-122.452664723 37.708806337),Other Motor Vehicle
36382,1.0,Pedestrian,North,Proceeding Straight,Driver,North,Making Right Turn,Vehicle/Pedestrian,1,0,0,1,Crossing Not in Crosswalk,POINT (-122.414711003 37.77623052),Pedestrian
36383,1.0,Driver,North,Proceeding Straight,Driver,North,Stopped,Rear End,0,0,0,1,No Pedestrian Involved,POINT (-122.407159488 37.779738906),Other Motor Vehicle
36384,1.0,Pedestrian,North,Proceeding Straight,Driver,West,Making Left Turn,Vehicle/Pedestrian,1,0,0,1,Crossing Not in Crosswalk,POINT (-122.408430887 37.796703903),Pedestrian
36385,1.0,Driver,East,Proceeding Straight,Driver,South,Proceeding Straight,Broadside,0,0,0,1,No Pedestrian Involved,POINT (-122.429599154 37.720090315),Other Motor Vehicle
36386,1.0,Driver,West,Entering Traffic,Bicyclist,West,Proceeding Straight,Sideswipe,0,1,0,1,No Pedestrian Involved,POINT (-122.454332103 37.723531108),Bicycle
36387,1.0,Driver,North,Making Left Turn,Bicyclist,West,Proceeding Straight,Head-On,0,1,0,1,No Pedestrian Involved,POINT (-122.423982145 37.798552454),Bicycle