party_id,party_at_fault,party1_type,party1_dir_of_travel,party1_move_pre_acc,party2_type,party2_dir_of_travel,party2_move_pre_acc,type_of_collision,involves_pedestrian,involves_bicycle,involves_motorcycle,involves_vehicle,ped_action,point,mviw
38396,1.0,Driver,East,Making Right Turn,Other,East,Not Stated,Head-On,0,0,0,1,No Pedestrian Involved,POINT (-122.402527615 37.800317115),Fixed Object
38397,1.0,Driver,West,Making Right Turn,Driver,West,Making Right Turn,Sideswipe,0,0,0,1,No Pedestrian Involved,POINT (-122.402708154 37.783259236),Other Motor Vehicle
38398,1.0,Driver,South,Proceeding Straight,Driver,South,Making Left Turn,Sideswipe,1,0,0,1,Not Stated,POINT (-122.402380402 37.790968611),Not Stated
38399,,Driver,South,Proceeding Straight,Driver,South,Stopped In Road,Sideswipe,0,0,0,1,No Pedestrian Involved,POINT (-122.474954621 37.732456138),Other Motor Vehicle
38400,1.0,Pedestrian,Not Stated,Stopped In Road,Driver,West,Proceeding Straight,Head-On,1,0,0,1,"In Road, Including Shoulder",POINT (-122.431666128 37.775774651),Pedestrian
38401,1.0,Bicyclist,West,Proceeding Straight,Driver,North,Proceeding Straight,Broadside,0,1,0,1,No Pedestrian Involved,POINT (-122.416291701 37.777493844),Bicycle
38402,1.0,Driver,South,Proceeding Straight,Driver,North,Proceeding Straight,Broadside,0,0,0,1,No Pedestrian Involved,POINT (-122.415613781 37.768537387),Other Motor Vehicle
38403,1.0,Driver,West,Proceeding Straight,Driver,South,Making Left Turn,Broadside,0,0,0,1,No Pedestrian Involved,POINT (-122.417753194 37.769815078),Other Motor Vehicle
38404,1.0,Driver,East,Making Right Turn,Bicyclist,East,Proceeding Straight,Broadside,0,1,0,1,No Pedestrian Involved,POINT (-122.43482815 37.762797362),Bicycle
38405,1.0,Driver,North,Proceeding Straight,Parked Vehicle,Not Stated,Not Stated,Sideswipe,0,0,0,1,No Pedestrian Involved,POINT (-122.409140714 37.800177697),Parked Motor Vehicle
38406,,Driver,South,Proceeding Straight,Driver,East,Proceeding Straight,Broadside,0,0,0,1,No Pedestrian Involved,POINT (-122.421941248 37.773036051),Other Motor Vehicle
38407,1.0,Pedestrian,South,Not Stated,Driver,East,Proceeding Straight,Vehicle/Pedestrian,1,0,0,1,"In Road, Including Shoulder",POINT (-122.504816356 37.775372452),Pedestrian
38408,1.0,Driver,South,Proceeding Straight,Driver,South,Parked,Rear End,0,0,0,1,No Pedestrian Involved,POINT (-122.423635803 37.796318867),Parked Motor Vehicle
38409,1.0,Driver,East,Passing Other Vehicle,Driver,East,Making Right Turn,Sideswipe,0,0,0,1,No Pedestrian Involved,POINT (-122.408169098 37.735859113),Other Motor Vehicle
38410,1.0,Driver,West,Not Stated,Driver,West,Proceeding Straight,Sideswipe,0,0,0,1,No Pedestrian Involved,POINT (-122.462831179 37.709654839),Other Motor Vehicle
38411,1.0,Pedestrian,South,Not Stated,Driver,West,Proceeding Straight,Vehicle/Pedestrian,1,0,0,1,Crossing in Crosswalk at Intersection,POINT (-122.482028151 37.734406818),Pedestrian
38412,1.0,Pedestrian,South,Other,Driver,West,Proceeding Straight,Vehicle/Pedestrian,1,0,0,1,Crossing Not in Crosswalk,POINT (-122.434022763 37.71329452),Pedestrian
38413,1.0,Driver,West,Proceeding Straight,Parked Vehicle,West,Parked,Sideswipe,0,0,0,1,No Pedestrian Involved,POINT (-122.446753135 37.801769056),Parked Motor Vehicle
38414,1.0,Driver,South,Proceeding Straight,Driver,South,Slowing/Stopping,Rear End,0,0,0,1,No Pedestrian Involved,POINT (-122.476109413 37.750628235),Other Motor Vehicle
38415,1.0,Driver,West,Making Left Turn,Driver,South,Proceeding Straight,Broadside,0,0,0,1,No Pedestrian Involved,POINT (-122.447552121 37.781006894),Other Motor Vehicle
38416,1.0,Driver,West,Making Left Turn,Driver,East,Proceeding Straight,Broadside,0,0,0,1,No Pedestrian Involved,POINT (-122.410486689 37.765605839),Other Motor Vehicle
38417,1.0,Driver,North,Proceeding Straight,Driver,North,Making Left Turn,Sideswipe,0,0,0,1,No Pedestrian Involved,POINT (-122.408160794 37.780535386),Other Motor Vehicle
38418,1.0,Driver,North,Making Left Turn,Pedestrian,East,Proceeding Straight,Vehicle/Pedestrian,1,0,0,1,Crossing Not in Crosswalk,POINT (-122.391634135 37.774327551),Pedestrian
38419,1.0,Driver,East,Making Left Turn,Driver,West,Stopped In Road,Sideswipe,0,0,0,1,No Pedestrian Involved,POINT (-122.416741832 37.758772117),Other Motor Vehicle
38420,1.0,Driver,East,Proceeding Straight,Driver,East,Stopped In Road,Rear End,0,0,0,1,No Pedestrian Involved,POINT (-122.422034704 37.788478657),Other Motor Vehicle
38421,1.0,Bicyclist,South,Proceeding Straight,Driver,East,Making Right Turn,Broadside,0,1,0,1,No Pedestrian Involved,POINT (-122.453927843 37.771424715),Bicycle
38422,1.0,Driver,West,Proceeding Straight,Driver,West,Making Right Turn,Broadside,0,0,0,1,No Pedestrian Involved,POINT (-122.432974116 37.733310826),Other Motor Vehicle
38423,,Driver,East,Not Stated,Driver,West,Not Stated,Not Stated,1,0,0,1,Not Stated,POINT (-122.423234908 37.725161818),Not Stated
38424,,Driver,West,Proceeding Straight,Driver,West,Stopped In Road,Rear End,0,0,0,1,No Pedestrian Involved,POINT (-122.442601499 37.798977611),Other Motor Vehicle
38425,1.0,Driver,Not Stated,Proceeding Straight,Pedestrian,Not Stated,Proceeding Straight,Vehicle/Pedestrian,1,0,0,1,Crossing in Crosswalk at Intersection,POINT (-122.428331127 37.795107321),Pedestrian
38426,1.0,Driver,West,Proceeding Straight,Pedestrian,South,Proceeding Straight,Vehicle/Pedestrian,1,0,0,1,Crossing in Crosswalk at Intersection,POINT (-122.452431112 37.777939652),Pedestrian
38427,1.0,Driver,North,Making Left Turn,Pedestrian,West,Proceeding Straight,Vehicle/Pedestrian,1,0,0,1,Crossing in Crosswalk at Intersection,POINT (-122.40784206 37.776746109),Pedestrian
38428,1.0,Driver,West,Proceeding Straight,Pedestrian,South,Not Stated,Vehicle/Pedestrian,1,0,0,1,Crossing in Crosswalk at Intersection,POINT (-122.495082386 37.759028132),Not Stated
38429,1.0,Driver,North,Proceeding Straight,Driver,West,Proceeding Straight,Broadside,0,0,0,1,No Pedestrian Involved,POINT (-122.416066252 37.736002614),Other Motor Vehicle
38430,1.0,Pedestrian,East,Proceeding Straight,Driver,South,Proceeding Straight,Broadside,1,0,0,1,Crossing Not in Crosswalk,POINT (-122.404382666 37.72685992),Pedestrian
38431,1.0,Driver,South,Making Left Turn,Pedestrian,East,Proceeding Straight,Other,1,0,0,1,Crossing in Crosswalk at Intersection,POINT (-122.404933346 37.781499508),Pedestrian
38432,1.0,Driver,West,Proceeding Straight,Driver,South,Proceeding Straight,Overturned,0,0,0,1,No Pedestrian Involved,POINT (-122.437989848 37.775925406),Other Motor Vehicle
38433,,Driver,East,Proceeding Straight,Unknown,Unknown,Unknown,Other,0,0,0,1,No Pedestrian Involved,POINT (-122.429006279 37.775635211),Fixed Object
38434,,Other,West,Proceeding Straight,Bicyclist,East,Proceeding Straight,Head-On,0,1,0,0,No Pedestrian Involved,POINT (-122.389685871 37.776319287),Bicycle
38435,1.0,Driver,South,Proceeding Straight,Pedestrian,West,Not Stated,Vehicle/Pedestrian,1,0,0,1,Crossing in Crosswalk Not at Intersection,POINT (-122.405242387 37.743051205),Pedestrian
38436,1.0,Bicyclist,Not Stated,Proceeding Straight,Driver,Not Stated,Making Right Turn,Sideswipe,0,1,0,1,No Pedestrian Involved,POINT (-122.410363749 37.764309985),Bicycle
38437,1.0,Driver,South,Proceeding Straight,Pedestrian,West,Proceeding Straight,Sideswipe,1,0,0,1,Crossing in Crosswalk at Intersection,POINT (-122.462381471 37.747817527),Pedestrian
38438,1.0,Driver,North,Proceeding Straight,Driver,North,Stopped In Road,Rear End,0,0,0,1,No Pedestrian Involved,POINT (-122.398967102 37.7190295),Other Motor Vehicle
38439,1.0,Driver,West,Making Left Turn,Driver,East,Proceeding Straight,Broadside,0,0,0,1,No Pedestrian Involved,POINT (-122.461064052 37.740293771),Other Motor Vehicle
38440,1.0,Driver,North,Proceeding Straight,Parked Vehicle,North,Parked,Rear End,0,0,0,1,No Pedestrian Involved,POINT (-122.419365724 37.72611981),Other Motor Vehicle
38441,1.0,Driver,North,Stopped In Road,Bicyclist,North,Proceeding Straight,Other,0,1,0,1,No Pedestrian Involved,POINT (-122.422144253 37.767574028),Bicycle
38442,1.0,Driver,Not Stated,Proceeding Straight,Driver,Not Stated,Stopped In Road,Rear End,0,0,0,1,No Pedestrian Involved,POINT (-122.431204945 37.784568241),Other Motor Vehicle
38443,1.0,Driver,East,Proceeding Straight,Driver,East,Proceeding Straight,Rear End,0,0,0,1,No Pedestrian Involved,POINT (-122.424544102 37.710081098),Other Motor Vehicle
38444,1.0,Driver,Not Stated,Proceeding Straight,Pedestrian,East,Backing,Vehicle/Pedestrian,1,0,0,1,Crossing in Crosswalk at Intersection,POINT (-122.405831011 37.78574399),Pedestrian
38445,1.0,Driver,East,Stopped In Road,Driver,North,Proceeding Straight,Sideswipe,0,0,0,1,No Pedestrian Involved,POINT (-122.387794889 37.787097239),Other Motor Vehicle
38446,1.0,Driver,East,Making Left Turn,Pedestrian,East,Stopped In Road,Vehicle/Pedestrian,1,0,0,1,Not in Road,POINT (-122.405607548 37.732438658),Pedestrian
38447,1.0,Driver,West,Making Left Turn,Driver,North,Proceeding Straight,Broadside,0,0,0,1,No Pedestrian Involved,POINT (-122.446659913 37.776741636),Other Motor Vehicle
38448,1.0,Driver,East,Proceeding Straight,Driver,East,Proceeding Straight,Rear End,1,0,0,1,Not Stated,POINT (-122.475935891 37.759873203),Not Stated
38449,1.0,Driver,East,Proceeding Straight,Driver,East,Stopped In Road,Rear End,0,0,0,1,No Pedestrian Involved,POINT (-122.40700149 37.770049773),Other Motor Vehicle
38450,1.0,Driver,South,Parking Maneuver,Bicyclist,Not Stated,Proceeding Straight,Sideswipe,0,1,0,1,No Pedestrian Involved,POINT (-122.394059623 37.792537217),Bicycle
38451,1.0,Driver,South,Proceeding Straight,Driver,North,Proceeding Straight,Head-On,1,0,0,1,Not in Road,POINT (-122.424463829 37.739072515),Train
38452,1.0,Pedestrian,South,Proceeding Straight,Driver,East,Proceeding Straight,Vehicle/Pedestrian,1,0,0,1,Crossing Not in Crosswalk,POINT (-122.410931088 37.769411191),Pedestrian
38453,1.0,Driver,South,Ran Off Road,Parked Vehicle,South,Parked,Sideswipe,0,0,0,1,No Pedestrian Involved,POINT (-122.394782667 37.75271783),Other Motor Vehicle
38454,,Driver,South,Parked,Bicyclist,South,Proceeding Straight,Other,0,1,0,1,No Pedestrian Involved,POINT (-122.397499799 37.786175475),Bicycle
38455,,Driver,Not Stated,Proceeding Straight,Driver,North,Stopped In Road,Rear End,0,0,0,1,No Pedestrian Involved,POINT (-122.405282148 37.743035081),Other Motor Vehicle
38456,1.0,Driver,Not Stated,Stopped In Road,Driver,Not Stated,Stopped In Road,Sideswipe,0,0,0,1,No Pedestrian Involved,POINT (-122.418618217 37.773053454),Other Motor Vehicle
38457,,Bicyclist,East,Proceeding Straight,Driver,South,Proceeding Straight,Broadside,0,1,0,1,No Pedestrian Involved,POINT (-122.426641499 37.778328564),Bicycle
38458,1.0,Driver,East,Proceeding Straight,Driver,East,Proceeding Straight,Rear End,0,0,0,1,No Pedestrian Involved,POINT (-122.434970081 37.773442606),Other Motor Vehicle
38459,1.0,Driver,South,Proceeding Straight,Driver,South,Stopped,Rear End,0,0,0,1,No Pedestrian Involved,POINT (-122.406879562 37.757971288),Other Motor Vehicle
38460,1.0,Driver,East,Proceeding Straight,Driver,East,Parked,Rear End,0,0,0,1,No Pedestrian Involved,POINT (-122.434815796 37.800063112),Parked Motor Vehicle
38461,1.0,Driver,North,Proceeding Straight,Driver,North,Stopped In Road,Rear End,0,0,0,1,No Pedestrian Involved,POINT (-122.420088188 37.787618913),Other Motor Vehicle
38462,1.0,Driver,West,Making Left Turn,Driver,North,Proceeding Straight,Broadside,0,0,0,1,No Pedestrian Involved,POINT (-122.387794889 37.787097239),Train
38463,,Driver,West,Proceeding Straight,Driver,East,Making Left Turn,Head-On,0,0,0,1,No Pedestrian Involved,POINT (-122.415577015 37.769591161),Other Motor Vehicle
38464,1.0,Driver,East,Proceeding Straight,Unknown,Unknown,Unknown,Other,0,0,0,1,No Pedestrian Involved,POINT (-122.404933346 37.781499508),Other Object
38465,1.0,Driver,North,Proceeding Straight,Driver,North,Stopped In Road,Rear End,0,0,0,1,No Pedestrian Involved,POINT (-122.402535868 37.712186818),Other Motor Vehicle
38466,1.0,Driver,East,Proceeding Straight,Driver,South,Proceeding Straight,Broadside,0,0,0,1,No Pedestrian Involved,POINT (-122.385682203 37.727233228),Other Motor Vehicle
38467,1.0,Bicyclist,East,Proceeding Straight,Parked Vehicle,Not Stated,Parked,Rear End,0,0,0,0,No Pedestrian Involved,POINT (-122.442053014 37.729334605),Parked Motor Vehicle
38468,1.0,Driver,South,Making Left Turn,Pedestrian,North,Not Stated,Vehicle/Pedestrian,1,0,0,1,Crossing in Crosswalk at Intersection,POINT (-122.422696391 37.800626285),Pedestrian
38469,1.0,Driver,North,Proceeding Straight,Driver,South,Proceeding Straight,Head-On,0,0,0,1,No Pedestrian Involved,POINT (-122.414303048 37.754821201),Other Motor Vehicle
38470,2.0,Pedestrian,East,Proceeding Straight,Driver,East,Making Right Turn,Vehicle/Pedestrian,1,0,0,1,Crossing in Crosswalk at Intersection,POINT (-122.406667931 37.797864613),Pedestrian
38471,1.0,Driver,South,Proceeding Straight,Driver,South,Parking Maneuver,Sideswipe,0,0,0,1,No Pedestrian Involved,POINT (-122.418830995 37.781349634),Other Motor Vehicle
38472,1.0,Driver,North,Proceeding Straight,Driver,North,Proceeding Straight,Sideswipe,0,0,0,1,No Pedestrian Involved,POINT (-122.472613683 37.716848699),Other Motor Vehicle
38473,1.0,Driver,South,Proceeding Straight,Unknown,Unknown,Unknown,Hit Object,0,0,0,1,No Pedestrian Involved,POINT (-122.45544208 37.778827542),Fixed Object
38474,1.0,Driver,North,Making Right Turn,Driver,North,Proceeding Straight,Broadside,0,0,0,1,No Pedestrian Involved,POINT (-122.445919814 37.773082016),Other Motor Vehicle
38475,1.0,Driver,East,Proceeding Straight,Pedestrian,North,Proceeding Straight,Broadside,1,0,0,1,Crossing in Crosswalk at Intersection,POINT (-122.412220736 37.782073068),Pedestrian
38476,1.0,Driver,South,Backing,Driver,West,Proceeding Straight,Broadside,0,0,0,1,No Pedestrian Involved,POINT (-122.392635073 37.734958308),Motor Vehicle on Other Roadway
38477,1.0,Bicyclist,East,Proceeding Straight,Bicyclist,East,Proceeding Straight,Sideswipe,0,0,0,0,No Pedestrian Involved,POINT (-122.399148598 37.791016649),Not Stated
38478,1.0,Driver,East,Making Left Turn,Driver,North,Proceeding Straight,Broadside,0,0,0,1,No Pedestrian Involved,POINT (-122.422383536 37.747171915),Motor Vehicle on Other Roadway
38479,1.0,Driver,West,Making Left Turn,Driver,South,Proceeding Straight,Broadside,0,0,0,1,No Pedestrian Involved,POINT (-122.438365502 37.77779419),Other Motor Vehicle
38480,1.0,Driver,West,Proceeding Straight,Driver,East,Making Left Turn,Head-On,0,0,0,1,No Pedestrian Involved,POINT (-122.406910504 37.737965866),Other Motor Vehicle
38481,1.0,Driver,South,Making Left Turn,Pedestrian,East,Not Stated,Vehicle/Pedestrian,1,0,0,1,Crossing in Crosswalk at Intersection,POINT (-122.431552025 37.786303963),Pedestrian
38482,1.0,Driver,North,Proceeding Straight,Unknown,Unknown,Unknown,Head-On,0,0,0,1,No Pedestrian Involved,POINT (-122.473782857 37.761841254),Fixed Object
38483,1.0,Bicyclist,East,Proceeding Straight,Unknown,Unknown,Unknown,Hit Object,0,0,0,0,No Pedestrian Involved,POINT (-122.405938119 37.792450752),Non-Collision
38484,1.0,Driver,East,Changing Lanes,Driver,East,Proceeding Straight,Sideswipe,0,0,0,1,No Pedestrian Involved,POINT (-122.408627285 37.788264421),Other Motor Vehicle
38485,1.0,Driver,East,Making U Turn,Driver,West,Proceeding Straight,Head-On,0,0,0,1,No Pedestrian Involved,POINT (-122.395280147 37.766530873),Other Motor Vehicle
38486,1.0,Bicyclist,West,Proceeding Straight,Driver,South,Proceeding Straight,Broadside,0,1,0,1,No Pedestrian Involved,POINT (-122.485228935 37.714694513),Bicycle
38487,1.0,Driver,West,Proceeding Straight,Driver,South,Proceeding Straight,Broadside,1,0,0,1,Not Stated,POINT (-122.500830595 37.764406141),Other Motor Vehicle
38488,1.0,Driver,East,Making Left Turn,Driver,West,Proceeding Straight,Broadside,0,0,0,1,No Pedestrian Involved,POINT (-122.44205331 37.779244031),Other Motor Vehicle
38489,1.0,Driver,South,Proceeding Straight,Driver,South,Proceeding Straight,Sideswipe,0,0,0,1,No Pedestrian Involved,POINT (-122.42100836 37.783824118),Other Motor Vehicle
38490,1.0,Driver,East,Proceeding Straight,Driver,East,Stopped In Road,Rear End,0,0,0,1,No Pedestrian Involved,POINT (-122.410807188 37.748358558),Other Motor Vehicle
38491,1.0,Driver,South,Making Left Turn,Bicyclist,East,Proceeding Straight,Broadside,0,1,0,1,No Pedestrian Involved,POINT (-122.471132005 37.726787739),Bicycle
38492,1.0,Driver,East,Changing Lanes,Driver,East,Proceeding Straight,Sideswipe,0,0,0,1,No Pedestrian Involved,POINT (-122.407377524 37.790337423),Other Motor Vehicle
38493,1.0,Driver,North,Proceeding Straight,Driver,West,Proceeding Straight,Broadside,0,0,0,1,No Pedestrian Involved,POINT (-122.432793506 37.761021311),Other Motor Vehicle
38494,1.0,Bicyclist,West,Making Left Turn,Parked Vehicle,West,Parked,Broadside,0,0,0,0,No Pedestrian Involved,POINT (-122.392286246 37.735702201),Parked Motor Vehicle
38495,1.0,Driver,North,Proceeding Straight,Driver,North,Stopped In Road,Rear End,0,0,0,1,No Pedestrian Involved,POINT (-122.410829501 37.734732915),Other Motor Vehicle
38496,1.0,Driver,West,Parked,Bicyclist,West,Proceeding Straight,Other,0,1,0,1,No Pedestrian Involved,POINT (-122.398181846 37.781924572),Bicycle
38497,1.0,Bicyclist,Not Stated,Proceeding Straight,Bicyclist,Not Stated,Proceeding Straight,Rear End,0,1,0,0,No Pedestrian Involved,POINT (-122.4471227 37.770934641),Bicycle
38498,1.0,Driver,West,Proceeding Straight,Driver,North,Proceeding Straight,Broadside,0,0,0,1,No Pedestrian Involved,POINT (-122.403643056 37.766017068),Other Motor Vehicle
38499,1.0,Pedestrian,Not Stated,Entering Traffic,Driver,Not Stated,Proceeding Straight,Head-On,1,0,0,1,Crossing Not in Crosswalk,POINT (-122.417921195 37.782305142),Pedestrian
38500,1.0,Driver,North,Making U Turn,Driver,West,Proceeding Straight,Broadside,0,0,0,1,No Pedestrian Involved,POINT (-122.432760489 37.800260114),Other Motor Vehicle
38501,1.0,Driver,West,Proceeding Straight,Unknown,Unknown,Unknown,Head-On,0,0,0,1,No Pedestrian Involved,POINT (-122.490546785 37.729652016),Fixed Object
38502,1.0,Driver,North,Proceeding Straight,Driver,North,Slowing/Stopping,Sideswipe,0,0,0,1,No Pedestrian Involved,POINT (-122.419977402 37.768231572),Other Motor Vehicle
38503,1.0,Pedestrian,North,Proceeding Straight,Driver,West,Slowing/Stopping,Vehicle/Pedestrian,1,0,0,1,Crossing Not in Crosswalk,POINT (-122.420493442 37.789620438),Pedestrian
38504,,Driver,Not Stated,Proceeding Straight,Driver,Not Stated,Proceeding Straight,Rear End,0,0,0,1,No Pedestrian Involved,POINT (-122.429365859 37.77511118),Other Motor Vehicle
38505,1.0,Driver,North,Proceeding Straight,Driver,North,Proceeding Straight,Rear End,0,0,0,1,No Pedestrian Involved,POINT (-122.460023788 37.749391065),Other Motor Vehicle
38506,1.0,Driver,North,Proceeding Straight,Pedestrian,West,Proceeding Straight,Sideswipe,1,0,0,1,Crossing in Crosswalk at Intersection,POINT (-122.495935939 37.762493207),Pedestrian
38507,1.0,Driver,East,Proceeding Straight,Bicyclist,East,Proceeding Straight,Rear End,0,1,0,1,No Pedestrian Involved,POINT (-122.419668973 37.765051337),Bicycle
38508,1.0,Driver,North,Making Right Turn,Driver,West,Proceeding Straight,Broadside,0,0,0,1,No Pedestrian Involved,POINT (-122.444847225 37.746945373),Other Motor Vehicle
38509,1.0,Driver,West,Proceeding Straight,Driver,South,Making Left Turn,Broadside,0,0,0,1,No Pedestrian Involved,POINT (-122.451623987 37.745534238),Other Motor Vehicle
38510,1.0,Pedestrian,North,Not Stated,Driver,East,Proceeding Straight,Vehicle/Pedestrian,1,0,0,1,Crossing Not in Crosswalk,POINT (-122.406236135 37.792413128),Pedestrian
38511,2.0,Driver,South,Making Left Turn,Pedestrian,South,Proceeding Straight,Vehicle/Pedestrian,1,0,0,1,Crossing in Crosswalk at Intersection,POINT (-122.409309179 37.784349269),Pedestrian
38512,1.0,Driver,West,Proceeding Straight,Other,Not Stated,Not Stated,Sideswipe,0,0,0,1,No Pedestrian Involved,POINT (-122.409952425 37.719344412),Parked Motor Vehicle
38513,1.0,Driver,East,Making Left Turn,Driver,East,Proceeding Straight,Rear End,0,0,0,1,No Pedestrian Involved,POINT (-122.470182643 37.77320863),Other Motor Vehicle
38514,1.0,Pedestrian,West,Stopped In Road,Driver,South,Stopped In Road,Vehicle/Pedestrian,1,0,0,1,Crossing Not in Crosswalk,POINT (-122.387926352 37.742703155),Pedestrian
38515,2.0,Driver,South,Proceeding Straight,Driver,North,Making Left Turn,Broadside,0,0,0,1,No Pedestrian Involved,POINT (-122.415954643 37.749172183),Other Motor Vehicle
38516,1.0,Driver,North,Proceeding Straight,Unknown,Unknown,Unknown,Other,0,0,0,1,No Pedestrian Involved,POINT (-122.420964927 37.783917593),Non-Collision
38517,1.0,Driver,West,Proceeding Straight,Driver,West,Making Right Turn,Rear End,0,0,0,1,No Pedestrian Involved,POINT (-122.396647356 37.748351675),Other Motor Vehicle
38518,1.0,Driver,East,Making Right Turn,Unknown,Unknown,Unknown,Hit Object,0,0,0,1,No Pedestrian Involved,POINT (-122.401973427 37.80407225),Fixed Object
38519,1.0,Driver,West,Proceeding Straight,Driver,West,Stopped In Road,Rear End,0,0,0,1,No Pedestrian Involved,POINT (-122.412411747 37.783004078),Other Motor Vehicle
38520,,Driver,East,Proceeding Straight,Pedestrian,North,Proceeding Straight,Vehicle/Pedestrian,1,0,0,1,Crossing in Crosswalk at Intersection,POINT (-122.486358959 37.787561701),Pedestrian
38521,1.0,Driver,North,Proceeding Straight,Unknown,Unknown,Unknown,Overturned,0,0,0,1,No Pedestrian Involved,POINT (-122.407691415 37.780162026),Non-Collision
38522,1.0,Bicyclist,North,Stopped In Road,Unknown,Unknown,Unknown,Other,0,0,0,0,No Pedestrian Involved,POINT (-122.459040936 37.7837766),Not Stated
38523,1.0,Driver,West,Proceeding Straight,Driver,West,Stopped In Road,Rear End,0,0,0,1,No Pedestrian Involved,POINT (-122.47939843 37.765350993),Other Motor Vehicle
38524,1.0,Driver,South,Proceeding Straight,Driver,South,Parked,Sideswipe,0,0,0,1,No Pedestrian Involved,POINT (-122.38305783 37.727010887),Other Motor Vehicle
38525,1.0,Driver,West,Making Left Turn,Driver,East,Proceeding Straight,Head-On,0,0,0,1,No Pedestrian Involved,POINT (-122.475118561 37.765544424),Other Motor Vehicle
38526,1.0,Driver,East,Slowing/Stopping,Driver,East,Stopped In Road,Rear End,0,0,0,1,No Pedestrian Involved,POINT (-122.394276228 37.78992623),Other Motor Vehicle
38527,1.0,Driver,West,Proceeding Straight,Driver,West,Stopped In Road,Rear End,0,0,0,1,No Pedestrian Involved,POINT (-122.465632312 37.784852533),Other Motor Vehicle
38528,1.0,Driver,West,Slowing/Stopping,Driver,West,Stopped In Road,Rear End,0,0,0,1,No Pedestrian Involved,POINT (-122.418390224 37.784150536),Other Motor Vehicle
38529,1.0,Bicyclist,West,Proceeding Straight,Unknown,Unknown,Unknown,Other,0,0,0,0,No Pedestrian Involved,POINT (-122.413369742 37.765431645),Non-Collision
38530,1.0,Driver,West,Making Left Turn,Driver,East,Proceeding Straight,Broadside,0,0,0,1,No Pedestrian Involved,POINT (-122.434729993 37.784944006),Other Motor Vehicle
38531,1.0,Driver,North,Making Left Turn,Pedestrian,North,Proceeding Straight,Vehicle/Pedestrian,1,0,0,1,Crossing in Crosswalk at Intersection,POINT (-122.413161109 37.774991752),Pedestrian
38532,1.0,Driver,North,Proceeding Straight,Driver,Not Stated,Not Stated,Other,0,0,0,1,No Pedestrian Involved,POINT (-122.406508522 37.741141949),Fixed Object
38533,1.0,Driver,South,Proceeding Straight,Driver,West,Proceeding Straight,Broadside,0,0,0,1,No Pedestrian Involved,POINT (-122.39214662 37.730642139),Other Motor Vehicle
38534,1.0,Driver,West,Proceeding Straight,Driver,West,Stopped In Road,Rear End,0,0,0,1,No Pedestrian Involved,POINT (-122.459486118 37.774166934),Other Motor Vehicle
38535,1.0,Bicyclist,West,Making Left Turn,Driver,West,Making Left Turn,Broadside,0,1,0,1,No Pedestrian Involved,POINT (-122.418618217 37.773053454),Bicycle
38536,1.0,Parked Vehicle,East,Parked,Bicyclist,East,Proceeding Straight,Sideswipe,0,1,0,0,No Pedestrian Involved,POINT (-122.394024919 37.782756363),Bicycle
38537,1.0,Driver,West,Passing Other Vehicle,Pedestrian,Not Stated,Not Stated,Head-On,1,0,0,1,"In Road, Including Shoulder",POINT (-122.400311437 37.744982276),Pedestrian
38538,1.0,Driver,East,Making Left Turn,Pedestrian,North,Proceeding Straight,Sideswipe,1,0,0,1,Crossing in Crosswalk at Intersection,POINT (-122.39805994 37.77956691),Pedestrian
38539,1.0,Driver,West,Proceeding Straight,Driver,West,Slowing/Stopping,Sideswipe,0,0,0,1,No Pedestrian Involved,POINT (-122.380942553 37.738763576),Other Motor Vehicle
38540,1.0,Driver,East,Proceeding Straight,Parked Vehicle,East,Parked,Sideswipe,0,0,0,1,No Pedestrian Involved,POINT (-122.431607681 37.787257113),Parked Motor Vehicle
38541,1.0,Bicyclist,East,Entering Traffic,Driver,South,Proceeding Straight,Broadside,0,1,0,1,No Pedestrian Involved,POINT (-122.489545399 37.772187483),Bicycle
38542,1.0,Driver,East,Proceeding Straight,Driver,East,Proceeding Straight,Rear End,0,0,0,1,No Pedestrian Involved,POINT (-122.454301402 37.743967357),Other Motor Vehicle
38543,1.0,Bicyclist,East,Proceeding Straight,Driver,East,Stopped In Road,Other,0,1,0,1,No Pedestrian Involved,POINT (-122.420421342 37.805713117),Bicycle
38544,1.0,Driver,East,Making Left Turn,Driver,South,Proceeding Straight,Broadside,0,0,0,1,No Pedestrian Involved,POINT (-122.402201724 37.734481537),Other Motor Vehicle
38545,1.0,Driver,East,Making Right Turn,Bicyclist,East,Proceeding Straight,Other,0,1,0,1,No Pedestrian Involved,POINT (-122.419255606 37.775147074),Bicycle
38546,1.0,Driver,South,Backing,Pedestrian,West,Other,Vehicle/Pedestrian,1,0,0,1,Not in Road,POINT (-122.453526718 37.713211886),Pedestrian
38547,1.0,Driver,West,Making Right Turn,Unknown,Unknown,Unknown,Hit Object,0,0,0,1,No Pedestrian Involved,POINT (-122.401074129 37.721534399),Fixed Object
38548,1.0,Pedestrian,East,Other,Driver,North,Proceeding Straight,Vehicle/Pedestrian,1,0,0,1,Crossing Not in Crosswalk,POINT (-122.418572705 37.776484736),Pedestrian
38549,,Bicyclist,Not Stated,Proceeding Straight,Driver,Not Stated,Parking Maneuver,Other,0,1,0,1,No Pedestrian Involved,POINT (-122.421622445 37.76216082),Bicycle
38550,1.0,Driver,East,Proceeding Straight,Parked Vehicle,East,Parked,Sideswipe,0,0,0,1,No Pedestrian Involved,POINT (-122.410930712 37.801180447),Parked Motor Vehicle