party_id,party_at_fault,party1_type,party1_dir_of_travel,party1_move_pre_acc,party2_type,party2_dir_of_travel,party2_move_pre_acc,type_of_collision,involves_pedestrian,involves_bicycle,involves_motorcycle,involves_vehicle,ped_action,point,mviw
39169,1.0,Bicyclist,East,Proceeding Straight,Parked Vehicle,East,Not Stated,Sideswipe,0,0,0,0,No Pedestrian Involved,POINT (-122.434406207 37.772560623),Parked Motor Vehicle
39170,1.0,Driver,North,Proceeding Straight,Parked Vehicle,West,Parked,Hit Object,0,0,0,1,No Pedestrian Involved,POINT (-122.478456109 37.728342671),Parked Motor Vehicle
39171,,Driver,West,Proceeding Straight,Driver,North,Proceeding Straight,Broadside,0,0,0,1,No Pedestrian Involved,POINT (-122.425625504 37.798343537),Other Motor Vehicle
39172,1.0,Driver,South,Proceeding Straight,Pedestrian,West,Other,Vehicle/Pedestrian,1,0,0,1,"In Road, Including Shoulder",POINT (-122.408930842 37.750707806),Pedestrian
39173,1.0,Driver,West,Making Left Turn,Pedestrian,South,Proceeding Straight,Vehicle/Pedestrian,1,0,0,1,Crossing in Crosswalk at Intersection,POINT (-122.421886446 37.764917378),Pedestrian
39174,1.0,Driver,West,Making U Turn,Driver,West,Proceeding Straight,Broadside,0,0,0,1,No Pedestrian Involved,POINT (-122.396787589 37.778123745),Other Motor Vehicle
39175,1.0,Pedestrian,East,Proceeding Straight,Driver,East,Making Right Turn,Broadside,1,0,0,1,Crossing in Crosswalk at Intersection,POINT (-122.41822117 37.748165689),Pedestrian
39176,1.0,Driver,South,Making Left Turn,Pedestrian,West,Proceeding Straight,Vehicle/Pedestrian,1,0,0,1,Crossing in Crosswalk at Intersection,POINT (-122.423800671 37.761565673),Pedestrian
39177,1.0,Driver,West,Proceeding Straight,Driver,West,Stopped,Rear End,0,0,0,1,No Pedestrian Involved,POINT (-122.404416235 37.765970628),Other Motor Vehicle
39178,1.0,Driver,Not Stated,Stopped In Road,Bicyclist,Not Stated,Proceeding Straight,Other,0,1,0,1,No Pedestrian Involved,POINT (-122.423182094 37.777897056),Bicycle
39179,1.0,Driver,East,Proceeding Straight,Pedestrian,South,Other,Vehicle/Pedestrian,1,0,0,1,Crossing in Crosswalk at Intersection,POINT (-122.433083398 37.78515094),Pedestrian
39180,1.0,Driver,East,Proceeding Straight,Pedestrian,South,Proceeding Straight,Vehicle/Pedestrian,1,0,0,1,Crossing in Crosswalk at Intersection,POINT (-122.472789705 37.76375233),Pedestrian
39181,1.0,Driver,West,Proceeding Straight,Driver,North,Proceeding Straight,Broadside,0,0,0,1,No Pedestrian Involved,POINT (-122.495226538 37.753413818),Other Motor Vehicle
39182,2.0,Driver,Not Stated,Proceeding Straight,Driver,Not Stated,Entering Traffic,Sideswipe,0,0,0,1,No Pedestrian Involved,POINT (-122.47618487 37.75046582),Other Motor Vehicle
39183,1.0,Driver,East,Proceeding Straight,Driver,South,Proceeding Straight,Broadside,0,0,0,1,No Pedestrian Involved,POINT (-122.435372983 37.771479485),Other Motor Vehicle
39184,1.0,Pedestrian,West,Proceeding Straight,Driver,South,Proceeding Straight,Vehicle/Pedestrian,1,0,0,1,Crossing Not in Crosswalk,POINT (-122.41469003 37.758895989),Pedestrian
39185,,Driver,West,Making Right Turn,Pedestrian,South,Proceeding Straight,Vehicle/Pedestrian,1,0,0,1,Crossing in Crosswalk at Intersection,POINT (-122.401656681 37.771817125),Pedestrian
39186,1.0,Driver,East,Making U Turn,Driver,South,Proceeding Straight,Broadside,0,0,0,1,No Pedestrian Involved,POINT (-122.420032091 37.769045446),Other Motor Vehicle
39187,,Driver,North,Proceeding Straight,Unknown,Unknown,Unknown,Hit Object,0,0,0,1,No Pedestrian Involved,POINT (-122.394206077 37.776037675),Fixed Object
39188,1.0,Driver,East,Proceeding Straight,Driver,East,Merging,Broadside,0,0,0,1,No Pedestrian Involved,POINT (-122.42096802 37.780005724),Other Motor Vehicle
39189,1.0,Driver,West,Making Right Turn,Bicyclist,West,Proceeding Straight,Sideswipe,0,1,0,1,No Pedestrian Involved,POINT (-122.394293614 37.789912486),Bicycle
39190,1.0,Driver,East,Proceeding Straight,Driver,South,Making Left Turn,Broadside,0,0,0,1,No Pedestrian Involved,POINT (-122.469627031 37.780768739),Other Motor Vehicle
39191,,Other,East,Proceeding Straight,Unknown,Unknown,Unknown,Other,0,0,0,0,No Pedestrian Involved,POINT (-122.416651311 37.782462774),Non-Collision
39192,,Pedestrian,Not Stated,Not Stated,Driver,Not Stated,Not Stated,Other,1,0,0,1,Not Stated,POINT (-122.450378355 37.716168964),Pedestrian
39193,1.0,Driver,South,Proceeding Straight,Unknown,Unknown,Unknown,Overturned,0,0,0,1,No Pedestrian Involved,POINT (-122.503095217 37.724811899),Other Object
39194,1.0,Driver,West,Proceeding Straight,Bicyclist,North,Proceeding Straight,Broadside,0,1,0,1,No Pedestrian Involved,POINT (-122.483423103 37.76141728),Bicycle
39195,1.0,Driver,West,Proceeding Straight,Unknown,Unknown,Unknown,Head-On,0,0,0,1,No Pedestrian Involved,POINT (-122.408706313 37.748352848),Fixed Object
39196,1.0,Bicyclist,East,Passing Other Vehicle,Driver,East,Parking Maneuver,Sideswipe,0,1,0,1,No Pedestrian Involved,POINT (-122.428892547 37.761257042),Bicycle
39197,1.0,Driver,North,Changing Lanes,Pedestrian,Not Stated,Other,Vehicle/Pedestrian,1,0,0,1,Not in Road,POINT (-122.459727167 37.735556595),Pedestrian
39198,,Driver,North,Making Right Turn,Pedestrian,West,Proceeding Straight,Sideswipe,1,0,0,1,Crossing in Crosswalk at Intersection,POINT (-122.424694144 37.793726022),Pedestrian
39199,1.0,Driver,South,Passing Other Vehicle,Driver,West,Making Right Turn,Overturned,0,0,0,1,No Pedestrian Involved,POINT (-122.410728446 37.768153929),Parked Motor Vehicle
39200,,Driver,West,Making Left Turn,Pedestrian,South,Proceeding Straight,Vehicle/Pedestrian,1,0,0,1,Crossing in Crosswalk at Intersection,POINT (-122.390527234 37.780606757),Pedestrian
39201,,Driver,East,Proceeding Straight,Driver,South,Proceeding Straight,Broadside,0,0,0,1,No Pedestrian Involved,POINT (-122.423227147 37.794817355),Other Motor Vehicle
39202,1.0,Driver,West,Changing Lanes,Driver,West,Proceeding Straight,Sideswipe,0,0,0,1,No Pedestrian Involved,POINT (-122.435744955 37.787683759),Other Motor Vehicle
39203,,Driver,North,Making Left Turn,Driver,West,Proceeding Straight,Head-On,0,0,0,1,No Pedestrian Involved,POINT (-122.394300038 37.78008973),Other Motor Vehicle
39204,1.0,Driver,South,Proceeding Straight,Unknown,Unknown,Unknown,Overturned,0,0,0,1,No Pedestrian Involved,POINT (-122.424185297 37.717027919),Fixed Object
39205,,Driver,East,Making Left Turn,Pedestrian,North,Proceeding Straight,Vehicle/Pedestrian,1,0,0,1,Not Stated,POINT (-122.430047266 37.778850928),Pedestrian
39206,1.0,Driver,North,Proceeding Straight,Driver,West,Proceeding Straight,Broadside,0,0,0,1,No Pedestrian Involved,POINT (-122.412197893 37.755832511),Motor Vehicle on Other Roadway
39207,1.0,Driver,West,Making Left Turn,Driver,South,Proceeding Straight,Broadside,0,0,0,1,No Pedestrian Involved,POINT (-122.400981568 37.774808776),Other Motor Vehicle
39208,1.0,Driver,East,Making Right Turn,Pedestrian,East,Not Stated,Vehicle/Pedestrian,1,0,0,1,Crossing in Crosswalk at Intersection,POINT (-122.400784748 37.723616209),Pedestrian
39209,1.0,Bicyclist,North,Proceeding Straight,Driver,West,Making Left Turn,Broadside,0,1,0,1,No Pedestrian Involved,POINT (-122.406699001 37.756833734),Bicycle
39210,1.0,Driver,West,Making Left Turn,Driver,East,Proceeding Straight,Head-On,0,0,0,1,No Pedestrian Involved,POINT (-122.465883163 37.773398205),Other Motor Vehicle
39211,1.0,Driver,East,Proceeding Straight,Pedestrian,North,Proceeding Straight,Vehicle/Pedestrian,1,0,0,1,Crossing Not in Crosswalk,POINT (-122.431025471 37.765867986),Pedestrian
39212,1.0,Bicyclist,South,Making Left Turn,Driver,South,Proceeding Straight,Rear End,0,1,0,1,No Pedestrian Involved,POINT (-122.410931088 37.769411191),Bicycle
39213,1.0,Bicyclist,West,Other,Pedestrian,North,Not Stated,Vehicle/Pedestrian,1,0,0,0,Not in Road,POINT (-122.483815095 37.772586327),Pedestrian
39214,,Pedestrian,South,Proceeding Straight,Driver,West,Proceeding Straight,Vehicle/Pedestrian,1,0,0,1,Crossing Not in Crosswalk,POINT (-122.414071676 37.807470344),Pedestrian
39215,1.0,Pedestrian,North,Other,Driver,West,Proceeding Straight,Vehicle/Pedestrian,1,0,0,1,Crossing Not in Crosswalk,POINT (-122.417802555 37.790926907),Pedestrian
39216,1.0,Driver,East,Proceeding Straight,Pedestrian,North,Not Stated,Vehicle/Pedestrian,1,0,0,1,Crossing in Crosswalk at Intersection,POINT (-122.449707827 37.775389941),Pedestrian
39217,1.0,Driver,South,Proceeding Straight,Driver,West,Proceeding Straight,Broadside,0,0,0,1,No Pedestrian Involved,POINT (-122.474803445 37.73116887),Other Motor Vehicle
39218,1.0,Driver,North,Proceeding Straight,Unknown,Unknown,Unknown,Hit Object,0,0,0,1,No Pedestrian Involved,POINT (-122.449446021 37.74666062),Fixed Object
39219,1.0,Other,South,Proceeding Straight,Driver,South,Stopped In Road,Other,0,0,0,1,No Pedestrian Involved,POINT (-122.420476985 37.806250272),Train
39220,1.0,Driver,West,Proceeding Straight,Pedestrian,North,Stopped In Road,Vehicle/Pedestrian,1,0,0,1,Crossing in Crosswalk at Intersection,POINT (-122.474985194 37.763655791),Pedestrian
39221,1.0,Driver,North,Proceeding Straight,Driver,East,Proceeding Straight,Broadside,0,0,0,1,No Pedestrian Involved,POINT (-122.390319484 37.788134502),Other Motor Vehicle
39222,1.0,Driver,East,Crossed Into Opposing Lane,Driver,North,Making Left Turn,Broadside,0,0,0,1,No Pedestrian Involved,POINT (-122.443696072 37.718928673),Other Motor Vehicle
39223,1.0,Driver,West,Proceeding Straight,Driver,West,Stopped,Rear End,0,0,0,1,No Pedestrian Involved,POINT (-122.406215313 37.764560566),Other Motor Vehicle
39224,1.0,Driver,North,Making Left Turn,Parked Vehicle,North,Parked,Rear End,0,0,0,1,No Pedestrian Involved,POINT (-122.50462025 37.773507945),Parked Motor Vehicle
39225,1.0,Driver,South,Making Left Turn,Driver,South,Proceeding Straight,Broadside,0,0,0,1,No Pedestrian Involved,POINT (-122.451623987 37.745534238),Other Motor Vehicle
39226,1.0,Driver,West,Slowing/Stopping,Driver,West,Not Stated,Sideswipe,0,0,0,1,No Pedestrian Involved,POINT (-122.455583083 37.753707115),Other Motor Vehicle
39227,1.0,Driver,North,Making Left Turn,Driver,South,Proceeding Straight,Broadside,0,0,0,1,No Pedestrian Involved,POINT (-122.484460651 37.776302167),Other Motor Vehicle
39228,,Driver,South,Making Right Turn,Driver,South,Proceeding Straight,Rear End,0,0,0,1,No Pedestrian Involved,POINT (-122.43505239 37.778212772),Other Motor Vehicle
39229,,Driver,North,Proceeding Straight,Pedestrian,North,Proceeding Straight,Vehicle/Pedestrian,1,0,0,1,"In Road, Including Shoulder",POINT (-122.404657097 37.732948783),Pedestrian
39230,1.0,Driver,Not Stated,Proceeding Straight,Driver,Not Stated,Stopped In Road,Rear End,0,0,0,1,No Pedestrian Involved,POINT (-122.410486689 37.765605839),Other Motor Vehicle
39231,1.0,Driver,West,Stopped In Road,Driver,South,Stopped In Road,Broadside,0,0,0,1,No Pedestrian Involved,POINT (-122.420353711 37.748906531),Other Motor Vehicle
39232,1.0,Driver,South,Proceeding Straight,Driver,East,Proceeding Straight,Broadside,0,0,0,1,No Pedestrian Involved,POINT (-122.481246845 37.776448755),Motor Vehicle on Other Roadway
39233,1.0,Driver,North,Changing Lanes,Pedestrian,East,Proceeding Straight,Sideswipe,1,0,0,1,Not in Road,POINT (-122.472392982 37.716985896),Pedestrian
39234,1.0,Driver,West,Other Unsafe Turning,Driver,West,Proceeding Straight,Broadside,0,0,0,1,No Pedestrian Involved,POINT (-122.41800939 37.790903627),Other Motor Vehicle
39235,1.0,Driver,South,Entering Traffic,Bicyclist,South,Proceeding Straight,Sideswipe,0,1,0,1,No Pedestrian Involved,POINT (-122.408184088 37.780553915),Bicycle
39236,1.0,Pedestrian,North,Entering Traffic,Driver,West,Proceeding Straight,Vehicle/Pedestrian,1,0,0,1,Crossing in Crosswalk at Intersection,POINT (-122.410538355 37.78209467),Pedestrian
39237,1.0,Driver,East,Making Left Turn,Driver,North,Proceeding Straight,Broadside,0,0,0,1,No Pedestrian Involved,POINT (-122.445716665 37.772080394),Other Motor Vehicle
39238,1.0,Driver,Not Stated,Making Left Turn,Bicyclist,West,Proceeding Straight,Broadside,0,1,0,1,No Pedestrian Involved,POINT (-122.415308388 37.76531464),Bicycle
39239,1.0,Pedestrian,East,Not Stated,Driver,North,Proceeding Straight,Vehicle/Pedestrian,1,0,0,1,Crossing in Crosswalk Not at Intersection,POINT (-122.474917791 37.729152516),Pedestrian
39240,1.0,Driver,East,Proceeding Straight,Driver,East,Proceeding Straight,Rear End,0,0,0,1,No Pedestrian Involved,POINT (-122.471115355 37.765767459),Other Motor Vehicle
39241,1.0,Bicyclist,South,Proceeding Straight,Driver,East,Proceeding Straight,Broadside,0,1,0,1,No Pedestrian Involved,POINT (-122.420306882 37.788699046),Bicycle
39242,1.0,Driver,West,Ran Off Road,Driver,West,Proceeding Straight,Sideswipe,0,0,0,1,No Pedestrian Involved,POINT (-122.418842652 37.789829935),Parked Motor Vehicle
39243,1.0,Driver,East,Proceeding Straight,Pedestrian,East,Proceeding Straight,Other,1,0,0,1,No Pedestrian Involved,POINT (-122.408435183 37.78203311),Other Object
39244,1.0,Pedestrian,West,Proceeding Straight,Driver,North,Proceeding Straight,Vehicle/Pedestrian,1,0,0,1,Crossing Not in Crosswalk,POINT (-122.394957015 37.784148245),Pedestrian
39245,2.0,Driver,West,Proceeding Straight,Pedestrian,North,Entering Traffic,Vehicle/Pedestrian,1,0,0,1,Crossing Not in Crosswalk,POINT (-122.400311437 37.744982276),Pedestrian
39246,,Bicyclist,East,Proceeding Straight,Driver,North,Proceeding Straight,Broadside,0,1,0,1,No Pedestrian Involved,POINT (-122.42570021 37.773666229),Bicycle
39247,1.0,Driver,Not Stated,Making Left Turn,Driver,Not Stated,Proceeding Straight,Broadside,0,0,0,1,No Pedestrian Involved,POINT (-122.447751553 37.721155307),Other Motor Vehicle
39248,1.0,Driver,West,Parked,Bicyclist,West,Proceeding Straight,Sideswipe,0,1,0,1,No Pedestrian Involved,POINT (-122.408682604 37.764411548),Bicycle
39249,1.0,Driver,South,Entering Traffic,Driver,West,Proceeding Straight,Broadside,0,0,0,1,No Pedestrian Involved,POINT (-122.41661505 37.807152361),Other Motor Vehicle
39250,1.0,Pedestrian,East,Proceeding Straight,Driver,South,Proceeding Straight,Vehicle/Pedestrian,1,0,0,1,Crossing in Crosswalk at Intersection,POINT (-122.477010887 37.761699375),Pedestrian
39251,,Driver,South,Proceeding Straight,Pedestrian,West,Proceeding Straight,Vehicle/Pedestrian,1,0,0,1,Crossing in Crosswalk at Intersection,POINT (-122.448961912 37.713862394),Pedestrian
39252,1.0,Driver,North,Making U Turn,Pedestrian,South,Other,Vehicle/Pedestrian,1,0,0,1,"In Road, Including Shoulder",POINT (-122.404796768 37.781390458),Pedestrian
39253,1.0,Bicyclist,South,Proceeding Straight,Unknown,Unknown,Unknown,Hit Object,0,0,0,0,No Pedestrian Involved,POINT (-122.421498077 37.772684768),Fixed Object
39254,1.0,Driver,South,Proceeding Straight,Other,East,Proceeding Straight,Broadside,0,0,0,1,No Pedestrian Involved,POINT (-122.414741222 37.778719429),Other Motor Vehicle
39255,1.0,Driver,West,Proceeding Straight,Driver,West,Stopped In Road,Rear End,0,0,0,1,No Pedestrian Involved,POINT (-122.44660865 37.720724224),Motor Vehicle on Other Roadway
39256,1.0,Pedestrian,West,Proceeding Straight,Driver,North,Proceeding Straight,Vehicle/Pedestrian,1,0,0,1,Crossing Not in Crosswalk,POINT (-122.407951365 37.776833201),Pedestrian
39257,1.0,Driver,South,Proceeding Straight,Pedestrian,East,Proceeding Straight,Vehicle/Pedestrian,1,0,0,1,Crossing in Crosswalk at Intersection,POINT (-122.408967692 37.783306802),Pedestrian
39258,,Driver,Not Stated,Proceeding Straight,Bicyclist,Not Stated,Proceeding Straight,Sideswipe,0,1,0,1,No Pedestrian Involved,POINT (-122.479231086 37.732549277),Bicycle
39259,1.0,Bicyclist,West,Changing Lanes,Driver,West,Proceeding Straight,Sideswipe,0,1,0,1,No Pedestrian Involved,POINT (-122.403554015 37.782590317),Bicycle
39260,,Driver,Not Stated,Proceeding Straight,Bicyclist,South,Proceeding Straight,Rear End,0,1,0,1,No Pedestrian Involved,POINT (-122.419206044 37.760235355),Bicycle
39261,1.0,Driver,South,Proceeding Straight,Driver,West,Proceeding Straight,Broadside,0,0,0,1,No Pedestrian Involved,POINT (-122.402866309 37.749478459),Other Motor Vehicle
39262,1.0,Driver,North,Making Right Turn,Unknown,Unknown,Unknown,Overturned,0,0,0,1,No Pedestrian Involved,POINT (-122.475182599 37.721092156),Non-Collision
39263,1.0,Driver,South,Proceeding Straight,Pedestrian,East,Other,Vehicle/Pedestrian,1,0,0,1,"In Road, Including Shoulder",POINT (-122.411970111 37.805922588),Pedestrian
39264,1.0,Driver,North,Proceeding Straight,Driver,West,Proceeding Straight,Broadside,0,0,0,1,No Pedestrian Involved,POINT (-122.420873184 37.791495855),Other Motor Vehicle
39265,1.0,Pedestrian,North,Proceeding Straight,Driver,West,Proceeding Straight,Vehicle/Pedestrian,1,0,0,1,Crossing in Crosswalk at Intersection,POINT (-122.420369047 37.805720256),Pedestrian
39266,1.0,Bicyclist,South,Proceeding Straight,Driver,South,Proceeding Straight,Vehicle/Pedestrian,1,1,0,1,No Pedestrian Involved,POINT (-122.392414596 37.75034112),Bicycle
39267,1.0,Driver,North,Changing Lanes,Driver,North,Proceeding Straight,Sideswipe,0,0,0,1,No Pedestrian Involved,POINT (-122.42063823 37.781960798),Other Motor Vehicle
39268,1.0,Driver,North,Making Right Turn,Bicyclist,Not Stated,Proceeding Straight,Vehicle/Pedestrian,1,1,0,1,No Pedestrian Involved,POINT (-122.448279146 37.804724225),Bicycle
39269,1.0,Pedestrian,East,Other,Driver,South,Proceeding Straight,Vehicle/Pedestrian,1,0,0,1,Crossing Not in Crosswalk,POINT (-122.38838664 37.782052317),Pedestrian
39270,,Driver,South,Proceeding Straight,Unknown,Unknown,Unknown,Not Stated,0,0,0,1,No Pedestrian Involved,POINT (-122.403308506 37.795490718),Non-Collision
39271,1.0,Pedestrian,South,Not Stated,Driver,East,Proceeding Straight,Vehicle/Pedestrian,1,0,0,1,Crossing in Crosswalk Not at Intersection,POINT (-122.421444922 37.775172702),Pedestrian
39272,,Bicyclist,East,Proceeding Straight,Unknown,Unknown,Unknown,Other,0,0,0,0,No Pedestrian Involved,POINT (-122.429343122 37.762838255),Other Object
39273,1.0,Driver,East,Proceeding Straight,Driver,South,Proceeding Straight,Broadside,0,0,0,1,No Pedestrian Involved,POINT (-122.400297759 37.777799011),Other Motor Vehicle
39274,1.0,Driver,West,Making Left Turn,Pedestrian,North,Proceeding Straight,Vehicle/Pedestrian,1,0,0,1,Crossing in Crosswalk at Intersection,POINT (-122.403491775 37.787963091),Pedestrian
39275,,Driver,East,Ran Off Road,Parked Vehicle,Not Stated,Not Stated,Sideswipe,0,0,0,1,No Pedestrian Involved,POINT (-122.473812124 37.766888198),Other Motor Vehicle
39276,1.0,Driver,North,Ran Off Road,Parked Vehicle,South,Parked,Broadside,0,0,0,1,No Pedestrian Involved,POINT (-122.499185739 37.771922436),Parked Motor Vehicle
39277,1.0,Driver,East,Changing Lanes,Driver,East,Proceeding Straight,Sideswipe,0,0,0,1,No Pedestrian Involved,POINT (-122.429599837 37.800597781),Other Motor Vehicle
39278,1.0,Driver,East,Other,Driver,North,Making Left Turn,Broadside,0,0,0,1,No Pedestrian Involved,POINT (-122.399792529 37.735848032),Other Motor Vehicle
39279,,Driver,North,Proceeding Straight,Driver,West,Proceeding Straight,Broadside,0,0,0,1,No Pedestrian Involved,POINT (-122.431552025 37.786303963),Other Motor Vehicle
39280,1.0,Driver,South,Proceeding Straight,Driver,East,Proceeding Straight,Broadside,0,0,0,1,No Pedestrian Involved,POINT (-122.477573908 37.739230186),Other Motor Vehicle
39281,1.0,Driver,East,Entering Traffic,Driver,East,Proceeding Straight,Sideswipe,0,0,0,1,No Pedestrian Involved,POINT (-122.432773354 37.781371731),Other Motor Vehicle
39282,1.0,Pedestrian,North,Proceeding Straight,Driver,East,Proceeding Straight,Head-On,1,0,0,1,Crossing Not in Crosswalk,POINT (-122.48610928 37.772481817),Pedestrian
39283,1.0,Pedestrian,West,Other,Driver,North,Proceeding Straight,Vehicle/Pedestrian,1,0,0,1,Crossing in Crosswalk at Intersection,POINT (-122.44534499 37.770210175),Pedestrian
39284,1.0,Bicyclist,North,Proceeding Straight,Driver,East,Making Left Turn,Vehicle/Pedestrian,1,1,0,1,No Pedestrian Involved,POINT (-122.44647083 37.775801592),Bicycle
39285,1.0,Driver,South,Making Left Turn,Pedestrian,West,Proceeding Straight,Vehicle/Pedestrian,1,0,0,1,Crossing in Crosswalk at Intersection,POINT (-122.475539787 37.741186639),Pedestrian
39286,1.0,Driver,South,Proceeding Straight,Driver,Not Stated,Stopped,Rear End,0,0,0,1,No Pedestrian Involved,POINT (-122.484628816 37.724890088),Other Motor Vehicle
39287,1.0,Driver,East,Proceeding Straight,Driver,South,Proceeding Straight,Broadside,0,0,0,1,No Pedestrian Involved,POINT (-122.413668844 37.748255329),Other Motor Vehicle
39288,1.0,Driver,South,Proceeding Straight,Unknown,Unknown,Unknown,Other,0,0,0,1,No Pedestrian Involved,POINT (-122.424092043 37.78239715),Non-Collision
39289,1.0,Driver,West,Proceeding Straight,Driver,South,Proceeding Straight,Head-On,0,0,0,1,No Pedestrian Involved,POINT (-122.400503096 37.787450499),Other Motor Vehicle
39290,1.0,Driver,West,Making Right Turn,Pedestrian,South,Proceeding Straight,Vehicle/Pedestrian,1,0,0,1,Crossing in Crosswalk at Intersection,POINT (-122.494519751 37.781577295),Pedestrian
39291,1.0,Driver,West,Making Left Turn,Pedestrian,East,Proceeding Straight,Head-On,1,0,0,1,Crossing in Crosswalk at Intersection,POINT (-122.411277937 37.771578677),Pedestrian
39292,1.0,Driver,South,Proceeding Straight,Driver,South,Proceeding Straight,Rear End,0,0,0,1,No Pedestrian Involved,POINT (-122.47240434 37.780950808),Other Motor Vehicle
39293,,Driver,East,Proceeding Straight,Pedestrian,North,Other,Vehicle/Pedestrian,1,0,0,1,Crossing in Crosswalk at Intersection,POINT (-122.41005693 37.788082188),Pedestrian
39294,1.0,Driver,South,Making Left Turn,Pedestrian,East,Proceeding Straight,Vehicle/Pedestrian,1,0,0,1,Crossing Not in Crosswalk,POINT (-122.456659101 37.776432377),Pedestrian
39295,,Driver,South,Changing Lanes,Parked Vehicle,South,Parked,Rear End,1,0,0,1,Not Stated,POINT (-122.444031417 37.723826882),Parked Motor Vehicle
39296,1.0,Driver,North,Making Left Turn,Other,North,Proceeding Straight,Broadside,0,0,0,1,No Pedestrian Involved,POINT (-122.389030967 37.739533448),Other Motor Vehicle
39297,1.0,Driver,West,Proceeding Straight,Driver,Not Stated,Proceeding Straight,Rear End,1,0,0,1,Crossing in Crosswalk at Intersection,POINT (-122.406589884 37.787568025),Other Motor Vehicle
39298,1.0,Driver,West,Changing Lanes,Driver,West,Proceeding Straight,Sideswipe,0,0,0,1,No Pedestrian Involved,POINT (-122.472737205 37.712927375),Other Motor Vehicle
39299,1.0,Driver,East,Proceeding Straight,Driver,East,Stopped In Road,Rear End,0,0,0,1,No Pedestrian Involved,POINT (-122.478351208 37.734499152),Other Motor Vehicle
39300,,Driver,East,Proceeding Straight,Driver,East,Stopped,Rear End,0,0,0,1,No Pedestrian Involved,POINT (-122.446799868 37.771942835),Other Motor Vehicle
39301,1.0,Driver,East,Proceeding Straight,Driver,East,Slowing/Stopping,Rear End,0,0,0,1,No Pedestrian Involved,POINT (-122.46374921 37.773624065),Other Motor Vehicle
39302,1.0,Driver,West,Making U Turn,Unknown,Unknown,Unknown,Hit Object,0,0,0,1,No Pedestrian Involved,POINT (-122.464392982 37.782517918),Fixed Object
39303,1.0,Driver,Not Stated,Proceeding Straight,Pedestrian,South,Proceeding Straight,Vehicle/Pedestrian,1,0,0,1,No Pedestrian Involved,POINT (-122.467320472 37.778947311),Pedestrian
39304,1.0,Driver,South,Making Left Turn,Bicyclist,South,Proceeding Straight,Broadside,0,1,0,1,No Pedestrian Involved,POINT (-122.392612644 37.782274049),Bicycle
39305,1.0,Driver,East,Making Right Turn,Bicyclist,East,Proceeding Straight,Other,0,1,0,1,No Pedestrian Involved,POINT (-122.417332406 37.763571604),Bicycle
39306,1.0,Driver,East,Proceeding Straight,Pedestrian,South,Proceeding Straight,Vehicle/Pedestrian,1,0,0,1,Crossing in Crosswalk at Intersection,POINT (-122.42581359 37.742140591),Pedestrian
39307,1.0,Driver,West,Proceeding Straight,Driver,West,Parking Maneuver,Rear End,0,0,0,1,No Pedestrian Involved,POINT (-122.430806826 37.73173627),Motor Vehicle on Other Roadway
39308,1.0,Driver,West,Entering Traffic,Driver,West,Changing Lanes,Sideswipe,0,0,0,1,No Pedestrian Involved,POINT (-122.395331843 37.78909167),Other Motor Vehicle
39309,1.0,Bicyclist,North,Proceeding Straight,Driver,West,Proceeding Straight,Broadside,0,1,0,1,No Pedestrian Involved,POINT (-122.402571331 37.791898939),Bicycle
39310,1.0,Driver,North,Stopped In Road,Bicyclist,North,Proceeding Straight,Sideswipe,0,1,0,1,No Pedestrian Involved,POINT (-122.404749481 37.774280259),Bicycle
39311,1.0,Driver,South,Making Left Turn,Driver,West,Proceeding Straight,Broadside,0,0,0,1,No Pedestrian Involved,POINT (-122.479977645 37.742861505),Other Motor Vehicle
39312,1.0,Pedestrian,West,Proceeding Straight,Driver,West,Proceeding Straight,Vehicle/Pedestrian,1,0,0,1,Crossing Not in Crosswalk,POINT (-122.411760606 37.784995839),Pedestrian
39313,1.0,Pedestrian,South,Entering Traffic,Driver,East,Not Stated,Vehicle/Pedestrian,1,0,0,1,Crossing Not in Crosswalk,POINT (-122.406821216 37.794197957),Not Stated
39314,1.0,Driver,West,Entering Traffic,Driver,West,Proceeding Straight,Sideswipe,0,0,0,1,No Pedestrian Involved,POINT (-122.411885658 37.788807543),Other Motor Vehicle
39315,1.0,Driver,South,Proceeding Straight,Driver,South,Proceeding Straight,Rear End,0,0,0,1,No Pedestrian Involved,POINT (-122.393030023 37.786141903),Other Motor Vehicle
39316,1.0,Driver,South,Proceeding Straight,Driver,South,Stopped,Rear End,0,0,0,1,No Pedestrian Involved,POINT (-122.420792447 37.744194033),Other Motor Vehicle
39317,1.0,Pedestrian,South,Proceeding Straight,Driver,East,Proceeding Straight,Vehicle/Pedestrian,1,0,0,1,Crossing in Crosswalk at Intersection,POINT (-122.40753423 37.765783299),Pedestrian
39318,1.0,Driver,East,Other Unsafe Turning,Driver,West,Stopped In Road,Sideswipe,0,0,0,1,No Pedestrian Involved,POINT (-122.403643056 37.766017068),Other Motor Vehicle
39319,1.0,Driver,East,Proceeding Straight,Driver,East,Stopped In Road,Rear End,0,0,0,1,No Pedestrian Involved,POINT (-122.439894011 37.783185939),Other Motor Vehicle
39320,1.0,Driver,South,Proceeding Straight,Driver,South,Stopped In Road,Rear End,0,0,0,1,No Pedestrian Involved,POINT (-122.407159488 37.779738906),Other Motor Vehicle
39321,1.0,Driver,East,Proceeding Straight,Driver,North,Proceeding Straight,Broadside,0,0,0,1,No Pedestrian Involved,POINT (-122.414387602 37.755699465),Other Motor Vehicle