party_id,party_at_fault,party1_type,party1_dir_of_travel,party1_move_pre_acc,party2_type,party2_dir_of_travel,party2_move_pre_acc,type_of_collision,involves_pedestrian,involves_bicycle,involves_motorcycle,involves_vehicle,ped_action,point,mviw
40090,1.0,Driver,Not Stated,Making Right Turn,Parked Vehicle,Not Stated,Parked,Sideswipe,0,0,0,1,No Pedestrian Involved,POINT (-122.39562276 37.722431604),Parked Motor Vehicle
40091,1.0,Bicyclist,East,Proceeding Straight,Driver,East,Making Right Turn,Rear End,0,1,0,1,No Pedestrian Involved,POINT (-122.421209882 37.768199453),Bicycle
40092,1.0,Driver,West,Stopped In Road,Driver,West,Stopped In Road,Rear End,0,0,0,1,No Pedestrian Involved,POINT (-122.47221316 37.780710392),Other Motor Vehicle
40093,1.0,Bicyclist,North,Making Left Turn,Driver,South,Proceeding Straight,Head-On,0,1,0,1,No Pedestrian Involved,POINT (-122.417328767 37.763533564),Bicycle
40094,1.0,Driver,South,Proceeding Straight,Parked Vehicle,Not Stated,Parked,Sideswipe,0,0,0,1,No Pedestrian Involved,POINT (-122.474342437 37.7544475),Parked Motor Vehicle
40095,1.0,Driver,East,Slowing/Stopping,Unknown,Unknown,Unknown,Other,0,0,0,1,No Pedestrian Involved,POINT (-122.476694206 37.772912859),Other Object
40096,1.0,Driver,East,Proceeding Straight,Parked Vehicle,East,Parked,Sideswipe,0,0,0,1,No Pedestrian Involved,POINT (-122.421324278 37.728889291),Not Stated
40097,1.0,Pedestrian,East,Entering Traffic,Other,East,Slowing/Stopping,Sideswipe,1,0,0,0,Crossing Not in Crosswalk,POINT (-122.422432856 37.772579986),Pedestrian
40098,1.0,Driver,East,Proceeding Straight,Parked Vehicle,East,Not Stated,Sideswipe,0,0,0,1,No Pedestrian Involved,POINT (-122.435054353 37.718459021),Parked Motor Vehicle
40099,1.0,Driver,North,Proceeding Straight,Pedestrian,West,Proceeding Straight,Vehicle/Pedestrian,1,0,0,1,Crossing in Crosswalk at Intersection,POINT (-122.430233237 37.779782794),Pedestrian
40100,1.0,Other,East,Proceeding Straight,Unknown,Unknown,Unknown,Hit Object,0,0,0,0,No Pedestrian Involved,POINT (-122.428988029 37.778984881),Fixed Object
40101,,Driver,West,Proceeding Straight,Driver,West,Stopped In Road,Rear End,0,0,0,1,No Pedestrian Involved,POINT (-122.424614511 37.785374353),Other Motor Vehicle
40102,1.0,Driver,South,Making Left Turn,Pedestrian,Not Stated,Other,Vehicle/Pedestrian,1,0,0,1,Crossing in Crosswalk at Intersection,POINT (-122.410053407 37.774999189),Pedestrian
40103,1.0,Driver,South,Proceeding Straight,Driver,West,Proceeding Straight,Broadside,0,0,0,1,No Pedestrian Involved,POINT (-122.476163214 37.750512278),Motor Vehicle on Other Roadway
40104,1.0,Pedestrian,West,Other,Driver,South,Proceeding Straight,Vehicle/Pedestrian,1,0,0,1,Crossing in Crosswalk at Intersection,POINT (-122.41677029 37.779595282),Pedestrian
40105,1.0,Driver,West,Proceeding Straight,Driver,North,Making Left Turn,Broadside,0,0,0,1,No Pedestrian Involved,POINT (-122.447272423 37.722957182),Other Motor Vehicle
40106,1.0,Driver,East,Proceeding Straight,Pedestrian,North,Proceeding Straight,Vehicle/Pedestrian,1,0,0,1,Crossing in Crosswalk at Intersection,POINT (-122.496950338 37.740239843),Pedestrian
40107,1.0,Driver,West,Making Left Turn,Driver,East,Proceeding Straight,Broadside,0,0,0,1,No Pedestrian Involved,POINT (-122.497867928 37.71693173),Other Motor Vehicle
40108,1.0,Bicyclist,South,Proceeding Straight,Unknown,Unknown,Unknown,Overturned,0,0,0,0,No Pedestrian Involved,POINT (-122.457394357 37.745490388),Non-Collision
40109,1.0,Driver,North,Proceeding Straight,Driver,North,Stopped In Road,Rear End,0,0,0,1,No Pedestrian Involved,POINT (-122.396751855 37.74856998),Other Motor Vehicle
40110,1.0,Pedestrian,North,Backing,Driver,East,Proceeding Straight,Broadside,1,0,0,1,Crossing in Crosswalk at Intersection,POINT (-122.419547854 37.784960259),Pedestrian
40111,,Driver,South,Proceeding Straight,Pedestrian,East,Proceeding Straight,Vehicle/Pedestrian,1,0,0,1,Crossing in Crosswalk at Intersection,POINT (-122.389483 37.770656586),Pedestrian
40112,1.0,Driver,East,Proceeding Straight,Driver,North,Backing,Broadside,0,0,0,1,No Pedestrian Involved,POINT (-122.391417527 37.760361492),Other Motor Vehicle
40113,,Driver,East,Stopped In Road,Bicyclist,East,Proceeding Straight,Sideswipe,0,1,0,1,No Pedestrian Involved,POINT (-122.408550113 37.783545708),Bicycle
40114,1.0,Pedestrian,West,Entering Traffic,Driver,North,Proceeding Straight,Vehicle/Pedestrian,1,0,0,1,"In Road, Including Shoulder",POINT (-122.419173412 37.759894495),Pedestrian
40115,1.0,Pedestrian,South,Proceeding Straight,Driver,North,Making Left Turn,Vehicle/Pedestrian,1,0,0,1,Crossing Not in Crosswalk,POINT (-122.391060574 37.782649732),Pedestrian
40116,1.0,Driver,East,Proceeding Straight,Driver,East,Proceeding Straight,Rear End,0,0,0,1,No Pedestrian Involved,POINT (-122.419506294 37.776368869),Other Motor Vehicle
40117,1.0,Bicyclist,East,Proceeding Straight,Driver,East,Proceeding Straight,Sideswipe,0,0,0,1,No Pedestrian Involved,POINT (-122.423751553 37.77295826),Other Motor Vehicle
40118,1.0,Driver,North,Making Left Turn,Driver,South,Proceeding Straight,Broadside,0,0,0,1,No Pedestrian Involved,POINT (-122.406336237 37.75300403),Other Motor Vehicle
40119,1.0,Driver,North,Making Left Turn,Pedestrian,East,Other,Vehicle/Pedestrian,1,0,0,1,Crossing in Crosswalk at Intersection,POINT (-122.421959257 37.742390094),Pedestrian
40120,1.0,Driver,North,Making Left Turn,Bicyclist,West,Proceeding Straight,Head-On,0,1,0,1,No Pedestrian Involved,POINT (-122.476813892 37.759833936),Bicycle
40121,1.0,Driver,South,Stopped In Road,Unknown,Unknown,Unknown,Sideswipe,0,0,0,1,No Pedestrian Involved,POINT (-122.467137697 37.71148635),Parked Motor Vehicle
40122,1.0,Bicyclist,East,Proceeding Straight,Driver,East,Making Right Turn,Broadside,0,1,0,1,No Pedestrian Involved,POINT (-122.419181704 37.7831014),Bicycle
40123,1.0,Driver,North,Proceeding Straight,Driver,North,Stopped In Road,Rear End,0,0,0,1,No Pedestrian Involved,POINT (-122.444579063 37.716012637),Other Motor Vehicle
40124,1.0,Driver,North,Proceeding Straight,Driver,North,Slowing/Stopping,Rear End,0,0,0,1,No Pedestrian Involved,POINT (-122.472292046 37.780625985),Other Motor Vehicle
40125,1.0,Driver,West,Stopped In Road,Bicyclist,West,Proceeding Straight,Other,0,1,0,1,No Pedestrian Involved,POINT (-122.391840525 37.778125698),Bicycle
40126,1.0,Driver,West,Proceeding Straight,Driver,North,Proceeding Straight,Broadside,0,0,0,1,No Pedestrian Involved,POINT (-122.37245074 37.81731457),Other Motor Vehicle
40127,1.0,Pedestrian,South,Other,Driver,East,Backing,Vehicle/Pedestrian,1,0,0,1,"In Road, Including Shoulder",POINT (-122.416582018 37.780558719),Pedestrian
40128,1.0,Driver,South,Proceeding Straight,Driver,West,Proceeding Straight,Broadside,0,0,0,1,No Pedestrian Involved,POINT (-122.418842653 37.789829935),Other Motor Vehicle
40129,1.0,Driver,North,Proceeding Straight,Driver,North,Stopped In Road,Rear End,0,0,0,1,No Pedestrian Involved,POINT (-122.474978646 37.722500259),Other Motor Vehicle
40130,1.0,Driver,North,Proceeding Straight,Unknown,Unknown,Unknown,Head-On,0,0,0,1,No Pedestrian Involved,POINT (-122.471819573 37.773012408),Fixed Object
40131,1.0,Driver,South,Proceeding Straight,Pedestrian,South,Proceeding Straight,Vehicle/Pedestrian,1,0,0,1,"In Road, Including Shoulder",POINT (-122.367736813 37.729293109),Pedestrian
40132,1.0,Driver,West,Making Right Turn,Pedestrian,South,Proceeding Straight,Vehicle/Pedestrian,1,0,0,1,Crossing in Crosswalk at Intersection,POINT (-122.434319172 37.799628199),Pedestrian
40133,1.0,Bicyclist,South,Making Left Turn,Driver,South,Proceeding Straight,Broadside,0,1,0,1,No Pedestrian Involved,POINT (-122.410062771 37.774991792),Bicycle
40134,1.0,Driver,North,Proceeding Straight,Pedestrian,East,Proceeding Straight,Vehicle/Pedestrian,1,0,0,1,Crossing in Crosswalk at Intersection,POINT (-122.432432061 37.723549724),Pedestrian
40135,1.0,Driver,North,Making Right Turn,Driver,North,Proceeding Straight,Sideswipe,1,0,0,1,Not in Road,POINT (-122.40202542 37.786248152),Other Motor Vehicle
40136,1.0,Driver,South,Proceeding Straight,Driver,South,Stopped In Road,Rear End,0,0,0,1,No Pedestrian Involved,POINT (-122.475298496 37.736536558),Other Motor Vehicle
40137,1.0,Driver,West,Proceeding Straight,Driver,West,Stopped In Road,Rear End,0,0,0,1,No Pedestrian Involved,POINT (-122.416059821 37.777613908),Other Motor Vehicle
40138,,Driver,West,Slowing/Stopping,Pedestrian,Not Stated,Not Stated,Vehicle/Pedestrian,1,0,0,1,Not in Road,POINT (-122.420273935 37.787736607),Pedestrian
40139,1.0,Driver,East,Proceeding Straight,Driver,East,Slowing/Stopping,Rear End,0,0,0,1,No Pedestrian Involved,POINT (-122.418961302 37.76833527),Other Motor Vehicle
40140,1.0,Pedestrian,East,Making Left Turn,Driver,South,Proceeding Straight,Head-On,1,0,0,1,Crossing Not in Crosswalk,POINT (-122.413161445 37.786729745),Pedestrian
40141,1.0,Driver,East,Making Left Turn,Pedestrian,Not Stated,Other,Vehicle/Pedestrian,1,0,0,1,Crossing in Crosswalk at Intersection,POINT (-122.469056678 37.737969882),Pedestrian
40142,1.0,Driver,South,Stopped In Road,Bicyclist,South,Proceeding Straight,Broadside,0,1,0,1,No Pedestrian Involved,POINT (-122.41205833 37.709007404),Bicycle
40143,1.0,Driver,West,Proceeding Straight,Driver,West,Proceeding Straight,Rear End,0,0,0,1,No Pedestrian Involved,POINT (-122.425588797 37.718109828),Other Motor Vehicle
40144,1.0,Driver,West,Proceeding Straight,Pedestrian,North,Proceeding Straight,Vehicle/Pedestrian,1,0,0,1,Crossing in Crosswalk at Intersection,POINT (-122.420688801 37.798971057),Pedestrian
40145,1.0,Pedestrian,East,Other,Driver,North,Proceeding Straight,Vehicle/Pedestrian,1,0,0,1,Crossing Not in Crosswalk,POINT (-122.418944122 37.747048853),Pedestrian
40146,1.0,Driver,West,Making Left Turn,Parked Vehicle,West,Parked,Sideswipe,0,0,0,1,No Pedestrian Involved,POINT (-122.46260204 37.714307653),Other Motor Vehicle
40147,1.0,Driver,West,Proceeding Straight,Driver,South,Proceeding Straight,Broadside,0,0,0,1,No Pedestrian Involved,POINT (-122.475924092 37.761747151),Motor Vehicle on Other Roadway
40148,1.0,Driver,West,Making U Turn,Driver,North,Proceeding Straight,Broadside,0,0,0,1,No Pedestrian Involved,POINT (-122.415613195 37.768750282),Other Motor Vehicle
40149,1.0,Driver,South,Making Right Turn,Pedestrian,East,Not Stated,Vehicle/Pedestrian,1,0,0,1,Crossing in Crosswalk at Intersection,POINT (-122.408618846 37.797627562),Pedestrian
40150,1.0,Driver,South,Proceeding Straight,Driver,South,Parked,Rear End,0,0,0,1,No Pedestrian Involved,POINT (-122.423227147 37.794817355),Parked Motor Vehicle
40151,1.0,Driver,West,Proceeding Straight,Parked Vehicle,West,Parked,Rear End,0,0,0,1,No Pedestrian Involved,POINT (-122.44981437 37.77827102),Parked Motor Vehicle
40152,,Driver,Not Stated,Stopped In Road,Bicyclist,North,Proceeding Straight,Broadside,0,1,0,1,No Pedestrian Involved,POINT (-122.401375491 37.789264322),Bicycle
40153,1.0,Driver,West,Making Right Turn,Driver,South,Stopped In Road,Broadside,0,0,0,1,No Pedestrian Involved,POINT (-122.485228935 37.714694513),Other Motor Vehicle
40154,1.0,Pedestrian,South,Proceeding Straight,Driver,East,Proceeding Straight,Vehicle/Pedestrian,1,0,0,1,Crossing in Crosswalk at Intersection,POINT (-122.417901411 37.785167215),Pedestrian
40155,1.0,Driver,North,Proceeding Straight,Driver,North,Stopped In Road,Rear End,0,0,0,1,No Pedestrian Involved,POINT (-122.40107413 37.721534399),Motor Vehicle on Other Roadway
40156,1.0,Bicyclist,North,Making Right Turn,Driver,North,Making Right Turn,Sideswipe,0,1,0,1,No Pedestrian Involved,POINT (-122.423285561 37.742294533),Bicycle
40157,,Driver,Not Stated,Proceeding Straight,Unknown,Unknown,Unknown,Overturned,0,0,0,1,No Pedestrian Involved,POINT (-122.431816106 37.787070725),Fixed Object
40158,1.0,Bicyclist,West,Proceeding Straight,Bicyclist,West,Other,Broadside,0,1,0,0,No Pedestrian Involved,POINT (-122.462301391 37.77184002),Bicycle
40159,1.0,Driver,West,Proceeding Straight,Driver,West,Proceeding Straight,Rear End,0,0,0,1,No Pedestrian Involved,POINT (-122.392936685 37.786067533),Other Motor Vehicle
40160,1.0,Driver,South,Stopped In Road,Pedestrian,East,Not Stated,Vehicle/Pedestrian,1,0,0,1,Crossing in Crosswalk at Intersection,POINT (-122.414647632 37.794109807),Pedestrian
40161,2.0,Bicyclist,South,Proceeding Straight,Driver,South,Making Left Turn,Rear End,0,1,0,1,No Pedestrian Involved,POINT (-122.411219929 37.771532402),Bicycle
40162,1.0,Driver,North,Backing,Bicyclist,South,Proceeding Straight,Rear End,0,1,0,1,No Pedestrian Involved,POINT (-122.409628677 37.785933029),Bicycle
40163,1.0,Driver,East,Making Left Turn,Pedestrian,North,Proceeding Straight,Vehicle/Pedestrian,1,0,0,1,Crossing Not in Crosswalk,POINT (-122.44035128 37.717220163),Pedestrian
40164,1.0,Other,South,Proceeding Straight,Driver,East,Proceeding Straight,Broadside,0,0,0,1,No Pedestrian Involved,POINT (-122.419255606 37.775147074),Other Motor Vehicle
40165,1.0,Driver,North,Making Left Turn,Driver,South,Proceeding Straight,Head-On,0,0,0,1,No Pedestrian Involved,POINT (-122.414876785 37.803542325),Other Motor Vehicle
40166,1.0,Driver,Not Stated,Proceeding Straight,Driver,North,Proceeding Straight,Head-On,0,0,0,1,No Pedestrian Involved,POINT (-122.394801814 37.739021644),Fixed Object
40167,1.0,Driver,North,Proceeding Straight,Driver,North,Slowing/Stopping,Rear End,0,0,0,1,No Pedestrian Involved,POINT (-122.484150291 37.77250349),Other Motor Vehicle
40168,1.0,Bicyclist,East,Proceeding Straight,Unknown,Unknown,Unknown,Other,0,0,0,0,No Pedestrian Involved,POINT (-122.413838343 37.796850777),Non-Collision
40169,1.0,Driver,East,Proceeding Straight,Driver,East,Proceeding Straight,Broadside,0,0,0,1,No Pedestrian Involved,POINT (-122.405615266 37.778505105),Other Motor Vehicle
40170,1.0,Driver,South,Making Left Turn,Driver,South,Proceeding Straight,Broadside,0,0,0,1,No Pedestrian Involved,POINT (-122.422840577 37.741027408),Other Motor Vehicle
40171,1.0,Driver,North,Proceeding Straight,Driver,North,Stopped,Rear End,0,0,0,1,No Pedestrian Involved,POINT (-122.429554057 37.776044286),Other Motor Vehicle
40172,,Driver,South,Passing Other Vehicle,Bicyclist,South,Other,Other,0,1,0,1,No Pedestrian Involved,POINT (-122.413473791 37.802574159),Bicycle
40173,1.0,Driver,West,Proceeding Straight,Parked Vehicle,West,Parked,Rear End,0,0,0,1,No Pedestrian Involved,POINT (-122.486501579 37.708464168),Parked Motor Vehicle
40174,1.0,Driver,North,Ran Off Road,Driver,North,Proceeding Straight,Rear End,0,0,0,1,No Pedestrian Involved,POINT (-122.495004512 37.74962424),Other Motor Vehicle
40175,1.0,Driver,East,Stopped In Road,Pedestrian,East,Not Stated,Vehicle/Pedestrian,1,0,0,1,Crossing in Crosswalk at Intersection,POINT (-122.486639897 37.761275629),Pedestrian
40176,1.0,Driver,South,Proceeding Straight,Driver,South,Stopped In Road,Rear End,0,0,0,1,No Pedestrian Involved,POINT (-122.408552747 37.773788714),Other Motor Vehicle
40177,,Bicyclist,North,Making Right Turn,Unknown,Unknown,Unknown,Other,0,0,0,0,No Pedestrian Involved,POINT (-122.503159591 37.736262096),Non-Collision
40178,1.0,Driver,North,Making Left Turn,Driver,West,Proceeding Straight,Broadside,0,0,0,1,No Pedestrian Involved,POINT (-122.426180043 37.801095455),Motor Vehicle on Other Roadway
40179,1.0,Bicyclist,South,Changing Lanes,Driver,West,Proceeding Straight,Broadside,0,1,0,1,No Pedestrian Involved,POINT (-122.407033201 37.748724709),Bicycle
40180,1.0,Driver,South,Making Right Turn,Driver,West,Proceeding Straight,Broadside,0,0,0,1,No Pedestrian Involved,POINT (-122.497353234 37.760803234),Other Motor Vehicle
40181,1.0,Driver,West,Proceeding Straight,Driver,West,Stopped,Rear End,0,0,0,1,No Pedestrian Involved,POINT (-122.397933766 37.737962091),Other Motor Vehicle
40182,1.0,Driver,West,Proceeding Straight,Driver,South,Proceeding Straight,Broadside,0,0,0,1,No Pedestrian Involved,POINT (-122.503104759 37.735466492),Other Motor Vehicle
40183,1.0,Driver,South,Proceeding Straight,Bicyclist,West,Proceeding Straight,Broadside,0,1,0,1,No Pedestrian Involved,POINT (-122.481112863 37.774583379),Bicycle
40184,1.0,Driver,East,Proceeding Straight,Driver,South,Proceeding Straight,Broadside,0,0,0,1,No Pedestrian Involved,POINT (-122.424858422 37.786196428),Other Motor Vehicle
40185,1.0,Driver,East,Proceeding Straight,Driver,East,Stopped In Road,Rear End,0,0,0,1,No Pedestrian Involved,POINT (-122.416340463 37.785365706),Other Motor Vehicle
40186,1.0,Driver,East,Making Left Turn,Pedestrian,North,Not Stated,Vehicle/Pedestrian,1,0,0,1,Crossing in Crosswalk at Intersection,POINT (-122.465824687 37.772608523),Not Stated
40187,1.0,Driver,West,Making Left Turn,Pedestrian,East,Proceeding Straight,Vehicle/Pedestrian,1,0,0,1,Crossing Not in Crosswalk,POINT (-122.402840618 37.779828524),Pedestrian
40188,1.0,Driver,West,Making Left Turn,Pedestrian,North,Other,Vehicle/Pedestrian,1,0,0,1,Crossing in Crosswalk at Intersection,POINT (-122.430044996 37.803517819),Pedestrian
40189,1.0,Bicyclist,West,Proceeding Straight,Driver,West,Stopped In Road,Rear End,0,1,0,1,No Pedestrian Involved,POINT (-122.440788958 37.775569651),Bicycle
40190,1.0,Driver,West,Making Left Turn,Pedestrian,South,Not Stated,Vehicle/Pedestrian,1,0,0,1,Crossing in Crosswalk at Intersection,POINT (-122.480336927 37.763420292),Pedestrian
40191,1.0,Driver,North,Proceeding Straight,Driver,North,Stopped In Road,Rear End,0,0,0,1,No Pedestrian Involved,POINT (-122.416863553 37.758670936),Other Motor Vehicle
40192,1.0,Driver,South,Proceeding Straight,Driver,South,Proceeding Straight,Broadside,0,0,0,1,No Pedestrian Involved,POINT (-122.42100836 37.783824118),Other Motor Vehicle
40193,1.0,Driver,East,Making Right Turn,Pedestrian,Not Stated,Proceeding Straight,Vehicle/Pedestrian,1,0,0,1,Crossing in Crosswalk at Intersection,POINT (-122.441019562 37.716459546),Pedestrian
40194,1.0,Driver,West,Backing,Driver,East,Stopped In Road,Rear End,0,0,0,1,No Pedestrian Involved,POINT (-122.447444359 37.782425873),Other Motor Vehicle
40195,1.0,Driver,Not Stated,Proceeding Straight,Driver,South,Making Left Turn,Broadside,0,0,0,1,No Pedestrian Involved,POINT (-122.405288397 37.796909057),Other Motor Vehicle
40196,1.0,Driver,North,Proceeding Straight,Driver,North,Slowing/Stopping,Rear End,0,0,0,1,No Pedestrian Involved,POINT (-122.402609183 37.712193855),Other Motor Vehicle
40197,,Driver,North,Proceeding Straight,Bicyclist,North,Proceeding Straight,Sideswipe,0,1,0,1,No Pedestrian Involved,POINT (-122.419219027 37.760370985),Bicycle
40198,1.0,Driver,East,Making Left Turn,Bicyclist,West,Proceeding Straight,Head-On,0,1,0,1,No Pedestrian Involved,POINT (-122.420759893 37.774294397),Bicycle
40199,1.0,Driver,East,Making Left Turn,Driver,West,Proceeding Straight,Head-On,0,0,0,1,No Pedestrian Involved,POINT (-122.390693773 37.734797359),Other Motor Vehicle
40200,1.0,Driver,South,Proceeding Straight,Parked Vehicle,South,Parked,Rear End,0,0,0,1,No Pedestrian Involved,POINT (-122.429110726 37.730937152),Parked Motor Vehicle
40201,1.0,Driver,East,Proceeding Straight,Driver,North,Proceeding Straight,Broadside,0,0,0,1,No Pedestrian Involved,POINT (-122.399616232 37.780791483),Other Motor Vehicle
40202,1.0,Driver,North,Proceeding Straight,Driver,North,Stopped In Road,Rear End,0,0,0,1,No Pedestrian Involved,POINT (-122.406969757 37.739548436),Other Motor Vehicle
40203,1.0,Driver,West,Proceeding Straight,Unknown,Unknown,Unknown,Head-On,0,0,0,1,No Pedestrian Involved,POINT (-122.432520244 37.782373659),Fixed Object
40204,1.0,Driver,South,Proceeding Straight,Driver,South,Stopped In Road,Rear End,0,0,0,1,No Pedestrian Involved,POINT (-122.422626283 37.772480494),Other Motor Vehicle
40205,1.0,Driver,East,Proceeding Straight,Parked Vehicle,East,Parked,Sideswipe,0,0,0,1,No Pedestrian Involved,POINT (-122.406100784 37.781422304),Parked Motor Vehicle
40206,1.0,Driver,East,Stopped In Road,Driver,East,Proceeding Straight,Rear End,0,0,0,1,No Pedestrian Involved,POINT (-122.408531082 37.771290792),Other Motor Vehicle
40207,1.0,Driver,East,Proceeding Straight,Bicyclist,South,Proceeding Straight,Broadside,0,1,0,1,No Pedestrian Involved,POINT (-122.413002683 37.764090861),Bicycle
40208,1.0,Driver,West,Proceeding Straight,Driver,West,Making Left Turn,Rear End,0,0,0,1,No Pedestrian Involved,POINT (-122.404070257 37.777272703),Other Motor Vehicle
40209,,Driver,North,Not Stated,Driver,North,Not Stated,Not Stated,1,0,0,1,Not Stated,POINT (-122.423058794 37.785636515),Not Stated
40210,1.0,Driver,West,Ran Off Road,Pedestrian,Not Stated,Other,Vehicle/Pedestrian,1,0,0,1,Not in Road,POINT (-122.414711003 37.77623052),Pedestrian
40211,1.0,Pedestrian,West,Not Stated,Driver,North,Proceeding Straight,Vehicle/Pedestrian,1,0,0,1,Crossing in Crosswalk at Intersection,POINT (-122.414059241 37.78282154),Pedestrian
40212,1.0,Other,South,Proceeding Straight,Driver,East,Entering Traffic,Other,0,0,0,1,No Pedestrian Involved,POINT (-122.419359268 37.761835855),Non-Collision
40213,1.0,Driver,West,Changing Lanes,Driver,West,Proceeding Straight,Overturned,0,0,0,1,No Pedestrian Involved,POINT (-122.434024985 37.774511302),Other Motor Vehicle
40214,1.0,Driver,East,Proceeding Straight,Driver,North,Proceeding Straight,Broadside,0,0,0,1,No Pedestrian Involved,POINT (-122.389035068 37.732918895),Other Motor Vehicle
40215,1.0,Driver,North,Proceeding Straight,Unknown,Unknown,Unknown,Hit Object,0,0,0,1,No Pedestrian Involved,POINT (-122.478569217 37.772229658),Other Object
40216,1.0,Driver,West,Making Left Turn,Driver,South,Proceeding Straight,Broadside,0,0,0,1,No Pedestrian Involved,POINT (-122.447351927 37.780152061),Motor Vehicle on Other Roadway
40217,1.0,Bicyclist,East,Proceeding Straight,Driver,East,Making Left Turn,Broadside,0,1,0,1,No Pedestrian Involved,POINT (-122.443888139 37.771617068),Bicycle
40218,1.0,Driver,South,Proceeding Straight,Bicyclist,South,Proceeding Straight,Sideswipe,0,1,0,1,No Pedestrian Involved,POINT (-122.421744103 37.763431122),Bicycle
40219,1.0,Driver,South,Making Left Turn,Pedestrian,West,Proceeding Straight,Head-On,1,0,0,1,Crossing in Crosswalk at Intersection,POINT (-122.404070257 37.777272703),Pedestrian
40220,1.0,Driver,East,Proceeding Straight,Driver,South,Proceeding Straight,Broadside,0,0,0,1,No Pedestrian Involved,POINT (-122.403523103 37.75445383),Other Motor Vehicle
40221,1.0,Driver,East,Proceeding Straight,Pedestrian,North,Stopped In Road,Vehicle/Pedestrian,1,0,0,1,Crossing in Crosswalk at Intersection,POINT (-122.421622737 37.70874935),Pedestrian
40222,1.0,Driver,West,Stopped In Road,Driver,West,Stopped In Road,Rear End,0,0,0,1,No Pedestrian Involved,POINT (-122.511053756 37.7713425),Other Motor Vehicle
40223,1.0,Pedestrian,East,Proceeding Straight,Driver,South,Proceeding Straight,Vehicle/Pedestrian,1,0,0,1,Crossing Not in Crosswalk,POINT (-122.407691415 37.780162026),Pedestrian
40224,1.0,Driver,West,Making Left Turn,Driver,East,Proceeding Straight,Head-On,0,0,0,1,No Pedestrian Involved,POINT (-122.457629787 37.786831508),Other Motor Vehicle
40225,1.0,Driver,South,Making Left Turn,Bicyclist,East,Proceeding Straight,Broadside,0,1,0,1,No Pedestrian Involved,POINT (-122.434996087 37.733717519),Bicycle
40226,1.0,Driver,East,Proceeding Straight,Driver,West,Proceeding Straight,Head-On,0,0,0,1,No Pedestrian Involved,POINT (-122.422258755 37.782711354),Other Motor Vehicle
40227,1.0,Driver,East,Slowing/Stopping,Driver,East,Other,Rear End,0,0,0,1,No Pedestrian Involved,POINT (-122.421364522 37.768190111),Other Motor Vehicle
40228,1.0,Pedestrian,Not Stated,Not Stated,Driver,North,Proceeding Straight,Vehicle/Pedestrian,1,0,0,1,Crossing in Crosswalk Not at Intersection,POINT (-122.405152675 37.749140155),Pedestrian
40229,1.0,Driver,West,Making Left Turn,Pedestrian,East,Not Stated,Head-On,1,0,0,1,Crossing in Crosswalk at Intersection,POINT (-122.426003722 37.761431564),Pedestrian
40230,1.0,Bicyclist,North,Proceeding Straight,Driver,East,Proceeding Straight,Broadside,0,1,0,1,No Pedestrian Involved,POINT (-122.431951802 37.779564149),Bicycle
40231,,Driver,East,Proceeding Straight,Driver,West,Making Left Turn,Head-On,0,0,0,1,No Pedestrian Involved,POINT (-122.400981568 37.774808776),Other Motor Vehicle
40232,1.0,Driver,East,Proceeding Straight,Unknown,Unknown,Unknown,Other,0,0,0,1,No Pedestrian Involved,POINT (-122.423982144 37.798552454),Non-Collision
40233,1.0,Driver,South,Proceeding Straight,Driver,West,Proceeding Straight,Broadside,0,0,0,1,No Pedestrian Involved,POINT (-122.448410648 37.721396869),Other Motor Vehicle
40234,1.0,Driver,South,Proceeding Straight,Driver,East,Making Left Turn,Broadside,0,0,0,1,No Pedestrian Involved,POINT (-122.396771573 37.795466115),Other Motor Vehicle
40235,1.0,Driver,East,Making Left Turn,Pedestrian,North,Proceeding Straight,Vehicle/Pedestrian,1,0,0,1,No Pedestrian Involved,POINT (-122.470185077 37.743291354),Pedestrian
40236,1.0,Driver,West,Making Right Turn,Parked Vehicle,East,Parked,Broadside,0,0,0,1,No Pedestrian Involved,POINT (-122.431107465 37.751483526),Other Motor Vehicle
40237,1.0,Driver,West,Making Right Turn,Driver,West,Stopped In Road,Sideswipe,0,0,0,1,No Pedestrian Involved,POINT (-122.43214039 37.780496261),Other Motor Vehicle
40238,1.0,Driver,South,Making Right Turn,Pedestrian,West,Proceeding Straight,Vehicle/Pedestrian,1,0,0,1,Crossing in Crosswalk at Intersection,POINT (-122.426828556 37.779257971),Pedestrian
40239,1.0,Driver,West,Proceeding Straight,Driver,West,Making Left Turn,Sideswipe,0,0,0,1,No Pedestrian Involved,POINT (-122.421393308 37.785685803),Other Motor Vehicle
40240,1.0,Pedestrian,South,Stopped In Road,Other,South,Proceeding Straight,Head-On,1,0,0,0,"In Road, Including Shoulder",POINT (-122.430368501 37.733932558),Pedestrian
40241,1.0,Driver,East,Making Left Turn,Driver,East,Making Left Turn,Broadside,0,0,0,1,No Pedestrian Involved,POINT (-122.452331561 37.723080242),Other Motor Vehicle
40242,1.0,Driver,North,Making Left Turn,Driver,South,Proceeding Straight,Head-On,0,0,0,1,No Pedestrian Involved,POINT (-122.408066548 37.783991487),Other Motor Vehicle
40243,1.0,Driver,East,Making Right Turn,Pedestrian,North,Stopped In Road,Sideswipe,1,1,0,1,No Pedestrian Involved,POINT (-122.424136499 37.774824795),Bicycle