party_id,party_at_fault,party1_type,party1_dir_of_travel,party1_move_pre_acc,party2_type,party2_dir_of_travel,party2_move_pre_acc,type_of_collision,involves_pedestrian,involves_bicycle,involves_motorcycle,involves_vehicle,ped_action,point,mviw
42247,1.0,Driver,East,Making Right Turn,Bicyclist,East,Proceeding Straight,Rear End,0,1,0,1,No Pedestrian Involved,POINT (-122.429724003 37.766985601),Bicycle
42248,1.0,Pedestrian,South,Other,Driver,West,Proceeding Straight,Vehicle/Pedestrian,1,0,0,1,Crossing Not in Crosswalk,POINT (-122.415501176 37.752419532),Pedestrian
42249,1.0,Driver,South,Making Left Turn,Pedestrian,North,Proceeding Straight,Vehicle/Pedestrian,1,0,0,1,Crossing Not in Crosswalk,POINT (-122.489193568 37.751806869),Pedestrian
42250,1.0,Driver,North,Making Left Turn,Driver,South,Proceeding Straight,Head-On,0,0,0,1,No Pedestrian Involved,POINT (-122.437234932 37.772203712),Other Motor Vehicle
42251,1.0,Driver,South,Proceeding Straight,Driver,West,Proceeding Straight,Not Stated,0,0,0,1,No Pedestrian Involved,POINT (-122.391306489 37.720975987),Other Motor Vehicle
42252,1.0,Driver,North,Making Left Turn,Pedestrian,West,Proceeding Straight,Vehicle/Pedestrian,1,0,0,1,Crossing in Crosswalk at Intersection,POINT (-122.403650107 37.711188573),Pedestrian
42253,1.0,Driver,North,Parking Maneuver,Unknown,Unknown,Unknown,Hit Object,0,0,0,1,No Pedestrian Involved,POINT (-122.415126905 37.763409036),Fixed Object
42254,1.0,Driver,West,Proceeding Straight,Unknown,Unknown,Unknown,Hit Object,0,0,0,1,No Pedestrian Involved,POINT (-122.400698338 37.739661384),Fixed Object
42255,1.0,Driver,East,Making Right Turn,Driver,West,Proceeding Straight,Head-On,0,0,0,1,No Pedestrian Involved,POINT (-122.379433582 37.731055762),Other Motor Vehicle
42256,1.0,Driver,Not Stated,Entering Traffic,Bicyclist,North,Proceeding Straight,Sideswipe,0,1,0,1,No Pedestrian Involved,POINT (-122.44197893 37.715227567),Bicycle
42257,1.0,Driver,West,Making Left Turn,Driver,East,Proceeding Straight,Broadside,0,0,0,1,No Pedestrian Involved,POINT (-122.420493442 37.789620438),Other Motor Vehicle
42258,1.0,Pedestrian,South,Entering Traffic,Driver,East,Proceeding Straight,Vehicle/Pedestrian,1,0,0,1,Crossing Not in Crosswalk,POINT (-122.432470631 37.79747307),Pedestrian
42259,1.0,Driver,North,Proceeding Straight,Driver,North,Stopped In Road,Rear End,0,0,0,1,No Pedestrian Involved,POINT (-122.394424842 37.77618578),Other Motor Vehicle
42260,1.0,Driver,North,Making Left Turn,Driver,South,Proceeding Straight,Broadside,0,0,0,1,No Pedestrian Involved,POINT (-122.4028676 37.77631334),Other Motor Vehicle
42261,,Driver,West,Making Left Turn,Driver,South,Proceeding Straight,Head-On,0,0,0,1,No Pedestrian Involved,POINT (-122.419693566 37.777299856),Other Motor Vehicle
42262,1.0,Pedestrian,North,Entering Traffic,Driver,East,Proceeding Straight,Vehicle/Pedestrian,1,0,0,1,Crossing Not in Crosswalk,POINT (-122.417016878 37.789110176),Pedestrian
42263,1.0,Driver,North,Making Right Turn,Other,East,Proceeding Straight,Broadside,0,0,0,1,No Pedestrian Involved,POINT (-122.412329557 37.807690494),Other Object
42264,1.0,Driver,West,Changing Lanes,Driver,West,Proceeding Straight,Rear End,0,0,0,1,No Pedestrian Involved,POINT (-122.47131313 37.765757997),Other Motor Vehicle
42265,1.0,Driver,East,Making Right Turn,Bicyclist,East,Proceeding Straight,Broadside,0,1,0,1,No Pedestrian Involved,POINT (-122.447560972 37.778556327),Bicycle
42266,1.0,Driver,West,Making Left Turn,Unknown,Unknown,Unknown,Hit Object,0,0,0,1,No Pedestrian Involved,POINT (-122.415079909 37.786484948),Fixed Object
42267,1.0,Driver,East,Making Left Turn,Bicyclist,North,Proceeding Straight,Broadside,0,1,0,1,No Pedestrian Involved,POINT (-122.436884629 37.778937753),Bicycle
42268,1.0,Driver,South,Proceeding Straight,Driver,South,Stopped In Road,Rear End,0,0,0,1,No Pedestrian Involved,POINT (-122.43859812 37.721822979),Other Motor Vehicle
42269,1.0,Driver,West,Proceeding Straight,Driver,East,Making Left Turn,Broadside,0,0,0,1,No Pedestrian Involved,POINT (-122.483685437 37.765160177),Other Motor Vehicle
42270,1.0,Driver,West,Making Left Turn,Driver,West,Proceeding Straight,Broadside,0,0,0,1,No Pedestrian Involved,POINT (-122.424102684 37.764783452),Other Motor Vehicle
42271,1.0,Driver,North,Proceeding Straight,Unknown,Unknown,Unknown,Sideswipe,0,0,0,1,No Pedestrian Involved,POINT (-122.405207703 37.751786948),Parked Motor Vehicle
42272,1.0,Driver,South,Proceeding Straight,Driver,South,Stopped In Road,Rear End,0,0,0,1,No Pedestrian Involved,POINT (-122.431273569 37.728792953),Other Motor Vehicle
42273,1.0,Driver,South,Stopped,Driver,South,Proceeding Straight,Other,0,0,0,1,No Pedestrian Involved,POINT (-122.414741222 37.778719429),Other Motor Vehicle
42274,1.0,Driver,East,Making Left Turn,Driver,West,Proceeding Straight,Head-On,0,0,0,1,No Pedestrian Involved,POINT (-122.47510247 37.734625573),Other Motor Vehicle
42275,,Bicyclist,North,Making Left Turn,Driver,Not Stated,Proceeding Straight,Sideswipe,0,1,0,1,No Pedestrian Involved,POINT (-122.417104136 37.774325288),Bicycle
42276,1.0,Other,North,Proceeding Straight,Unknown,Unknown,Unknown,Other,0,0,0,0,No Pedestrian Involved,POINT (-122.417747752 37.75643036),Not Stated
42277,,Driver,South,Making Left Turn,Pedestrian,West,Proceeding Straight,Vehicle/Pedestrian,1,0,0,1,Crossing in Crosswalk at Intersection,POINT (-122.409309179 37.784349269),Pedestrian
42278,,Driver,Not Stated,Stopped In Road,Bicyclist,Not Stated,Stopped In Road,Broadside,0,1,0,1,No Pedestrian Involved,POINT (-122.40387382 37.76859109),Bicycle
42279,1.0,Driver,East,Making Right Turn,Pedestrian,Not Stated,Other,Vehicle/Pedestrian,1,0,0,1,Crossing in Crosswalk at Intersection,POINT (-122.435187962 37.762670707),Pedestrian
42280,1.0,Driver,South,Making Right Turn,Pedestrian,East,Proceeding Straight,Vehicle/Pedestrian,1,0,0,1,Crossing in Crosswalk at Intersection,POINT (-122.422135208 37.789412061),Pedestrian
42281,1.0,Driver,North,Making Right Turn,Other,North,Proceeding Straight,Sideswipe,0,0,0,1,No Pedestrian Involved,POINT (-122.422997952 37.742874681),Other Motor Vehicle
42282,1.0,Bicyclist,South,Proceeding Straight,Driver,West,Making Right Turn,Broadside,0,1,0,1,No Pedestrian Involved,POINT (-122.403537293 37.74811811),Bicycle
42283,1.0,Driver,South,Proceeding Straight,Driver,East,Proceeding Straight,Broadside,0,0,0,1,No Pedestrian Involved,POINT (-122.416227271 37.763635137),Other Motor Vehicle
42284,1.0,Other,South,Proceeding Straight,Driver,West,Making Right Turn,Broadside,0,0,0,1,No Pedestrian Involved,POINT (-122.408516331 37.773759701),Other Motor Vehicle
42285,,Driver,West,Stopped In Road,Driver,North,Stopped In Road,Broadside,0,0,0,1,No Pedestrian Involved,POINT (-122.392392963 37.738602685),Other Motor Vehicle
42286,1.0,Bicyclist,South,Making Left Turn,Driver,West,Making Left Turn,Rear End,0,1,0,1,No Pedestrian Involved,POINT (-122.42261969 37.772502818),Bicycle
42287,,Driver,East,Proceeding Straight,Pedestrian,South,Proceeding Straight,Vehicle/Pedestrian,1,0,0,1,Crossing in Crosswalk at Intersection,POINT (-122.408066548 37.783991487),Pedestrian
42288,1.0,Driver,West,Making Left Turn,Pedestrian,East,Not Stated,Vehicle/Pedestrian,1,0,0,1,Crossing in Crosswalk at Intersection,POINT (-122.464170829 37.764113769),Pedestrian
42289,,Driver,West,Making U Turn,Driver,South,Proceeding Straight,Broadside,0,0,0,1,No Pedestrian Involved,POINT (-122.456933088 37.785553384),Other Motor Vehicle
42290,1.0,Driver,East,Making Left Turn,Other,North,Proceeding Straight,Other,0,0,0,1,No Pedestrian Involved,POINT (-122.423413055 37.795737109),Other Object
42291,1.0,Driver,East,Proceeding Straight,Parked Vehicle,Not Stated,Parked,Broadside,0,0,0,1,No Pedestrian Involved,POINT (-122.379570308 37.725655783),Parked Motor Vehicle
42292,1.0,Driver,East,Proceeding Straight,Driver,South,Proceeding Straight,Broadside,0,0,0,1,No Pedestrian Involved,POINT (-122.42503469 37.733548051),Other Motor Vehicle
42293,1.0,Driver,East,Making Left Turn,Pedestrian,East,Proceeding Straight,Vehicle/Pedestrian,1,0,0,1,Crossing in Crosswalk at Intersection,POINT (-122.432473165 37.773787243),Pedestrian
42294,1.0,Pedestrian,South,Proceeding Straight,Driver,West,Proceeding Straight,Vehicle/Pedestrian,1,0,0,1,Crossing Not in Crosswalk,POINT (-122.398816378 37.791211307),Pedestrian
42295,1.0,Pedestrian,North,Other,Driver,West,Proceeding Straight,Vehicle/Pedestrian,1,0,0,1,Crossing Not in Crosswalk,POINT (-122.420275044 37.739984558),Pedestrian
42296,1.0,Driver,South,Making Left Turn,Pedestrian,North,Proceeding Straight,Vehicle/Pedestrian,1,0,0,1,Crossing in Crosswalk at Intersection,POINT (-122.419547854 37.784960259),Pedestrian
42297,1.0,Bicyclist,East,Traveling Wrong Way,Driver,North,Proceeding Straight,Broadside,0,1,0,1,No Pedestrian Involved,POINT (-122.412512256 37.780478512),Bicycle
42298,1.0,Bicyclist,South,Proceeding Straight,Driver,East,Entering Traffic,Other,0,1,0,1,No Pedestrian Involved,POINT (-122.402026703 37.745953856),Bicycle
42299,1.0,Driver,East,Proceeding Straight,Unknown,Unknown,Unknown,Hit Object,0,0,0,1,No Pedestrian Involved,POINT (-122.436176465 37.714209484),Fixed Object
42300,1.0,Driver,South,Making Left Turn,Pedestrian,South,Proceeding Straight,Vehicle/Pedestrian,1,0,0,1,Crossing in Crosswalk at Intersection,POINT (-122.442647897 37.79900005),Pedestrian
42301,1.0,Driver,North,Proceeding Straight,Pedestrian,East,Proceeding Straight,Vehicle/Pedestrian,1,0,0,1,Crossing in Crosswalk at Intersection,POINT (-122.437439121 37.723716463),Pedestrian
42302,1.0,Driver,South,Proceeding Straight,Driver,South,Proceeding Straight,Rear End,0,0,0,1,No Pedestrian Involved,POINT (-122.411793286 37.751522501),Other Motor Vehicle
42303,1.0,Driver,East,Slowing/Stopping,Driver,East,Stopped In Road,Rear End,0,0,0,1,No Pedestrian Involved,POINT (-122.451701166 37.731490004),Other Motor Vehicle
42304,1.0,Driver,West,Passing Other Vehicle,Driver,East,Proceeding Straight,Head-On,0,0,0,1,No Pedestrian Involved,POINT (-122.423172505 37.72517813),Other Motor Vehicle
42305,1.0,Driver,North,Changing Lanes,Driver,North,Proceeding Straight,Rear End,0,0,0,1,No Pedestrian Involved,POINT (-122.424107348 37.774967723),Not Stated
42306,1.0,Driver,East,Proceeding Straight,Driver,North,Proceeding Straight,Head-On,0,0,0,1,No Pedestrian Involved,POINT (-122.405142977 37.796210955),Other Motor Vehicle
42307,1.0,Driver,West,Proceeding Straight,Driver,West,Proceeding Straight,Rear End,0,0,0,1,No Pedestrian Involved,POINT (-122.432738598 37.78806568),Other Motor Vehicle
42308,1.0,Pedestrian,West,Proceeding Straight,Driver,North,Making Left Turn,Vehicle/Pedestrian,1,0,0,1,Crossing Not in Crosswalk,POINT (-122.414251519 37.783772998),Pedestrian
42309,1.0,Driver,West,Proceeding Straight,Driver,West,Stopped In Road,Rear End,0,0,0,1,No Pedestrian Involved,POINT (-122.467832311 37.773312281),Other Motor Vehicle
42310,1.0,Driver,West,Other Unsafe Turning,Parked Vehicle,West,Parked,Rear End,0,0,0,1,No Pedestrian Involved,POINT (-122.455282931 37.768175141),Parked Motor Vehicle
42311,1.0,Bicyclist,South,Proceeding Straight,Driver,South,Entering Traffic,Sideswipe,0,0,0,1,No Pedestrian Involved,POINT (-122.433712802 37.771579008),Other Motor Vehicle
42312,1.0,Driver,North,Traveling Wrong Way,Driver,South,Making Left Turn,Head-On,0,0,0,1,No Pedestrian Involved,POINT (-122.472699548 37.778582423),Other Motor Vehicle
42313,1.0,Driver,North,Entering Traffic,Driver,West,Proceeding Straight,Broadside,0,0,0,1,No Pedestrian Involved,POINT (-122.405877627 37.7323555),Other Motor Vehicle
42314,1.0,Driver,South,Changing Lanes,Driver,South,Proceeding Straight,Sideswipe,0,0,0,1,No Pedestrian Involved,POINT (-122.403140196 37.783597261),Other Motor Vehicle
42315,1.0,Driver,South,Making Right Turn,Unknown,Unknown,Unknown,Overturned,0,0,0,1,No Pedestrian Involved,POINT (-122.392773901 37.709001438),Non-Collision
42316,1.0,Parked Vehicle,East,Parked,Bicyclist,East,Proceeding Straight,Other,0,1,0,0,No Pedestrian Involved,POINT (-122.452543159 37.765470312),Bicycle
42317,1.0,Driver,East,Stopped In Road,Bicyclist,East,Proceeding Straight,Other,0,1,0,1,No Pedestrian Involved,POINT (-122.422051811 37.760063433),Bicycle
42318,1.0,Driver,West,Proceeding Straight,Driver,North,Proceeding Straight,Broadside,0,0,0,1,No Pedestrian Involved,POINT (-122.490096579 37.779839834),Other Motor Vehicle
42319,,Driver,East,Other,Parked Vehicle,West,Not Stated,Overturned,0,0,0,1,No Pedestrian Involved,POINT (-122.434587784 37.743219624),Other Object
42320,1.0,Driver,West,Making Left Turn,Pedestrian,East,Other,Vehicle/Pedestrian,1,0,0,1,Crossing in Crosswalk at Intersection,POINT (-122.425802145 37.790874428),Pedestrian
42321,1.0,Driver,North,Making Left Turn,Driver,West,Proceeding Straight,Broadside,0,0,0,1,No Pedestrian Involved,POINT (-122.426391165 37.733675017),Other Motor Vehicle
42322,1.0,Driver,North,Parking Maneuver,Unknown,Unknown,Unknown,Hit Object,0,0,0,1,No Pedestrian Involved,POINT (-122.482927057 37.782113657),Fixed Object
42323,1.0,Pedestrian,Not Stated,Other,Driver,South,Proceeding Straight,Vehicle/Pedestrian,1,0,0,1,Crossing Not in Crosswalk,POINT (-122.41576924 37.782956791),Pedestrian
42324,,Bicyclist,North,Proceeding Straight,Unknown,Unknown,Unknown,Other,0,0,0,0,No Pedestrian Involved,POINT (-122.457394356 37.745490388),Not Stated
42325,1.0,Driver,Not Stated,Proceeding Straight,Driver,East,Stopped In Road,Rear End,0,0,0,1,No Pedestrian Involved,POINT (-122.402459479 37.712179486),Other Motor Vehicle
42326,1.0,Driver,East,Making Left Turn,Pedestrian,East,Not Stated,Vehicle/Pedestrian,1,0,0,1,Crossing in Crosswalk at Intersection,POINT (-122.475909746 37.746765348),Pedestrian
42327,1.0,Driver,North,Proceeding Straight,Driver,North,Proceeding Straight,Rear End,0,0,0,1,No Pedestrian Involved,POINT (-122.453354606 37.786178324),Other Motor Vehicle
42328,1.0,Driver,North,Proceeding Straight,Driver,South,Proceeding Straight,Broadside,0,0,0,1,No Pedestrian Involved,POINT (-122.405288397 37.796909057),Other Motor Vehicle
42329,1.0,Driver,North,Proceeding Straight,Driver,South,Proceeding Straight,Broadside,1,0,0,1,Not in Road,POINT (-122.391521351 37.732431908),Other Motor Vehicle
42330,1.0,Driver,East,Making Left Turn,Bicyclist,West,Proceeding Straight,Broadside,0,1,0,1,No Pedestrian Involved,POINT (-122.394300038 37.78008973),Bicycle
42331,1.0,Driver,North,Making Left Turn,Pedestrian,East,Other,Vehicle/Pedestrian,1,0,0,1,Crossing in Crosswalk at Intersection,POINT (-122.422199174 37.768139683),Pedestrian
42332,1.0,Pedestrian,North,Proceeding Straight,Driver,East,Proceeding Straight,Vehicle/Pedestrian,1,0,0,1,Crossing in Crosswalk at Intersection,POINT (-122.438360566 37.78639591),Pedestrian
42333,1.0,Driver,East,Proceeding Straight,Pedestrian,North,Proceeding Straight,Vehicle/Pedestrian,1,0,0,1,Crossing in Crosswalk at Intersection,POINT (-122.430260805 37.771173683),Pedestrian
42334,1.0,Driver,East,Proceeding Straight,Driver,East,Proceeding Straight,Sideswipe,0,0,0,1,No Pedestrian Involved,POINT (-122.498687306 37.76449476),Other Motor Vehicle
42335,1.0,Driver,East,Slowing/Stopping,Driver,East,Slowing/Stopping,Rear End,0,0,0,1,No Pedestrian Involved,POINT (-122.419048779 37.799198438),Other Motor Vehicle
42336,1.0,Pedestrian,North,Not Stated,Driver,East,Proceeding Straight,Vehicle/Pedestrian,1,0,0,1,Crossing Not in Crosswalk,POINT (-122.394720317 37.746539601),Pedestrian
42337,1.0,Driver,East,Proceeding Straight,Pedestrian,Not Stated,Other,Vehicle/Pedestrian,1,0,0,1,"In Road, Including Shoulder",POINT (-122.473878499 37.743129325),Pedestrian
42338,1.0,Driver,East,Proceeding Straight,Driver,East,Stopped In Road,Not Stated,0,0,0,1,No Pedestrian Involved,POINT (-122.406059367 37.783063325),Other Motor Vehicle
42339,1.0,Bicyclist,South,Proceeding Straight,Driver,East,Proceeding Straight,Broadside,0,1,0,1,No Pedestrian Involved,POINT (-122.408064123 37.760601066),Bicycle
42340,1.0,Driver,West,Backing,Parked Vehicle,Not Stated,Not Stated,Rear End,0,0,0,1,No Pedestrian Involved,POINT (-122.402731071 37.788256577),Parked Motor Vehicle
42341,1.0,Driver,East,Parked,Bicyclist,North,Stopped In Road,Broadside,0,1,0,1,No Pedestrian Involved,POINT (-122.422364819 37.769867698),Bicycle
42342,1.0,Driver,East,Making U Turn,Driver,West,Proceeding Straight,Broadside,0,0,0,1,No Pedestrian Involved,POINT (-122.430066544 37.785529569),Other Motor Vehicle
42343,,Pedestrian,West,Entering Traffic,Driver,South,Proceeding Straight,Vehicle/Pedestrian,1,0,0,1,Crossing in Crosswalk at Intersection,POINT (-122.475644468 37.743051813),Pedestrian
42344,1.0,Driver,West,Proceeding Straight,Pedestrian,Not Stated,Not Stated,Vehicle/Pedestrian,1,0,0,1,Crossing Not in Crosswalk,POINT (-122.504620446 37.741764681),Pedestrian
42345,,Driver,North,Backing,Pedestrian,Not Stated,Not Stated,Vehicle/Pedestrian,1,0,0,1,Not in Road,POINT (-122.430639596 37.761151486),Pedestrian
42346,1.0,Pedestrian,Not Stated,Not Stated,Driver,Not Stated,Backing,Vehicle/Pedestrian,1,0,0,1,Crossing Not in Crosswalk,POINT (-122.407596373 37.797751802),Pedestrian
42347,1.0,Driver,West,Making Left Turn,Driver,East,Proceeding Straight,Head-On,0,0,0,1,No Pedestrian Involved,POINT (-122.392624536 37.729278454),Other Motor Vehicle
42348,1.0,Driver,North,Proceeding Straight,Unknown,Unknown,Unknown,Hit Object,0,0,0,1,No Pedestrian Involved,POINT (-122.430234823 37.72973449),Fixed Object
42349,1.0,Driver,East,Proceeding Straight,Driver,South,Stopped In Road,Vehicle/Pedestrian,1,0,0,1,Crossing in Crosswalk at Intersection,POINT (-122.401051293 37.798580054),Pedestrian
42350,,Bicyclist,West,Proceeding Straight,Unknown,Unknown,Unknown,Other,0,1,0,0,No Pedestrian Involved,POINT (-122.479895428 37.770495878),Bicycle
42351,1.0,Driver,South,Making Right Turn,Driver,West,Proceeding Straight,Broadside,0,0,0,1,No Pedestrian Involved,POINT (-122.462570051 37.711370301),Other Motor Vehicle
42352,1.0,Driver,East,Changing Lanes,Driver,East,Proceeding Straight,Rear End,0,0,0,1,No Pedestrian Involved,POINT (-122.411991819 37.782102252),Other Motor Vehicle
42353,1.0,Driver,East,Proceeding Straight,Unknown,Unknown,Unknown,Head-On,0,0,0,1,No Pedestrian Involved,POINT (-122.451978103 37.745576947),Fixed Object
42354,1.0,Driver,South,Proceeding Straight,Driver,South,Changing Lanes,Sideswipe,0,0,0,1,No Pedestrian Involved,POINT (-122.394481274 37.787298215),Other Motor Vehicle
42355,1.0,Driver,North,Proceeding Straight,Driver,North,Proceeding Straight,Rear End,0,0,0,1,No Pedestrian Involved,POINT (-122.47462383 37.743096614),Other Motor Vehicle
42356,,Driver,North,Not Stated,Driver,North,Stopped In Road,Sideswipe,0,0,0,1,No Pedestrian Involved,POINT (-122.396843781 37.795807548),Motor Vehicle on Other Roadway
42357,1.0,Pedestrian,South,Other,Driver,West,Proceeding Straight,Vehicle/Pedestrian,1,0,0,1,Crossing Not in Crosswalk,POINT (-122.416391665 37.788233601),Pedestrian
42358,1.0,Driver,West,Making Left Turn,Pedestrian,East,Proceeding Straight,Sideswipe,1,0,0,1,Crossing in Crosswalk at Intersection,POINT (-122.406480458 37.754564212),Pedestrian
42359,1.0,Driver,East,Making Left Turn,Bicyclist,North,Proceeding Straight,Broadside,0,1,0,1,No Pedestrian Involved,POINT (-122.422526345 37.771595104),Bicycle
42360,1.0,Driver,East,Proceeding Straight,Driver,East,Proceeding Straight,Sideswipe,0,0,0,1,No Pedestrian Involved,POINT (-122.408404149 37.79765365),Other Motor Vehicle
42361,,Driver,West,Making Left Turn,Pedestrian,Not Stated,Not Stated,Vehicle/Pedestrian,1,0,0,1,Crossing in Crosswalk at Intersection,POINT (-122.421731521 37.763299768),Pedestrian
42362,1.0,Driver,North,Traveling Wrong Way,Parked Vehicle,Not Stated,Not Stated,Sideswipe,0,0,0,1,No Pedestrian Involved,POINT (-122.419645907 37.738248139),Other Motor Vehicle
42363,1.0,Bicyclist,West,Proceeding Straight,Driver,South,Proceeding Straight,Broadside,0,1,0,1,No Pedestrian Involved,POINT (-122.415908179 37.77527206),Bicycle
42364,1.0,Pedestrian,South,Backing,Driver,North,Not Stated,Vehicle/Pedestrian,1,0,0,1,Crossing Not in Crosswalk,POINT (-122.432956906 37.765879762),Pedestrian
42365,1.0,Driver,North,Making Left Turn,Driver,East,Proceeding Straight,Broadside,0,0,0,1,No Pedestrian Involved,POINT (-122.386554542 37.741950241),Other Motor Vehicle
42366,1.0,Bicyclist,North,Making Right Turn,Driver,East,Proceeding Straight,Rear End,0,1,0,1,No Pedestrian Involved,POINT (-122.3947001 37.782222825),Bicycle
42367,1.0,Driver,North,Proceeding Straight,Bicyclist,Not Stated,Proceeding Straight,Broadside,0,1,0,1,No Pedestrian Involved,POINT (-122.461901378 37.762374269),Bicycle
42368,1.0,Pedestrian,South,Other,Driver,North,Backing,Vehicle/Pedestrian,1,0,0,1,Crossing Not in Crosswalk,POINT (-122.404478319 37.795386584),Pedestrian
42369,1.0,Driver,East,Changing Lanes,Pedestrian,East,Proceeding Straight,Vehicle/Pedestrian,1,0,0,1,Crossing Not in Crosswalk,POINT (-122.439020292 37.772930656),Pedestrian
42370,1.0,Driver,South,Proceeding Straight,Pedestrian,East,Proceeding Straight,Head-On,1,0,0,1,Crossing in Crosswalk at Intersection,POINT (-122.44534499 37.770210175),Pedestrian
42371,1.0,Driver,North,Proceeding Straight,Driver,North,Stopped In Road,Rear End,0,0,0,1,No Pedestrian Involved,POINT (-122.449010006 37.713884754),Other Motor Vehicle
42372,1.0,Driver,South,Making Right Turn,Bicyclist,Not Stated,Proceeding Straight,Head-On,0,1,0,1,No Pedestrian Involved,POINT (-122.441019562 37.716459546),Bicycle
42373,1.0,Driver,South,Slowing/Stopping,Driver,South,Stopped In Road,Rear End,0,0,0,1,No Pedestrian Involved,POINT (-122.48513511 37.720495358),Other Motor Vehicle
42374,1.0,Driver,East,Proceeding Straight,Pedestrian,North,Proceeding Straight,Vehicle/Pedestrian,1,0,0,1,Crossing in Crosswalk at Intersection,POINT (-122.451865727 37.769378663),Pedestrian
42375,1.0,Bicyclist,South,Proceeding Straight,Driver,West,Proceeding Straight,Broadside,0,1,0,1,No Pedestrian Involved,POINT (-122.40295736 37.793779857),Bicycle
42376,1.0,Driver,South,Changing Lanes,Driver,South,Proceeding Straight,Broadside,0,0,0,1,No Pedestrian Involved,POINT (-122.412824227 37.77281216),Other Motor Vehicle
42377,1.0,Driver,South,Traveling Wrong Way,Unknown,Unknown,Unknown,Other,0,0,0,1,No Pedestrian Involved,POINT (-122.407494721 37.80289604),Non-Collision
42378,1.0,Bicyclist,East,Changing Lanes,Driver,East,Proceeding Straight,Rear End,0,1,0,1,No Pedestrian Involved,POINT (-122.407928566 37.784034935),Bicycle
42379,1.0,Driver,South,Proceeding Straight,Unknown,Unknown,Unknown,Hit Object,0,0,0,1,No Pedestrian Involved,POINT (-122.48366249 37.771895496),Fixed Object
42380,1.0,Driver,West,Proceeding Straight,Pedestrian,South,Proceeding Straight,Vehicle/Pedestrian,1,0,0,1,Crossing in Crosswalk at Intersection,POINT (-122.457750704 37.781298525),Pedestrian
42381,1.0,Driver,West,Proceeding Straight,Pedestrian,North,Not Stated,Vehicle/Pedestrian,1,0,0,1,Crossing Not in Crosswalk,POINT (-122.497850713 37.742070996),Pedestrian
42382,1.0,Bicyclist,East,Proceeding Straight,Driver,West,Making Left Turn,Broadside,0,1,0,1,No Pedestrian Involved,POINT (-122.423947062 37.773889239),Bicycle
42383,1.0,Pedestrian,East,Not Stated,Driver,East,Proceeding Straight,Vehicle/Pedestrian,1,0,0,1,"In Road, Including Shoulder",POINT (-122.46089013 37.77737608),Pedestrian
42384,1.0,Pedestrian,East,Proceeding Straight,Driver,South,Proceeding Straight,Broadside,1,0,0,1,Crossing in Crosswalk at Intersection,POINT (-122.392632717 37.729300257),Pedestrian
42385,1.0,Driver,East,Making Left Turn,Pedestrian,West,Proceeding Straight,Vehicle/Pedestrian,1,0,0,1,Crossing in Crosswalk at Intersection,POINT (-122.447303044 37.798459233),Pedestrian
42386,1.0,Driver,South,Making Left Turn,Driver,South,Proceeding Straight,Broadside,0,0,0,1,No Pedestrian Involved,POINT (-122.502501938 37.726645182),Other Motor Vehicle
42387,1.0,Driver,South,Making Left Turn,Pedestrian,North,Not Stated,Vehicle/Pedestrian,1,0,0,1,Crossing in Crosswalk at Intersection,POINT (-122.469929181 37.739574588),Pedestrian
42388,1.0,Driver,South,Backing,Driver,West,Stopped In Road,Vehicle/Pedestrian,1,0,0,1,No Pedestrian Involved,POINT (-122.409201626 37.778123715),Pedestrian
42389,1.0,Driver,North,Stopped In Road,Driver,North,Passing Other Vehicle,Sideswipe,0,0,0,1,No Pedestrian Involved,POINT (-122.474855962 37.732047714),Other Motor Vehicle
42390,1.0,Driver,North,Making Left Turn,Pedestrian,East,Proceeding Straight,Vehicle/Pedestrian,1,0,0,1,Crossing in Crosswalk at Intersection,POINT (-122.411610117 37.773769347),Pedestrian
42391,1.0,Driver,East,Stopped In Road,Pedestrian,Not Stated,Not Stated,Vehicle/Pedestrian,1,0,0,1,"In Road, Including Shoulder",POINT (-122.417856876 37.784703333),Pedestrian
42392,1.0,Pedestrian,West,Not Stated,Driver,North,Proceeding Straight,Vehicle/Pedestrian,1,0,0,1,Crossing in Crosswalk at Intersection,POINT (-122.411331603 37.786026104),Pedestrian
42393,1.0,Pedestrian,East,Entering Traffic,Driver,West,Proceeding Straight,Head-On,1,0,0,1,Crossing Not in Crosswalk,POINT (-122.427776482 37.748456562),Pedestrian
42394,1.0,Driver,North,Proceeding Straight,Driver,North,Stopped In Road,Rear End,0,0,0,1,No Pedestrian Involved,POINT (-122.391829955 37.789346531),Other Motor Vehicle
42395,1.0,Driver,West,Proceeding Straight,Driver,West,Slowing/Stopping,Rear End,0,0,0,1,No Pedestrian Involved,POINT (-122.487295451 37.772427764),Other Motor Vehicle
42396,1.0,Driver,East,Proceeding Straight,Driver,East,Stopped In Road,Rear End,0,0,0,1,No Pedestrian Involved,POINT (-122.447922489 37.771800258),Other Motor Vehicle
42397,1.0,Driver,West,Making Right Turn,Bicyclist,West,Proceeding Straight,Sideswipe,0,1,0,1,No Pedestrian Involved,POINT (-122.480040016 37.774632348),Bicycle
42398,1.0,Driver,West,Proceeding Straight,Driver,South,Backing,Sideswipe,0,0,0,1,No Pedestrian Involved,POINT (-122.417429493 37.770776012),Motor Vehicle on Other Roadway
42399,,Driver,South,Making Left Turn,Other,South,Proceeding Straight,Broadside,0,0,0,1,No Pedestrian Involved,POINT (-122.388001121 37.755389885),Train
42400,1.0,Bicyclist,South,Not Stated,Driver,East,Proceeding Straight,Other,0,1,0,1,No Pedestrian Involved,POINT (-122.433734773 37.771688274),Bicycle