party_id,party_at_fault,party1_type,party1_dir_of_travel,party1_move_pre_acc,party2_type,party2_dir_of_travel,party2_move_pre_acc,type_of_collision,involves_pedestrian,involves_bicycle,involves_motorcycle,involves_vehicle,ped_action,point,mviw
42708,1.0,Driver,South,Making Left Turn,Pedestrian,North,Proceeding Straight,Vehicle/Pedestrian,1,0,0,1,Crossing in Crosswalk at Intersection,POINT (-122.404266873 37.784478745),Pedestrian
42709,1.0,Driver,West,Backing,Pedestrian,South,Not Stated,Vehicle/Pedestrian,1,0,0,1,Crossing in Crosswalk at Intersection,POINT (-122.418386055 37.787484466),Pedestrian
42710,1.0,Bicyclist,East,Proceeding Straight,Driver,South,Proceeding Straight,Broadside,0,1,0,1,No Pedestrian Involved,POINT (-122.455449485 37.770423204),Bicycle
42711,,Driver,West,Proceeding Straight,Driver,South,Making Left Turn,Broadside,0,0,0,1,No Pedestrian Involved,POINT (-122.396262401 37.783440753),Other Motor Vehicle
42712,1.0,Pedestrian,South,Not Stated,Driver,East,Proceeding Straight,Vehicle/Pedestrian,1,0,0,1,Crossing in Crosswalk at Intersection,POINT (-122.42432771 37.791966997),Pedestrian
42713,1.0,Driver,South,Making Left Turn,Pedestrian,West,Proceeding Straight,Head-On,1,0,0,1,Crossing in Crosswalk at Intersection,POINT (-122.446604657 37.786273613),Pedestrian
42714,1.0,Driver,South,Parking Maneuver,Bicyclist,South,Proceeding Straight,Sideswipe,0,1,0,1,No Pedestrian Involved,POINT (-122.459192123 37.785845028),Bicycle
42715,1.0,Driver,South,Making Right Turn,Unknown,Unknown,Unknown,Hit Object,0,0,0,1,No Pedestrian Involved,POINT (-122.398977168 37.786209492),Fixed Object
42716,1.0,Bicyclist,East,Proceeding Straight,Driver,West,Making Left Turn,Head-On,0,1,0,1,No Pedestrian Involved,POINT (-122.423112826 37.764843274),Bicycle
42717,1.0,Driver,West,Proceeding Straight,Parked Vehicle,Not Stated,Parked,Sideswipe,0,0,0,1,No Pedestrian Involved,POINT (-122.422665899 37.728822323),Parked Motor Vehicle
42718,1.0,Pedestrian,East,Proceeding Straight,Driver,South,Proceeding Straight,Vehicle/Pedestrian,1,0,0,1,Crossing Not in Crosswalk,POINT (-122.435908438 37.758703555),Pedestrian
42719,1.0,Driver,North,Proceeding Straight,Driver,South,Making Left Turn,Broadside,0,0,0,1,No Pedestrian Involved,POINT (-122.421192974 37.784753446),Other Motor Vehicle
42720,1.0,Driver,North,Proceeding Straight,Driver,South,Proceeding Straight,Broadside,0,0,0,1,No Pedestrian Involved,POINT (-122.438552278 37.778724108),Other Motor Vehicle
42721,1.0,Driver,East,Proceeding Straight,Driver,East,Stopped In Road,Rear End,0,0,0,1,No Pedestrian Involved,POINT (-122.459790374 37.762925938),Other Motor Vehicle
42722,1.0,Driver,West,Proceeding Straight,Bicyclist,North,Proceeding Straight,Broadside,0,1,0,1,No Pedestrian Involved,POINT (-122.402052805 37.797503428),Bicycle
42723,1.0,Pedestrian,East,Entering Traffic,Driver,South,Proceeding Straight,Vehicle/Pedestrian,1,0,0,1,Crossing Not in Crosswalk,POINT (-122.442706828 37.782677239),Pedestrian
42724,1.0,Bicyclist,East,Proceeding Straight,Driver,North,Making Left Turn,Broadside,0,1,0,1,No Pedestrian Involved,POINT (-122.405703409 37.795239806),Bicycle
42725,1.0,Pedestrian,East,Proceeding Straight,Driver,South,Proceeding Straight,Vehicle/Pedestrian,1,0,0,1,Crossing Not in Crosswalk,POINT (-122.411369129 37.776032557),Pedestrian
42726,1.0,Driver,West,Proceeding Straight,Pedestrian,South,Proceeding Straight,Vehicle/Pedestrian,1,0,0,1,Crossing in Crosswalk at Intersection,POINT (-122.481372157 37.778311833),Pedestrian
42727,1.0,Driver,West,Other Unsafe Turning,Driver,South,Proceeding Straight,Sideswipe,0,0,0,1,No Pedestrian Involved,POINT (-122.471821189 37.773203431),Other Motor Vehicle
42728,1.0,Driver,West,Proceeding Straight,Bicyclist,North,Proceeding Straight,Sideswipe,0,1,0,1,No Pedestrian Involved,POINT (-122.493330784 37.764732912),Bicycle
42729,1.0,Parked Vehicle,South,Parked,Bicyclist,South,Proceeding Straight,Not Stated,0,1,0,0,No Pedestrian Involved,POINT (-122.421400737 37.794125589),Bicycle
42730,1.0,Pedestrian,South,Proceeding Straight,Driver,East,Proceeding Straight,Head-On,1,0,0,1,Crossing Not in Crosswalk,POINT (-122.406962345 37.786544548),Other Motor Vehicle
42731,1.0,Driver,South,Proceeding Straight,Driver,North,Parking Maneuver,Sideswipe,0,0,0,1,No Pedestrian Involved,POINT (-122.485037452 37.72226825),Other Motor Vehicle
42732,1.0,Driver,Not Stated,Making Right Turn,Driver,South,Stopped In Road,Rear End,0,0,0,1,No Pedestrian Involved,POINT (-122.409361285 37.792970772),Other Motor Vehicle
42733,1.0,Driver,East,Proceeding Straight,Driver,East,Stopped In Road,Rear End,0,0,0,1,No Pedestrian Involved,POINT (-122.401262155 37.781943364),Other Motor Vehicle
42734,1.0,Driver,West,Proceeding Straight,Driver,West,Stopped In Road,Rear End,0,0,0,1,No Pedestrian Involved,POINT (-122.45326873 37.777840611),Other Motor Vehicle
42735,1.0,Driver,West,Changing Lanes,Driver,West,Proceeding Straight,Other,0,0,0,1,No Pedestrian Involved,POINT (-122.407160309 37.779738257),Motor Vehicle on Other Roadway
42736,1.0,Pedestrian,South,Proceeding Straight,Driver,East,Slowing/Stopping,Vehicle/Pedestrian,1,0,0,1,Crossing Not in Crosswalk,POINT (-122.48272605 37.753964865),Pedestrian
42737,1.0,Driver,North,Changing Lanes,Driver,North,Proceeding Straight,Sideswipe,0,0,0,1,No Pedestrian Involved,POINT (-122.403633709 37.731053969),Other Motor Vehicle
42738,,Driver,North,Backing,Driver,North,Proceeding Straight,Rear End,0,0,0,1,No Pedestrian Involved,POINT (-122.501727279 37.777307387),Other Motor Vehicle
42739,1.0,Driver,West,Proceeding Straight,Bicyclist,West,Making Left Turn,Sideswipe,0,1,0,1,No Pedestrian Involved,POINT (-122.423814982 37.779638985),Bicycle
42740,1.0,Driver,North,Making Left Turn,Pedestrian,West,Proceeding Straight,Vehicle/Pedestrian,1,0,0,1,Crossing in Crosswalk Not at Intersection,POINT (-122.410892933 37.79639772),Pedestrian
42741,1.0,Pedestrian,West,Not Stated,Driver,West,Proceeding Straight,Vehicle/Pedestrian,1,0,0,1,"In Road, Including Shoulder",POINT (-122.457886701 37.724281625),Pedestrian
42742,1.0,Driver,West,Proceeding Straight,Pedestrian,North,Proceeding Straight,Vehicle/Pedestrian,1,0,0,1,Crossing in Crosswalk at Intersection,POINT (-122.439666536 37.784320986),Pedestrian
42743,1.0,Driver,East,Making U Turn,Pedestrian,East,Proceeding Straight,Vehicle/Pedestrian,1,0,0,1,Crossing in Crosswalk at Intersection,POINT (-122.410817534 37.791834629),Pedestrian
42744,1.0,Driver,West,Proceeding Straight,Driver,West,Parking Maneuver,Broadside,0,0,0,1,No Pedestrian Involved,POINT (-122.486088116 37.780091098),Other Motor Vehicle
42745,1.0,Driver,South,Making U Turn,Driver,South,Proceeding Straight,Broadside,0,0,0,1,No Pedestrian Involved,POINT (-122.439081696 37.711749777),Other Motor Vehicle
42746,1.0,Driver,South,Proceeding Straight,Driver,East,Proceeding Straight,Broadside,0,0,0,1,No Pedestrian Involved,POINT (-122.484595238 37.778165835),Other Motor Vehicle
42747,1.0,Driver,North,Proceeding Straight,Driver,North,Proceeding Straight,Rear End,0,0,0,1,No Pedestrian Involved,POINT (-122.429998987 37.778806871),Other Motor Vehicle
42748,1.0,Driver,East,Changing Lanes,Driver,East,Proceeding Straight,Rear End,0,0,0,1,No Pedestrian Involved,POINT (-122.40434742 37.774598079),Other Motor Vehicle
42749,1.0,Driver,South,Making Left Turn,Pedestrian,West,Proceeding Straight,Vehicle/Pedestrian,1,0,0,1,Crossing in Crosswalk at Intersection,POINT (-122.413730913 37.789541893),Pedestrian
42750,1.0,Driver,South,Proceeding Straight,Driver,South,Stopped In Road,Rear End,0,0,0,1,No Pedestrian Involved,POINT (-122.399005873 37.800562499),Other Motor Vehicle
42751,1.0,Driver,West,Proceeding Straight,Driver,West,Stopped In Road,Rear End,0,0,0,1,No Pedestrian Involved,POINT (-122.446295724 37.720646843),Other Motor Vehicle
42752,1.0,Driver,South,Making Left Turn,Driver,South,Proceeding Straight,Broadside,0,0,0,1,No Pedestrian Involved,POINT (-122.425616053 37.789951886),Other Motor Vehicle
42753,1.0,Pedestrian,West,Proceeding Straight,Driver,North,Proceeding Straight,Vehicle/Pedestrian,1,0,0,1,Crossing in Crosswalk at Intersection,POINT (-122.41626551 37.752372788),Pedestrian
42754,1.0,Driver,West,Proceeding Straight,Parked Vehicle,West,Parked,Sideswipe,0,0,0,1,No Pedestrian Involved,POINT (-122.408446144 37.778722201),Parked Motor Vehicle
42755,1.0,Driver,East,Proceeding Straight,Parked Vehicle,East,Parked,Rear End,0,0,0,1,No Pedestrian Involved,POINT (-122.423566149 37.742277292),Parked Motor Vehicle
42756,1.0,Driver,North,Parked,Other,North,Proceeding Straight,Sideswipe,0,0,0,1,No Pedestrian Involved,POINT (-122.40787657 37.785611739),Other Object
42757,1.0,Driver,West,Proceeding Straight,Driver,South,Making Left Turn,Broadside,0,0,0,1,No Pedestrian Involved,POINT (-122.455523986 37.78143114),Other Motor Vehicle
42758,1.0,Driver,West,Stopped In Road,Pedestrian,West,Proceeding Straight,Vehicle/Pedestrian,1,0,0,1,Crossing in Crosswalk at Intersection,POINT (-122.446610465 37.786302299),Pedestrian
42759,1.0,Pedestrian,North,Entering Traffic,Driver,East,Making Right Turn,Vehicle/Pedestrian,1,0,0,1,Not Stated,POINT (-122.40971585 37.781741825),Pedestrian
42760,1.0,Pedestrian,East,Not Stated,Driver,North,Proceeding Straight,Vehicle/Pedestrian,1,0,0,1,"In Road, Including Shoulder",POINT (-122.40480695 37.794506825),Pedestrian
42761,1.0,Driver,South,Making Left Turn,Pedestrian,East,Not Stated,Vehicle/Pedestrian,1,0,0,1,Crossing in Crosswalk at Intersection,POINT (-122.402209197 37.728101973),Pedestrian
42762,1.0,Driver,North,Stopped In Road,Parked Vehicle,North,Parked,Rear End,0,0,0,1,No Pedestrian Involved,POINT (-122.397376086 37.718866774),Parked Motor Vehicle
42763,1.0,Driver,West,Making Left Turn,Driver,East,Proceeding Straight,Broadside,0,0,0,1,No Pedestrian Involved,POINT (-122.475773242 37.744918719),Other Motor Vehicle
42764,1.0,Driver,West,Making Left Turn,Pedestrian,North,Proceeding Straight,Vehicle/Pedestrian,1,0,0,1,Crossing in Crosswalk at Intersection,POINT (-122.41353465 37.788599062),Pedestrian
42765,1.0,Driver,West,Passing Other Vehicle,Driver,West,Stopped In Road,Head-On,0,0,0,1,No Pedestrian Involved,POINT (-122.396281747 37.737976047),Other Motor Vehicle
42766,1.0,Pedestrian,Not Stated,Not Stated,Driver,East,Proceeding Straight,Vehicle/Pedestrian,1,0,0,1,"In Road, Including Shoulder",POINT (-122.418192661 37.805043246),Pedestrian
42767,1.0,Driver,North,Making Left Turn,Pedestrian,West,Not Stated,Vehicle/Pedestrian,1,0,0,1,Crossing in Crosswalk at Intersection,POINT (-122.406968173 37.739578215),Pedestrian
42768,1.0,Driver,North,Stopped In Road,Unknown,Unknown,Unknown,Hit Object,0,0,0,1,No Pedestrian Involved,POINT (-122.426847986 37.731775403),Fixed Object
42769,1.0,Pedestrian,East,Not Stated,Driver,South,Proceeding Straight,Vehicle/Pedestrian,1,0,0,1,Crossing Not in Crosswalk,POINT (-122.499058976 37.731576071),Pedestrian
42770,1.0,Driver,North,Proceeding Straight,Driver,North,Stopped In Road,Rear End,0,0,0,1,No Pedestrian Involved,POINT (-122.437507426 37.723664355),Other Motor Vehicle
42771,1.0,Driver,East,Making Left Turn,Bicyclist,West,Proceeding Straight,Broadside,0,1,0,1,No Pedestrian Involved,POINT (-122.415308388 37.76531464),Bicycle
42772,1.0,Bicyclist,South,Proceeding Straight,Parked Vehicle,South,Not Stated,Not Stated,0,0,0,0,No Pedestrian Involved,POINT (-122.418829327 37.781341213),Not Stated
42773,1.0,Driver,North,Making Left Turn,Driver,East,Proceeding Straight,Broadside,0,0,0,1,No Pedestrian Involved,POINT (-122.456314708 37.746530446),Other Motor Vehicle
42774,1.0,Driver,East,Proceeding Straight,Pedestrian,North,Proceeding Straight,Vehicle/Pedestrian,1,0,0,1,Crossing in Crosswalk at Intersection,POINT (-122.466072656 37.760310582),Pedestrian
42775,1.0,Driver,East,Proceeding Straight,Driver,East,Stopped In Road,Rear End,0,0,0,1,No Pedestrian Involved,POINT (-122.394300038 37.78008973),Other Motor Vehicle
42776,1.0,Driver,East,Proceeding Straight,Pedestrian,South,Proceeding Straight,Vehicle/Pedestrian,1,0,0,1,Crossing in Crosswalk at Intersection,POINT (-122.4686533 37.729606192),Pedestrian
42777,,Driver,East,Proceeding Straight,Parked Vehicle,East,Parked,Rear End,0,0,0,1,No Pedestrian Involved,POINT (-122.438249355 37.783550452),Parked Motor Vehicle
42778,1.0,Driver,East,Stopped In Road,Other,Not Stated,Other,Sideswipe,0,1,0,1,No Pedestrian Involved,POINT (-122.402439369 37.785843914),Bicycle
42779,1.0,Driver,North,Proceeding Straight,Parked Vehicle,East,Parked,Head-On,0,0,0,1,No Pedestrian Involved,POINT (-122.388612123 37.789861115),Parked Motor Vehicle
42780,,Driver,North,Making Left Turn,Unknown,Unknown,Unknown,Hit Object,0,0,0,1,No Pedestrian Involved,POINT (-122.44090822 37.727738171),Fixed Object
42781,1.0,Driver,West,Backing,Pedestrian,South,Proceeding Straight,Vehicle/Pedestrian,1,0,0,1,"In Road, Including Shoulder",POINT (-122.430952684 37.791319552),Pedestrian
42782,1.0,Driver,North,Changing Lanes,Driver,North,Proceeding Straight,Sideswipe,0,0,0,1,No Pedestrian Involved,POINT (-122.475644468 37.743051813),Other Motor Vehicle
42783,1.0,Driver,North,Making Left Turn,Driver,North,Stopped In Road,Rear End,0,0,0,1,No Pedestrian Involved,POINT (-122.408493158 37.78445273),Other Motor Vehicle
42784,1.0,Driver,South,Proceeding Straight,Driver,West,Making Left Turn,Broadside,0,0,0,1,No Pedestrian Involved,POINT (-122.430989253 37.783507754),Other Motor Vehicle
42785,1.0,Pedestrian,South,Not Stated,Driver,East,Proceeding Straight,Vehicle/Pedestrian,1,0,0,1,Crossing Not in Crosswalk,POINT (-122.422618326 37.740937069),Pedestrian
42786,,Driver,East,Proceeding Straight,Unknown,Unknown,Unknown,Hit Object,0,0,0,1,No Pedestrian Involved,POINT (-122.438070163 37.761721022),Fixed Object
42787,1.0,Driver,North,Making Left Turn,Pedestrian,North,Not Stated,Vehicle/Pedestrian,1,0,0,1,Crossing in Crosswalk at Intersection,POINT (-122.427998606 37.784960094),Pedestrian
42788,,Driver,East,Changing Lanes,Parked Vehicle,East,Parked,Rear End,0,0,0,1,No Pedestrian Involved,POINT (-122.43874425 37.729736533),Parked Motor Vehicle
42789,1.0,Driver,West,Making Left Turn,Driver,South,Proceeding Straight,Broadside,0,0,0,1,No Pedestrian Involved,POINT (-122.423792965 37.797616582),Other Motor Vehicle
42790,1.0,Driver,South,Making Left Turn,Driver,East,Proceeding Straight,Broadside,0,0,0,1,No Pedestrian Involved,POINT (-122.487967432 37.764970793),Other Motor Vehicle
42791,1.0,Pedestrian,East,Not Stated,Driver,North,Proceeding Straight,Vehicle/Pedestrian,1,0,0,1,Crossing in Crosswalk at Intersection,POINT (-122.391532712 37.732418842),Pedestrian
42792,1.0,Driver,East,Proceeding Straight,Bicyclist,Not Stated,Stopped In Road,Other,0,1,0,1,No Pedestrian Involved,POINT (-122.469391827 37.762034108),Bicycle
42793,1.0,Driver,North,Backing,Bicyclist,East,Proceeding Straight,Broadside,0,1,0,1,No Pedestrian Involved,POINT (-122.450525611 37.731494542),Bicycle
42794,1.0,Driver,South,Making Right Turn,Driver,East,Proceeding Straight,Other,0,0,0,1,No Pedestrian Involved,POINT (-122.481515722 37.780225819),Non-Collision
42795,1.0,Driver,North,Proceeding Straight,Unknown,Unknown,Unknown,Overturned,0,0,0,1,No Pedestrian Involved,POINT (-122.423959243 37.763167824),Fixed Object
42796,1.0,Driver,West,Proceeding Straight,Driver,North,Making Left Turn,Broadside,0,0,0,1,No Pedestrian Involved,POINT (-122.395376933 37.72965422),Other Motor Vehicle
42797,,Driver,Not Stated,Making Left Turn,Driver,South,Proceeding Straight,Sideswipe,0,0,0,1,No Pedestrian Involved,POINT (-122.404657097 37.732948783),Other Motor Vehicle
42798,1.0,Pedestrian,West,Proceeding Straight,Driver,North,Proceeding Straight,Vehicle/Pedestrian,1,0,0,1,Crossing Not in Crosswalk,POINT (-122.422086265 37.766976812),Pedestrian
42799,1.0,Pedestrian,Not Stated,Other,Driver,East,Proceeding Straight,Vehicle/Pedestrian,1,0,0,1,Crossing in Crosswalk at Intersection,POINT (-122.425137867 37.804142239),Pedestrian
42800,1.0,Driver,East,Proceeding Straight,Driver,East,Stopped In Road,Rear End,0,0,0,1,No Pedestrian Involved,POINT (-122.453209383 37.781676073),Other Motor Vehicle
42801,1.0,Bicyclist,East,Proceeding Straight,Driver,South,Making Right Turn,Broadside,0,1,0,1,No Pedestrian Involved,POINT (-122.442209785 37.805786275),Bicycle
42802,1.0,Driver,East,Proceeding Straight,Driver,North,Proceeding Straight,Broadside,0,0,0,1,No Pedestrian Involved,POINT (-122.484874258 37.782025495),Other Motor Vehicle
42803,1.0,Driver,East,Proceeding Straight,Driver,East,Stopped In Road,Rear End,0,0,0,1,No Pedestrian Involved,POINT (-122.423502717 37.771743088),Other Motor Vehicle
42804,1.0,Driver,East,Making U Turn,Driver,South,Proceeding Straight,Broadside,0,0,0,1,No Pedestrian Involved,POINT (-122.512166105 37.776933524),Other Motor Vehicle
42805,1.0,Parked Vehicle,East,Parked,Bicyclist,East,Proceeding Straight,Sideswipe,0,1,0,0,No Pedestrian Involved,POINT (-122.410962662 37.752684888),Bicycle
42806,1.0,Pedestrian,East,Other,Driver,North,Stopped In Road,Vehicle/Pedestrian,1,0,0,1,Crossing Not in Crosswalk,POINT (-122.403279441 37.747311214),Pedestrian
42807,1.0,Driver,East,Proceeding Straight,Driver,East,Stopped In Road,Rear End,0,0,0,1,No Pedestrian Involved,POINT (-122.392457822 37.750013091),Other Motor Vehicle
42808,1.0,Driver,South,Making Left Turn,Driver,West,Proceeding Straight,Sideswipe,0,0,0,1,No Pedestrian Involved,POINT (-122.419825234 37.766673601),Other Motor Vehicle
42809,1.0,Driver,West,Making U Turn,Driver,West,Proceeding Straight,Broadside,0,0,0,1,No Pedestrian Involved,POINT (-122.40700149 37.770049773),Other Motor Vehicle
42810,1.0,Driver,West,Making Left Turn,Driver,East,Proceeding Straight,Head-On,0,0,0,1,No Pedestrian Involved,POINT (-122.424923366 37.770733422),Other Motor Vehicle
42811,1.0,Driver,South,Not Stated,Driver,South,Stopped In Road,Rear End,0,0,0,1,No Pedestrian Involved,POINT (-122.397768407 37.799250782),Other Motor Vehicle
42812,1.0,Pedestrian,South,Proceeding Straight,Bicyclist,East,Entering Traffic,Other,1,0,0,0,Crossing Not in Crosswalk,POINT (-122.422218598 37.772883746),Pedestrian
42813,,Driver,West,Proceeding Straight,Driver,South,Proceeding Straight,Broadside,0,0,0,1,No Pedestrian Involved,POINT (-122.40753423 37.765783299),Other Motor Vehicle
42814,1.0,Driver,East,Proceeding Straight,Parked Vehicle,East,Parked,Sideswipe,0,0,0,1,No Pedestrian Involved,POINT (-122.419030246 37.795370866),Parked Motor Vehicle
42815,1.0,Driver,East,Proceeding Straight,Driver,South,Proceeding Straight,Broadside,0,0,0,1,No Pedestrian Involved,POINT (-122.506999208 37.760377066),Motor Vehicle on Other Roadway
42816,1.0,Driver,North,Proceeding Straight,Driver,North,Stopped In Road,Rear End,0,0,0,1,No Pedestrian Involved,POINT (-122.451938632 37.712093227),Other Motor Vehicle
42817,1.0,Driver,East,Proceeding Straight,Pedestrian,South,Other,Broadside,1,0,0,1,Crossing in Crosswalk at Intersection,POINT (-122.399616233 37.780791483),Pedestrian
42818,1.0,Driver,South,Backing,Pedestrian,East,Not Stated,Vehicle/Pedestrian,1,0,0,1,Crossing in Crosswalk at Intersection,POINT (-122.410951618 37.784141013),Pedestrian
42819,1.0,Driver,Not Stated,Proceeding Straight,Driver,West,Making Left Turn,Broadside,0,0,0,1,No Pedestrian Involved,POINT (-122.391244493 37.733223263),Other Motor Vehicle
42820,1.0,Driver,South,Proceeding Straight,Driver,East,Proceeding Straight,Broadside,0,0,0,1,No Pedestrian Involved,POINT (-122.40546342 37.764605967),Not Stated
42821,1.0,Driver,West,Proceeding Straight,Unknown,Unknown,Unknown,Hit Object,0,0,0,1,No Pedestrian Involved,POINT (-122.414360375 37.733009512),Fixed Object
42822,1.0,Driver,South,Proceeding Straight,Driver,South,Stopped In Road,Rear End,0,0,0,1,No Pedestrian Involved,POINT (-122.473948808 37.748784355),Other Motor Vehicle
42823,1.0,Driver,North,Making Right Turn,Driver,East,Proceeding Straight,Broadside,0,0,0,1,No Pedestrian Involved,POINT (-122.494139742 37.760945033),Other Motor Vehicle
42824,1.0,Driver,East,Making Right Turn,Driver,East,Proceeding Straight,Broadside,0,0,0,1,No Pedestrian Involved,POINT (-122.437861213 37.783708112),Other Motor Vehicle
42825,1.0,Driver,West,Proceeding Straight,Driver,South,Making Left Turn,Sideswipe,0,0,0,1,No Pedestrian Involved,POINT (-122.476694206 37.772912858),Other Motor Vehicle
42826,1.0,Driver,West,Making Left Turn,Driver,South,Proceeding Straight,Broadside,0,0,0,1,No Pedestrian Involved,POINT (-122.463810424 37.774469668),Other Motor Vehicle
42827,1.0,Driver,East,Slowing/Stopping,Pedestrian,South,Not Stated,Vehicle/Pedestrian,1,0,0,1,Crossing in Crosswalk at Intersection,POINT (-122.4165196 37.739061699),Pedestrian
42828,,Pedestrian,East,Other,Driver,East,Making Right Turn,Vehicle/Pedestrian,1,0,0,1,Crossing in Crosswalk at Intersection,POINT (-122.433606338 37.722000221),Pedestrian
42829,1.0,Driver,East,Making Left Turn,Driver,West,Proceeding Straight,Broadside,0,0,0,1,No Pedestrian Involved,POINT (-122.415577015 37.769591161),Other Motor Vehicle
42830,1.0,Driver,East,Proceeding Straight,Driver,South,Proceeding Straight,Broadside,0,0,0,1,No Pedestrian Involved,POINT (-122.422871201 37.793050003),Other Motor Vehicle
42831,1.0,Other,West,Slowing/Stopping,Unknown,Unknown,Unknown,Other,0,0,0,0,No Pedestrian Involved,POINT (-122.412578448 37.808618067),Other Motor Vehicle
42832,1.0,Driver,West,Making Left Turn,Driver,North,Proceeding Straight,Broadside,0,0,0,1,No Pedestrian Involved,POINT (-122.401992727 37.76902947),Other Motor Vehicle
42833,1.0,Bicyclist,South,Proceeding Straight,Driver,South,Making Right Turn,Rear End,0,1,0,1,No Pedestrian Involved,POINT (-122.44647083 37.775801592),Bicycle
42834,1.0,Driver,North,Making Right Turn,Driver,North,Proceeding Straight,Sideswipe,0,0,0,1,No Pedestrian Involved,POINT (-122.423994767 37.740096903),Other Motor Vehicle
42835,1.0,Driver,East,Proceeding Straight,Driver,South,Proceeding Straight,Broadside,0,0,0,1,No Pedestrian Involved,POINT (-122.417016878 37.789110176),Other Motor Vehicle
42836,1.0,Driver,North,Changing Lanes,Driver,North,Proceeding Straight,Hit Object,0,0,0,1,No Pedestrian Involved,POINT (-122.390693773 37.734797359),Fixed Object
42837,1.0,Driver,West,Proceeding Straight,Driver,South,Proceeding Straight,Broadside,0,0,0,1,No Pedestrian Involved,POINT (-122.42100836 37.783824118),Other Motor Vehicle
42838,1.0,Bicyclist,South,Proceeding Straight,Parked Vehicle,Not Stated,Parked,Sideswipe,0,1,0,0,No Pedestrian Involved,POINT (-122.507807947 37.756642819),Bicycle
42839,1.0,Driver,South,Other Unsafe Turning,Unknown,Unknown,Unknown,Hit Object,0,0,0,1,No Pedestrian Involved,POINT (-122.484127209 37.73527416),Fixed Object
42840,1.0,Driver,South,Making Left Turn,Bicyclist,East,Not Stated,Head-On,0,1,0,1,No Pedestrian Involved,POINT (-122.4298492 37.777919296),Bicycle
42841,1.0,Driver,South,Making Left Turn,Pedestrian,West,Proceeding Straight,Vehicle/Pedestrian,1,0,0,1,Crossing in Crosswalk at Intersection,POINT (-122.434144537 37.733550344),Pedestrian
42842,1.0,Driver,North,Proceeding Straight,Driver,North,Stopped In Road,Rear End,0,0,0,1,No Pedestrian Involved,POINT (-122.472310436 37.781606306),Other Motor Vehicle
42843,1.0,Driver,West,Proceeding Straight,Driver,East,Making Left Turn,Head-On,0,0,0,1,No Pedestrian Involved,POINT (-122.443517047 37.760509209),Other Motor Vehicle
42844,1.0,Driver,East,Proceeding Straight,Unknown,Unknown,Unknown,Hit Object,0,0,0,1,No Pedestrian Involved,POINT (-122.456175905 37.71015574),Fixed Object
42845,1.0,Driver,East,Proceeding Straight,Driver,East,Slowing/Stopping,Rear End,0,0,0,1,No Pedestrian Involved,POINT (-122.426451986 37.774527303),Other Motor Vehicle
42846,1.0,Driver,West,Making Right Turn,Driver,West,Making Right Turn,Sideswipe,0,0,0,1,No Pedestrian Involved,POINT (-122.403205081 37.773051102),Other Motor Vehicle
42847,1.0,Bicyclist,North,Making Right Turn,Driver,North,Proceeding Straight,Sideswipe,0,1,0,1,No Pedestrian Involved,POINT (-122.414691553 37.758912058),Bicycle
42848,,Driver,North,Proceeding Straight,Bicyclist,East,Proceeding Straight,Broadside,0,1,0,1,No Pedestrian Involved,POINT (-122.405701435 37.806667289),Bicycle
42849,1.0,Driver,East,Making Left Turn,Driver,West,Slowing/Stopping,Overturned,0,0,0,1,No Pedestrian Involved,POINT (-122.418530632 37.804999044),Other Motor Vehicle
42850,1.0,Pedestrian,East,Other,Bicyclist,South,Proceeding Straight,Vehicle/Pedestrian,1,0,0,0,Crossing Not in Crosswalk,POINT (-122.422074301 37.766853593),Other Object
42851,1.0,Driver,West,Making Left Turn,Bicyclist,East,Proceeding Straight,Other,0,1,0,1,No Pedestrian Involved,POINT (-122.44693382 37.770007606),Bicycle
42852,1.0,Driver,West,Entering Traffic,Driver,West,Not Stated,Broadside,0,0,0,1,No Pedestrian Involved,POINT (-122.411537256 37.800150332),Other Motor Vehicle
42853,1.0,Driver,North,Proceeding Straight,Pedestrian,South,Proceeding Straight,Not Stated,1,0,0,1,"In Road, Including Shoulder",POINT (-122.4051191 37.804492752),Pedestrian
42854,1.0,Pedestrian,West,Proceeding Straight,Driver,South,Passing Other Vehicle,Vehicle/Pedestrian,1,0,0,1,Crossing in Crosswalk Not at Intersection,POINT (-122.388297965 37.783472781),Pedestrian
42855,,Driver,North,Making Left Turn,Pedestrian,East,Other,Vehicle/Pedestrian,1,0,0,1,Crossing in Crosswalk at Intersection,POINT (-122.421886446 37.764917378),Pedestrian
42856,1.0,Driver,North,Making U Turn,Driver,North,Proceeding Straight,Broadside,0,0,0,1,No Pedestrian Involved,POINT (-122.420130343 37.746576031),Other Motor Vehicle
42857,1.0,Driver,East,Proceeding Straight,Driver,North,Proceeding Straight,Broadside,0,0,0,1,No Pedestrian Involved,POINT (-122.454175993 37.781598822),Other Motor Vehicle
42858,1.0,Driver,South,Proceeding Straight,Pedestrian,West,Other,Vehicle/Pedestrian,1,0,0,1,Crossing in Crosswalk at Intersection,POINT (-122.437969294 37.775903865),Pedestrian
42859,1.0,Pedestrian,East,Proceeding Straight,Driver,North,Proceeding Straight,Head-On,1,0,0,1,Crossing Not in Crosswalk,POINT (-122.419363152 37.775270631),Pedestrian
42860,1.0,Driver,North,Proceeding Straight,Bicyclist,North,Proceeding Straight,Rear End,0,1,0,1,No Pedestrian Involved,POINT (-122.410743776 37.768315505),Bicycle
42861,1.0,Driver,West,Proceeding Straight,Driver,West,Making Right Turn,Rear End,0,0,0,1,No Pedestrian Involved,POINT (-122.454392239 37.723543806),Other Motor Vehicle