party_id,party_at_fault,party1_type,party1_dir_of_travel,party1_move_pre_acc,party2_type,party2_dir_of_travel,party2_move_pre_acc,type_of_collision,involves_pedestrian,involves_bicycle,involves_motorcycle,involves_vehicle,ped_action,point,mviw
43784,1.0,Driver,East,Proceeding Straight,Pedestrian,North,Other,Vehicle/Pedestrian,1,0,0,1,Crossing in Crosswalk at Intersection,POINT (-122.474206347 37.732119999),Pedestrian
43785,1.0,Driver,South,Proceeding Straight,Driver,East,Proceeding Straight,Broadside,0,0,0,1,No Pedestrian Involved,POINT (-122.465919986 37.758444594),Other Motor Vehicle
43786,1.0,Driver,North,Proceeding Straight,Unknown,Unknown,Unknown,Hit Object,0,0,0,1,No Pedestrian Involved,POINT (-122.424289906 37.738936473),Fixed Object
43787,,Driver,West,Proceeding Straight,Pedestrian,North,Proceeding Straight,Broadside,1,0,0,1,Crossing in Crosswalk at Intersection,POINT (-122.435646457 37.806191436),Pedestrian
43788,1.0,Driver,South,Making Left Turn,Driver,North,Proceeding Straight,Broadside,0,0,0,1,No Pedestrian Involved,POINT (-122.502501938 37.726645182),Other Motor Vehicle
43789,1.0,Driver,North,Making Left Turn,Driver,North,Proceeding Straight,Sideswipe,0,0,0,1,No Pedestrian Involved,POINT (-122.408079101 37.794940686),Other Motor Vehicle
43790,1.0,Driver,South,Making Left Turn,Driver,South,Proceeding Straight,Broadside,0,0,0,1,No Pedestrian Involved,POINT (-122.407797392 37.793529895),Other Motor Vehicle
43791,1.0,Pedestrian,South,Other,Driver,East,Proceeding Straight,Vehicle/Pedestrian,1,0,0,1,Crossing Not in Crosswalk,POINT (-122.442694882 37.712414198),Pedestrian
43792,1.0,Driver,South,Stopped In Road,Driver,East,Proceeding Straight,Broadside,0,0,0,1,No Pedestrian Involved,POINT (-122.40024641 37.739275902),Other Motor Vehicle
43793,1.0,Driver,East,Backing,Driver,North,Proceeding Straight,Broadside,0,0,0,1,No Pedestrian Involved,POINT (-122.42213699 37.781054828),Motor Vehicle on Other Roadway
43794,1.0,Driver,South,Proceeding Straight,Driver,South,Stopped In Road,Rear End,0,0,0,1,No Pedestrian Involved,POINT (-122.399723681 37.780877304),Other Motor Vehicle
43795,1.0,Driver,West,Backing,Bicyclist,North,Proceeding Straight,Rear End,0,1,0,1,No Pedestrian Involved,POINT (-122.431360785 37.728769976),Bicycle
43796,1.0,Driver,West,Proceeding Straight,Pedestrian,North,Not Stated,Vehicle/Pedestrian,1,0,0,1,Crossing Not in Crosswalk,POINT (-122.492629963 37.742304909),Pedestrian
43797,1.0,Driver,East,Proceeding Straight,Unknown,Unknown,Unknown,Hit Object,0,0,0,1,No Pedestrian Involved,POINT (-122.471505995 37.776892556),Fixed Object
43798,1.0,Driver,East,Backing,Driver,West,Proceeding Straight,Rear End,0,0,0,1,No Pedestrian Involved,POINT (-122.379177809 37.726378156),Other Motor Vehicle
43799,1.0,Pedestrian,North,Proceeding Straight,Driver,East,Proceeding Straight,Broadside,1,0,0,1,Not Stated,POINT (-122.401517755 37.764844139),Pedestrian
43800,1.0,Driver,North,Parking Maneuver,Unknown,Unknown,Unknown,Sideswipe,0,0,0,1,No Pedestrian Involved,POINT (-122.500411953 37.743089132),Fixed Object
43801,,Bicyclist,East,Stopped In Road,Unknown,Unknown,Unknown,Other,0,0,0,0,No Pedestrian Involved,POINT (-122.420361421 37.774209831),Non-Collision
43802,1.0,Driver,North,Proceeding Straight,Driver,East,Proceeding Straight,Broadside,0,0,0,1,No Pedestrian Involved,POINT (-122.437989848 37.775925406),Other Motor Vehicle
43803,1.0,Pedestrian,East,Proceeding Straight,Driver,North,Making Left Turn,Broadside,1,0,0,1,Crossing in Crosswalk at Intersection,POINT (-122.447301514 37.782391642),Pedestrian
43804,,Bicyclist,West,Proceeding Straight,Unknown,Unknown,Unknown,Other,0,0,0,0,No Pedestrian Involved,POINT (-122.435131873 37.762316193),Non-Collision
43805,1.0,Driver,East,Proceeding Straight,Driver,North,Making Left Turn,Broadside,0,0,0,1,No Pedestrian Involved,POINT (-122.470727259 37.765739254),Other Motor Vehicle
43806,1.0,Bicyclist,North,Proceeding Straight,Unknown,Unknown,Unknown,Hit Object,0,0,0,0,No Pedestrian Involved,POINT (-122.425138089 37.73106102),Other Object
43807,2.0,Driver,South,Making Left Turn,Driver,South,Making Left Turn,Sideswipe,0,0,0,1,No Pedestrian Involved,POINT (-122.400329331 37.79501315),Other Motor Vehicle
43808,1.0,Pedestrian,East,Entering Traffic,Driver,North,Slowing/Stopping,Vehicle/Pedestrian,1,0,0,1,Crossing Not in Crosswalk,POINT (-122.394650349 37.788835728),Pedestrian
43809,1.0,Driver,East,Making Left Turn,Pedestrian,West,Other,Vehicle/Pedestrian,1,0,0,1,Crossing in Crosswalk at Intersection,POINT (-122.414086031 37.752506065),Pedestrian
43810,1.0,Driver,East,Slowing/Stopping,Driver,East,Slowing/Stopping,Rear End,0,0,0,1,No Pedestrian Involved,POINT (-122.424136499 37.774824795),Other Motor Vehicle
43811,,Bicyclist,South,Proceeding Straight,Driver,South,Proceeding Straight,Sideswipe,0,0,0,1,No Pedestrian Involved,POINT (-122.401744784 37.779109941),Other Motor Vehicle
43812,1.0,Driver,East,Making Right Turn,Pedestrian,East,Proceeding Straight,Vehicle/Pedestrian,1,0,0,1,Crossing in Crosswalk at Intersection,POINT (-122.432914248 37.784355056),Pedestrian
43813,1.0,Driver,West,Backing,Bicyclist,East,Proceeding Straight,Rear End,0,1,0,1,No Pedestrian Involved,POINT (-122.455662736 37.77090539),Bicycle
43814,1.0,Driver,South,Making Left Turn,Pedestrian,East,Proceeding Straight,Vehicle/Pedestrian,1,0,0,1,Crossing in Crosswalk at Intersection,POINT (-122.484593835 37.778146408),Pedestrian
43815,1.0,Driver,North,Backing,Pedestrian,East,Proceeding Straight,Vehicle/Pedestrian,1,0,0,1,Crossing in Crosswalk at Intersection,POINT (-122.409874017 37.787149143),Pedestrian
43816,1.0,Driver,West,Making Right Turn,Pedestrian,West,Other,Vehicle/Pedestrian,1,0,0,1,Crossing in Crosswalk at Intersection,POINT (-122.407183208 37.779757774),Pedestrian
43817,1.0,Driver,North,Making Right Turn,Bicyclist,North,Proceeding Straight,Sideswipe,0,1,0,1,No Pedestrian Involved,POINT (-122.453384996 37.777826864),Bicycle
43818,1.0,Driver,East,Changing Lanes,Bicyclist,South,Proceeding Straight,Sideswipe,0,1,0,1,No Pedestrian Involved,POINT (-122.403387209 37.780264973),Bicycle
43819,1.0,Driver,North,Parked,Bicyclist,North,Proceeding Straight,Other,0,1,0,1,No Pedestrian Involved,POINT (-122.4200798 37.745295264),Bicycle
43820,1.0,Driver,South,Parking Maneuver,Bicyclist,South,Proceeding Straight,Other,0,1,0,1,No Pedestrian Involved,POINT (-122.420493442 37.789620438),Bicycle
43821,1.0,Driver,South,Making Right Turn,Pedestrian,East,Other,Vehicle/Pedestrian,1,0,0,1,Crossing in Crosswalk at Intersection,POINT (-122.412966699 37.785774956),Pedestrian
43822,1.0,Driver,East,Parked,Driver,East,Proceeding Straight,Other,0,0,0,1,No Pedestrian Involved,POINT (-122.443870048 37.713174576),Parked Motor Vehicle
43823,1.0,Pedestrian,Not Stated,Not Stated,Driver,North,Slowing/Stopping,Vehicle/Pedestrian,1,0,0,1,Crossing Not in Crosswalk,POINT (-122.412848887 37.801893358),Pedestrian
43824,1.0,Parked Vehicle,North,Parked,Bicyclist,North,Proceeding Straight,Sideswipe,0,1,0,0,No Pedestrian Involved,POINT (-122.421826959 37.764296256),Bicycle
43825,1.0,Driver,West,Proceeding Straight,Pedestrian,North,Proceeding Straight,Vehicle/Pedestrian,1,0,0,1,Crossing in Crosswalk at Intersection,POINT (-122.431322359 37.792881147),Pedestrian
43826,1.0,Bicyclist,South,Proceeding Straight,Driver,North,Proceeding Straight,Other,0,1,0,1,No Pedestrian Involved,POINT (-122.404305084 37.732271226),Bicycle
43827,1.0,Driver,East,Making Left Turn,Pedestrian,West,Not Stated,Vehicle/Pedestrian,1,0,0,1,Crossing in Crosswalk at Intersection,POINT (-122.430597713 37.781665778),Pedestrian
43828,1.0,Driver,South,Backing,Pedestrian,East,Other,Vehicle/Pedestrian,1,0,0,1,Crossing in Crosswalk at Intersection,POINT (-122.411325582 37.785996236),Pedestrian
43829,1.0,Driver,East,Proceeding Straight,Unknown,Unknown,Unknown,Overturned,0,0,0,1,No Pedestrian Involved,POINT (-122.41175754 37.73411622),Fixed Object
43830,1.0,Driver,North,Making U Turn,Driver,North,Proceeding Straight,Broadside,0,0,0,1,No Pedestrian Involved,POINT (-122.417747631 37.767848556),Other Motor Vehicle
43831,1.0,Bicyclist,West,Proceeding Straight,Driver,North,Making Right Turn,Other,0,1,0,1,No Pedestrian Involved,POINT (-122.490430643 37.738645573),Bicycle
43832,1.0,Driver,South,Proceeding Straight,Driver,East,Proceeding Straight,Broadside,0,0,0,1,No Pedestrian Involved,POINT (-122.393171958 37.722034717),Other Motor Vehicle
43833,1.0,Driver,North,Making Right Turn,Pedestrian,North,Proceeding Straight,Vehicle/Pedestrian,1,0,0,1,Crossing in Crosswalk at Intersection,POINT (-122.447732084 37.721161862),Pedestrian
43834,1.0,Driver,North,Changing Lanes,Driver,North,Proceeding Straight,Sideswipe,0,0,0,1,No Pedestrian Involved,POINT (-122.475449175 37.740883023),Other Motor Vehicle
43835,1.0,Driver,West,Crossed Into Opposing Lane,Unknown,Unknown,Unknown,Hit Object,0,0,0,1,No Pedestrian Involved,POINT (-122.490443545 37.734050497),Fixed Object
43836,1.0,Driver,East,Proceeding Straight,Driver,West,Proceeding Straight,Broadside,0,0,0,1,No Pedestrian Involved,POINT (-122.437129195 37.788487863),Other Motor Vehicle
43837,1.0,Driver,South,Proceeding Straight,Driver,South,Stopped In Road,Rear End,0,0,0,1,No Pedestrian Involved,POINT (-122.424358668 37.800415027),Other Motor Vehicle
43838,1.0,Driver,South,Proceeding Straight,Driver,East,Proceeding Straight,Broadside,0,0,0,1,No Pedestrian Involved,POINT (-122.401240241 37.799531448),Other Motor Vehicle
43839,1.0,Driver,West,Proceeding Straight,Bicyclist,South,Proceeding Straight,Broadside,0,1,0,1,No Pedestrian Involved,POINT (-122.412141425 37.806758083),Bicycle
43840,1.0,Pedestrian,South,Other,Bicyclist,West,Proceeding Straight,Vehicle/Pedestrian,1,0,0,0,"In Road, Including Shoulder",POINT (-122.43428439 37.77447712),Pedestrian
43841,1.0,Bicyclist,West,Proceeding Straight,Driver,North,Making Left Turn,Broadside,0,1,0,1,No Pedestrian Involved,POINT (-122.394300038 37.78008973),Bicycle
43842,1.0,Driver,South,Proceeding Straight,Driver,South,Stopped In Road,Rear End,0,0,0,1,No Pedestrian Involved,POINT (-122.399655389 37.780822758),Other Motor Vehicle
43843,1.0,Bicyclist,West,Proceeding Straight,Driver,West,Making Right Turn,Broadside,0,1,0,1,No Pedestrian Involved,POINT (-122.419529503 37.763428294),Bicycle
43844,1.0,Driver,West,Making Left Turn,Bicyclist,West,Proceeding Straight,Sideswipe,0,1,0,1,No Pedestrian Involved,POINT (-122.438824605 37.773905342),Bicycle
43845,1.0,Driver,West,Proceeding Straight,Driver,North,Proceeding Straight,Sideswipe,0,0,0,1,No Pedestrian Involved,POINT (-122.404070257 37.777272703),Other Motor Vehicle
43846,1.0,Pedestrian,West,Proceeding Straight,Driver,South,Making Left Turn,Vehicle/Pedestrian,1,0,0,1,Crossing Not in Crosswalk,POINT (-122.401469127 37.788301186),Pedestrian
43847,1.0,Driver,West,Making U Turn,Driver,West,Proceeding Straight,Sideswipe,0,0,0,1,No Pedestrian Involved,POINT (-122.461210548 37.724949701),Other Motor Vehicle
43848,1.0,Driver,East,Proceeding Straight,Driver,East,Stopped In Road,Rear End,0,0,0,1,No Pedestrian Involved,POINT (-122.439480381 37.783308487),Other Motor Vehicle
43849,1.0,Driver,West,Making Left Turn,Unknown,Unknown,Unknown,Hit Object,0,0,0,1,No Pedestrian Involved,POINT (-122.449515765 37.731582132),Fixed Object
43850,1.0,Driver,South,Proceeding Straight,Pedestrian,East,Not Stated,Vehicle/Pedestrian,1,0,0,1,Crossing in Crosswalk at Intersection,POINT (-122.494064417 37.736623421),Pedestrian
43851,,Driver,Not Stated,Proceeding Straight,Pedestrian,Not Stated,Proceeding Straight,Vehicle/Pedestrian,1,0,0,1,Crossing in Crosswalk at Intersection,POINT (-122.404593827 37.727374301),Pedestrian
43852,1.0,Pedestrian,North,Backing,Other,North,Not Stated,Vehicle/Pedestrian,1,0,0,0,"In Road, Including Shoulder",POINT (-122.402213049 37.790153144),Pedestrian
43853,1.0,Pedestrian,West,Not Stated,Driver,East,Making Left Turn,Vehicle/Pedestrian,1,0,0,1,Crossing Not in Crosswalk,POINT (-122.432931164 37.784434648),Pedestrian
43854,1.0,Driver,South,Proceeding Straight,Bicyclist,West,Proceeding Straight,Broadside,0,1,0,1,No Pedestrian Involved,POINT (-122.468158438 37.775174011),Bicycle
43855,1.0,Driver,North,Making Left Turn,Bicyclist,South,Proceeding Straight,Broadside,0,1,0,1,No Pedestrian Involved,POINT (-122.438177048 37.776855889),Bicycle
43856,1.0,Driver,North,Proceeding Straight,Driver,North,Stopped In Road,Rear End,0,0,0,1,No Pedestrian Involved,POINT (-122.477195768 37.764700242),Other Motor Vehicle
43857,1.0,Bicyclist,South,Proceeding Straight,Unknown,Unknown,Unknown,Other,0,0,0,0,No Pedestrian Involved,POINT (-122.455271893 37.769970839),Non-Collision
43858,1.0,Driver,East,Proceeding Straight,Driver,South,Proceeding Straight,Broadside,0,0,0,1,No Pedestrian Involved,POINT (-122.485010944 37.783882236),Other Motor Vehicle
43859,1.0,Driver,North,Proceeding Straight,Driver,West,Proceeding Straight,Broadside,0,0,0,1,No Pedestrian Involved,POINT (-122.401324184 37.762289969),Other Motor Vehicle
43860,1.0,Driver,North,Proceeding Straight,Driver,West,Making Left Turn,Broadside,0,0,0,1,No Pedestrian Involved,POINT (-122.40107413 37.721534399),Other Motor Vehicle
43861,1.0,Driver,South,Proceeding Straight,Pedestrian,West,Proceeding Straight,Head-On,1,0,0,1,Crossing in Crosswalk at Intersection,POINT (-122.454732177 37.710566761),Pedestrian
43862,,Driver,North,Proceeding Straight,Driver,East,Proceeding Straight,Broadside,0,0,0,1,No Pedestrian Involved,POINT (-122.44647083 37.775801592),Other Motor Vehicle
43863,1.0,Driver,South,Parked,Bicyclist,South,Proceeding Straight,Broadside,0,1,0,1,No Pedestrian Involved,POINT (-122.421680897 37.762771163),Bicycle
43864,,Driver,North,Proceeding Straight,Bicyclist,West,Proceeding Straight,Broadside,0,1,0,1,No Pedestrian Involved,POINT (-122.424731259 37.802280984),Bicycle
43865,1.0,Pedestrian,West,Proceeding Straight,Driver,South,Proceeding Straight,Vehicle/Pedestrian,1,0,0,1,Crossing Not in Crosswalk,POINT (-122.444827024 37.722855711),Pedestrian
43866,1.0,Bicyclist,South,Proceeding Straight,Driver,South,Merging,Sideswipe,0,1,0,1,No Pedestrian Involved,POINT (-122.399616233 37.780791483),Bicycle
43867,1.0,Driver,West,Backing,Bicyclist,East,Proceeding Straight,Not Stated,0,1,0,1,No Pedestrian Involved,POINT (-122.401727995 37.788924856),Bicycle
43868,1.0,Pedestrian,South,Proceeding Straight,Driver,West,Proceeding Straight,Vehicle/Pedestrian,1,0,0,1,Crossing in Crosswalk at Intersection,POINT (-122.411972196 37.781142732),Pedestrian
43869,1.0,Bicyclist,North,Proceeding Straight,Driver,South,Making Left Turn,Sideswipe,0,1,0,1,No Pedestrian Involved,POINT (-122.404412161 37.796302099),Bicycle
43870,1.0,Driver,South,Changing Lanes,Driver,South,Proceeding Straight,Sideswipe,0,0,0,1,No Pedestrian Involved,POINT (-122.388146996 37.756124985),Other Motor Vehicle
43871,,Bicyclist,East,Proceeding Straight,Driver,East,Making Left Turn,Broadside,0,1,0,1,No Pedestrian Involved,POINT (-122.416387523 37.765249493),Bicycle
43872,1.0,Driver,West,Proceeding Straight,Driver,West,Proceeding Straight,Sideswipe,0,0,0,1,No Pedestrian Involved,POINT (-122.482769327 37.765242729),Other Motor Vehicle
43873,1.0,Driver,West,Proceeding Straight,Driver,North,Proceeding Straight,Broadside,0,0,0,1,No Pedestrian Involved,POINT (-122.46644249 37.765924663),Other Motor Vehicle
43874,1.0,Driver,West,Making Left Turn,Driver,East,Stopped In Road,Broadside,0,0,0,1,No Pedestrian Involved,POINT (-122.461062829 37.781160261),Other Motor Vehicle
43875,1.0,Pedestrian,Not Stated,Backing,Driver,East,Other,Vehicle/Pedestrian,1,0,0,1,"In Road, Including Shoulder",POINT (-122.416265397 37.782512052),Pedestrian
43876,1.0,Driver,West,Proceeding Straight,Pedestrian,Not Stated,Other,Vehicle/Pedestrian,1,0,0,1,Crossing Not in Crosswalk,POINT (-122.441191489 37.723355737),Pedestrian
43877,1.0,Bicyclist,East,Proceeding Straight,Driver,South,Making Left Turn,Broadside,0,1,0,1,No Pedestrian Involved,POINT (-122.40107413 37.721534399),Bicycle
43878,1.0,Bicyclist,North,Proceeding Straight,Driver,East,Making Left Turn,Head-On,0,1,0,1,No Pedestrian Involved,POINT (-122.439480381 37.783308487),Bicycle
43879,1.0,Driver,South,Passing Other Vehicle,Driver,West,Making Right Turn,Broadside,0,0,0,1,No Pedestrian Involved,POINT (-122.476163214 37.750512277),Other Motor Vehicle
43880,1.0,Driver,West,Parking Maneuver,Parked Vehicle,Not Stated,Not Stated,Hit Object,0,0,0,1,No Pedestrian Involved,POINT (-122.415686518 37.733339522),Parked Motor Vehicle
43881,1.0,Driver,East,Proceeding Straight,Driver,South,Proceeding Straight,Broadside,0,0,0,1,No Pedestrian Involved,POINT (-122.468839738 37.784620905),Other Motor Vehicle
43882,1.0,Driver,North,Making Left Turn,Pedestrian,Not Stated,Not Stated,Vehicle/Pedestrian,1,0,0,1,Crossing in Crosswalk at Intersection,POINT (-122.411610117 37.773769347),Pedestrian
43883,1.0,Bicyclist,West,Traveling Wrong Way,Driver,East,Making Left Turn,Head-On,0,1,0,1,No Pedestrian Involved,POINT (-122.419436402 37.763434257),Bicycle
43884,1.0,Pedestrian,South,Not Stated,Driver,West,Proceeding Straight,Vehicle/Pedestrian,1,0,0,1,Crossing Not in Crosswalk,POINT (-122.467722102 37.728223352),Pedestrian
43885,1.0,Driver,West,Proceeding Straight,Driver,East,Proceeding Straight,Broadside,0,0,0,1,No Pedestrian Involved,POINT (-122.418698425 37.765109955),Other Motor Vehicle
43886,1.0,Driver,South,Making Left Turn,Pedestrian,West,Proceeding Straight,Vehicle/Pedestrian,1,0,0,1,Crossing in Crosswalk at Intersection,POINT (-122.42542298 37.7889947),Pedestrian
43887,1.0,Driver,South,Proceeding Straight,Driver,West,Proceeding Straight,Broadside,0,0,0,1,No Pedestrian Involved,POINT (-122.438926756 37.780588487),Other Motor Vehicle
43888,1.0,Pedestrian,North,Proceeding Straight,Driver,West,Proceeding Straight,Vehicle/Pedestrian,1,0,0,1,Crossing Not in Crosswalk,POINT (-122.406635817 37.782608119),Pedestrian
43889,1.0,Driver,East,Proceeding Straight,Other,North,Proceeding Straight,Other,0,0,0,1,No Pedestrian Involved,POINT (-122.427354637 37.750895899),Train
43890,1.0,Driver,East,Proceeding Straight,Driver,North,Proceeding Straight,Broadside,0,0,0,1,No Pedestrian Involved,POINT (-122.470727259 37.765739254),Other Motor Vehicle
43891,1.0,Pedestrian,West,Proceeding Straight,Driver,North,Proceeding Straight,Vehicle/Pedestrian,1,0,0,1,Crossing Not in Crosswalk,POINT (-122.409819024 37.759315499),Pedestrian
43892,1.0,Driver,North,Proceeding Straight,Driver,North,Stopped In Road,Rear End,0,0,0,1,No Pedestrian Involved,POINT (-122.475140902 37.772493893),Other Motor Vehicle
43893,,Driver,North,Making Right Turn,Bicyclist,North,Making Right Turn,Other,0,1,0,1,No Pedestrian Involved,,Bicycle
43894,1.0,Driver,West,Changing Lanes,Driver,West,Proceeding Straight,Sideswipe,0,0,0,1,No Pedestrian Involved,POINT (-122.475937334 37.730118806),Other Motor Vehicle
43895,1.0,Driver,East,Ran Off Road,Unknown,Unknown,Unknown,Hit Object,0,0,0,1,No Pedestrian Involved,POINT (-122.40383967 37.799199424),Fixed Object
43896,,Driver,Not Stated,Making Right Turn,Unknown,Unknown,Unknown,Not Stated,0,0,0,1,No Pedestrian Involved,POINT (-122.430457352 37.762769333),Non-Collision
43897,1.0,Driver,South,Proceeding Straight,Driver,West,Proceeding Straight,Broadside,0,0,0,1,No Pedestrian Involved,POINT (-122.455216941 37.777599279),Other Motor Vehicle
43898,1.0,Driver,South,Parking Maneuver,Bicyclist,South,Proceeding Straight,Sideswipe,0,1,0,1,No Pedestrian Involved,POINT (-122.419250568 37.78345153),Bicycle
43899,1.0,Driver,South,Proceeding Straight,Driver,South,Proceeding Straight,Sideswipe,0,0,0,1,No Pedestrian Involved,POINT (-122.405880168 37.78573785),Other Motor Vehicle
43900,1.0,Bicyclist,South,Proceeding Straight,Unknown,Unknown,Unknown,Not Stated,0,1,0,0,No Pedestrian Involved,POINT (-122.42100836 37.783824118),Bicycle
43901,1.0,Bicyclist,North,Proceeding Straight,Driver,West,Proceeding Straight,Broadside,0,1,0,1,No Pedestrian Involved,POINT (-122.501669374 37.745644954),Bicycle
43902,1.0,Bicyclist,South,Proceeding Straight,Driver,South,Proceeding Straight,Sideswipe,0,1,0,1,No Pedestrian Involved,POINT (-122.415459559 37.781429233),Bicycle
43903,1.0,Driver,West,Making Right Turn,Driver,North,Proceeding Straight,Broadside,0,0,0,1,No Pedestrian Involved,POINT (-122.405512936 37.79706459),Other Motor Vehicle
43904,4.0,Driver,East,Proceeding Straight,Driver,East,Proceeding Straight,Other,0,0,0,1,No Pedestrian Involved,POINT (-122.423800615 37.780602751),Non-Collision
43905,1.0,Driver,East,Proceeding Straight,Driver,East,Stopped In Road,Rear End,0,0,0,1,No Pedestrian Involved,POINT (-122.412255592 37.787801516),Other Motor Vehicle
43906,1.0,Parked Vehicle,North,Backing,Driver,North,Parked,Rear End,0,0,0,1,No Pedestrian Involved,POINT (-122.419019324 37.758281872),Parked Motor Vehicle
43907,1.0,Driver,East,Making Left Turn,Driver,South,Proceeding Straight,Broadside,0,0,0,1,No Pedestrian Involved,POINT (-122.424922999 37.749434902),Other Motor Vehicle
43908,1.0,Pedestrian,Not Stated,Proceeding Straight,Driver,North,Making Right Turn,Vehicle/Pedestrian,1,0,0,1,"In Road, Including Shoulder",POINT (-122.407821944 37.77673008),Pedestrian
43909,1.0,Driver,North,Proceeding Straight,Driver,West,Proceeding Straight,Broadside,0,0,0,1,No Pedestrian Involved,POINT (-122.464981055 37.760358461),Other Motor Vehicle
43910,1.0,Driver,North,Proceeding Straight,Other,East,Proceeding Straight,Broadside,0,0,0,1,No Pedestrian Involved,POINT (-122.424233277 37.742236301),Train
43911,1.0,Driver,South,Proceeding Straight,Driver,West,Proceeding Straight,Broadside,0,0,0,1,No Pedestrian Involved,POINT (-122.471638565 37.778752208),Other Motor Vehicle
43912,,Driver,West,Proceeding Straight,Driver,North,Proceeding Straight,Broadside,0,0,0,1,No Pedestrian Involved,POINT (-122.425057305 37.795526578),Other Motor Vehicle
43913,1.0,Driver,West,Changing Lanes,Driver,West,Proceeding Straight,Sideswipe,0,0,0,1,No Pedestrian Involved,POINT (-122.446438432 37.786324215),Other Motor Vehicle
43914,1.0,Driver,West,Crossed Into Opposing Lane,Driver,East,Proceeding Straight,Head-On,0,0,0,1,No Pedestrian Involved,POINT (-122.475705226 37.78243477),Other Motor Vehicle
43915,1.0,Driver,East,Making Right Turn,Pedestrian,North,Proceeding Straight,Vehicle/Pedestrian,1,0,0,1,Crossing in Crosswalk at Intersection,POINT (-122.477144817 37.763560788),Pedestrian
43916,1.0,Driver,North,Proceeding Straight,Bicyclist,West,Entering Traffic,Broadside,0,1,0,1,No Pedestrian Involved,POINT (-122.50051865 37.765749098),Bicycle
43917,1.0,Pedestrian,West,Proceeding Straight,Driver,South,Backing,Vehicle/Pedestrian,1,0,0,1,Crossing Not in Crosswalk,POINT (-122.412412744 37.780397258),Pedestrian
43918,1.0,Driver,North,Proceeding Straight,Driver,East,Proceeding Straight,Broadside,0,0,0,1,No Pedestrian Involved,POINT (-122.501249242 37.755002793),Other Motor Vehicle
43919,1.0,Driver,North,Proceeding Straight,Driver,West,Proceeding Straight,Broadside,0,0,0,1,No Pedestrian Involved,POINT (-122.477023892 37.746732517),Other Motor Vehicle
43920,1.0,Driver,South,Proceeding Straight,Driver,South,Making Right Turn,Sideswipe,0,0,0,1,No Pedestrian Involved,POINT (-122.388556398 37.760491009),Other Motor Vehicle
43921,,Driver,East,Proceeding Straight,Driver,East,Stopped In Road,Rear End,0,0,0,1,No Pedestrian Involved,POINT (-122.442945994 37.782866082),Other Motor Vehicle
43922,1.0,Driver,West,Proceeding Straight,Driver,West,Stopped In Road,Rear End,0,0,0,1,No Pedestrian Involved,POINT (-122.392311235 37.777526691),Other Motor Vehicle
43923,1.0,Driver,East,Merging,Bicyclist,East,Proceeding Straight,Sideswipe,0,1,0,1,No Pedestrian Involved,POINT (-122.431574642 37.777699925),Bicycle
43924,1.0,Driver,North,Proceeding Straight,Parked Vehicle,North,Not Stated,Rear End,0,0,0,1,No Pedestrian Involved,POINT (-122.445651574 37.758041425),Parked Motor Vehicle
43925,1.0,Driver,North,Proceeding Straight,Driver,North,Stopped In Road,Rear End,0,0,0,1,No Pedestrian Involved,POINT (-122.4750945 37.721170196),Other Motor Vehicle
43926,1.0,Driver,South,Making Left Turn,Driver,West,Proceeding Straight,Broadside,0,0,0,1,No Pedestrian Involved,POINT (-122.454885125 37.710478554),Other Motor Vehicle
43927,1.0,Pedestrian,West,Proceeding Straight,Driver,North,Proceeding Straight,Vehicle/Pedestrian,1,0,0,1,Crossing Not in Crosswalk,POINT (-122.406480458 37.754564212),Pedestrian
43928,1.0,Parked Vehicle,South,Parked,Bicyclist,South,Proceeding Straight,Other,0,1,0,0,No Pedestrian Involved,POINT (-122.423906409 37.762138893),Bicycle
43929,1.0,Driver,South,Parking Maneuver,Pedestrian,Not Stated,Other,Vehicle/Pedestrian,1,0,0,1,"In Road, Including Shoulder",POINT (-122.414159455 37.783317438),Pedestrian
43930,1.0,Driver,North,Making Right Turn,Pedestrian,West,Proceeding Straight,Vehicle/Pedestrian,1,0,0,1,Crossing in Crosswalk at Intersection,POINT (-122.442792269 37.782883331),Pedestrian
43931,1.0,Bicyclist,South,Entering Traffic,Driver,West,Making Right Turn,Broadside,0,1,0,1,No Pedestrian Involved,POINT (-122.417753194 37.769815079),Bicycle
43932,1.0,Driver,East,Proceeding Straight,Driver,North,Proceeding Straight,Broadside,0,0,0,1,No Pedestrian Involved,POINT (-122.446659913 37.776741636),Other Motor Vehicle
43933,1.0,Driver,West,Entering Traffic,Driver,South,Proceeding Straight,Broadside,0,0,0,1,No Pedestrian Involved,POINT (-122.42642251 37.777242106),Other Motor Vehicle
43934,1.0,Driver,North,Entering Traffic,Driver,South,Backing,Sideswipe,0,0,0,1,No Pedestrian Involved,POINT (-122.410656901 37.785135852),Other Motor Vehicle
43935,1.0,Pedestrian,West,Making Right Turn,Driver,North,Not Stated,Vehicle/Pedestrian,1,0,0,1,Crossing in Crosswalk at Intersection,POINT (-122.461897543 37.762319426),Pedestrian
43936,1.0,Driver,North,Making U Turn,Driver,East,Proceeding Straight,Broadside,0,0,0,1,No Pedestrian Involved,POINT (-122.414082701 37.776726798),Other Motor Vehicle
43937,1.0,Bicyclist,East,Proceeding Straight,Parked Vehicle,East,Parked,Head-On,0,0,0,0,No Pedestrian Involved,POINT (-122.390157155 37.750126073),Parked Motor Vehicle