party_id,party_at_fault,party1_type,party1_dir_of_travel,party1_move_pre_acc,party2_type,party2_dir_of_travel,party2_move_pre_acc,type_of_collision,involves_pedestrian,involves_bicycle,involves_motorcycle,involves_vehicle,ped_action,point,mviw
45167,1.0,Bicyclist,East,Proceeding Straight,Driver,South,Proceeding Straight,Broadside,0,1,0,1,No Pedestrian Involved,POINT (-122.453534924 37.769155506),Bicycle
45168,1.0,Driver,East,Proceeding Straight,Driver,West,Proceeding Straight,Head-On,0,0,0,1,No Pedestrian Involved,POINT (-122.457383088 37.764852828),Motor Vehicle on Other Roadway
45169,,Driver,East,Proceeding Straight,Pedestrian,North,Not Stated,Vehicle/Pedestrian,1,0,0,1,Crossing in Crosswalk at Intersection,POINT (-122.412220736 37.782073068),Pedestrian
45170,1.0,Driver,East,Proceeding Straight,Driver,East,Stopped In Road,Rear End,0,0,0,1,No Pedestrian Involved,POINT (-122.47822416 37.748550904),Other Motor Vehicle
45171,1.0,Driver,North,Proceeding Straight,Pedestrian,East,Proceeding Straight,Vehicle/Pedestrian,1,0,0,1,Crossing in Crosswalk at Intersection,POINT (-122.416297371 37.793919799),Pedestrian
45172,1.0,Driver,West,Proceeding Straight,Parked Vehicle,Not Stated,Parked,Broadside,0,0,0,1,No Pedestrian Involved,POINT (-122.450704453 37.782114711),Parked Motor Vehicle
45173,1.0,Driver,West,Backing,Parked Vehicle,West,Not Stated,Hit Object,0,0,0,1,No Pedestrian Involved,POINT (-122.492121796 37.74232729),Fixed Object
45174,1.0,Bicyclist,North,Making Left Turn,Driver,South,Proceeding Straight,Broadside,0,1,0,1,No Pedestrian Involved,POINT (-122.416071735 37.784448842),Bicycle
45175,1.0,Pedestrian,North,Other,Driver,West,Proceeding Straight,Vehicle/Pedestrian,1,0,0,1,Crossing Not in Crosswalk,POINT (-122.419095771 37.712699771),Pedestrian
45176,1.0,Driver,West,Making U Turn,Driver,West,Proceeding Straight,Broadside,0,0,0,1,No Pedestrian Involved,POINT (-122.456685172 37.78600003),Other Motor Vehicle
45177,1.0,Driver,West,Changing Lanes,Unknown,Unknown,Unknown,Not Stated,0,0,0,1,No Pedestrian Involved,POINT (-122.472192667 37.743203296),Fixed Object
45178,1.0,Driver,North,Making Left Turn,Driver,South,Proceeding Straight,Broadside,0,0,0,1,No Pedestrian Involved,POINT (-122.41822117 37.748165689),Other Motor Vehicle
45179,1.0,Driver,North,Backing,Pedestrian,East,Other,Vehicle/Pedestrian,1,0,0,1,Crossing Not in Crosswalk,POINT (-122.410403518 37.778786986),Pedestrian
45180,1.0,Driver,West,Proceeding Straight,Pedestrian,North,Not Stated,Vehicle/Pedestrian,1,0,0,1,"In Road, Including Shoulder",POINT (-122.484859504 37.742646905),Pedestrian
45181,1.0,Pedestrian,East,Other,Driver,North,Proceeding Straight,Vehicle/Pedestrian,1,0,0,1,Crossing Not in Crosswalk,POINT (-122.432657038 37.783049722),Pedestrian
45182,1.0,Driver,East,Proceeding Straight,Driver,East,Making Right Turn,Broadside,0,0,0,1,No Pedestrian Involved,POINT (-122.472852588 37.780624128),Other Motor Vehicle
45183,1.0,Driver,North,Changing Lanes,Driver,North,Proceeding Straight,Sideswipe,0,0,0,1,No Pedestrian Involved,POINT (-122.438590486 37.719723658),Other Motor Vehicle
45184,1.0,Driver,South,Making Left Turn,Unknown,Unknown,Unknown,Hit Object,0,0,0,1,No Pedestrian Involved,POINT (-122.431730176 37.728316348),Fixed Object
45185,1.0,Pedestrian,Not Stated,Other,Driver,East,Parked,Vehicle/Pedestrian,1,0,0,1,"In Road, Including Shoulder",POINT (-122.389894617 37.738129691),Pedestrian
45186,1.0,Driver,West,Stopped In Road,Driver,West,Stopped In Road,Rear End,0,0,0,1,No Pedestrian Involved,POINT (-122.452331561 37.723080242),Other Motor Vehicle
45187,1.0,Bicyclist,North,Entering Traffic,Driver,East,Proceeding Straight,Broadside,0,1,0,1,No Pedestrian Involved,POINT (-122.39097657 37.732123188),Bicycle
45188,1.0,Driver,West,Changing Lanes,Driver,West,Stopped In Road,Rear End,0,0,0,1,No Pedestrian Involved,POINT (-122.451966446 37.723080807),Other Motor Vehicle
45189,1.0,Bicyclist,East,Proceeding Straight,Parked Vehicle,East,Parked,Sideswipe,0,0,0,0,No Pedestrian Involved,POINT (-122.431866889 37.779574952),Parked Motor Vehicle
45190,1.0,Driver,West,Proceeding Straight,Driver,West,Parking Maneuver,Sideswipe,0,0,0,1,No Pedestrian Involved,POINT (-122.474045318 37.765592924),Other Motor Vehicle
45191,1.0,Driver,South,Making Left Turn,Driver,North,Proceeding Straight,Broadside,0,0,0,1,No Pedestrian Involved,POINT (-122.421570116 37.786618961),Other Motor Vehicle
45192,1.0,Driver,North,Proceeding Straight,Driver,North,Stopped In Road,Rear End,0,0,0,1,No Pedestrian Involved,POINT (-122.479401947 37.771196024),Other Motor Vehicle
45193,1.0,Driver,North,Proceeding Straight,Driver,East,Making Left Turn,Broadside,0,0,0,1,No Pedestrian Involved,POINT (-122.419883231 37.778251017),Other Motor Vehicle
45194,1.0,Driver,West,Proceeding Straight,Driver,West,Stopped In Road,Rear End,0,0,0,1,No Pedestrian Involved,POINT (-122.418818484 37.71193782),Other Motor Vehicle
45195,1.0,Driver,South,Making Left Turn,Pedestrian,West,Not Stated,Vehicle/Pedestrian,1,0,0,1,Crossing in Crosswalk at Intersection,POINT (-122.407159488 37.779738906),Pedestrian
45196,1.0,Driver,North,Making Right Turn,Bicyclist,North,Proceeding Straight,Broadside,0,1,0,1,No Pedestrian Involved,POINT (-122.430312837 37.7665209),Bicycle
45197,1.0,Driver,North,Making Left Turn,Driver,West,Proceeding Straight,Broadside,0,0,0,1,No Pedestrian Involved,POINT (-122.418618217 37.773053454),Other Motor Vehicle
45198,1.0,Bicyclist,North,Changing Lanes,Unknown,Unknown,Unknown,Other,0,1,0,0,No Pedestrian Involved,POINT (-122.429023079 37.768333115),Bicycle
45199,1.0,Bicyclist,East,Proceeding Straight,Driver,West,Making U Turn,Broadside,0,1,0,1,No Pedestrian Involved,POINT (-122.423987989 37.751907151),Bicycle
45200,1.0,Pedestrian,North,Proceeding Straight,Driver,North,Proceeding Straight,Vehicle/Pedestrian,1,0,0,1,"In Road, Including Shoulder",POINT (-122.477589338 37.754771827),Pedestrian
45201,1.0,Driver,East,Proceeding Straight,Driver,North,Proceeding Straight,Broadside,0,0,0,1,No Pedestrian Involved,POINT (-122.40993824 37.778416283),Other Motor Vehicle
45202,1.0,Driver,South,Making Left Turn,Driver,East,Proceeding Straight,Head-On,0,0,0,1,No Pedestrian Involved,POINT (-122.392936685 37.786067533),Other Motor Vehicle
45203,1.0,Driver,West,Making Left Turn,Pedestrian,West,Proceeding Straight,Vehicle/Pedestrian,1,0,0,1,Crossing in Crosswalk at Intersection,POINT (-122.396013988 37.788519372),Pedestrian
45204,1.0,Driver,South,Changing Lanes,Bicyclist,South,Proceeding Straight,Rear End,0,1,0,1,No Pedestrian Involved,POINT (-122.389051459 37.789878064),Bicycle
45205,1.0,Bicyclist,North,Proceeding Straight,Unknown,Unknown,Unknown,Other,0,0,0,0,No Pedestrian Involved,POINT (-122.420651401 37.744411989),Other Object
45206,1.0,Driver,Not Stated,Changing Lanes,Driver,West,Proceeding Straight,Sideswipe,0,0,0,1,No Pedestrian Involved,POINT (-122.402910155 37.778189258),Other Motor Vehicle
45207,1.0,Pedestrian,West,Proceeding Straight,Driver,South,Proceeding Straight,Vehicle/Pedestrian,1,0,0,1,Crossing in Crosswalk at Intersection,POINT (-122.416722331 37.757195241),Pedestrian
45208,1.0,Driver,North,Changing Lanes,Driver,North,Changing Lanes,Sideswipe,0,0,0,1,No Pedestrian Involved,POINT (-122.423577681 37.788198798),Other Motor Vehicle
45209,1.0,Pedestrian,East,Not Stated,Driver,South,Proceeding Straight,Vehicle/Pedestrian,1,0,0,1,Crossing in Crosswalk at Intersection,POINT (-122.393544005 37.737328493),Pedestrian
45210,1.0,Pedestrian,South,Proceeding Straight,Driver,West,Proceeding Straight,Vehicle/Pedestrian,1,0,0,1,Crossing Not in Crosswalk,POINT (-122.405696569 37.78578841),Pedestrian
45211,1.0,Driver,East,Merging,Driver,East,Proceeding Straight,Broadside,0,0,0,1,No Pedestrian Involved,POINT (-122.46100027 37.781132089),Other Motor Vehicle
45212,1.0,Driver,South,Making Right Turn,Pedestrian,East,Other,Vehicle/Pedestrian,1,0,0,1,Crossing in Crosswalk at Intersection,POINT (-122.404196279 37.7746899),Pedestrian
45213,1.0,Driver,West,Proceeding Straight,Driver,North,Proceeding Straight,Broadside,0,0,0,1,No Pedestrian Involved,POINT (-122.428977108 37.736388035),Motor Vehicle on Other Roadway
45214,1.0,Driver,East,Making Right Turn,Bicyclist,East,Proceeding Straight,Broadside,0,1,0,1,No Pedestrian Involved,POINT (-122.418698425 37.765109955),Bicycle
45215,1.0,Driver,South,Proceeding Straight,Driver,South,Stopped In Road,Rear End,0,0,0,1,No Pedestrian Involved,POINT (-122.457029919 37.710104268),Other Motor Vehicle
45216,1.0,Driver,West,Proceeding Straight,Pedestrian,West,Proceeding Straight,Vehicle/Pedestrian,1,0,0,1,Crossing Not in Crosswalk,POINT (-122.399777386 37.787166807),Pedestrian
45217,1.0,Driver,East,Other Unsafe Turning,Driver,West,Proceeding Straight,Head-On,0,0,0,1,No Pedestrian Involved,POINT (-122.472585868 37.784448891),Other Motor Vehicle
45218,1.0,Driver,North,Proceeding Straight,Parked Vehicle,North,Parked,Rear End,0,0,0,1,No Pedestrian Involved,POINT (-122.475737866 37.745250684),Parked Motor Vehicle
45219,1.0,Driver,West,Proceeding Straight,Bicyclist,South,Proceeding Straight,Broadside,0,1,0,1,No Pedestrian Involved,POINT (-122.467987766 37.773305427),Bicycle
45220,1.0,Driver,West,Making Left Turn,Pedestrian,North,Proceeding Straight,Vehicle/Pedestrian,1,0,0,1,Crossing in Crosswalk at Intersection,POINT (-122.400504361 37.785001915),Pedestrian
45221,1.0,Driver,West,Proceeding Straight,Driver,West,Stopped In Road,Rear End,0,0,0,1,No Pedestrian Involved,POINT (-122.417333219 37.765192395),Other Motor Vehicle
45222,1.0,Driver,North,Making U Turn,Bicyclist,West,Proceeding Straight,Broadside,0,1,0,1,No Pedestrian Involved,POINT (-122.408198746 37.783942474),Bicycle
45223,1.0,Driver,South,Proceeding Straight,Driver,South,Stopped In Road,Sideswipe,0,0,0,1,No Pedestrian Involved,POINT (-122.422871201 37.793050003),Other Motor Vehicle
45224,1.0,Driver,North,Proceeding Straight,Driver,North,Stopped In Road,Rear End,0,0,0,1,No Pedestrian Involved,POINT (-122.426246383 37.776381726),Other Motor Vehicle
45225,1.0,Driver,South,Making Left Turn,Driver,South,Making Left Turn,Sideswipe,0,0,0,1,No Pedestrian Involved,POINT (-122.422598043 37.775020696),Other Motor Vehicle
45226,1.0,Driver,East,Parking Maneuver,Bicyclist,East,Proceeding Straight,Other,0,1,0,1,No Pedestrian Involved,POINT (-122.4123246 37.806735432),Bicycle
45227,1.0,Driver,East,Making Left Turn,Driver,East,Proceeding Straight,Sideswipe,0,0,0,1,No Pedestrian Involved,POINT (-122.445716665 37.772080394),Other Motor Vehicle
45228,1.0,Bicyclist,South,Proceeding Straight,Driver,South,Making Left Turn,Other,0,0,0,1,No Pedestrian Involved,POINT (-122.419376432 37.784093129),Non-Collision
45229,1.0,Driver,Not Stated,Proceeding Straight,Driver,East,Slowing/Stopping,Rear End,0,0,0,1,No Pedestrian Involved,POINT (-122.407976927 37.719736001),Other Motor Vehicle
45230,1.0,Driver,East,Proceeding Straight,Driver,North,Proceeding Straight,Broadside,0,0,0,1,No Pedestrian Involved,POINT (-122.388292258 37.730606103),Other Motor Vehicle
45231,1.0,Bicyclist,West,Making Left Turn,Unknown,Unknown,Unknown,Other,0,0,0,0,No Pedestrian Involved,POINT (-122.510925947 37.770435676),Non-Collision
45232,1.0,Driver,South,Making Left Turn,Pedestrian,North,Proceeding Straight,Vehicle/Pedestrian,1,0,0,1,Crossing in Crosswalk at Intersection,POINT (-122.467981073 37.740004322),Pedestrian
45233,1.0,Driver,East,Proceeding Straight,Driver,East,Stopped In Road,Rear End,0,0,0,1,No Pedestrian Involved,POINT (-122.457725002 37.781308688),Other Motor Vehicle
45234,,Driver,West,Proceeding Straight,Pedestrian,North,Not Stated,Vehicle/Pedestrian,1,0,0,1,Crossing in Crosswalk at Intersection,POINT (-122.401556207 37.734884485),Pedestrian
45235,1.0,Driver,East,Proceeding Straight,Unknown,Unknown,Unknown,Other,0,0,0,1,No Pedestrian Involved,POINT (-122.432464341 37.76924965),Non-Collision
45236,1.0,Driver,East,Stopped In Road,Bicyclist,East,Passing Other Vehicle,Sideswipe,0,1,0,1,No Pedestrian Involved,POINT (-122.399560472 37.790628693),Bicycle
45237,1.0,Bicyclist,North,Proceeding Straight,Driver,North,Proceeding Straight,Vehicle/Pedestrian,1,0,0,1,No Pedestrian Involved,POINT (-122.474769102 37.719682713),Pedestrian
45238,1.0,Driver,Not Stated,Proceeding Straight,Bicyclist,South,Proceeding Straight,Broadside,0,1,0,1,No Pedestrian Involved,POINT (-122.420493442 37.789620438),Bicycle
45239,1.0,Driver,South,Making Left Turn,Driver,Not Stated,Proceeding Straight,Head-On,0,0,0,1,No Pedestrian Involved,POINT (-122.415750198 37.791206309),Other Motor Vehicle
45240,1.0,Bicyclist,East,Proceeding Straight,Pedestrian,North,Proceeding Straight,Vehicle/Pedestrian,1,0,0,0,Crossing in Crosswalk at Intersection,POINT (-122.405578951 37.77853379),Pedestrian
45241,,Driver,East,Proceeding Straight,Driver,West,Making Left Turn,Broadside,0,0,0,1,No Pedestrian Involved,POINT (-122.417486596 37.765183135),Other Motor Vehicle
45242,1.0,Driver,South,Entering Traffic,Driver,South,Proceeding Straight,Sideswipe,0,0,0,1,No Pedestrian Involved,POINT (-122.419281875 37.731164308),Other Motor Vehicle
45243,1.0,Driver,North,Changing Lanes,Driver,North,Parked,Sideswipe,0,0,0,1,No Pedestrian Involved,POINT (-122.41518527 37.788387931),Motor Vehicle on Other Roadway
45244,1.0,Driver,East,Proceeding Straight,Driver,East,Stopped In Road,Rear End,0,0,0,1,No Pedestrian Involved,POINT (-122.476903537 37.759829989),Other Motor Vehicle
45245,1.0,Driver,South,Proceeding Straight,Driver,East,Making Left Turn,Broadside,0,0,0,1,No Pedestrian Involved,POINT (-122.420353711 37.748906531),Other Motor Vehicle
45246,1.0,Driver,North,Proceeding Straight,Pedestrian,East,Proceeding Straight,Vehicle/Pedestrian,1,0,0,1,Crossing in Crosswalk at Intersection,POINT (-122.404079856 37.777280359),Pedestrian
45247,1.0,Driver,North,Making Left Turn,Pedestrian,North,Proceeding Straight,Vehicle/Pedestrian,1,0,0,1,Crossing in Crosswalk at Intersection,POINT (-122.396689695 37.790461069),Pedestrian
45248,1.0,Driver,North,Proceeding Straight,Driver,East,Stopped In Road,Rear End,0,0,0,1,No Pedestrian Involved,POINT (-122.460234463 37.724748848),Other Motor Vehicle
45249,1.0,Driver,North,Proceeding Straight,Driver,North,Slowing/Stopping,Rear End,0,0,0,1,No Pedestrian Involved,POINT (-122.483864396 37.727019523),Other Motor Vehicle
45250,,Driver,North,Changing Lanes,Driver,North,Proceeding Straight,Sideswipe,0,0,0,1,No Pedestrian Involved,POINT (-122.41958517 37.777147984),Other Motor Vehicle
45251,1.0,Driver,West,Proceeding Straight,Driver,West,Stopped In Road,Rear End,0,0,0,1,No Pedestrian Involved,POINT (-122.439742767 37.731584226),Other Motor Vehicle
45252,1.0,Driver,North,Proceeding Straight,Driver,North,Proceeding Straight,Rear End,0,0,0,1,No Pedestrian Involved,POINT (-122.476684178 37.757968982),Other Motor Vehicle
45253,1.0,Driver,East,Backing,Driver,South,Stopped In Road,Sideswipe,0,0,0,1,No Pedestrian Involved,POINT (-122.416402964 37.790147049),Other Motor Vehicle
45254,,Bicyclist,East,Proceeding Straight,Unknown,Unknown,Unknown,Other,0,0,0,0,No Pedestrian Involved,POINT (-122.412824227 37.77281216),Non-Collision
45255,1.0,Driver,East,Proceeding Straight,Pedestrian,Not Stated,Stopped In Road,Vehicle/Pedestrian,1,0,0,1,"In Road, Including Shoulder",POINT (-122.414188161 37.776643499),Pedestrian
45256,1.0,Driver,North,Making Left Turn,Pedestrian,East,Proceeding Straight,Vehicle/Pedestrian,1,0,0,1,Crossing in Crosswalk at Intersection,POINT (-122.405398673 37.789631597),Pedestrian
45257,1.0,Driver,East,Stopped In Road,Pedestrian,Not Stated,Other,Vehicle/Pedestrian,1,0,0,1,Crossing in Crosswalk at Intersection,POINT (-122.44660865 37.720724224),Pedestrian
45258,1.0,Driver,West,Making Left Turn,Pedestrian,Not Stated,Other,Vehicle/Pedestrian,1,0,0,1,Crossing in Crosswalk at Intersection,POINT (-122.433836379 37.788890021),Pedestrian
45259,1.0,Driver,East,Proceeding Straight,Driver,North,Proceeding Straight,Broadside,0,0,0,1,No Pedestrian Involved,POINT (-122.409526865 37.726083694),Other Motor Vehicle
45260,1.0,Bicyclist,East,Proceeding Straight,Driver,North,Proceeding Straight,Broadside,0,1,0,1,No Pedestrian Involved,POINT (-122.389102952 37.766893943),Bicycle
45261,1.0,Pedestrian,West,Other,Driver,North,Backing,Vehicle/Pedestrian,1,0,0,1,Crossing Not in Crosswalk,POINT (-122.41975133 37.785955117),Pedestrian
45262,1.0,Driver,East,Entering Traffic,Pedestrian,North,Proceeding Straight,Vehicle/Pedestrian,1,0,0,1,"In Road, Including Shoulder",POINT (-122.476911275 37.761457494),Pedestrian
45263,1.0,Pedestrian,South,Proceeding Straight,Driver,West,Slowing/Stopping,Vehicle/Pedestrian,1,0,0,1,Crossing Not in Crosswalk,POINT (-122.416579146 37.753957804),Pedestrian
45264,1.0,Driver,East,Making U Turn,Driver,East,Proceeding Straight,Sideswipe,0,0,0,1,No Pedestrian Involved,POINT (-122.394786368 37.777243418),Other Motor Vehicle
45265,1.0,Bicyclist,North,Proceeding Straight,Driver,North,Making Left Turn,Broadside,0,1,0,1,No Pedestrian Involved,POINT (-122.410476735 37.745325549),Bicycle
45266,1.0,Driver,South,Making Left Turn,Pedestrian,East,Proceeding Straight,Vehicle/Pedestrian,1,0,0,1,Crossing in Crosswalk at Intersection,POINT (-122.460796341 37.777380326),Pedestrian
45267,,Driver,East,Stopped In Road,Bicyclist,Not Stated,Proceeding Straight,Other,0,1,0,1,No Pedestrian Involved,POINT (-122.423919645 37.788238196),Bicycle
45268,1.0,Driver,West,Proceeding Straight,Driver,South,Proceeding Straight,Broadside,0,0,0,1,No Pedestrian Involved,POINT (-122.434784958 37.720444911),Other Motor Vehicle
45269,1.0,Driver,South,Proceeding Straight,Parked Vehicle,East,Parked,Broadside,0,0,0,1,No Pedestrian Involved,POINT (-122.408149253 37.77876329),Parked Motor Vehicle
45270,1.0,Driver,North,Stopped In Road,Bicyclist,North,Proceeding Straight,Rear End,0,1,0,1,No Pedestrian Involved,POINT (-122.43410066 37.725605335),Bicycle
45271,,Pedestrian,North,Entering Traffic,Driver,East,Proceeding Straight,Vehicle/Pedestrian,1,0,0,1,Crossing Not in Crosswalk,POINT (-122.421239594 37.76495646),Pedestrian
45272,1.0,Driver,North,Proceeding Straight,Driver,East,Proceeding Straight,Broadside,0,0,0,1,No Pedestrian Involved,POINT (-122.435584714 37.720827146),Other Motor Vehicle
45273,1.0,Driver,West,Making Left Turn,Driver,West,Proceeding Straight,Broadside,0,0,0,1,No Pedestrian Involved,POINT (-122.422135208 37.789412062),Other Motor Vehicle
45274,1.0,Driver,West,Making Left Turn,Driver,East,Proceeding Straight,Broadside,0,0,0,1,No Pedestrian Involved,POINT (-122.397863386 37.766369339),Other Motor Vehicle
45275,1.0,Driver,South,Entering Traffic,Bicyclist,South,Proceeding Straight,Sideswipe,0,1,0,1,No Pedestrian Involved,POINT (-122.427202756 37.781117127),Bicycle
45276,1.0,Driver,North,Proceeding Straight,Driver,North,Stopped In Road,Rear End,0,0,0,1,No Pedestrian Involved,POINT (-122.424125735 37.739847457),Other Motor Vehicle
45277,1.0,Driver,West,Making Left Turn,Pedestrian,East,Not Stated,Vehicle/Pedestrian,1,0,0,1,Crossing in Crosswalk at Intersection,POINT (-122.406585376 37.787545543),Pedestrian
45278,1.0,Driver,North,Making Left Turn,Pedestrian,West,Proceeding Straight,Vehicle/Pedestrian,1,0,0,1,Crossing in Crosswalk at Intersection,POINT (-122.410488248 37.765622271),Pedestrian
45279,1.0,Driver,North,Backing,Bicyclist,East,Proceeding Straight,Rear End,0,1,0,1,No Pedestrian Involved,POINT (-122.448159918 37.73150457),Bicycle
45280,1.0,Driver,West,Proceeding Straight,Driver,South,Proceeding Straight,Broadside,0,0,0,1,No Pedestrian Involved,POINT (-122.409497526 37.785282917),Other Motor Vehicle
45281,1.0,Driver,Not Stated,Making Left Turn,Bicyclist,North,Proceeding Straight,Broadside,0,1,0,1,No Pedestrian Involved,POINT (-122.419359268 37.761835856),Bicycle
45282,1.0,Pedestrian,East,Not Stated,Driver,North,Proceeding Straight,Vehicle/Pedestrian,1,0,0,1,Crossing Not in Crosswalk,POINT (-122.406711877 37.796322553),Pedestrian
45283,1.0,Driver,East,Stopped In Road,Driver,West,Making Left Turn,Broadside,0,0,0,1,No Pedestrian Involved,POINT (-122.411484129 37.748298287),Other Motor Vehicle
45284,1.0,Driver,South,Proceeding Straight,Driver,West,Making Right Turn,Broadside,0,0,0,1,No Pedestrian Involved,POINT (-122.399616233 37.780791483),Motor Vehicle on Other Roadway
45285,1.0,Driver,South,Making Left Turn,Pedestrian,East,Other,Vehicle/Pedestrian,1,0,0,1,Crossing in Crosswalk at Intersection,POINT (-122.446383349 37.71143615),Pedestrian
45286,1.0,Driver,East,Making U Turn,Driver,South,Proceeding Straight,Head-On,0,0,0,1,No Pedestrian Involved,POINT (-122.400784748 37.723616209),Other Motor Vehicle
45287,1.0,Bicyclist,East,Proceeding Straight,Driver,East,Merging,Broadside,0,1,0,1,No Pedestrian Involved,POINT (-122.437498497 37.772169933),Bicycle
45288,1.0,Pedestrian,South,Stopped In Road,Driver,East,Proceeding Straight,Sideswipe,1,0,0,1,"In Road, Including Shoulder",POINT (-122.410624142 37.73690767),Pedestrian
45289,1.0,Driver,Not Stated,Proceeding Straight,Bicyclist,South,Ran Off Road,Sideswipe,0,1,0,1,No Pedestrian Involved,POINT (-122.41551013 37.781678688),Bicycle
45290,2.0,Driver,East,Parked,Bicyclist,Not Stated,Proceeding Straight,Not Stated,0,1,0,1,No Pedestrian Involved,POINT (-122.443497288 37.788626939),Bicycle
45291,1.0,Driver,East,Changing Lanes,Driver,East,Proceeding Straight,Sideswipe,0,0,0,1,No Pedestrian Involved,POINT (-122.401732346 37.774215303),Other Motor Vehicle
45292,1.0,Driver,North,Making Right Turn,Driver,West,Passing Other Vehicle,Not Stated,1,0,0,1,Not Stated,POINT (-122.428354065 37.761289573),Not Stated
45293,1.0,Driver,South,Stopped In Road,Driver,West,Stopped In Road,Broadside,0,0,0,1,No Pedestrian Involved,POINT (-122.464820302 37.773610009),Other Motor Vehicle
45294,1.0,Driver,Not Stated,Proceeding Straight,Pedestrian,East,Stopped In Road,Vehicle/Pedestrian,1,0,0,1,"In Road, Including Shoulder",POINT (-122.394938481 37.789065374),Pedestrian
45295,2.0,Driver,North,Proceeding Straight,Bicyclist,East,Not Stated,Broadside,0,1,0,1,No Pedestrian Involved,POINT (-122.373694241 37.827267506),Bicycle
45296,1.0,Driver,South,Proceeding Straight,Driver,South,Stopped In Road,Rear End,0,0,0,1,No Pedestrian Involved,POINT (-122.417338985 37.763640364),Other Motor Vehicle
45297,1.0,Driver,South,Proceeding Straight,Parked Vehicle,South,Parked,Sideswipe,0,0,0,1,No Pedestrian Involved,POINT (-122.423346238 37.756724338),Parked Motor Vehicle
45298,1.0,Pedestrian,North,Proceeding Straight,Driver,West,Proceeding Straight,Vehicle/Pedestrian,1,0,0,1,Crossing in Crosswalk at Intersection,POINT (-122.420247184 37.780074696),Pedestrian
45299,1.0,Pedestrian,South,Not Stated,Driver,East,Proceeding Straight,Vehicle/Pedestrian,1,0,0,1,Crossing Not in Crosswalk,POINT (-122.447724524 37.746430626),Pedestrian
45300,1.0,Driver,North,Making Left Turn,Pedestrian,South,Other,Vehicle/Pedestrian,1,0,0,1,Crossing in Crosswalk at Intersection,POINT (-122.395451011 37.719569193),Pedestrian
45301,1.0,Driver,North,Proceeding Straight,Driver,West,Entering Traffic,Other,0,0,0,1,No Pedestrian Involved,POINT (-122.404432122 37.796315925),Other Object
45302,1.0,Pedestrian,East,Not Stated,Driver,South,Proceeding Straight,Vehicle/Pedestrian,1,0,0,1,Crossing in Crosswalk at Intersection,POINT (-122.441554285 37.715753446),Pedestrian
45303,1.0,Pedestrian,South,Entering Traffic,Driver,East,Proceeding Straight,Vehicle/Pedestrian,1,0,0,1,Crossing in Crosswalk Not at Intersection,POINT (-122.418900938 37.788388967),Pedestrian
45304,1.0,Driver,North,Proceeding Straight,Parked Vehicle,Not Stated,Parked,Sideswipe,0,0,0,1,No Pedestrian Involved,POINT (-122.417332406 37.763571604),Other Motor Vehicle
45305,1.0,Driver,West,Proceeding Straight,Driver,West,Proceeding Straight,Rear End,0,0,0,1,No Pedestrian Involved,POINT (-122.417825617 37.748215587),Other Motor Vehicle
45306,1.0,Pedestrian,West,Entering Traffic,Driver,North,Proceeding Straight,Vehicle/Pedestrian,1,0,0,1,Crossing Not in Crosswalk,POINT (-122.489592203 37.774196003),Pedestrian
45307,1.0,Bicyclist,North,Not Stated,Unknown,Unknown,Unknown,Other,0,0,0,0,No Pedestrian Involved,POINT (-122.470488596 37.777709563),Non-Collision
45308,1.0,Driver,West,Proceeding Straight,Driver,West,Proceeding Straight,Broadside,0,0,0,1,No Pedestrian Involved,POINT (-122.485597321 37.746354086),Other Motor Vehicle
45309,1.0,Driver,West,Proceeding Straight,Pedestrian,South,Proceeding Straight,Vehicle/Pedestrian,1,0,0,1,Crossing in Crosswalk at Intersection,POINT (-122.458858661 37.781257061),Pedestrian
45310,1.0,Driver,East,Proceeding Straight,Pedestrian,North,Not Stated,Vehicle/Pedestrian,1,0,0,1,Crossing in Crosswalk at Intersection,POINT (-122.477803781 37.742956998),Pedestrian
45311,1.0,Driver,West,Proceeding Straight,Parked Vehicle,West,Parked,Rear End,0,0,0,1,No Pedestrian Involved,POINT (-122.473650863 37.716957535),Other Motor Vehicle
45312,1.0,Driver,West,Proceeding Straight,Driver,North,Proceeding Straight,Head-On,0,0,0,1,No Pedestrian Involved,POINT (-122.446659913 37.776741636),Other Motor Vehicle
45313,1.0,Driver,West,Stopped In Road,Pedestrian,North,Not Stated,Vehicle/Pedestrian,1,0,0,1,Crossing in Crosswalk at Intersection,POINT (-122.464942091 37.775320946),Pedestrian
45314,1.0,Driver,North,Proceeding Straight,Driver,North,Stopped In Road,Rear End,0,0,0,1,No Pedestrian Involved,POINT (-122.407322929 37.791298136),Other Motor Vehicle
45315,1.0,Driver,North,Proceeding Straight,Bicyclist,North,Proceeding Straight,Sideswipe,0,1,0,1,No Pedestrian Involved,POINT (-122.418753914 37.755502975),Bicycle
45316,1.0,Driver,West,Proceeding Straight,Pedestrian,East,Not Stated,Vehicle/Pedestrian,1,0,0,1,"In Road, Including Shoulder",POINT (-122.434018625 37.762553473),Pedestrian
45317,1.0,Driver,South,Parking Maneuver,Bicyclist,South,Proceeding Straight,Sideswipe,0,1,0,1,No Pedestrian Involved,POINT (-122.404172001 37.780895424),Bicycle
45318,1.0,Bicyclist,North,Proceeding Straight,Parked Vehicle,North,Parked,Sideswipe,0,1,0,0,No Pedestrian Involved,POINT (-122.417614167 37.783754636),Bicycle
45319,1.0,Driver,North,Making Right Turn,Bicyclist,North,Proceeding Straight,Broadside,0,1,0,1,No Pedestrian Involved,POINT (-122.423017443 37.74282288),Bicycle