party_id,party_at_fault,party1_type,party1_dir_of_travel,party1_move_pre_acc,party2_type,party2_dir_of_travel,party2_move_pre_acc,type_of_collision,involves_pedestrian,involves_bicycle,involves_motorcycle,involves_vehicle,ped_action,point,mviw
46242,1.0,Driver,East,Proceeding Straight,Unknown,Unknown,Unknown,Hit Object,0,0,0,1,No Pedestrian Involved,POINT (-122.464055545 37.772300884),Fixed Object
46243,1.0,Driver,East,Proceeding Straight,Driver,East,Stopped In Road,Rear End,0,0,0,1,No Pedestrian Involved,POINT (-122.396358507 37.778462874),Other Motor Vehicle
46244,,Driver,North,Proceeding Straight,Parked Vehicle,Not Stated,Parked,Vehicle/Pedestrian,1,0,0,1,Not in Road,POINT (-122.443796694 37.746693924),Pedestrian
46245,1.0,Driver,East,Proceeding Straight,Driver,East,Stopped In Road,Rear End,0,0,0,1,No Pedestrian Involved,POINT (-122.423400885 37.71397764),Other Motor Vehicle
46246,,Driver,East,Stopped In Road,Other,East,Stopped In Road,Rear End,1,0,0,1,"In Road, Including Shoulder",POINT (-122.412477719 37.780484843),Other Object
46247,1.0,Driver,East,Backing,Pedestrian,North,Not Stated,Vehicle/Pedestrian,1,0,0,1,Not in Road,POINT (-122.404747214 37.806217815),Pedestrian
46248,1.0,Driver,West,Proceeding Straight,Driver,West,Stopped In Road,Rear End,0,0,0,1,No Pedestrian Involved,POINT (-122.403542267 37.74773192),Other Motor Vehicle
46249,1.0,Driver,South,Entering Traffic,Driver,West,Proceeding Straight,Broadside,0,0,0,1,No Pedestrian Involved,POINT (-122.43419118 37.780234859),Other Motor Vehicle
46250,1.0,Driver,South,Other,Unknown,Unknown,Unknown,Hit Object,0,0,0,1,No Pedestrian Involved,POINT (-122.493469933 37.729596663),Fixed Object
46251,1.0,Driver,West,Making Right Turn,Driver,West,Proceeding Straight,Sideswipe,0,0,0,1,No Pedestrian Involved,POINT (-122.417753194 37.769815079),Other Motor Vehicle
46252,1.0,Driver,West,Proceeding Straight,Pedestrian,North,Not Stated,Vehicle/Pedestrian,1,0,0,1,Crossing Not in Crosswalk,POINT (-122.478643577 37.742920111),Pedestrian
46253,1.0,Driver,North,Proceeding Straight,Driver,Not Stated,Stopped In Road,Rear End,0,0,0,1,No Pedestrian Involved,POINT (-122.422587697 37.748417795),Other Motor Vehicle
46254,1.0,Driver,North,Proceeding Straight,Driver,West,Proceeding Straight,Broadside,0,0,0,1,No Pedestrian Involved,POINT (-122.476423522 37.754242188),Other Motor Vehicle
46255,1.0,Driver,North,Proceeding Straight,Pedestrian,Not Stated,Proceeding Straight,Vehicle/Pedestrian,1,0,0,1,Crossing in Crosswalk at Intersection,POINT (-122.389035068 37.732918895),Pedestrian
46256,1.0,Driver,West,Proceeding Straight,Driver,East,Parking Maneuver,Sideswipe,0,0,0,1,No Pedestrian Involved,POINT (-122.435217134 37.783968528),Other Motor Vehicle
46257,1.0,Driver,South,Backing,Parked Vehicle,Not Stated,Parked,Other,1,0,0,1,Not Stated,POINT (-122.388023344 37.784773614),Parked Motor Vehicle
46258,1.0,Driver,East,Making Left Turn,Bicyclist,North,Proceeding Straight,Broadside,0,1,0,1,No Pedestrian Involved,POINT (-122.411484129 37.748298287),Bicycle
46259,1.0,Driver,West,Making Left Turn,Pedestrian,East,Not Stated,Vehicle/Pedestrian,1,0,0,1,Crossing in Crosswalk at Intersection,POINT (-122.407141692 37.779724696),Pedestrian
46260,,Driver,West,Proceeding Straight,Pedestrian,South,Proceeding Straight,Sideswipe,1,0,0,1,No Pedestrian Involved,POINT (-122.421886446 37.764917378),Other Object
46261,1.0,Driver,South,Making Left Turn,Pedestrian,North,Not Stated,Vehicle/Pedestrian,1,0,0,1,Crossing in Crosswalk at Intersection,POINT (-122.419909851 37.786829825),Pedestrian
46262,1.0,Driver,North,Proceeding Straight,Driver,North,Stopped In Road,Rear End,0,0,0,1,No Pedestrian Involved,POINT (-122.398561083 37.783490612),Other Motor Vehicle
46263,1.0,Driver,West,Making U Turn,Driver,West,Proceeding Straight,Broadside,0,0,0,1,No Pedestrian Involved,POINT (-122.399663436 37.790679009),Other Motor Vehicle
46264,,Bicyclist,West,Proceeding Straight,Parked Vehicle,West,Parked,Overturned,0,0,0,0,No Pedestrian Involved,POINT (-122.42359605 37.761578126),Parked Motor Vehicle
46265,1.0,Driver,North,Making Left Turn,Pedestrian,West,Proceeding Straight,Sideswipe,1,0,0,1,Crossing in Crosswalk Not at Intersection,POINT (-122.452376533 37.727391758),Pedestrian
46266,1.0,Driver,West,Backing,Pedestrian,West,Proceeding Straight,Rear End,1,0,0,1,"In Road, Including Shoulder",POINT (-122.41076622 37.794602322),Pedestrian
46267,1.0,Driver,South,Proceeding Straight,Pedestrian,Not Stated,Other,Vehicle/Pedestrian,1,0,0,1,Crossing in Crosswalk at Intersection,POINT (-122.415308388 37.76531464),Pedestrian
46268,1.0,Driver,West,Making Left Turn,Driver,West,Proceeding Straight,Broadside,0,0,0,1,No Pedestrian Involved,POINT (-122.392749787 37.778851718),Other Motor Vehicle
46269,1.0,Driver,North,Making Left Turn,Pedestrian,West,Proceeding Straight,Vehicle/Pedestrian,1,0,0,1,Crossing in Crosswalk at Intersection,POINT (-122.402459479 37.712179486),Pedestrian
46270,1.0,Pedestrian,East,Proceeding Straight,Driver,West,Proceeding Straight,Not Stated,1,0,0,1,"In Road, Including Shoulder",POINT (-122.419916803 37.765036367),Pedestrian
46271,1.0,Other,West,Proceeding Straight,Driver,West,Stopped In Road,Rear End,0,0,0,1,No Pedestrian Involved,POINT (-122.405684105 37.785921935),Other Object
46272,1.0,Driver,West,Proceeding Straight,Bicyclist,West,Proceeding Straight,Sideswipe,0,0,0,1,No Pedestrian Involved,POINT (-122.412523836 37.808624849),Train
46273,1.0,Driver,North,Proceeding Straight,Driver,North,Stopped In Road,Sideswipe,0,0,0,1,No Pedestrian Involved,POINT (-122.396064258 37.747300774),Other Motor Vehicle
46274,1.0,Driver,South,Making Left Turn,Driver,West,Proceeding Straight,Broadside,0,0,0,1,No Pedestrian Involved,POINT (-122.485397266 37.774387725),Other Motor Vehicle
46275,1.0,Pedestrian,East,Other,Driver,South,Proceeding Straight,Head-On,1,0,0,1,Crossing in Crosswalk at Intersection,POINT (-122.419668973 37.765051337),Pedestrian
46276,1.0,Driver,West,Proceeding Straight,Driver,South,Proceeding Straight,Broadside,0,0,0,1,No Pedestrian Involved,POINT (-122.440921792 37.773635296),Other Motor Vehicle
46277,1.0,Driver,South,Changing Lanes,Driver,South,Stopped In Road,Rear End,0,0,0,1,No Pedestrian Involved,POINT (-122.40206759 37.789444338),Other Motor Vehicle
46278,1.0,Driver,South,Making Left Turn,Driver,West,Proceeding Straight,Broadside,0,0,0,1,No Pedestrian Involved,POINT (-122.448279146 37.804724225),Other Motor Vehicle
46279,1.0,Pedestrian,North,Proceeding Straight,Driver,East,Making Right Turn,Head-On,1,0,0,1,Crossing in Crosswalk at Intersection,POINT (-122.435624141 37.767327958),Non-Collision
46280,1.0,Driver,South,Making Right Turn,Bicyclist,East,Proceeding Straight,Other,0,0,0,1,No Pedestrian Involved,POINT (-122.42441169 37.768006425),Not Stated
46281,1.0,Driver,North,Making Left Turn,Pedestrian,East,Parked,Vehicle/Pedestrian,1,0,0,1,Crossing in Crosswalk at Intersection,POINT (-122.424462943 37.736070883),Pedestrian
46282,1.0,Driver,North,Proceeding Straight,Bicyclist,North,Proceeding Straight,Sideswipe,0,1,0,1,No Pedestrian Involved,POINT (-122.417752171 37.784453089),Bicycle
46283,1.0,Driver,North,Making Left Turn,Pedestrian,East,Proceeding Straight,Vehicle/Pedestrian,1,0,0,1,Crossing in Crosswalk at Intersection,POINT (-122.411139801 37.785074596),Pedestrian
46284,1.0,Bicyclist,East,Proceeding Straight,Parked Vehicle,Not Stated,Parked,Sideswipe,0,0,0,0,No Pedestrian Involved,POINT (-122.426725915 37.764624876),Parked Motor Vehicle
46285,1.0,Driver,East,Proceeding Straight,Driver,South,Proceeding Straight,Broadside,0,0,0,1,No Pedestrian Involved,POINT (-122.469627032 37.780768739),Other Motor Vehicle
46286,,Driver,West,Making Left Turn,Pedestrian,North,Not Stated,Vehicle/Pedestrian,1,0,0,1,Crossing in Crosswalk at Intersection,POINT (-122.394940237 37.79184209),Pedestrian
46287,1.0,Driver,North,Proceeding Straight,Driver,North,Proceeding Straight,Rear End,0,0,0,1,No Pedestrian Involved,POINT (-122.412627154 37.77456497),Other Motor Vehicle
46288,1.0,Driver,South,Backing,Pedestrian,Not Stated,Other,Vehicle/Pedestrian,1,0,0,1,Not in Road,POINT (-122.408792847 37.798495128),Pedestrian
46289,1.0,Driver,South,Ran Off Road,Unknown,Unknown,Unknown,Hit Object,0,0,0,1,No Pedestrian Involved,POINT (-122.400262565 37.713589339),Fixed Object
46290,1.0,Driver,East,Proceeding Straight,Driver,South,Proceeding Straight,Broadside,0,0,0,1,No Pedestrian Involved,POINT (-122.395813421 37.791152808),Other Motor Vehicle
46291,1.0,Driver,North,Making Right Turn,Driver,North,Making Right Turn,Sideswipe,0,0,0,1,No Pedestrian Involved,POINT (-122.474948694 37.732443807),Other Motor Vehicle
46292,1.0,Pedestrian,East,Other,Driver,South,Proceeding Straight,Vehicle/Pedestrian,1,0,0,1,Crossing Not in Crosswalk,POINT (-122.408493158 37.78445273),Pedestrian
46293,1.0,Bicyclist,North,Making Right Turn,Pedestrian,West,Proceeding Straight,Vehicle/Pedestrian,1,0,0,0,Crossing in Crosswalk at Intersection,POINT (-122.421733874 37.763324323),Pedestrian
46294,1.0,Driver,North,Proceeding Straight,Driver,East,Making Right Turn,Broadside,0,0,0,1,No Pedestrian Involved,POINT (-122.396309321 37.743641076),Other Motor Vehicle
46295,1.0,Driver,West,Passing Other Vehicle,Pedestrian,North,Proceeding Straight,Vehicle/Pedestrian,1,0,0,1,"In Road, Including Shoulder",POINT (-122.465649259 37.764066025),Pedestrian
46296,1.0,Driver,East,Making Left Turn,Driver,East,Proceeding Straight,Sideswipe,0,0,0,1,No Pedestrian Involved,POINT (-122.414026707 37.771863706),Other Motor Vehicle
46297,1.0,Driver,Not Stated,Making Left Turn,Pedestrian,South,Proceeding Straight,Vehicle/Pedestrian,1,0,0,1,Crossing in Crosswalk at Intersection,POINT (-122.412200225 37.782075683),Pedestrian
46298,1.0,Pedestrian,South,Proceeding Straight,Driver,West,Proceeding Straight,Vehicle/Pedestrian,1,0,0,1,Crossing Not in Crosswalk,POINT (-122.407992968 37.784004972),Pedestrian
46299,1.0,Bicyclist,West,Proceeding Straight,Driver,South,Proceeding Straight,Broadside,0,1,0,1,No Pedestrian Involved,POINT (-122.422186439 37.772909123),Bicycle
46300,1.0,Driver,North,Proceeding Straight,Driver,East,Proceeding Straight,Broadside,0,0,0,1,No Pedestrian Involved,POINT (-122.421229981 37.793257868),Other Motor Vehicle
46301,1.0,Driver,West,Proceeding Straight,Bicyclist,West,Stopped In Road,Broadside,0,1,0,1,No Pedestrian Involved,POINT (-122.443696074 37.718928673),Bicycle
46302,1.0,Driver,East,Making Left Turn,Driver,North,Proceeding Straight,Broadside,0,0,0,1,No Pedestrian Involved,POINT (-122.458241195 37.708999302),Other Motor Vehicle
46303,,Driver,North,Proceeding Straight,Pedestrian,West,Proceeding Straight,Broadside,1,0,0,1,Crossing in Crosswalk at Intersection,POINT (-122.417145612 37.781447495),Pedestrian
46304,1.0,Bicyclist,West,Making Right Turn,Driver,South,Proceeding Straight,Broadside,0,1,0,1,No Pedestrian Involved,POINT (-122.415315615 37.780719177),Bicycle
46305,1.0,Bicyclist,South,Changing Lanes,Driver,South,Proceeding Straight,Broadside,0,1,0,1,No Pedestrian Involved,POINT (-122.428657163 37.767734888),Bicycle
46306,,Driver,South,Proceeding Straight,Pedestrian,East,Proceeding Straight,Vehicle/Pedestrian,1,0,0,1,Crossing in Crosswalk at Intersection,POINT (-122.433982355 37.72576179),Pedestrian
46307,1.0,Driver,East,Parked,Driver,East,Proceeding Straight,Sideswipe,0,0,0,1,No Pedestrian Involved,POINT (-122.424462209 37.709939037),Motor Vehicle on Other Roadway
46308,1.0,Driver,West,Making Left Turn,Bicyclist,East,Proceeding Straight,Broadside,0,1,0,1,No Pedestrian Involved,POINT (-122.485147938 37.78574601),Bicycle
46309,,Bicyclist,East,Proceeding Straight,Unknown,Unknown,Unknown,Overturned,0,0,0,0,No Pedestrian Involved,POINT (-122.446381969 37.72291421),Other Object
46310,1.0,Driver,West,Making Left Turn,Pedestrian,North,Other,Vehicle/Pedestrian,1,0,0,1,Crossing in Crosswalk at Intersection,POINT (-122.415802425 37.808214054),Pedestrian
46311,1.0,Bicyclist,East,Proceeding Straight,Driver,East,Parking Maneuver,Broadside,0,1,0,1,No Pedestrian Involved,POINT (-122.475984068 37.780415812),Bicycle
46312,1.0,Driver,East,Proceeding Straight,Unknown,Unknown,Unknown,Other,0,0,0,1,No Pedestrian Involved,POINT (-122.485525469 37.734194177),Non-Collision
46313,1.0,Driver,East,Parking Maneuver,Bicyclist,East,Proceeding Straight,Not Stated,0,1,0,1,No Pedestrian Involved,POINT (-122.422018674 37.768150589),Bicycle
46314,1.0,Driver,South,Proceeding Straight,Driver,South,Stopped In Road,Rear End,0,0,0,1,No Pedestrian Involved,POINT (-122.471774757 37.773152741),Other Motor Vehicle
46315,1.0,Driver,East,Backing,Driver,North,Stopped,Other,0,0,0,1,No Pedestrian Involved,POINT (-122.4330804 37.764058493),Other Motor Vehicle
46316,1.0,Driver,North,Proceeding Straight,Driver,West,Proceeding Straight,Broadside,0,0,0,1,No Pedestrian Involved,POINT (-122.416872481 37.758764229),Other Motor Vehicle
46317,1.0,Driver,South,Proceeding Straight,Unknown,Unknown,Unknown,Hit Object,0,0,0,1,No Pedestrian Involved,POINT (-122.459234717 37.748484756),Fixed Object
46318,1.0,Bicyclist,East,Proceeding Straight,Driver,South,Proceeding Straight,Broadside,0,1,0,1,No Pedestrian Involved,POINT (-122.438926756 37.780588487),Bicycle
46319,1.0,Bicyclist,West,Making Left Turn,Driver,West,Proceeding Straight,Sideswipe,0,1,0,1,No Pedestrian Involved,POINT (-122.417501463 37.776540894),Bicycle
46320,1.0,Pedestrian,East,Other,Driver,North,Proceeding Straight,Vehicle/Pedestrian,1,0,0,1,Not Stated,POINT (-122.409267245 37.781415475),Pedestrian
46321,1.0,Driver,South,Proceeding Straight,Driver,West,Making Left Turn,Broadside,0,0,0,1,No Pedestrian Involved,POINT (-122.426538465 37.766267922),Other Motor Vehicle
46322,1.0,Driver,South,Proceeding Straight,Driver,North,Proceeding Straight,Head-On,0,0,0,1,No Pedestrian Involved,POINT (-122.441059966 37.720105011),Other Motor Vehicle
46323,1.0,Driver,South,Changing Lanes,Bicyclist,South,Proceeding Straight,Sideswipe,0,1,0,1,No Pedestrian Involved,POINT (-122.419586838 37.785162493),Bicycle
46324,1.0,Pedestrian,North,Not Stated,Driver,West,Not Stated,Vehicle/Pedestrian,1,0,0,1,Crossing in Crosswalk at Intersection,POINT (-122.426134793 37.761423613),Pedestrian
46325,1.0,Bicyclist,East,Making Right Turn,Driver,North,Stopped In Road,Broadside,0,1,0,1,No Pedestrian Involved,POINT (-122.421756289 37.795886592),Bicycle
46326,1.0,Driver,West,Other,Pedestrian,North,Proceeding Straight,Vehicle/Pedestrian,1,0,0,1,Crossing in Crosswalk at Intersection,POINT (-122.447286871 37.80516009),Pedestrian
46327,1.0,Pedestrian,West,Entering Traffic,Driver,North,Proceeding Straight,Vehicle/Pedestrian,1,0,0,1,Crossing Not in Crosswalk,POINT (-122.407467984 37.798418761),Pedestrian
46328,1.0,Bicyclist,East,Passing Other Vehicle,Driver,North,Making U Turn,Broadside,0,1,0,1,No Pedestrian Involved,POINT (-122.447802194 37.777546207),Bicycle
46329,1.0,Driver,South,Making Left Turn,Pedestrian,West,Proceeding Straight,Vehicle/Pedestrian,1,0,0,1,Crossing in Crosswalk at Intersection,POINT (-122.433075149 37.764180033),Pedestrian
46330,1.0,Driver,North,Proceeding Straight,Driver,North,Parking Maneuver,Broadside,0,0,0,1,No Pedestrian Involved,POINT (-122.41259226 37.77453708),Other Motor Vehicle
46331,1.0,Driver,North,Proceeding Straight,Driver,North,Proceeding Straight,Rear End,0,0,0,1,No Pedestrian Involved,POINT (-122.476967928 37.761802349),Other Motor Vehicle
46332,1.0,Driver,East,Entering Traffic,Driver,East,Proceeding Straight,Not Stated,0,0,0,1,No Pedestrian Involved,POINT (-122.469105846 37.780729038),Other Motor Vehicle
46333,1.0,Driver,South,Making Left Turn,Pedestrian,South,Proceeding Straight,Head-On,1,0,0,1,Crossing in Crosswalk at Intersection,POINT (-122.397547108 37.789784197),Pedestrian
46334,1.0,Driver,North,Proceeding Straight,Driver,North,Changing Lanes,Hit Object,0,0,0,1,No Pedestrian Involved,POINT (-122.478381085 37.772258088),Fixed Object
46335,1.0,Driver,North,Proceeding Straight,Driver,North,Stopped In Road,Rear End,0,0,0,1,No Pedestrian Involved,POINT (-122.419190714 37.760075232),Other Motor Vehicle
46336,1.0,Driver,West,Making Right Turn,Driver,West,Making Right Turn,Sideswipe,0,0,0,1,No Pedestrian Involved,POINT (-122.419512737 37.763429273),Other Motor Vehicle
46337,,Driver,North,Proceeding Straight,Driver,West,Proceeding Straight,Broadside,0,0,0,1,No Pedestrian Involved,POINT (-122.44684647 37.777669109),Other Motor Vehicle
46338,1.0,Driver,South,Making Left Turn,Driver,North,Proceeding Straight,Head-On,0,0,0,1,No Pedestrian Involved,POINT (-122.437149524 37.721575001),Other Motor Vehicle
46339,1.0,Driver,East,Changing Lanes,Unknown,Unknown,Unknown,Overturned,0,0,0,1,No Pedestrian Involved,POINT (-122.417219616 37.783349341),Other Object
46340,1.0,Driver,South,Proceeding Straight,Driver,East,Proceeding Straight,Head-On,0,0,0,1,No Pedestrian Involved,POINT (-122.431951802 37.779564149),Other Motor Vehicle
46341,1.0,Driver,West,Making Right Turn,Driver,West,Proceeding Straight,Broadside,0,0,0,1,No Pedestrian Involved,POINT (-122.410829501 37.734732915),Other Motor Vehicle
46342,1.0,Driver,North,Backing,Pedestrian,East,Not Stated,Vehicle/Pedestrian,1,0,0,1,Crossing Not in Crosswalk,POINT (-122.402606386 37.783178131),Pedestrian
46343,1.0,Driver,East,Proceeding Straight,Parked Vehicle,East,Parked,Rear End,0,0,0,1,No Pedestrian Involved,POINT (-122.481121968 37.776454449),Other Motor Vehicle
46344,1.0,Driver,South,Making Left Turn,Driver,West,Proceeding Straight,Broadside,0,0,0,1,No Pedestrian Involved,POINT (-122.433647124 37.787950272),Other Motor Vehicle
46345,1.0,Driver,South,Making Left Turn,Pedestrian,South,Other,Vehicle/Pedestrian,1,0,0,1,Crossing in Crosswalk at Intersection,POINT (-122.396530638 37.778326831),Pedestrian
46346,1.0,Driver,South,Proceeding Straight,Other,Not Stated,Proceeding Straight,Broadside,0,0,0,1,No Pedestrian Involved,POINT (-122.475924092 37.761747151),Train
46347,1.0,Driver,North,Proceeding Straight,Driver,North,Stopped In Road,Rear End,0,0,0,1,No Pedestrian Involved,POINT (-122.480610653 37.771829697),Other Motor Vehicle
46348,1.0,Driver,West,Making Right Turn,Pedestrian,South,Proceeding Straight,Vehicle/Pedestrian,1,0,0,1,Crossing in Crosswalk at Intersection,POINT (-122.42063825 37.781960766),Pedestrian
46349,1.0,Driver,North,Proceeding Straight,Unknown,Unknown,Unknown,Hit Object,0,0,0,1,No Pedestrian Involved,POINT (-122.471760664 37.773141931),Fixed Object
46350,1.0,Driver,West,Stopped In Road,Bicyclist,North,Stopped In Road,Broadside,0,1,0,1,No Pedestrian Involved,POINT (-122.493330784 37.764732912),Bicycle
46351,,Driver,East,Slowing/Stopping,Unknown,Unknown,Unknown,Other,0,0,0,1,No Pedestrian Involved,POINT (-122.417375413 37.780415869),Non-Collision
46352,1.0,Pedestrian,South,Proceeding Straight,Driver,East,Proceeding Straight,Vehicle/Pedestrian,1,0,0,1,Crossing Not in Crosswalk,POINT (-122.421992623 37.772925749),Pedestrian
46353,1.0,Bicyclist,North,Proceeding Straight,Bicyclist,North,Proceeding Straight,Sideswipe,0,1,0,0,No Pedestrian Involved,POINT (-122.464995451 37.776048728),Bicycle
46354,1.0,Driver,North,Proceeding Straight,Driver,North,Stopped In Road,Rear End,0,0,0,1,No Pedestrian Involved,POINT (-122.472530979 37.717101615),Other Motor Vehicle
46355,1.0,Driver,West,Backing,Pedestrian,South,Proceeding Straight,Vehicle/Pedestrian,1,0,0,1,Not in Road,POINT (-122.470894992 37.736131616),Pedestrian
46356,1.0,Driver,West,Other Unsafe Turning,Unknown,Unknown,Unknown,Hit Object,0,0,0,1,No Pedestrian Involved,POINT (-122.437678637 37.799645691),Fixed Object
46357,1.0,Driver,North,Making Left Turn,Bicyclist,South,Proceeding Straight,Head-On,0,1,0,1,No Pedestrian Involved,POINT (-122.412479935 37.770629854),Bicycle
46358,1.0,Driver,East,Proceeding Straight,Driver,East,Proceeding Straight,Sideswipe,0,0,0,1,No Pedestrian Involved,POINT (-122.436062629 37.786688366),Other Motor Vehicle
46359,1.0,Driver,West,Backing,Pedestrian,East,Not Stated,Hit Object,1,0,0,1,Not in Road,POINT (-122.468696841 37.782646114),Fixed Object
46360,,Bicyclist,South,Making Left Turn,Driver,West,Proceeding Straight,Broadside,0,1,0,1,No Pedestrian Involved,POINT (-122.419181704 37.7831014),Bicycle
46361,1.0,Driver,North,Proceeding Straight,Driver,North,Stopped In Road,Rear End,0,0,0,1,No Pedestrian Involved,POINT (-122.423567797 37.788149991),Other Motor Vehicle
46362,1.0,Driver,South,Merging,Pedestrian,West,Other,Broadside,1,0,0,1,Crossing Not in Crosswalk,POINT (-122.399616233 37.780791483),Pedestrian
46363,1.0,Driver,East,Making Left Turn,Bicyclist,West,Proceeding Straight,Broadside,0,1,0,1,No Pedestrian Involved,POINT (-122.476896121 37.763571729),Bicycle
46364,1.0,Driver,North,Proceeding Straight,Pedestrian,East,Not Stated,Vehicle/Pedestrian,1,0,0,1,Crossing in Crosswalk at Intersection,POINT (-122.390547463 37.728099082),Pedestrian
46365,1.0,Driver,North,Slowing/Stopping,Driver,North,Stopped In Road,Rear End,0,0,0,1,No Pedestrian Involved,POINT (-122.403228659 37.805151472),Other Motor Vehicle
46366,1.0,Driver,West,Making Left Turn,Unknown,Unknown,Unknown,Head-On,0,0,0,1,No Pedestrian Involved,POINT (-122.412468269 37.722658455),Fixed Object
46367,1.0,Parked Vehicle,West,Parked,Bicyclist,West,Proceeding Straight,Sideswipe,0,1,0,0,No Pedestrian Involved,POINT (-122.451757955 37.786619561),Bicycle
46368,1.0,Driver,South,Proceeding Straight,Pedestrian,East,Proceeding Straight,Vehicle/Pedestrian,1,0,0,1,Crossing in Crosswalk at Intersection,POINT (-122.407164383 37.782190721),Pedestrian
46369,1.0,Driver,West,Making Left Turn,Bicyclist,South,Proceeding Straight,Broadside,0,1,0,1,No Pedestrian Involved,POINT (-122.405074948 37.76970955),Bicycle
46370,1.0,Driver,South,Making Left Turn,Driver,South,Proceeding Straight,Other,0,0,0,1,No Pedestrian Involved,POINT (-122.399504511 37.790805376),Non-Collision
46371,1.0,Pedestrian,East,Proceeding Straight,Driver,West,Proceeding Straight,Vehicle/Pedestrian,1,0,0,1,"In Road, Including Shoulder",POINT (-122.417901411 37.785167215),Pedestrian
46372,1.0,Driver,North,Proceeding Straight,Driver,North,Stopped In Road,Rear End,0,0,0,1,No Pedestrian Involved,POINT (-122.389068522 37.767043335),Other Motor Vehicle
46373,1.0,Driver,East,Proceeding Straight,Driver,East,Making Right Turn,Sideswipe,0,0,0,1,No Pedestrian Involved,POINT (-122.387773096 37.752834637),Other Motor Vehicle
46374,1.0,Pedestrian,East,Proceeding Straight,Driver,South,Proceeding Straight,Vehicle/Pedestrian,1,0,0,1,Crossing in Crosswalk at Intersection,POINT (-122.44107669 37.716384109),Pedestrian
46375,1.0,Driver,North,Proceeding Straight,Bicyclist,North,Proceeding Straight,Rear End,0,1,0,1,No Pedestrian Involved,POINT (-122.404070257 37.777272703),Bicycle
46376,1.0,Driver,East,Proceeding Straight,Driver,East,Stopped In Road,Rear End,0,0,0,1,No Pedestrian Involved,POINT (-122.444102652 37.772285342),Other Motor Vehicle
46377,,Parked Vehicle,East,Parked,Bicyclist,Not Stated,Proceeding Straight,Broadside,0,1,0,0,No Pedestrian Involved,POINT (-122.419162916 37.752195547),Bicycle
46378,1.0,Driver,South,Making Left Turn,Driver,North,Not Stated,Broadside,0,0,0,1,No Pedestrian Involved,POINT (-122.392348748 37.730066819),Other Motor Vehicle
46379,1.0,Driver,West,Entering Traffic,Pedestrian,South,Not Stated,Vehicle/Pedestrian,1,0,0,1,Crossing in Crosswalk at Intersection,POINT (-122.39976096 37.766250253),Pedestrian
46380,1.0,Driver,South,Entering Traffic,Bicyclist,South,Proceeding Straight,Sideswipe,0,1,0,1,No Pedestrian Involved,POINT (-122.410195009 37.78215341),Bicycle
46381,1.0,Driver,West,Proceeding Straight,Parked Vehicle,East,Parked,Head-On,0,0,0,1,No Pedestrian Involved,POINT (-122.445981525 37.783261726),Parked Motor Vehicle
46382,1.0,Pedestrian,East,Other,Driver,North,Proceeding Straight,Vehicle/Pedestrian,1,0,0,1,Crossing Not in Crosswalk,POINT (-122.419480558 37.763095181),Pedestrian
46383,,Driver,North,Proceeding Straight,Pedestrian,Not Stated,Stopped In Road,Hit Object,1,0,0,1,Not in Road,POINT (-122.403447893 37.780314332),Pedestrian
46384,,Bicyclist,South,Slowing/Stopping,Driver,East,Proceeding Straight,Broadside,0,0,0,1,No Pedestrian Involved,POINT (-122.440061199 37.786179583),Other Motor Vehicle
46385,1.0,Driver,South,Proceeding Straight,Driver,East,Proceeding Straight,Broadside,0,0,0,1,No Pedestrian Involved,POINT (-122.438552278 37.778724108),Other Motor Vehicle
46386,1.0,Driver,East,Proceeding Straight,Driver,South,Proceeding Straight,Broadside,0,0,0,1,No Pedestrian Involved,POINT (-122.408786107 37.790159501),Other Motor Vehicle
46387,1.0,Driver,West,Making Left Turn,Pedestrian,South,Not Stated,Vehicle/Pedestrian,1,0,0,1,Crossing in Crosswalk at Intersection,POINT (-122.412266187 37.790672784),Pedestrian
46388,1.0,Driver,West,Proceeding Straight,Driver,West,Stopped In Road,Rear End,0,0,0,1,No Pedestrian Involved,POINT (-122.414592044 37.778892773),Other Motor Vehicle
46389,1.0,Parked Vehicle,East,Parked,Bicyclist,East,Proceeding Straight,Sideswipe,0,1,0,0,No Pedestrian Involved,POINT (-122.423709066 37.768048744),Bicycle
46390,1.0,Pedestrian,West,Other,Driver,North,Proceeding Straight,Vehicle/Pedestrian,1,0,0,1,Crossing Not in Crosswalk,POINT (-122.387374797 37.74879142),Pedestrian
46391,1.0,Driver,West,Proceeding Straight,Parked Vehicle,East,Parked,Sideswipe,0,0,0,1,No Pedestrian Involved,POINT (-122.50776244 37.752859869),Parked Motor Vehicle
46392,1.0,Driver,North,Ran Off Road,Unknown,Unknown,Unknown,Hit Object,0,0,0,1,No Pedestrian Involved,POINT (-122.477392127 37.77231415),Fixed Object
46393,1.0,Driver,North,Proceeding Straight,Driver,North,Stopped In Road,Rear End,0,0,0,1,No Pedestrian Involved,POINT (-122.405085875 37.731236926),Other Motor Vehicle
46394,1.0,Bicyclist,West,Changing Lanes,Driver,West,Proceeding Straight,Other,0,1,0,1,No Pedestrian Involved,POINT (-122.447517982 37.781069511),Bicycle
46395,1.0,Driver,North,Making Right Turn,Bicyclist,West,Proceeding Straight,Broadside,0,1,0,1,No Pedestrian Involved,POINT (-122.495475308 37.764638043),Bicycle
46396,1.0,Driver,West,Proceeding Straight,Driver,East,Making Left Turn,Head-On,0,0,0,1,No Pedestrian Involved,POINT (-122.500830596 37.764406141),Other Motor Vehicle
46397,,Driver,West,Proceeding Straight,Unknown,Unknown,Unknown,Head-On,0,0,0,1,No Pedestrian Involved,POINT (-122.382314569 37.714938119),Fixed Object