party_id,party_at_fault,party1_type,party1_dir_of_travel,party1_move_pre_acc,party2_type,party2_dir_of_travel,party2_move_pre_acc,type_of_collision,involves_pedestrian,involves_bicycle,involves_motorcycle,involves_vehicle,ped_action,point,mviw
46859,1.0,Driver,East,Making Left Turn,Pedestrian,East,Proceeding Straight,Vehicle/Pedestrian,1,0,0,1,Crossing in Crosswalk at Intersection,POINT (-122.416870105 37.758739397),Pedestrian
46860,1.0,Driver,West,Proceeding Straight,Driver,South,Proceeding Straight,Broadside,0,0,0,1,No Pedestrian Involved,POINT (-122.474821549 37.72693273),Other Motor Vehicle
46861,1.0,Driver,North,Making Left Turn,Driver,South,Proceeding Straight,Head-On,0,0,0,1,No Pedestrian Involved,POINT (-122.45237745 37.727479639),Other Motor Vehicle
46862,,Driver,North,Stopped In Road,Driver,North,Stopped In Road,Rear End,0,0,0,1,No Pedestrian Involved,POINT (-122.418618217 37.773053454),Other Motor Vehicle
46863,1.0,Driver,West,Making Right Turn,Driver,West,Proceeding Straight,Sideswipe,0,0,0,1,No Pedestrian Involved,POINT (-122.441019562 37.716459546),Other Motor Vehicle
46864,1.0,Driver,East,Making Left Turn,Pedestrian,South,Other,Vehicle/Pedestrian,1,0,0,1,Crossing in Crosswalk at Intersection,POINT (-122.392722834 37.788686662),Pedestrian
46865,1.0,Driver,North,Proceeding Straight,Driver,North,Stopped In Road,Rear End,0,0,0,1,No Pedestrian Involved,POINT (-122.418747574 37.755436936),Other Motor Vehicle
46866,1.0,Driver,South,Proceeding Straight,Driver,West,Proceeding Straight,Broadside,0,0,0,1,No Pedestrian Involved,POINT (-122.444704268 37.800695735),Other Motor Vehicle
46867,1.0,Driver,North,Backing,Pedestrian,South,Stopped In Road,Vehicle/Pedestrian,1,0,0,1,Not in Road,POINT (-122.407420279 37.779946351),Pedestrian
46868,1.0,Driver,North,Changing Lanes,Driver,North,Proceeding Straight,Rear End,0,0,0,1,No Pedestrian Involved,POINT (-122.475704162 37.744768067),Other Motor Vehicle
46869,,Bicyclist,East,Proceeding Straight,Unknown,Unknown,Unknown,Other,0,0,0,0,No Pedestrian Involved,POINT (-122.412519323 37.780455201),Other Object
46870,1.0,Driver,East,Making Left Turn,Driver,West,Proceeding Straight,Broadside,0,0,0,1,No Pedestrian Involved,POINT (-122.405585295 37.765900401),Other Motor Vehicle
46871,1.0,Driver,South,Making Left Turn,Pedestrian,East,Proceeding Straight,Vehicle/Pedestrian,1,0,0,1,No Pedestrian Involved,POINT (-122.426828556 37.779257971),Pedestrian
46872,2.0,Driver,West,Making Left Turn,Bicyclist,East,Proceeding Straight,Other,0,1,0,1,No Pedestrian Involved,POINT (-122.466557533 37.77257674),Bicycle
46873,1.0,Bicyclist,South,Making Left Turn,Driver,South,Proceeding Straight,Rear End,0,1,0,1,No Pedestrian Involved,POINT (-122.501144806 37.729349188),Bicycle
46874,1.0,Driver,North,Proceeding Straight,Pedestrian,Not Stated,Stopped In Road,Sideswipe,1,0,0,1,"In Road, Including Shoulder",POINT (-122.409316332 37.801098163),Pedestrian
46875,1.0,Driver,South,Proceeding Straight,Driver,South,Stopped In Road,Rear End,0,0,0,1,No Pedestrian Involved,POINT (-122.398758425 37.715682955),Other Motor Vehicle
46876,1.0,Driver,East,Proceeding Straight,Pedestrian,South,Proceeding Straight,Vehicle/Pedestrian,1,0,0,1,Crossing in Crosswalk at Intersection,POINT (-122.430629085 37.773039299),Pedestrian
46877,1.0,Driver,South,Making Right Turn,Pedestrian,Not Stated,Not Stated,Other,1,0,0,1,No Pedestrian Involved,,Other Object
46878,1.0,Bicyclist,West,Proceeding Straight,Driver,South,Proceeding Straight,Broadside,0,1,0,1,No Pedestrian Involved,POINT (-122.394741131 37.796180165),Bicycle
46879,1.0,Driver,West,Changing Lanes,Driver,West,Proceeding Straight,Broadside,0,0,0,1,No Pedestrian Involved,POINT (-122.404185041 37.772276399),Other Motor Vehicle
46880,1.0,Driver,West,Making Left Turn,Bicyclist,East,Slowing/Stopping,Head-On,0,1,0,1,No Pedestrian Involved,POINT (-122.421812124 37.778943769),Bicycle
46881,1.0,Driver,South,Proceeding Straight,Driver,South,Stopped In Road,Rear End,0,0,0,1,No Pedestrian Involved,POINT (-122.395368998 37.777398895),Other Motor Vehicle
46882,1.0,Driver,West,Changing Lanes,Driver,West,Proceeding Straight,Sideswipe,0,0,0,1,No Pedestrian Involved,POINT (-122.456223672 37.72393051),Other Motor Vehicle
46883,1.0,Driver,North,Proceeding Straight,Parked Vehicle,North,Parked,Sideswipe,0,0,0,1,No Pedestrian Involved,POINT (-122.450612258 37.709504891),Parked Motor Vehicle
46884,1.0,Driver,North,Making Left Turn,Pedestrian,East,Not Stated,Vehicle/Pedestrian,1,0,0,1,Crossing in Crosswalk at Intersection,POINT (-122.413865401 37.78186234),Pedestrian
46885,1.0,Driver,West,Proceeding Straight,Driver,West,Stopped In Road,Rear End,0,0,0,1,No Pedestrian Involved,POINT (-122.419698858 37.785897929),Other Motor Vehicle
46886,1.0,Driver,South,Making Left Turn,Pedestrian,East,Not Stated,Vehicle/Pedestrian,1,0,0,1,Crossing in Crosswalk at Intersection,POINT (-122.419825234 37.766673601),Pedestrian
46887,1.0,Driver,South,Proceeding Straight,Pedestrian,West,Other,Vehicle/Pedestrian,1,0,0,1,Crossing Not in Crosswalk,POINT (-122.42305847 37.79450307),Pedestrian
46888,1.0,Driver,South,Slowing/Stopping,Driver,South,Not Stated,Sideswipe,0,0,0,1,No Pedestrian Involved,POINT (-122.419674133 37.765104911),Parked Motor Vehicle
46889,1.0,Driver,North,Making Right Turn,Driver,West,Stopped In Road,Head-On,0,0,0,1,No Pedestrian Involved,POINT (-122.416365303 37.753970668),Other Motor Vehicle
46890,1.0,Driver,West,Proceeding Straight,Parked Vehicle,Not Stated,Parked,Sideswipe,1,0,0,1,Not in Road,POINT (-122.37526684 37.729829318),Parked Motor Vehicle
46891,1.0,Driver,North,Proceeding Straight,Pedestrian,North,Other,Vehicle/Pedestrian,1,0,0,1,"In Road, Including Shoulder",POINT (-122.409387006 37.777977087),Pedestrian
46892,1.0,Pedestrian,South,Proceeding Straight,Driver,East,Making Left Turn,Vehicle/Pedestrian,1,0,0,1,Crossing in Crosswalk at Intersection,POINT (-122.46427917 37.781018921),Pedestrian
46893,1.0,Driver,West,Proceeding Straight,Parked Vehicle,Not Stated,Not Stated,Sideswipe,0,0,0,1,No Pedestrian Involved,POINT (-122.45648765 37.774530688),Parked Motor Vehicle
46894,,Driver,North,Proceeding Straight,Driver,East,Proceeding Straight,Broadside,0,0,0,1,No Pedestrian Involved,POINT (-122.440623619 37.78899526),Other Motor Vehicle
46895,1.0,Driver,South,Making Right Turn,Bicyclist,South,Proceeding Straight,Broadside,0,1,0,1,No Pedestrian Involved,POINT (-122.494389771 37.733787776),Bicycle
46896,1.0,Driver,East,Stopped In Road,Driver,East,Stopped In Road,Rear End,0,0,0,1,No Pedestrian Involved,POINT (-122.457172669 37.710011987),Other Motor Vehicle
46897,1.0,Driver,West,Proceeding Straight,Pedestrian,North,Other,Vehicle/Pedestrian,1,0,0,1,Crossing in Crosswalk at Intersection,POINT (-122.431956599 37.732993565),Pedestrian
46898,1.0,Pedestrian,North,Proceeding Straight,Driver,West,Proceeding Straight,Vehicle/Pedestrian,1,0,0,1,Crossing Not in Crosswalk,POINT (-122.454862867 37.774733798),Pedestrian
46899,1.0,Other,North,Proceeding Straight,Driver,South,Making Left Turn,Hit Object,0,0,0,1,No Pedestrian Involved,POINT (-122.420306882 37.788699046),Other Object
46900,1.0,Driver,South,Proceeding Straight,Driver,South,Slowing/Stopping,Rear End,0,0,0,1,No Pedestrian Involved,POINT (-122.44609113 37.711592022),Other Motor Vehicle
46901,1.0,Driver,East,Making Left Turn,Pedestrian,North,Proceeding Straight,Vehicle/Pedestrian,1,0,0,1,Crossing in Crosswalk at Intersection,POINT (-122.422760728 37.775953292),Pedestrian
46902,1.0,Driver,East,Making Right Turn,Pedestrian,East,Not Stated,Vehicle/Pedestrian,1,0,0,1,Crossing in Crosswalk at Intersection,POINT (-122.420302483 37.788677318),Pedestrian
46903,1.0,Pedestrian,South,Proceeding Straight,Driver,East,Proceeding Straight,Vehicle/Pedestrian,1,0,0,1,"In Road, Including Shoulder",POINT (-122.415321743 37.776718643),Pedestrian
46904,1.0,Driver,South,Proceeding Straight,Bicyclist,West,Proceeding Straight,Broadside,0,1,0,1,No Pedestrian Involved,POINT (-122.445893527 37.772951853),Bicycle
46905,1.0,Driver,East,Proceeding Straight,Parked Vehicle,West,Parked,Head-On,0,0,0,1,No Pedestrian Involved,POINT (-122.439782488 37.717010854),Parked Motor Vehicle
46906,1.0,Driver,East,Making U Turn,Driver,North,Proceeding Straight,Other,0,0,0,1,No Pedestrian Involved,POINT (-122.497924241 37.710441485),Non-Collision
46907,1.0,Pedestrian,South,Other,Bicyclist,East,Proceeding Straight,Broadside,1,1,0,0,Crossing Not in Crosswalk,POINT (-122.405845353 37.785696699),Bicycle
46908,1.0,Driver,North,Proceeding Straight,Unknown,Unknown,Unknown,Hit Object,0,0,0,1,No Pedestrian Involved,POINT (-122.416707368 37.768471369),Fixed Object
46909,1.0,Driver,North,Making Right Turn,Driver,North,Making Right Turn,Rear End,0,0,0,1,No Pedestrian Involved,POINT (-122.463780966 37.758530135),Other Motor Vehicle
46910,1.0,Driver,South,Making Left Turn,Pedestrian,West,Not Stated,Vehicle/Pedestrian,1,0,0,1,Crossing in Crosswalk at Intersection,POINT (-122.494434301 37.742213194),Pedestrian
46911,1.0,Driver,North,Slowing/Stopping,Driver,North,Stopped In Road,Rear End,0,0,0,1,No Pedestrian Involved,POINT (-122.421260111 37.758379573),Other Motor Vehicle
46912,1.0,Driver,North,Making Right Turn,Driver,North,Making Right Turn,Rear End,0,0,0,1,No Pedestrian Involved,POINT (-122.417391335 37.790973192),Other Motor Vehicle
46913,1.0,Driver,North,Making Left Turn,Bicyclist,South,Proceeding Straight,Broadside,0,1,0,1,No Pedestrian Involved,POINT (-122.4306004 37.772902458),Bicycle
46914,1.0,Driver,West,Proceeding Straight,Driver,East,Making Left Turn,Broadside,0,0,0,1,No Pedestrian Involved,POINT (-122.395160622 37.784311012),Other Motor Vehicle
46915,1.0,Driver,North,Changing Lanes,Bicyclist,North,Proceeding Straight,Sideswipe,0,1,0,1,No Pedestrian Involved,POINT (-122.395343654 37.796671068),Bicycle
46916,1.0,Driver,West,Proceeding Straight,Driver,North,Proceeding Straight,Broadside,0,0,0,1,No Pedestrian Involved,POINT (-122.500386321 37.773701991),Other Motor Vehicle
46917,1.0,Driver,North,Proceeding Straight,Unknown,Unknown,Unknown,Hit Object,0,0,0,1,No Pedestrian Involved,POINT (-122.49805281 37.708444232),Fixed Object
46918,1.0,Driver,North,Proceeding Straight,Driver,West,Proceeding Straight,Rear End,0,0,0,1,No Pedestrian Involved,POINT (-122.404306293 37.742520734),Other Motor Vehicle
46919,1.0,Driver,West,Proceeding Straight,Driver,West,Proceeding Straight,Sideswipe,0,0,0,1,No Pedestrian Involved,POINT (-122.462689189 37.781162215),Other Motor Vehicle
46920,1.0,Driver,West,Making Left Turn,Driver,East,Proceeding Straight,Head-On,0,0,0,1,No Pedestrian Involved,POINT (-122.395160622 37.784311012),Other Motor Vehicle
46921,,Driver,North,Making U Turn,Driver,South,Proceeding Straight,Rear End,0,0,0,1,No Pedestrian Involved,POINT (-122.439297625 37.782450481),Other Motor Vehicle
46922,,Driver,South,Parking Maneuver,Parked Vehicle,North,Parked,Rear End,1,0,0,1,"In Road, Including Shoulder",POINT (-122.418082609 37.786073585),Other Motor Vehicle
46923,1.0,Driver,West,Proceeding Straight,Driver,South,Proceeding Straight,Broadside,0,0,0,1,No Pedestrian Involved,POINT (-122.407024068 37.732621901),Other Motor Vehicle
46924,1.0,Driver,West,Making Left Turn,Pedestrian,South,Proceeding Straight,Vehicle/Pedestrian,1,0,0,1,Crossing in Crosswalk at Intersection,POINT (-122.429262464 37.770345824),Pedestrian
46925,1.0,Driver,East,Making Right Turn,Bicyclist,West,Making Left Turn,Other,0,1,0,1,No Pedestrian Involved,POINT (-122.474900344 37.7269907),Bicycle
46926,,Driver,South,Proceeding Straight,Driver,South,Stopped In Road,Rear End,0,0,0,1,No Pedestrian Involved,POINT (-122.42262011 37.775128849),Other Motor Vehicle
46927,1.0,Driver,East,Changing Lanes,Driver,East,Proceeding Straight,Sideswipe,0,0,0,1,No Pedestrian Involved,POINT (-122.401220458 37.781976296),Other Motor Vehicle
46928,1.0,Driver,East,Making Right Turn,Driver,East,Making Right Turn,Sideswipe,0,0,0,1,No Pedestrian Involved,POINT (-122.390744475 37.734826168),Other Motor Vehicle
46929,1.0,Pedestrian,East,Entering Traffic,Driver,South,Proceeding Straight,Vehicle/Pedestrian,1,0,0,1,Crossing Not in Crosswalk,POINT (-122.418490833 37.7723861),Pedestrian
46930,,Bicyclist,North,Proceeding Straight,Driver,North,Proceeding Straight,Sideswipe,0,1,0,1,No Pedestrian Involved,POINT (-122.404933346 37.781499508),Bicycle
46931,1.0,Driver,South,Proceeding Straight,Pedestrian,Not Stated,Other,Vehicle/Pedestrian,1,0,0,1,Crossing in Crosswalk at Intersection,POINT (-122.494581682 37.744078341),Pedestrian
46932,1.0,Driver,North,Changing Lanes,Driver,North,Proceeding Straight,Sideswipe,0,0,0,1,No Pedestrian Involved,POINT (-122.397324959 37.78250522),Other Motor Vehicle
46933,,Driver,North,Proceeding Straight,Driver,North,Stopped In Road,Rear End,0,0,0,1,No Pedestrian Involved,POINT (-122.363411377 37.810417165),Other Motor Vehicle
46934,1.0,Driver,West,Proceeding Straight,Driver,South,Proceeding Straight,Broadside,0,0,0,1,No Pedestrian Involved,POINT (-122.40206573 37.788721152),Other Motor Vehicle
46935,1.0,Pedestrian,South,Not Stated,Driver,West,Proceeding Straight,Vehicle/Pedestrian,1,0,0,1,Crossing Not in Crosswalk,POINT (-122.419030173 37.772811673),Pedestrian
46936,1.0,Driver,West,Proceeding Straight,Driver,West,Parked,Rear End,0,0,0,1,No Pedestrian Involved,POINT (-122.459785446 37.781292827),Fixed Object
46937,1.0,Driver,South,Changing Lanes,Driver,South,Stopped In Road,Rear End,0,0,0,1,No Pedestrian Involved,POINT (-122.401973427 37.804072251),Other Motor Vehicle
46938,1.0,Driver,South,Proceeding Straight,Driver,South,Stopped In Road,Rear End,0,0,0,1,No Pedestrian Involved,POINT (-122.393061396 37.794101099),Other Motor Vehicle
46939,1.0,Driver,Not Stated,Other,Bicyclist,East,Proceeding Straight,Hit Object,0,1,0,1,No Pedestrian Involved,POINT (-122.442211494 37.787842648),Bicycle
46940,1.0,Bicyclist,West,Proceeding Straight,Pedestrian,North,Proceeding Straight,Vehicle/Pedestrian,1,0,0,0,Crossing in Crosswalk at Intersection,POINT (-122.431327755 37.728750028),Pedestrian
46941,1.0,Driver,North,Proceeding Straight,Driver,West,Proceeding Straight,Broadside,0,0,0,1,No Pedestrian Involved,POINT (-122.481112863 37.774583379),Other Motor Vehicle
46942,1.0,Driver,East,Proceeding Straight,Driver,East,Proceeding Straight,Broadside,0,0,0,1,No Pedestrian Involved,POINT (-122.445498903 37.772108046),Other Motor Vehicle
46943,,Driver,East,Proceeding Straight,Parked Vehicle,East,Parked,Rear End,0,0,0,1,No Pedestrian Involved,POINT (-122.442651028 37.75266811),Parked Motor Vehicle
46944,1.0,Driver,West,Backing,Pedestrian,Not Stated,Not Stated,Vehicle/Pedestrian,1,0,0,1,"In Road, Including Shoulder",POINT (-122.412071405 37.752620236),Pedestrian
46945,1.0,Driver,South,Making Left Turn,Driver,West,Proceeding Straight,Broadside,0,0,0,1,No Pedestrian Involved,POINT (-122.448410648 37.721396869),Other Motor Vehicle
46946,1.0,Driver,North,Proceeding Straight,Pedestrian,West,Proceeding Straight,Vehicle/Pedestrian,1,0,0,1,Crossing in Crosswalk at Intersection,POINT (-122.432793506 37.761021311),Pedestrian
46947,1.0,Driver,West,Proceeding Straight,Unknown,Unknown,Unknown,Head-On,0,0,0,1,No Pedestrian Involved,POINT (-122.410011772 37.777482916),Fixed Object
46948,1.0,Driver,South,Making Left Turn,Bicyclist,East,Proceeding Straight,Head-On,0,1,0,1,No Pedestrian Involved,POINT (-122.417486596 37.765183135),Bicycle
46949,1.0,Driver,North,Proceeding Straight,Driver,North,Making Right Turn,Rear End,0,0,0,1,No Pedestrian Involved,POINT (-122.426368205 37.76462682),Other Motor Vehicle
46950,1.0,Driver,West,Proceeding Straight,Unknown,Unknown,Unknown,Overturned,0,0,0,1,No Pedestrian Involved,POINT (-122.4256031 37.790899526),Fixed Object
46951,,Driver,South,Proceeding Straight,Driver,West,Proceeding Straight,Broadside,0,0,0,1,No Pedestrian Involved,POINT (-122.401589389 37.754570555),Other Motor Vehicle
46952,,Driver,East,Slowing/Stopping,Pedestrian,South,Proceeding Straight,Vehicle/Pedestrian,1,0,0,1,Crossing in Crosswalk at Intersection,POINT (-122.408007203 37.76924401),Pedestrian
46953,1.0,Driver,North,Proceeding Straight,Driver,West,Proceeding Straight,Broadside,0,0,0,1,No Pedestrian Involved,POINT (-122.44191562 37.78690033),Other Motor Vehicle
46954,1.0,Pedestrian,West,Other,Driver,North,Proceeding Straight,Vehicle/Pedestrian,1,0,0,1,Crossing Not in Crosswalk,POINT (-122.440175867 37.717628699),Pedestrian
46955,1.0,Driver,East,Proceeding Straight,Driver,East,Stopped In Road,Rear End,0,0,0,1,No Pedestrian Involved,POINT (-122.38888918 37.733766733),Other Motor Vehicle
46956,1.0,Bicyclist,East,Proceeding Straight,Driver,East,Parking Maneuver,Broadside,0,1,0,1,No Pedestrian Involved,POINT (-122.426045587 37.763041908),Bicycle
46957,1.0,Driver,South,Proceeding Straight,Driver,North,Stopped In Road,Rear End,0,0,0,1,No Pedestrian Involved,POINT (-122.423394826 37.795764984),Other Motor Vehicle
46958,1.0,Driver,South,Making Left Turn,Driver,North,Proceeding Straight,Broadside,0,0,0,1,No Pedestrian Involved,POINT (-122.417486596 37.765183135),Other Motor Vehicle
46959,1.0,Driver,East,Making Left Turn,Pedestrian,North,Other,Vehicle/Pedestrian,1,0,0,1,Crossing in Crosswalk at Intersection,POINT (-122.418618217 37.773053454),Pedestrian
46960,1.0,Driver,West,Entering Traffic,Driver,West,Proceeding Straight,Sideswipe,0,0,0,1,No Pedestrian Involved,POINT (-122.430612748 37.780691503),Other Motor Vehicle
46961,1.0,Driver,East,Proceeding Straight,Driver,South,Proceeding Straight,Broadside,0,0,0,1,No Pedestrian Involved,POINT (-122.437989848 37.775925406),Other Motor Vehicle
46962,1.0,Driver,North,Proceeding Straight,Driver,North,Stopped In Road,Sideswipe,0,0,0,1,No Pedestrian Involved,POINT (-122.403567862 37.747637902),Other Motor Vehicle
46963,1.0,Driver,East,Proceeding Straight,Bicyclist,East,Proceeding Straight,Sideswipe,0,1,0,1,No Pedestrian Involved,POINT (-122.392961709 37.7666731),Bicycle
46964,1.0,Driver,East,Proceeding Straight,Driver,West,Stopped In Road,Rear End,0,0,0,1,No Pedestrian Involved,POINT (-122.426214018 37.773600883),Other Motor Vehicle
46965,1.0,Driver,South,Making Right Turn,Pedestrian,West,Proceeding Straight,Vehicle/Pedestrian,1,0,0,1,Crossing in Crosswalk at Intersection,POINT (-122.420817003 37.782894122),Pedestrian
46966,1.0,Driver,North,Changing Lanes,Driver,North,Proceeding Straight,Broadside,0,0,0,1,No Pedestrian Involved,POINT (-122.419171314 37.759872587),Other Motor Vehicle
46967,1.0,Parked Vehicle,South,Parked,Bicyclist,South,Proceeding Straight,Broadside,0,1,0,0,No Pedestrian Involved,POINT (-122.401233683 37.803070188),Bicycle
46968,1.0,Driver,West,Proceeding Straight,Parked Vehicle,Not Stated,Parked,Rear End,0,0,0,1,No Pedestrian Involved,POINT (-122.410755994 37.732100713),Parked Motor Vehicle
46969,1.0,Driver,East,Making Right Turn,Driver,East,Proceeding Straight,Broadside,0,0,0,1,No Pedestrian Involved,POINT (-122.420139524 37.796083039),Other Motor Vehicle
46970,1.0,Driver,North,Proceeding Straight,Driver,West,Proceeding Straight,Broadside,1,0,0,1,Not in Road,POINT (-122.456133499 37.720033301),Other Motor Vehicle
46971,1.0,Driver,South,Passing Other Vehicle,Driver,East,Making Right Turn,Broadside,0,0,0,1,No Pedestrian Involved,POINT (-122.401843273 37.779032133),Other Motor Vehicle
46972,1.0,Driver,West,Making Left Turn,Driver,South,Proceeding Straight,Head-On,0,0,0,1,No Pedestrian Involved,POINT (-122.434478649 37.728731783),Other Motor Vehicle
46973,1.0,Driver,North,Proceeding Straight,Driver,North,Proceeding Straight,Sideswipe,0,0,0,1,No Pedestrian Involved,POINT (-122.404933346 37.781499508),Other Motor Vehicle
46974,1.0,Driver,East,Proceeding Straight,Pedestrian,North,Proceeding Straight,Vehicle/Pedestrian,1,0,0,1,Crossing in Crosswalk at Intersection,POINT (-122.43399841 37.724299583),Pedestrian
46975,1.0,Driver,East,Other,Bicyclist,East,Proceeding Straight,Rear End,0,1,0,1,No Pedestrian Involved,POINT (-122.414348002 37.738898101),Bicycle
46976,,Driver,South,Making Left Turn,Driver,North,Proceeding Straight,Other,0,0,0,1,No Pedestrian Involved,POINT (-122.419883231 37.778251017),Non-Collision
46977,,Driver,West,Proceeding Straight,Driver,North,Proceeding Straight,Broadside,0,0,0,1,No Pedestrian Involved,POINT (-122.441110417 37.774567482),Other Motor Vehicle
46978,,Driver,South,Proceeding Straight,Driver,East,Making Right Turn,Broadside,0,0,0,1,No Pedestrian Involved,POINT (-122.420008321 37.770111449),Other Motor Vehicle
46979,1.0,Driver,West,Proceeding Straight,Driver,West,Proceeding Straight,Rear End,0,0,0,1,No Pedestrian Involved,POINT (-122.442209785 37.805786275),Other Motor Vehicle
46980,1.0,Driver,South,Proceeding Straight,Parked Vehicle,Not Stated,Parked,Overturned,0,0,0,1,No Pedestrian Involved,POINT (-122.426356775 37.793623182),Parked Motor Vehicle
46981,1.0,Driver,West,Proceeding Straight,Driver,West,Proceeding Straight,Rear End,0,0,0,1,No Pedestrian Involved,POINT (-122.477571701 37.765482106),Other Motor Vehicle
46982,1.0,Bicyclist,North,Proceeding Straight,Driver,West,Making Left Turn,Broadside,0,1,0,1,No Pedestrian Involved,POINT (-122.441554285 37.715753446),Bicycle
46983,1.0,Driver,South,Proceeding Straight,Driver,South,Proceeding Straight,Rear End,0,0,0,1,No Pedestrian Involved,POINT (-122.405220225 37.796861836),Other Motor Vehicle
46984,1.0,Driver,West,Proceeding Straight,Driver,West,Stopped In Road,Rear End,0,0,0,1,No Pedestrian Involved,POINT (-122.477308394 37.765447986),Other Motor Vehicle
46985,1.0,Driver,South,Proceeding Straight,Driver,South,Stopped In Road,Rear End,0,0,0,1,No Pedestrian Involved,POINT (-122.448376962 37.710372708),Other Motor Vehicle
46986,1.0,Driver,North,Proceeding Straight,Driver,North,Proceeding Straight,Rear End,0,0,0,1,No Pedestrian Involved,POINT (-122.433568656 37.769141173),Other Motor Vehicle
46987,1.0,Driver,North,Entering Traffic,Bicyclist,North,Passing Other Vehicle,Sideswipe,0,1,0,1,No Pedestrian Involved,POINT (-122.394747202 37.764376075),Bicycle
46988,,Driver,South,Proceeding Straight,Driver,South,Stopped In Road,Rear End,0,0,0,1,No Pedestrian Involved,POINT (-122.426360078 37.79363945),Other Motor Vehicle
46989,1.0,Driver,South,Making Left Turn,Driver,East,Proceeding Straight,Broadside,0,0,0,1,No Pedestrian Involved,POINT (-122.390817277 37.764200765),Motor Vehicle on Other Roadway
46990,1.0,Driver,North,Backing,Driver,West,Stopped In Road,Broadside,0,0,0,1,No Pedestrian Involved,POINT (-122.433074471 37.764195713),Other Motor Vehicle
46991,1.0,Bicyclist,East,Proceeding Straight,Driver,North,Proceeding Straight,Broadside,0,1,0,1,No Pedestrian Involved,POINT (-122.405221172 37.788693992),Bicycle
46992,1.0,Pedestrian,South,Proceeding Straight,Driver,West,Backing,Vehicle/Pedestrian,1,0,0,1,Crossing Not in Crosswalk,POINT (-122.434048954 37.76355235),Pedestrian
46993,1.0,Driver,West,Proceeding Straight,Driver,West,Proceeding Straight,Rear End,0,0,0,1,No Pedestrian Involved,POINT (-122.448410648 37.721396869),Other Motor Vehicle
46994,1.0,Driver,East,Making Left Turn,Pedestrian,East,Proceeding Straight,Vehicle/Pedestrian,1,0,0,1,Crossing in Crosswalk at Intersection,POINT (-122.430807235 37.766019733),Pedestrian
46995,1.0,Driver,West,Making Left Turn,Pedestrian,South,Proceeding Straight,Vehicle/Pedestrian,1,0,0,1,Crossing in Crosswalk Not at Intersection,POINT (-122.481929204 37.785884439),Pedestrian
46996,1.0,Driver,South,Proceeding Straight,Driver,South,Slowing/Stopping,Rear End,0,0,0,1,No Pedestrian Involved,POINT (-122.424276433 37.783308968),Other Motor Vehicle
46997,1.0,Driver,North,Parked,Bicyclist,North,Proceeding Straight,Sideswipe,0,1,0,1,No Pedestrian Involved,POINT (-122.410417708 37.782272503),Bicycle
46998,1.0,Driver,North,Making Left Turn,Bicyclist,East,Proceeding Straight,Broadside,0,1,0,1,No Pedestrian Involved,POINT (-122.469095 37.773291533),Bicycle
46999,1.0,Driver,East,Parked,Bicyclist,East,Proceeding Straight,Sideswipe,0,1,0,1,No Pedestrian Involved,POINT (-122.418698425 37.765109955),Bicycle
47000,1.0,Bicyclist,East,Proceeding Straight,Driver,East,Making Left Turn,Head-On,0,1,0,1,No Pedestrian Involved,POINT (-122.404583317 37.786730567),Bicycle
47001,1.0,Driver,West,Passing Other Vehicle,Parked Vehicle,West,Parked,Sideswipe,0,0,0,1,No Pedestrian Involved,POINT (-122.439092927 37.761580627),Parked Motor Vehicle
47002,1.0,Driver,West,Slowing/Stopping,Driver,West,Proceeding Straight,Rear End,0,0,0,1,No Pedestrian Involved,POINT (-122.44205331 37.779244031),Other Motor Vehicle
47003,1.0,Pedestrian,East,Proceeding Straight,Driver,North,Proceeding Straight,Vehicle/Pedestrian,1,0,0,1,Crossing in Crosswalk at Intersection,POINT (-122.418747574 37.755436936),Pedestrian
47004,1.0,Driver,East,Making Right Turn,Pedestrian,East,Proceeding Straight,Vehicle/Pedestrian,1,0,0,1,Crossing in Crosswalk at Intersection,POINT (-122.406771144 37.788499479),Pedestrian
47005,1.0,Driver,North,Making Right Turn,Pedestrian,West,Not Stated,Vehicle/Pedestrian,1,0,0,1,Crossing in Crosswalk at Intersection,POINT (-122.407185652 37.779759718),Pedestrian
47006,1.0,Driver,South,Making U Turn,Driver,South,Passing Other Vehicle,Sideswipe,0,0,0,1,No Pedestrian Involved,POINT (-122.441514203 37.801833034),Other Motor Vehicle
47007,1.0,Driver,West,Changing Lanes,Unknown,Unknown,Unknown,Overturned,0,0,0,1,No Pedestrian Involved,POINT (-122.42134865 37.778043149),Non-Collision
47008,1.0,Driver,North,Backing,Driver,South,Backing,Rear End,1,0,0,1,Crossing Not in Crosswalk,POINT (-122.416428113 37.779626717),Pedestrian
47009,1.0,Driver,South,Proceeding Straight,Driver,South,Stopped In Road,Rear End,0,0,0,1,No Pedestrian Involved,POINT (-122.388306068 37.781798236),Other Motor Vehicle
47010,1.0,Driver,South,Proceeding Straight,Driver,East,Proceeding Straight,Broadside,0,0,0,1,No Pedestrian Involved,POINT (-122.396530638 37.778326831),Other Motor Vehicle
47011,1.0,Pedestrian,East,Other,Driver,South,Proceeding Straight,Vehicle/Pedestrian,1,0,0,1,Crossing in Crosswalk at Intersection,POINT (-122.483551987 37.763256218),Pedestrian
47012,1.0,Driver,South,Proceeding Straight,Driver,East,Proceeding Straight,Broadside,0,0,0,1,No Pedestrian Involved,POINT (-122.421047571 37.792357066),Motor Vehicle on Other Roadway
47013,1.0,Driver,East,Proceeding Straight,Unknown,Unknown,Unknown,Not Stated,0,0,0,1,No Pedestrian Involved,POINT (-122.444629428 37.759708374),Fixed Object