party_id,party_at_fault,party1_type,party1_dir_of_travel,party1_move_pre_acc,party2_type,party2_dir_of_travel,party2_move_pre_acc,type_of_collision,involves_pedestrian,involves_bicycle,involves_motorcycle,involves_vehicle,ped_action,point,mviw
47475,1.0,Driver,North,Not Stated,Driver,South,Not Stated,Head-On,0,0,0,1,No Pedestrian Involved,POINT (-122.400131476 37.71790631),Other Motor Vehicle
47476,1.0,Driver,East,Changing Lanes,Driver,East,Proceeding Straight,Sideswipe,0,0,0,1,No Pedestrian Involved,POINT (-122.411166751 37.774119619),Other Motor Vehicle
47477,1.0,Bicyclist,East,Proceeding Straight,Driver,East,Stopped In Road,Rear End,0,1,0,1,No Pedestrian Involved,POINT (-122.442770759 37.78290669),Bicycle
47478,,Driver,North,Proceeding Straight,Driver,North,Stopped In Road,Rear End,0,0,0,1,No Pedestrian Involved,POINT (-122.419486954 37.776664743),Other Motor Vehicle
47479,1.0,Driver,West,Making U Turn,Driver,East,Proceeding Straight,Sideswipe,1,0,0,1,Not Stated,POINT (-122.436046174 37.799842953),Other Motor Vehicle
47480,1.0,Pedestrian,North,Other,Pedestrian,North,Other,Vehicle/Pedestrian,1,0,0,0,Crossing Not in Crosswalk,POINT (-122.419071573 37.782159345),Pedestrian
47481,1.0,Parked Vehicle,Not Stated,Parked,Bicyclist,South,Proceeding Straight,Other,0,1,0,0,No Pedestrian Involved,POINT (-122.43381781 37.788797816),Bicycle
47482,1.0,Driver,North,Proceeding Straight,Driver,East,Proceeding Straight,Sideswipe,0,0,0,1,No Pedestrian Involved,POINT (-122.402524097 37.776039321),Other Motor Vehicle
47483,1.0,Driver,South,Crossed Into Opposing Lane,Driver,North,Stopped In Road,Head-On,0,0,0,1,No Pedestrian Involved,POINT (-122.432861784 37.775726121),Other Motor Vehicle
47484,1.0,Driver,North,Changing Lanes,Driver,North,Proceeding Straight,Sideswipe,0,0,0,1,No Pedestrian Involved,POINT (-122.463665718 37.756879368),Other Motor Vehicle
47485,1.0,Driver,South,Proceeding Straight,Driver,South,Stopped In Road,Rear End,0,0,0,1,No Pedestrian Involved,POINT (-122.503040637 37.72525955),Other Motor Vehicle
47486,1.0,Driver,East,Proceeding Straight,Driver,East,Stopped In Road,Rear End,0,0,0,1,No Pedestrian Involved,POINT (-122.46644249 37.765924663),Other Motor Vehicle
47487,1.0,Driver,North,Proceeding Straight,Driver,North,Proceeding Straight,Sideswipe,0,0,0,1,No Pedestrian Involved,POINT (-122.403611142 37.747892761),Other Motor Vehicle
47488,1.0,Driver,North,Proceeding Straight,Driver,North,Stopped In Road,Rear End,0,0,0,1,No Pedestrian Involved,POINT (-122.474760546 37.72688785),Other Motor Vehicle
47489,1.0,Driver,North,Proceeding Straight,Driver,North,Stopped In Road,Rear End,0,0,0,1,No Pedestrian Involved,POINT (-122.424045228 37.764643687),Other Motor Vehicle
47490,1.0,Driver,West,Ran Off Road,Unknown,Unknown,Unknown,Hit Object,0,0,0,1,No Pedestrian Involved,POINT (-122.474617151 37.713784108),Fixed Object
47491,,Driver,North,Proceeding Straight,Driver,West,Proceeding Straight,Broadside,0,0,0,1,No Pedestrian Involved,POINT (-122.401314504 37.793987063),Other Motor Vehicle
47492,1.0,Driver,West,Making Right Turn,Bicyclist,South,Proceeding Straight,Broadside,0,1,0,1,No Pedestrian Involved,POINT (-122.403400462 37.730658352),Bicycle
47493,1.0,Driver,South,Making Left Turn,Pedestrian,East,Proceeding Straight,Vehicle/Pedestrian,1,0,0,1,Crossing in Crosswalk at Intersection,POINT (-122.422784059 37.775932341),Pedestrian
47494,1.0,Driver,South,Making Left Turn,Pedestrian,West,Proceeding Straight,Vehicle/Pedestrian,1,0,0,1,Crossing in Crosswalk at Intersection,POINT (-122.412657805 37.739301971),Pedestrian
47495,1.0,Driver,East,Parked,Bicyclist,East,Proceeding Straight,Other,0,1,0,1,No Pedestrian Involved,POINT (-122.408948564 37.775872008),Bicycle
47496,1.0,Driver,South,Making Left Turn,Pedestrian,East,Proceeding Straight,Vehicle/Pedestrian,1,0,0,1,Crossing in Crosswalk at Intersection,POINT (-122.448578817 37.769797851),Pedestrian
47497,,Other,West,Slowing/Stopping,Driver,West,Stopped In Road,Rear End,0,0,0,1,No Pedestrian Involved,POINT (-122.399846659 37.793223384),Other Object
47498,1.0,Driver,South,Passing Other Vehicle,Pedestrian,Not Stated,Stopped In Road,Vehicle/Pedestrian,1,0,0,1,"In Road, Including Shoulder",POINT (-122.41140081 37.794709334),Pedestrian
47499,1.0,Driver,West,Making Right Turn,Pedestrian,South,Proceeding Straight,Vehicle/Pedestrian,1,0,0,1,No Pedestrian Involved,POINT (-122.415315615 37.780719177),Pedestrian
47500,,Driver,North,Proceeding Straight,Pedestrian,West,Other,Sideswipe,1,0,0,1,Crossing in Crosswalk at Intersection,POINT (-122.466050389 37.760311559),Pedestrian
47501,1.0,Driver,East,Passing Other Vehicle,Bicyclist,East,Proceeding Straight,Sideswipe,0,1,0,1,No Pedestrian Involved,POINT (-122.48453448 37.734235296),Bicycle
47502,1.0,Driver,West,Making Left Turn,Driver,South,Proceeding Straight,Broadside,0,0,0,1,No Pedestrian Involved,POINT (-122.416719594 37.757166643),Other Motor Vehicle
47503,1.0,Driver,South,Proceeding Straight,Parked Vehicle,Not Stated,Parked,Rear End,0,0,0,1,No Pedestrian Involved,POINT (-122.448848837 37.728984632),Parked Motor Vehicle
47504,1.0,Driver,West,Changing Lanes,Unknown,Unknown,Unknown,Hit Object,0,0,0,1,No Pedestrian Involved,POINT (-122.415362128 37.778284458),Fixed Object
47505,1.0,Driver,South,Proceeding Straight,Driver,South,Proceeding Straight,Rear End,0,0,0,1,No Pedestrian Involved,POINT (-122.485010944 37.783882236),Other Motor Vehicle
47506,1.0,Bicyclist,South,Proceeding Straight,Driver,East,Proceeding Straight,Broadside,0,1,0,1,No Pedestrian Involved,POINT (-122.433499394 37.787015627),Bicycle
47507,1.0,Driver,North,Proceeding Straight,Driver,North,Proceeding Straight,Rear End,0,0,0,1,No Pedestrian Involved,POINT (-122.422086793 37.780821048),Other Motor Vehicle
47508,1.0,Driver,West,Parking Maneuver,Pedestrian,Not Stated,Other,Vehicle/Pedestrian,1,0,0,1,"In Road, Including Shoulder",POINT (-122.46664598 37.768230752),Pedestrian
47509,,Driver,West,Proceeding Straight,Parked Vehicle,Not Stated,Parked,Not Stated,0,0,0,1,No Pedestrian Involved,POINT (-122.378236587 37.731363844),Other Motor Vehicle
47510,1.0,Driver,East,Proceeding Straight,Driver,South,Proceeding Straight,Broadside,0,0,0,1,No Pedestrian Involved,POINT (-122.412141425 37.806758083),Other Motor Vehicle
47511,1.0,Driver,East,Proceeding Straight,Driver,South,Proceeding Straight,Broadside,0,0,0,1,No Pedestrian Involved,POINT (-122.475409075 37.739325433),Other Motor Vehicle
47512,1.0,Driver,North,Proceeding Straight,Unknown,Unknown,Unknown,Hit Object,0,0,0,1,No Pedestrian Involved,POINT (-122.47882848 37.772159624),Fixed Object
47513,1.0,Driver,North,Proceeding Straight,Pedestrian,West,Proceeding Straight,Vehicle/Pedestrian,1,0,0,1,Crossing in Crosswalk at Intersection,POINT (-122.434161774 37.782150911),Pedestrian
47514,1.0,Driver,West,Changing Lanes,Driver,West,Proceeding Straight,Sideswipe,0,0,0,1,No Pedestrian Involved,POINT (-122.405142341 37.787752623),Other Motor Vehicle
47515,1.0,Driver,West,Proceeding Straight,Driver,East,Making Left Turn,Broadside,0,0,0,1,No Pedestrian Involved,POINT (-122.413668844 37.748255329),Other Motor Vehicle
47516,1.0,Driver,South,Other Unsafe Turning,Pedestrian,East,Proceeding Straight,Vehicle/Pedestrian,1,0,0,1,Crossing in Crosswalk at Intersection,POINT (-122.408977847 37.751200797),Pedestrian
47517,1.0,Bicyclist,South,Proceeding Straight,Driver,East,Proceeding Straight,Broadside,0,1,0,1,No Pedestrian Involved,POINT (-122.506957427 37.775274503),Bicycle
47518,1.0,Driver,West,Proceeding Straight,Driver,South,Making Left Turn,Broadside,0,0,0,1,No Pedestrian Involved,POINT (-122.467072692 37.712421871),Other Motor Vehicle
47519,1.0,Driver,North,Proceeding Straight,Driver,North,Stopped In Road,Rear End,0,0,0,1,No Pedestrian Involved,POINT (-122.417856642 37.784952994),Other Motor Vehicle
47520,1.0,Driver,South,Making Left Turn,Driver,North,Proceeding Straight,Head-On,0,0,0,1,No Pedestrian Involved,POINT (-122.44642771 37.785399892),Other Motor Vehicle
47521,1.0,Driver,North,Backing,Driver,South,Proceeding Straight,Other,0,0,0,1,No Pedestrian Involved,POINT (-122.42016211 37.796351796),Other Motor Vehicle
47522,1.0,Driver,East,Backing,Pedestrian,North,Other,Vehicle/Pedestrian,1,0,0,1,"In Road, Including Shoulder",POINT (-122.394089633 37.775206579),Pedestrian
47523,1.0,Driver,South,Making Left Turn,Pedestrian,North,Other,Vehicle/Pedestrian,1,0,0,1,Crossing in Crosswalk at Intersection,POINT (-122.435732387 37.773348083),Pedestrian
47524,1.0,Bicyclist,South,Not Stated,Unknown,Unknown,Unknown,Other,0,0,0,0,No Pedestrian Involved,POINT (-122.39249933 37.793768814),Not Stated
47525,1.0,Driver,West,Making U Turn,Driver,West,Proceeding Straight,Broadside,0,0,0,1,No Pedestrian Involved,POINT (-122.454485599 37.765222519),Other Motor Vehicle
47526,1.0,Driver,North,Making Right Turn,Driver,North,Making Right Turn,Sideswipe,0,0,0,1,No Pedestrian Involved,POINT (-122.396171261 37.747374665),Other Motor Vehicle
47527,1.0,Bicyclist,North,Traveling Wrong Way,Driver,South,Proceeding Straight,Head-On,0,1,0,1,No Pedestrian Involved,POINT (-122.399919832 37.793019714),Bicycle
47528,1.0,Pedestrian,West,Proceeding Straight,Driver,West,Proceeding Straight,Sideswipe,1,0,0,1,"In Road, Including Shoulder",POINT (-122.413682442 37.776187152),Pedestrian
47529,1.0,Driver,East,Parked,Bicyclist,East,Proceeding Straight,Broadside,0,1,0,1,No Pedestrian Involved,POINT (-122.444154885 37.784703038),Bicycle
47530,1.0,Pedestrian,Not Stated,Other,Driver,South,Entering Traffic,Vehicle/Pedestrian,1,0,0,1,"In Road, Including Shoulder",POINT (-122.454590495 37.774393478),Pedestrian
47531,1.0,Driver,East,Proceeding Straight,Driver,South,Proceeding Straight,Broadside,0,0,0,1,No Pedestrian Involved,POINT (-122.424102684 37.764783452),Motor Vehicle on Other Roadway
47532,1.0,Driver,North,Proceeding Straight,Driver,East,Making Left Turn,Broadside,0,0,0,1,No Pedestrian Involved,POINT (-122.417802154 37.768405268),Other Motor Vehicle
47533,1.0,Bicyclist,East,Proceeding Straight,Driver,North,Proceeding Straight,Broadside,0,1,0,1,No Pedestrian Involved,POINT (-122.416291701 37.777493844),Bicycle
47534,1.0,Driver,South,Slowing/Stopping,Driver,South,Stopped In Road,Rear End,0,0,0,1,No Pedestrian Involved,POINT (-122.423947062 37.773889239),Other Motor Vehicle
47535,1.0,Bicyclist,South,Proceeding Straight,Unknown,Unknown,Unknown,Other,0,0,0,0,No Pedestrian Involved,POINT (-122.447567569 37.780951637),Non-Collision
47536,1.0,Driver,North,Proceeding Straight,Parked Vehicle,North,Parked,Rear End,0,0,0,1,No Pedestrian Involved,POINT (-122.474405468 37.78661593),Parked Motor Vehicle
47537,,Driver,East,Making U Turn,Driver,North,Making Right Turn,Broadside,0,0,0,1,No Pedestrian Involved,POINT (-122.41371875 37.802743202),Other Motor Vehicle
47538,1.0,Pedestrian,West,Entering Traffic,Driver,North,Proceeding Straight,Vehicle/Pedestrian,1,0,0,1,Crossing Not in Crosswalk,POINT (-122.475288555 37.737454742),Pedestrian
47539,1.0,Driver,West,Proceeding Straight,Driver,West,Stopped In Road,Rear End,0,0,0,1,No Pedestrian Involved,POINT (-122.432344689 37.788115715),Other Motor Vehicle
47540,1.0,Driver,South,Proceeding Straight,Driver,East,Proceeding Straight,Broadside,0,0,0,1,No Pedestrian Involved,POINT (-122.476485969 37.739277342),Other Motor Vehicle
47541,1.0,Driver,East,Making Left Turn,Driver,South,Proceeding Straight,Broadside,0,0,0,1,No Pedestrian Involved,POINT (-122.459625717 37.748941671),Other Motor Vehicle
47542,1.0,Driver,West,Backing,Pedestrian,North,Proceeding Straight,Vehicle/Pedestrian,1,0,0,1,Crossing in Crosswalk at Intersection,POINT (-122.409693262 37.781754328),Pedestrian
47543,1.0,Driver,West,Proceeding Straight,Pedestrian,North,Proceeding Straight,Vehicle/Pedestrian,1,0,0,1,Crossing in Crosswalk at Intersection,POINT (-122.417964705 37.758698273),Pedestrian
47544,1.0,Driver,East,Proceeding Straight,Driver,West,Not Stated,Overturned,0,0,0,1,No Pedestrian Involved,POINT (-122.407419738 37.764487829),Other Motor Vehicle
47545,1.0,Pedestrian,East,Proceeding Straight,Driver,South,Proceeding Straight,Vehicle/Pedestrian,1,0,0,1,Crossing in Crosswalk at Intersection,POINT (-122.421948585 37.788489643),Pedestrian
47546,1.0,Driver,South,Crossed Into Opposing Lane,Driver,North,Proceeding Straight,Head-On,0,0,0,1,No Pedestrian Involved,POINT (-122.408597643 37.780882867),Other Motor Vehicle
47547,1.0,Driver,North,Making Left Turn,Pedestrian,North,Proceeding Straight,Vehicle/Pedestrian,1,0,0,1,Crossing in Crosswalk at Intersection,POINT (-122.437868196 37.783724242),Pedestrian
47548,1.0,Driver,West,Proceeding Straight,Driver,West,Stopped In Road,Rear End,0,0,0,1,No Pedestrian Involved,POINT (-122.43052594 37.77496431),Other Motor Vehicle
47549,,Driver,West,Proceeding Straight,Unknown,Unknown,Unknown,Broadside,0,0,0,1,No Pedestrian Involved,POINT (-122.465409493 37.780998201),Fixed Object
47550,1.0,Pedestrian,East,Proceeding Straight,Driver,South,Proceeding Straight,Vehicle/Pedestrian,1,0,0,1,Crossing Not in Crosswalk,POINT (-122.420550232 37.744568322),Pedestrian
47551,1.0,Driver,North,Proceeding Straight,Driver,North,Entering Traffic,Sideswipe,0,0,0,1,No Pedestrian Involved,POINT (-122.406875841 37.783046638),Other Motor Vehicle
47552,1.0,Driver,North,Traveling Wrong Way,Bicyclist,South,Proceeding Straight,Head-On,0,1,0,1,No Pedestrian Involved,POINT (-122.400762938 37.788776155),Bicycle
47553,1.0,Driver,North,Making Left Turn,Driver,South,Proceeding Straight,Head-On,0,0,0,1,No Pedestrian Involved,POINT (-122.463904917 37.760305457),Other Motor Vehicle
47554,1.0,Bicyclist,East,Proceeding Straight,Driver,East,Proceeding Straight,Other,0,1,0,1,No Pedestrian Involved,POINT (-122.40852801 37.783563121),Bicycle
47555,1.0,Bicyclist,East,Other,Driver,South,Proceeding Straight,Other,0,1,0,1,No Pedestrian Involved,POINT (-122.405567855 37.777159377),Bicycle
47556,1.0,Bicyclist,West,Proceeding Straight,Driver,North,Making Left Turn,Broadside,0,1,0,1,No Pedestrian Involved,POINT (-122.504048776 37.764261173),Bicycle
47557,1.0,Driver,West,Making Left Turn,Bicyclist,Not Stated,Proceeding Straight,Broadside,0,1,0,1,No Pedestrian Involved,POINT (-122.406799736 37.757762058),Bicycle
47558,1.0,Driver,East,Proceeding Straight,Driver,North,Proceeding Straight,Broadside,0,0,0,1,No Pedestrian Involved,POINT (-122.495617223 37.759004498),Other Motor Vehicle
47559,1.0,Pedestrian,West,Proceeding Straight,Driver,South,Proceeding Straight,Vehicle/Pedestrian,1,0,0,1,Crossing Not in Crosswalk,POINT (-122.448860757 37.781233388),Pedestrian
47560,1.0,Driver,North,Proceeding Straight,Parked Vehicle,North,Not Stated,Rear End,0,0,0,1,No Pedestrian Involved,POINT (-122.422385356 37.770087344),Parked Motor Vehicle
47561,1.0,Pedestrian,East,Other,Driver,East,Slowing/Stopping,Vehicle/Pedestrian,1,0,0,1,"In Road, Including Shoulder",POINT (-122.439388917 37.800418085),Pedestrian
47562,1.0,Driver,South,Proceeding Straight,Driver,West,Proceeding Straight,Broadside,0,0,0,1,No Pedestrian Involved,POINT (-122.467072692 37.712421871),Other Motor Vehicle
47563,1.0,Driver,West,Entering Traffic,Driver,West,Proceeding Straight,Rear End,0,0,0,1,No Pedestrian Involved,POINT (-122.444453489 37.799773428),Other Motor Vehicle
47564,1.0,Driver,East,Proceeding Straight,Driver,East,Changing Lanes,Sideswipe,0,0,0,1,No Pedestrian Involved,POINT (-122.419988709 37.804814307),Other Motor Vehicle
47565,1.0,Driver,North,Proceeding Straight,Driver,North,Stopped In Road,Rear End,0,0,0,1,No Pedestrian Involved,POINT (-122.446462619 37.775760771),Other Motor Vehicle
47566,,Bicyclist,East,Proceeding Straight,Unknown,Unknown,Unknown,Hit Object,0,0,0,0,No Pedestrian Involved,POINT (-122.414934763 37.734793889),Fixed Object
47567,1.0,Driver,West,Making Right Turn,Driver,North,Making Right Turn,Broadside,0,0,0,1,No Pedestrian Involved,POINT (-122.413676361 37.780926855),Other Motor Vehicle
47568,1.0,Driver,West,Proceeding Straight,Driver,West,Stopped In Road,Rear End,0,0,0,1,No Pedestrian Involved,POINT (-122.424291187 37.776715954),Other Motor Vehicle
47569,1.0,Driver,South,Slowing/Stopping,Driver,South,Stopped In Road,Rear End,0,0,0,1,No Pedestrian Involved,POINT (-122.400970421 37.787830553),Other Motor Vehicle
47570,1.0,Driver,East,Proceeding Straight,Driver,South,Making Left Turn,Broadside,0,0,0,1,No Pedestrian Involved,POINT (-122.40623139 37.797920273),Other Motor Vehicle
47571,1.0,Driver,East,Proceeding Straight,Pedestrian,South,Proceeding Straight,Vehicle/Pedestrian,1,0,0,1,Crossing in Crosswalk at Intersection,POINT (-122.492257625 37.764779523),Pedestrian
47572,1.0,Driver,North,Proceeding Straight,Driver,East,Proceeding Straight,Broadside,0,0,0,1,No Pedestrian Involved,POINT (-122.474900344 37.7269907),Other Motor Vehicle
47573,1.0,Driver,East,Making Left Turn,Pedestrian,North,Not Stated,Vehicle/Pedestrian,1,0,0,1,Crossing in Crosswalk at Intersection,POINT (-122.439764643 37.722069004),Pedestrian
47574,1.0,Driver,East,Proceeding Straight,Driver,East,Stopped In Road,Rear End,0,0,0,1,No Pedestrian Involved,POINT (-122.433227518 37.777489247),Other Motor Vehicle
47575,1.0,Driver,East,Making Right Turn,Bicyclist,West,Proceeding Straight,Head-On,0,0,0,1,No Pedestrian Involved,POINT (-122.433647124 37.787950272),Other Motor Vehicle
47576,1.0,Bicyclist,East,Proceeding Straight,Driver,North,Proceeding Straight,Other,0,1,0,1,No Pedestrian Involved,POINT (-122.398264449 37.791716058),Bicycle
47577,1.0,Driver,South,Proceeding Straight,Pedestrian,East,Proceeding Straight,Vehicle/Pedestrian,1,0,0,1,Crossing in Crosswalk at Intersection,POINT (-122.488648029 37.759312269),Pedestrian
47578,1.0,Driver,East,Proceeding Straight,Bicyclist,East,Proceeding Straight,Rear End,0,1,0,1,No Pedestrian Involved,POINT (-122.416449123 37.786310218),Bicycle
47579,1.0,Driver,West,Proceeding Straight,Unknown,Unknown,Unknown,Hit Object,0,0,0,1,No Pedestrian Involved,POINT (-122.441104594 37.755986032),Fixed Object
47580,1.0,Driver,South,Making Left Turn,Pedestrian,South,Not Stated,Vehicle/Pedestrian,1,0,0,1,Crossing in Crosswalk at Intersection,POINT (-122.415588083 37.80727944),Pedestrian
47581,1.0,Driver,South,Making Left Turn,Pedestrian,North,Not Stated,Vehicle/Pedestrian,1,0,0,1,Crossing in Crosswalk at Intersection,POINT (-122.500815252 37.764412976),Pedestrian
47582,1.0,Driver,North,Backing,Pedestrian,East,Other,Vehicle/Pedestrian,1,0,0,1,Crossing Not in Crosswalk,POINT (-122.409458939 37.785091637),Pedestrian
47583,1.0,Pedestrian,West,Proceeding Straight,Driver,South,Proceeding Straight,Vehicle/Pedestrian,1,0,0,1,Crossing in Crosswalk at Intersection,POINT (-122.424719382 37.802295988),Pedestrian
47584,1.0,Bicyclist,East,Traveling Wrong Way,Driver,South,Entering Traffic,Broadside,0,1,0,1,No Pedestrian Involved,POINT (-122.398979686 37.749582481),Bicycle
47585,1.0,Driver,South,Proceeding Straight,Pedestrian,West,Proceeding Straight,Vehicle/Pedestrian,1,0,0,1,Crossing in Crosswalk at Intersection,POINT (-122.475942052 37.730058132),Pedestrian
47586,,Driver,West,Making Right Turn,Pedestrian,Not Stated,Proceeding Straight,Vehicle/Pedestrian,1,0,0,1,Crossing in Crosswalk at Intersection,POINT (-122.403865707 37.798236397),Pedestrian
47587,1.0,Driver,East,Making Left Turn,Pedestrian,East,Other,Vehicle/Pedestrian,1,0,0,1,Crossing in Crosswalk at Intersection,POINT (-122.425152542 37.751841785),Pedestrian
47588,1.0,Driver,West,Proceeding Straight,Driver,West,Stopped In Road,Sideswipe,0,0,0,1,No Pedestrian Involved,POINT (-122.398695702 37.798880967),Other Motor Vehicle
47589,1.0,Driver,North,Making Left Turn,Driver,North,Proceeding Straight,Broadside,0,0,0,1,No Pedestrian Involved,POINT (-122.393137379 37.778545641),Other Motor Vehicle
47590,1.0,Driver,East,Proceeding Straight,Driver,West,Proceeding Straight,Head-On,0,0,0,1,No Pedestrian Involved,POINT (-122.484926692 37.728451159),Other Motor Vehicle
47591,1.0,Driver,South,Backing,Driver,North,Stopped In Road,Other,0,0,0,1,No Pedestrian Involved,POINT (-122.389545371 37.790601672),Other Motor Vehicle
47592,1.0,Pedestrian,South,Proceeding Straight,Driver,East,Proceeding Straight,Vehicle/Pedestrian,1,0,0,1,Crossing in Crosswalk at Intersection,POINT (-122.413561587 37.805623795),Pedestrian
47593,1.0,Pedestrian,Not Stated,Proceeding Straight,Driver,East,Proceeding Straight,Vehicle/Pedestrian,1,0,0,1,Crossing in Crosswalk at Intersection,POINT (-122.413128274 37.765446219),Pedestrian
47594,1.0,Driver,North,Proceeding Straight,Unknown,Unknown,Unknown,Hit Object,0,0,0,1,No Pedestrian Involved,POINT (-122.387732185 37.752809781),Fixed Object
47595,1.0,Driver,North,Making U Turn,Driver,North,Proceeding Straight,Broadside,0,0,0,1,No Pedestrian Involved,POINT (-122.403102308 37.726433456),Other Motor Vehicle
47596,,Driver,West,Slowing/Stopping,Unknown,Unknown,Unknown,Overturned,0,0,0,1,No Pedestrian Involved,POINT (-122.420558574 37.790594625),Non-Collision
47597,1.0,Driver,North,Making Right Turn,Driver,North,Proceeding Straight,Sideswipe,0,0,0,1,No Pedestrian Involved,POINT (-122.396705177 37.785542131),Other Motor Vehicle
47598,1.0,Driver,South,Making Left Turn,Pedestrian,East,Not Stated,Vehicle/Pedestrian,1,0,0,1,Crossing in Crosswalk at Intersection,POINT (-122.412407784 37.782984765),Pedestrian
47599,1.0,Driver,West,Proceeding Straight,Driver,West,Stopped In Road,Rear End,0,0,0,1,No Pedestrian Involved,POINT (-122.440933857 37.799246343),Other Motor Vehicle
47600,1.0,Driver,East,Proceeding Straight,Driver,West,Proceeding Straight,Head-On,0,0,0,1,No Pedestrian Involved,POINT (-122.408336338 37.715082743),Other Motor Vehicle
47601,1.0,Pedestrian,South,Entering Traffic,Driver,West,Proceeding Straight,Vehicle/Pedestrian,1,0,0,1,Crossing Not in Crosswalk,POINT (-122.435756541 37.762518221),Pedestrian
47602,1.0,Driver,South,Proceeding Straight,Driver,East,Proceeding Straight,Broadside,0,0,0,1,No Pedestrian Involved,POINT (-122.441317764 37.718634056),Other Motor Vehicle
47603,1.0,Driver,West,Proceeding Straight,Driver,West,Stopped In Road,Rear End,0,0,0,1,No Pedestrian Involved,POINT (-122.482591529 37.780189472),Other Motor Vehicle
47604,1.0,Driver,South,Making U Turn,Driver,South,Proceeding Straight,Broadside,0,0,0,1,No Pedestrian Involved,POINT (-122.437549705 37.720993121),Other Motor Vehicle
47605,1.0,Bicyclist,South,Proceeding Straight,Parked Vehicle,South,Parked,Sideswipe,0,1,0,0,No Pedestrian Involved,POINT (-122.394196094 37.794039864),Bicycle
47606,1.0,Driver,West,Making Left Turn,Driver,East,Proceeding Straight,Head-On,0,0,0,1,No Pedestrian Involved,POINT (-122.425574145 37.794517596),Other Motor Vehicle
47607,1.0,Driver,West,Proceeding Straight,Driver,East,Proceeding Straight,Broadside,0,0,0,1,No Pedestrian Involved,POINT (-122.415577015 37.769591161),Other Motor Vehicle
47608,1.0,Driver,West,Backing,Bicyclist,North,Proceeding Straight,Broadside,0,1,0,1,No Pedestrian Involved,POINT (-122.421205068 37.745176987),Bicycle
47609,1.0,Driver,North,Making Left Turn,Bicyclist,North,Proceeding Straight,Broadside,0,1,0,1,No Pedestrian Involved,POINT (-122.420078681 37.746024649),Bicycle
47610,1.0,Pedestrian,North,Proceeding Straight,Driver,East,Proceeding Straight,Vehicle/Pedestrian,1,0,0,1,Crossing Not in Crosswalk,POINT (-122.425631986 37.710831457),Pedestrian
47611,1.0,Driver,North,Proceeding Straight,Driver,North,Stopped In Road,Rear End,0,0,0,1,No Pedestrian Involved,POINT (-122.4746906 37.727815952),Other Motor Vehicle
47612,1.0,Driver,West,Proceeding Straight,Pedestrian,North,Proceeding Straight,Vehicle/Pedestrian,1,0,0,1,Crossing in Crosswalk at Intersection,POINT (-122.430736823 37.790252062),Pedestrian
47613,1.0,Driver,South,Proceeding Straight,Pedestrian,East,Proceeding Straight,Vehicle/Pedestrian,1,0,0,1,Crossing in Crosswalk at Intersection,POINT (-122.474985194 37.763655791),Pedestrian
47614,1.0,Driver,West,Making Left Turn,Bicyclist,East,Proceeding Straight,Broadside,0,1,0,1,No Pedestrian Involved,POINT (-122.434089515 37.751303732),Bicycle
47615,1.0,Driver,West,Proceeding Straight,Pedestrian,North,Proceeding Straight,Vehicle/Pedestrian,1,0,0,1,Crossing in Crosswalk at Intersection,POINT (-122.477070795 37.720854286),Pedestrian
47616,1.0,Driver,West,Proceeding Straight,Driver,West,Stopped In Road,Rear End,0,0,0,1,No Pedestrian Involved,POINT (-122.474704167 37.713829163),Other Motor Vehicle
47617,1.0,Driver,North,Making Left Turn,Pedestrian,East,Proceeding Straight,Vehicle/Pedestrian,1,0,0,1,Crossing in Crosswalk at Intersection,POINT (-122.418088098 37.78610104),Pedestrian
47618,1.0,Parked Vehicle,West,Parked,Driver,West,Proceeding Straight,Sideswipe,0,0,0,1,No Pedestrian Involved,POINT (-122.41420685 37.7827749),Parked Motor Vehicle
47619,1.0,Driver,West,Making Right Turn,Pedestrian,West,Proceeding Straight,Vehicle/Pedestrian,1,0,0,1,Crossing in Crosswalk at Intersection,POINT (-122.424335559 37.791940889),Pedestrian
47620,1.0,Other,South,Slowing/Stopping,Driver,South,Stopped In Road,Rear End,0,0,0,1,No Pedestrian Involved,POINT (-122.428674499 37.764606317),Other Motor Vehicle
47621,1.0,Driver,North,Proceeding Straight,Pedestrian,West,Not Stated,Vehicle/Pedestrian,1,0,0,1,Crossing in Crosswalk at Intersection,POINT (-122.413602187 37.805607944),Pedestrian
47622,1.0,Driver,South,Proceeding Straight,Driver,South,Stopped In Road,Rear End,0,0,0,1,No Pedestrian Involved,POINT (-122.412673604 37.770466665),Other Motor Vehicle
47623,1.0,Driver,West,Making Left Turn,Driver,North,Proceeding Straight,Rear End,0,0,0,1,No Pedestrian Involved,POINT (-122.479503963 37.771268576),Other Motor Vehicle
47624,1.0,Driver,West,Making Left Turn,Pedestrian,South,Proceeding Straight,Vehicle/Pedestrian,1,0,0,1,Crossing in Crosswalk at Intersection,POINT (-122.406351231 37.752999697),Pedestrian
47625,1.0,Driver,South,Entering Traffic,Pedestrian,Not Stated,Other,Other,1,0,0,1,"In Road, Including Shoulder",POINT (-122.396555006 37.718309771),Pedestrian
47626,1.0,Driver,South,Proceeding Straight,Unknown,Unknown,Unknown,Hit Object,0,0,0,1,No Pedestrian Involved,POINT (-122.45301029 37.740881818),Fixed Object
47627,1.0,Driver,Not Stated,Proceeding Straight,Parked Vehicle,Not Stated,Parked,Head-On,0,0,0,1,No Pedestrian Involved,POINT (-122.379347109 37.731679411),Parked Motor Vehicle