party_id,party_at_fault,party1_type,party1_dir_of_travel,party1_move_pre_acc,party2_type,party2_dir_of_travel,party2_move_pre_acc,type_of_collision,involves_pedestrian,involves_bicycle,involves_motorcycle,involves_vehicle,ped_action,point,mviw
48398,1.0,Driver,West,Making Left Turn,Pedestrian,South,Proceeding Straight,Vehicle/Pedestrian,1,0,0,1,Crossing in Crosswalk at Intersection,POINT (-122.418842652 37.789829935),Not Stated
48399,1.0,Driver,North,Making Right Turn,Unknown,Unknown,Unknown,Other,0,0,0,1,No Pedestrian Involved,POINT (-122.454652039 37.784513831),Fixed Object
48400,1.0,Driver,South,Proceeding Straight,Driver,East,Proceeding Straight,Broadside,0,0,0,1,No Pedestrian Involved,POINT (-122.395431476 37.719558106),Other Motor Vehicle
48401,1.0,Driver,North,Proceeding Straight,Driver,West,Not Stated,Broadside,0,0,0,1,No Pedestrian Involved,POINT (-122.467764264 37.784668629),Other Motor Vehicle
48402,1.0,Driver,West,Proceeding Straight,Driver,West,Proceeding Straight,Hit Object,0,0,0,1,No Pedestrian Involved,POINT (-122.474706377 37.765601574),Motor Vehicle on Other Roadway
48403,1.0,Driver,South,Making Left Turn,Bicyclist,East,Not Stated,Head-On,0,1,0,1,No Pedestrian Involved,POINT (-122.407813487 37.768353721),Bicycle
48404,,Bicyclist,South,Proceeding Straight,Driver,East,Slowing/Stopping,Sideswipe,0,1,0,1,No Pedestrian Involved,POINT (-122.411105579 37.807840571),Bicycle
48405,1.0,Driver,East,Making Right Turn,Driver,South,Proceeding Straight,Broadside,0,0,0,1,No Pedestrian Involved,POINT (-122.416259706 37.785375975),Other Motor Vehicle
48406,1.0,Driver,North,Changing Lanes,Driver,North,Proceeding Straight,Sideswipe,0,0,0,1,No Pedestrian Involved,POINT (-122.44743312 37.780939377),Other Motor Vehicle
48407,1.0,Driver,East,Proceeding Straight,Pedestrian,South,Not Stated,Vehicle/Pedestrian,1,0,0,1,Crossing in Crosswalk at Intersection,POINT (-122.405774814 37.785754286),Pedestrian
48408,1.0,Driver,West,Proceeding Straight,Parked Vehicle,West,Parked,Sideswipe,0,0,0,1,No Pedestrian Involved,POINT (-122.425962234 37.775538751),Other Motor Vehicle
48409,1.0,Pedestrian,West,Proceeding Straight,Driver,South,Making Left Turn,Vehicle/Pedestrian,1,0,0,1,Crossing Not in Crosswalk,POINT (-122.452371168 37.726877356),Pedestrian
48410,1.0,Driver,East,Proceeding Straight,Driver,East,Stopped In Road,Rear End,0,0,0,1,No Pedestrian Involved,POINT (-122.409267607 37.79203036),Other Motor Vehicle
48411,1.0,Driver,East,Slowing/Stopping,Driver,East,Stopped In Road,Rear End,0,0,0,1,No Pedestrian Involved,POINT (-122.46684699 37.765860021),Other Motor Vehicle
48412,1.0,Driver,South,Entering Traffic,Bicyclist,East,Proceeding Straight,Broadside,0,1,0,1,No Pedestrian Involved,POINT (-122.422199174 37.768139683),Bicycle
48413,1.0,Driver,South,Proceeding Straight,Unknown,Unknown,Unknown,Hit Object,0,0,0,1,No Pedestrian Involved,POINT (-122.401980673 37.803239594),Fixed Object
48414,1.0,Driver,East,Changing Lanes,Bicyclist,East,Proceeding Straight,Sideswipe,0,1,0,1,No Pedestrian Involved,POINT (-122.405466132 37.778622904),Bicycle
48415,1.0,Driver,South,Proceeding Straight,Driver,East,Proceeding Straight,Broadside,0,0,0,1,No Pedestrian Involved,POINT (-122.504987664 37.762332398),Other Motor Vehicle
48416,1.0,Driver,West,Proceeding Straight,Bicyclist,North,Proceeding Straight,Vehicle/Pedestrian,1,1,0,1,No Pedestrian Involved,POINT (-122.409583756 37.710109208),Bicycle
48417,1.0,Driver,North,Slowing/Stopping,Unknown,Unknown,Unknown,Overturned,0,0,0,1,No Pedestrian Involved,POINT (-122.418992813 37.758002537),Non-Collision
48418,,Driver,West,Proceeding Straight,Driver,North,Making Left Turn,Broadside,0,0,0,1,No Pedestrian Involved,POINT (-122.401955144 37.727957457),Other Motor Vehicle
48419,1.0,Driver,North,Making Right Turn,Driver,North,Proceeding Straight,Broadside,0,0,0,1,No Pedestrian Involved,POINT (-122.453553389 37.769246579),Other Motor Vehicle
48420,1.0,Driver,North,Proceeding Straight,Driver,North,Stopped,Rear End,0,0,0,1,No Pedestrian Involved,POINT (-122.397505737 37.718714643),Other Motor Vehicle
48421,1.0,Driver,East,Proceeding Straight,Pedestrian,North,Proceeding Straight,Vehicle/Pedestrian,1,0,0,1,Crossing in Crosswalk at Intersection,POINT (-122.443359055 37.761996605),Pedestrian
48422,1.0,Driver,North,Proceeding Straight,Driver,West,Proceeding Straight,Broadside,0,0,0,1,No Pedestrian Involved,POINT (-122.438019672 37.784530919),Other Motor Vehicle
48423,1.0,Driver,West,Changing Lanes,Parked Vehicle,West,Parked,Sideswipe,0,0,0,1,No Pedestrian Involved,POINT (-122.419964783 37.804817338),Parked Motor Vehicle
48424,1.0,Bicyclist,North,Traveling Wrong Way,Driver,South,Slowing/Stopping,Sideswipe,0,1,0,1,No Pedestrian Involved,POINT (-122.429251635 37.774544825),Bicycle
48425,1.0,Driver,East,Changing Lanes,Driver,East,Proceeding Straight,Sideswipe,0,0,0,1,No Pedestrian Involved,POINT (-122.43610698 37.773300578),Parked Motor Vehicle
48426,1.0,Driver,East,Slowing/Stopping,Driver,East,Slowing/Stopping,Rear End,0,0,0,1,No Pedestrian Involved,POINT (-122.471711494 37.714228936),Other Motor Vehicle
48427,1.0,Driver,North,Making Left Turn,Pedestrian,East,Proceeding Straight,Vehicle/Pedestrian,1,0,0,1,Crossing in Crosswalk at Intersection,POINT (-122.415613781 37.768537387),Pedestrian
48428,1.0,Parked Vehicle,East,Parked,Driver,East,Proceeding Straight,Sideswipe,0,0,0,1,No Pedestrian Involved,POINT (-122.435656293 37.72297718),Parked Motor Vehicle
48429,1.0,Bicyclist,North,Proceeding Straight,Driver,East,Making Right Turn,Broadside,0,0,0,1,No Pedestrian Involved,POINT (-122.387794889 37.78709724),Motor Vehicle on Other Roadway
48430,1.0,Pedestrian,West,Other,Driver,South,Proceeding Straight,Vehicle/Pedestrian,1,0,0,1,Crossing Not in Crosswalk,POINT (-122.45049893 37.709543369),Pedestrian
48431,,Driver,South,Backing,Driver,North,Stopped,Rear End,0,0,0,1,No Pedestrian Involved,POINT (-122.432411856 37.773483009),Other Motor Vehicle
48432,1.0,Driver,South,Proceeding Straight,Driver,South,Changing Lanes,Sideswipe,0,0,0,1,No Pedestrian Involved,POINT (-122.38790732 37.742756025),Other Motor Vehicle
48433,1.0,Pedestrian,East,Proceeding Straight,Pedestrian,East,Proceeding Straight,Vehicle/Pedestrian,1,0,0,0,Crossing Not in Crosswalk,POINT (-122.41289524 37.770961143),Pedestrian
48434,1.0,Driver,East,Slowing/Stopping,Driver,East,Stopped In Road,Rear End,0,0,0,1,No Pedestrian Involved,POINT (-122.394796899 37.779697059),Other Motor Vehicle
48435,1.0,Driver,South,Making Left Turn,Pedestrian,West,Not Stated,Vehicle/Pedestrian,1,0,0,1,Crossing in Crosswalk at Intersection,POINT (-122.437140328 37.796892319),Pedestrian
48436,1.0,Driver,South,Proceeding Straight,Driver,East,Proceeding Straight,Broadside,0,0,0,1,No Pedestrian Involved,POINT (-122.388495288 37.789498649),Other Motor Vehicle
48437,1.0,Driver,East,Proceeding Straight,Unknown,Unknown,Unknown,Hit Object,0,0,0,1,No Pedestrian Involved,POINT (-122.446095943 37.741731123),Fixed Object
48438,1.0,Driver,North,Backing,Pedestrian,South,Stopped,Vehicle/Pedestrian,1,0,0,1,"In Road, Including Shoulder",POINT (-122.468921084 37.755258519),Pedestrian
48439,1.0,Driver,South,Proceeding Straight,Driver,South,Proceeding Straight,Rear End,0,0,0,1,No Pedestrian Involved,POINT (-122.494705713 37.745951543),Other Motor Vehicle
48440,1.0,Driver,South,Proceeding Straight,Parked Vehicle,Not Stated,Parked,Hit Object,0,0,0,1,No Pedestrian Involved,POINT (-122.417697776 37.767339501),Parked Motor Vehicle
48441,1.0,Driver,East,Making Left Turn,Pedestrian,North,Not Stated,Vehicle/Pedestrian,1,0,0,1,Crossing in Crosswalk at Intersection,POINT (-122.412595277 37.783932577),Pedestrian
48442,,Driver,South,Proceeding Straight,Driver,North,Making Right Turn,Broadside,0,0,0,1,No Pedestrian Involved,POINT (-122.407482375 37.765196571),Other Motor Vehicle
48443,1.0,Driver,North,Proceeding Straight,Driver,North,Stopped In Road,Rear End,0,0,0,1,No Pedestrian Involved,POINT (-122.419918084 37.769931747),Other Motor Vehicle
48444,1.0,Driver,South,Making Right Turn,Pedestrian,West,Other,Vehicle/Pedestrian,1,0,0,1,Crossing in Crosswalk at Intersection,POINT (-122.415290835 37.713504275),Pedestrian
48445,1.0,Driver,North,Making Right Turn,Pedestrian,North,Proceeding Straight,Vehicle/Pedestrian,1,0,0,1,Crossing in Crosswalk at Intersection,POINT (-122.400981568 37.774808775),Pedestrian
48446,,Other,Not Stated,Entering Traffic,Driver,South,Proceeding Straight,Broadside,0,0,0,1,No Pedestrian Involved,POINT (-122.420431358 37.749716609),Animal
48447,1.0,Driver,North,Proceeding Straight,Unknown,Unknown,Unknown,Overturned,0,0,0,1,No Pedestrian Involved,POINT (-122.419547854 37.784960259),Other Object
48448,1.0,Driver,South,Proceeding Straight,Driver,South,Slowing/Stopping,Rear End,0,0,0,1,No Pedestrian Involved,POINT (-122.415639586 37.775057827),Other Motor Vehicle
48449,1.0,Driver,West,Slowing/Stopping,Pedestrian,North,Other,Vehicle/Pedestrian,1,0,0,1,Crossing in Crosswalk at Intersection,POINT (-122.405110893 37.754357961),Pedestrian
48450,1.0,Driver,West,Proceeding Straight,Parked Vehicle,West,Parked,Sideswipe,0,0,0,1,No Pedestrian Involved,POINT (-122.436074332 37.73965331),Parked Motor Vehicle
48451,1.0,Driver,Not Stated,Ran Off Road,Unknown,Unknown,Unknown,Overturned,0,0,0,1,No Pedestrian Involved,POINT (-122.46373786 37.754266698),Fixed Object
48452,1.0,Driver,West,Proceeding Straight,Bicyclist,North,Proceeding Straight,Broadside,0,1,0,1,No Pedestrian Involved,POINT (-122.41250093 37.759028147),Bicycle
48453,1.0,Driver,North,Changing Lanes,Driver,North,Proceeding Straight,Sideswipe,0,0,0,1,No Pedestrian Involved,POINT (-122.417795632 37.768338672),Other Motor Vehicle
48454,1.0,Bicyclist,North,Proceeding Straight,Driver,West,Proceeding Straight,Broadside,0,1,0,1,No Pedestrian Involved,POINT (-122.41822117 37.748165689),Bicycle
48455,1.0,Driver,North,Entering Traffic,Driver,North,Proceeding Straight,Broadside,0,0,0,1,No Pedestrian Involved,POINT (-122.45362296 37.769589329),Other Motor Vehicle
48456,1.0,Driver,East,Parking Maneuver,Parked Vehicle,East,Parked,Rear End,0,0,0,1,No Pedestrian Involved,POINT (-122.407289069 37.79594479),Parked Motor Vehicle
48457,1.0,Driver,West,Changing Lanes,Driver,East,Proceeding Straight,Rear End,0,0,0,1,No Pedestrian Involved,POINT (-122.422364818 37.769867698),Other Motor Vehicle
48458,1.0,Bicyclist,West,Proceeding Straight,Driver,North,Making Right Turn,Broadside,0,1,0,1,No Pedestrian Involved,POINT (-122.461087888 37.766137351),Bicycle
48459,1.0,Bicyclist,South,Proceeding Straight,Unknown,Unknown,Unknown,Overturned,0,0,0,0,No Pedestrian Involved,POINT (-122.421592547 37.761848638),Non-Collision
48460,,Driver,Not Stated,Proceeding Straight,Driver,East,Proceeding Straight,Rear End,0,0,0,1,No Pedestrian Involved,POINT (-122.442804357 37.798932196),Other Motor Vehicle
48461,1.0,Driver,West,Proceeding Straight,Driver,West,Making Left Turn,Broadside,0,0,0,1,No Pedestrian Involved,POINT (-122.433083398 37.78515094),Other Motor Vehicle
48462,1.0,Driver,West,Making Left Turn,Bicyclist,East,Proceeding Straight,Broadside,0,1,0,1,No Pedestrian Involved,POINT (-122.396530638 37.778326832),Bicycle
48463,,Driver,South,Backing,Pedestrian,East,Proceeding Straight,Vehicle/Pedestrian,1,0,0,1,Not in Road,POINT (-122.40584131 37.797970007),Pedestrian
48464,1.0,Driver,South,Making Right Turn,Bicyclist,South,Proceeding Straight,Broadside,0,1,0,1,No Pedestrian Involved,POINT (-122.420116075 37.787756652),Bicycle
48465,1.0,Driver,East,Proceeding Straight,Driver,South,Proceeding Straight,Broadside,0,0,0,1,No Pedestrian Involved,POINT (-122.419385912 37.72616855),Other Motor Vehicle
48466,1.0,Pedestrian,South,Proceeding Straight,Driver,East,Proceeding Straight,Broadside,1,0,0,1,Crossing Not in Crosswalk,POINT (-122.424205824 37.768018824),Pedestrian
48467,1.0,Driver,West,Making Left Turn,Driver,East,Proceeding Straight,Broadside,0,0,0,1,No Pedestrian Involved,POINT (-122.458191391 37.724317536),Other Motor Vehicle
48468,1.0,Driver,East,Making Left Turn,Pedestrian,North,Proceeding Straight,Vehicle/Pedestrian,1,0,0,1,Crossing in Crosswalk Not at Intersection,POINT (-122.393171958 37.722034717),Pedestrian
48469,1.0,Driver,North,Proceeding Straight,Driver,North,Stopped,Rear End,0,0,0,1,No Pedestrian Involved,POINT (-122.475198993 37.720417204),Other Motor Vehicle
48470,1.0,Driver,East,Proceeding Straight,Driver,South,Proceeding Straight,Broadside,0,0,0,1,No Pedestrian Involved,POINT (-122.50347269 37.771689381),Other Motor Vehicle
48471,1.0,Driver,West,Parked,Bicyclist,West,Proceeding Straight,Other,0,1,0,1,No Pedestrian Involved,POINT (-122.391856723 37.791838961),Bicycle
48472,1.0,Bicyclist,North,Merging,Driver,North,Proceeding Straight,Sideswipe,0,1,0,1,No Pedestrian Involved,POINT (-122.410756594 37.783173462),Bicycle
48473,1.0,Driver,East,Proceeding Straight,Driver,South,Proceeding Straight,Broadside,0,0,0,1,No Pedestrian Involved,POINT (-122.484496173 37.761370036),Other Motor Vehicle
48474,1.0,Driver,South,Proceeding Straight,Driver,East,Making Left Turn,Broadside,0,0,0,1,No Pedestrian Involved,POINT (-122.438362146 37.761703799),Other Motor Vehicle
48475,1.0,Driver,South,Proceeding Straight,Driver,East,Backing,Broadside,0,0,0,1,No Pedestrian Involved,POINT (-122.47542434 37.754550144),Other Motor Vehicle
48476,1.0,Driver,East,Proceeding Straight,Bicyclist,East,Proceeding Straight,Rear End,0,1,0,1,No Pedestrian Involved,POINT (-122.410810712 37.751091688),Bicycle
48477,1.0,Driver,East,Making Right Turn,Pedestrian,South,Proceeding Straight,Vehicle/Pedestrian,1,0,0,1,Crossing in Crosswalk at Intersection,POINT (-122.397974749 37.795312942),Pedestrian
48478,1.0,Driver,North,Making Right Turn,Pedestrian,East,Proceeding Straight,Head-On,1,0,0,1,Crossing in Crosswalk at Intersection,POINT (-122.425616053 37.789951886),Pedestrian
48479,1.0,Driver,South,Proceeding Straight,Parked Vehicle,South,Parked,Sideswipe,0,0,0,1,No Pedestrian Involved,POINT (-122.471512719 37.776986883),Parked Motor Vehicle
48480,1.0,Parked Vehicle,Not Stated,Parked,Bicyclist,South,Proceeding Straight,Sideswipe,0,1,0,0,No Pedestrian Involved,POINT (-122.407906422 37.785760918),Bicycle
48481,1.0,Driver,West,Crossed Into Opposing Lane,Driver,West,Stopped In Road,Rear End,0,0,0,1,No Pedestrian Involved,POINT (-122.423758379 37.772957392),Other Motor Vehicle
48482,1.0,Driver,East,Making Left Turn,Pedestrian,North,Proceeding Straight,Vehicle/Pedestrian,1,0,0,1,Crossing in Crosswalk at Intersection,POINT (-122.443696074 37.718928673),Pedestrian
48483,1.0,Driver,East,Entering Traffic,Driver,East,Proceeding Straight,Sideswipe,0,0,0,1,No Pedestrian Involved,POINT (-122.404241793 37.75184493),Other Motor Vehicle
48484,1.0,Driver,West,Entering Traffic,Driver,North,Proceeding Straight,Broadside,0,0,0,1,No Pedestrian Involved,POINT (-122.471765293 37.765195867),Other Motor Vehicle
48485,1.0,Pedestrian,South,Parked,Driver,Not Stated,Proceeding Straight,Vehicle/Pedestrian,1,0,0,1,"In Road, Including Shoulder",POINT (-122.422986632 37.790286077),Pedestrian
48486,1.0,Parked Vehicle,South,Parked,Bicyclist,South,Proceeding Straight,Not Stated,0,1,0,0,No Pedestrian Involved,POINT (-122.401973427 37.804072251),Bicycle
48487,1.0,Driver,East,Not Stated,Pedestrian,Not Stated,Not Stated,Vehicle/Pedestrian,1,0,0,1,Crossing in Crosswalk at Intersection,POINT (-122.482305621 37.721784687),Pedestrian
48488,1.0,Driver,East,Changing Lanes,Driver,East,Proceeding Straight,Rear End,0,0,0,1,No Pedestrian Involved,POINT (-122.451368949 37.771362481),Other Motor Vehicle
48489,,Driver,West,Proceeding Straight,Unknown,Unknown,Unknown,Hit Object,0,0,0,1,No Pedestrian Involved,POINT (-122.42261969 37.772502818),Fixed Object
48490,1.0,Other,West,Proceeding Straight,Driver,South,Proceeding Straight,Other,0,0,0,1,No Pedestrian Involved,POINT (-122.413184543 37.765442822),Other Object
48491,1.0,Driver,East,Proceeding Straight,Driver,East,Proceeding Straight,Rear End,0,0,0,1,No Pedestrian Involved,POINT (-122.413556635 37.748212772),Other Motor Vehicle
48492,1.0,Bicyclist,South,Proceeding Straight,Driver,North,Making Left Turn,Broadside,0,1,0,1,No Pedestrian Involved,POINT (-122.414053764 37.782794446),Bicycle
48493,1.0,Driver,South,Proceeding Straight,Driver,West,Proceeding Straight,Broadside,0,0,0,1,No Pedestrian Involved,POINT (-122.409361285 37.792970772),Other Motor Vehicle
48494,1.0,Driver,South,Changing Lanes,Other,South,Proceeding Straight,Sideswipe,0,0,0,1,No Pedestrian Involved,POINT (-122.412568982 37.783799547),Other Motor Vehicle
48495,1.0,Driver,North,Other Unsafe Turning,Bicyclist,North,Proceeding Straight,Rear End,0,1,0,1,No Pedestrian Involved,POINT (-122.447287156 37.780051682),Bicycle
48496,1.0,Driver,East,Slowing/Stopping,Driver,East,Proceeding Straight,Rear End,0,0,0,1,No Pedestrian Involved,POINT (-122.472429089 37.712885546),Other Motor Vehicle
48497,1.0,Driver,North,Proceeding Straight,Driver,North,Making Right Turn,Broadside,0,0,0,1,No Pedestrian Involved,POINT (-122.41051526 37.765906973),Other Motor Vehicle
48498,1.0,Pedestrian,West,Proceeding Straight,Driver,South,Proceeding Straight,Vehicle/Pedestrian,1,0,0,1,Crossing Not in Crosswalk,POINT (-122.416215874 37.734389507),Pedestrian
48499,1.0,Driver,West,Proceeding Straight,Pedestrian,South,Proceeding Straight,Vehicle/Pedestrian,1,0,0,1,Crossing in Crosswalk at Intersection,POINT (-122.449892959 37.778261069),Pedestrian
48500,1.0,Bicyclist,West,Crossed Into Opposing Lane,Driver,East,Proceeding Straight,Sideswipe,0,1,0,1,No Pedestrian Involved,POINT (-122.415834375 37.775330485),Bicycle
48501,1.0,Driver,North,Making Left Turn,Pedestrian,East,Other,Vehicle/Pedestrian,1,0,0,1,Crossing in Crosswalk at Intersection,POINT (-122.443983518 37.805581138),Pedestrian
48502,1.0,Driver,North,Proceeding Straight,Driver,East,Proceeding Straight,Sideswipe,0,0,0,1,No Pedestrian Involved,POINT (-122.409481488 37.775451005),Other Motor Vehicle
48503,1.0,Pedestrian,South,Proceeding Straight,Driver,East,Proceeding Straight,Vehicle/Pedestrian,1,0,0,1,Crossing Not in Crosswalk,POINT (-122.462067078 37.781078481),Pedestrian
48504,1.0,Driver,South,Proceeding Straight,Driver,South,Changing Lanes,Rear End,0,0,0,1,No Pedestrian Involved,POINT (-122.414296867 37.773986834),Other Object
48505,1.0,Pedestrian,Not Stated,Other,Driver,North,Proceeding Straight,Vehicle/Pedestrian,1,0,0,1,Crossing Not in Crosswalk,POINT (-122.417473363 37.76504484),Pedestrian
48506,1.0,Driver,South,Proceeding Straight,Driver,South,Stopped In Road,Rear End,0,0,0,1,No Pedestrian Involved,POINT (-122.416854119 37.758572352),Other Motor Vehicle
48507,1.0,Driver,East,Proceeding Straight,Driver,South,Proceeding Straight,Broadside,0,0,0,1,No Pedestrian Involved,POINT (-122.431081744 37.766454762),Other Motor Vehicle
48508,1.0,Pedestrian,Not Stated,Proceeding Straight,Driver,North,Proceeding Straight,Vehicle/Pedestrian,1,0,0,1,Crossing in Crosswalk at Intersection,POINT (-122.412473038 37.78044649),Pedestrian
48509,1.0,Driver,South,Making Left Turn,Bicyclist,East,Not Stated,Broadside,0,1,0,1,No Pedestrian Involved,POINT (-122.417280603 37.763574582),Bicycle
48510,1.0,Driver,West,Proceeding Straight,Driver,West,Stopped,Rear End,0,0,0,1,No Pedestrian Involved,POINT (-122.413556641 37.748212774),Other Motor Vehicle
48511,1.0,Driver,North,Proceeding Straight,Pedestrian,Not Stated,Other,Vehicle/Pedestrian,1,0,0,1,"In Road, Including Shoulder",POINT (-122.435119816 37.762184992),Pedestrian
48512,1.0,Driver,East,Proceeding Straight,Bicyclist,South,Proceeding Straight,Broadside,0,1,0,1,No Pedestrian Involved,POINT (-122.412348041 37.757429524),Bicycle
48513,1.0,Driver,South,Proceeding Straight,Pedestrian,East,Proceeding Straight,Vehicle/Pedestrian,1,0,0,1,Crossing in Crosswalk at Intersection,POINT (-122.388512929 37.73349956),Pedestrian
48514,1.0,Driver,South,Making Right Turn,Other,Not Stated,Making Right Turn,Sideswipe,0,0,0,1,No Pedestrian Involved,POINT (-122.40760725 37.766412138),Other Motor Vehicle
48515,1.0,Driver,West,Making Left Turn,Pedestrian,North,Proceeding Straight,Vehicle/Pedestrian,1,0,0,1,Crossing in Crosswalk at Intersection,POINT (-122.418593945 37.753836588),Pedestrian
48516,1.0,Bicyclist,West,Proceeding Straight,Driver,West,Making Right Turn,Hit Object,0,0,0,1,No Pedestrian Involved,POINT (-122.421675833 37.773312031),Non-Collision
48517,1.0,Driver,West,Changing Lanes,Driver,West,Proceeding Straight,Sideswipe,0,0,0,1,No Pedestrian Involved,POINT (-122.413541071 37.805626355),Other Motor Vehicle
48518,1.0,Driver,East,Making Left Turn,Pedestrian,West,Proceeding Straight,Vehicle/Pedestrian,1,0,0,1,Crossing in Crosswalk at Intersection,POINT (-122.401612578 37.722832385),Pedestrian
48519,1.0,Driver,South,Slowing/Stopping,Driver,South,Stopped,Rear End,0,0,0,1,No Pedestrian Involved,POINT (-122.419491511 37.775894187),Other Motor Vehicle
48520,1.0,Driver,East,Proceeding Straight,Driver,South,Proceeding Straight,Broadside,0,0,0,1,No Pedestrian Involved,POINT (-122.38585274 37.730166764),Other Motor Vehicle
48521,1.0,Driver,North,Proceeding Straight,Unknown,Unknown,Unknown,Other,0,0,0,1,No Pedestrian Involved,POINT (-122.422255588 37.740301548),Other Object
48522,,Driver,South,Proceeding Straight,Driver,Not Stated,Proceeding Straight,Broadside,0,0,0,1,No Pedestrian Involved,POINT (-122.454885125 37.710478554),Other Motor Vehicle
48523,1.0,Driver,North,Backing,Parked Vehicle,North,Parked,Rear End,0,0,0,1,No Pedestrian Involved,POINT (-122.413893032 37.78199907),Parked Motor Vehicle
48524,1.0,Driver,North,Making Left Turn,Pedestrian,East,Proceeding Straight,Vehicle/Pedestrian,1,0,0,1,Crossing in Crosswalk at Intersection,POINT (-122.478064857 37.761694779),Pedestrian
48525,1.0,Pedestrian,East,Proceeding Straight,Driver,South,Proceeding Straight,Vehicle/Pedestrian,1,0,0,1,"In Road, Including Shoulder",POINT (-122.419573127 37.735747013),Pedestrian
48526,1.0,Driver,North,Making Left Turn,Driver,North,Proceeding Straight,Sideswipe,0,0,0,1,No Pedestrian Involved,POINT (-122.388779436 37.786898679),Other Motor Vehicle
48527,1.0,Driver,South,Making Left Turn,Other,Not Stated,Proceeding Straight,Sideswipe,0,0,0,1,No Pedestrian Involved,POINT (-122.407419738 37.764487829),Other Motor Vehicle
48528,1.0,Driver,West,Proceeding Straight,Pedestrian,East,Entering Traffic,Vehicle/Pedestrian,1,0,0,1,"In Road, Including Shoulder",POINT (-122.410268122 37.75272684),Pedestrian
48529,1.0,Driver,South,Making Right Turn,Bicyclist,South,Proceeding Straight,Sideswipe,0,1,0,1,No Pedestrian Involved,POINT (-122.409493921 37.774532151),Bicycle
48530,1.0,Driver,South,Making Left Turn,Bicyclist,East,Proceeding Straight,Sideswipe,0,1,0,1,No Pedestrian Involved,POINT (-122.428665129 37.764507613),Bicycle
48531,1.0,Driver,East,Making Right Turn,Pedestrian,South,Proceeding Straight,Vehicle/Pedestrian,1,0,0,1,Crossing in Crosswalk at Intersection,POINT (-122.410945151 37.784141832),Pedestrian
48532,1.0,Driver,South,Stopped In Road,Bicyclist,South,Proceeding Straight,Sideswipe,0,1,0,1,No Pedestrian Involved,POINT (-122.419364543 37.761890632),Bicycle
48533,1.0,Driver,North,Making Left Turn,Pedestrian,West,Proceeding Straight,Vehicle/Pedestrian,1,0,0,1,Crossing in Crosswalk at Intersection,POINT (-122.433906361 37.7609827),Pedestrian
48534,1.0,Driver,West,Parked,Pedestrian,West,Stopped,Vehicle/Pedestrian,1,0,0,1,"In Road, Including Shoulder",POINT (-122.40271127 37.72786293),Pedestrian
48535,1.0,Driver,West,Proceeding Straight,Parked Vehicle,West,Parked,Rear End,0,0,0,1,No Pedestrian Involved,POINT (-122.440213526 37.773726499),Parked Motor Vehicle
48536,1.0,Driver,East,Proceeding Straight,Driver,East,Stopped In Road,Rear End,0,0,0,1,No Pedestrian Involved,POINT (-122.393424216 37.749910407),Other Motor Vehicle
48537,1.0,Driver,North,Making Right Turn,Bicyclist,West,Proceeding Straight,Broadside,0,1,0,1,No Pedestrian Involved,POINT (-122.441095127 37.716656835),Bicycle
48538,1.0,Driver,North,Proceeding Straight,Pedestrian,North,Other,Other,1,0,0,1,"In Road, Including Shoulder",POINT (-122.423118911 37.742911662),Pedestrian
48539,1.0,Driver,North,Making Left Turn,Pedestrian,West,Proceeding Straight,Vehicle/Pedestrian,1,0,0,1,Crossing in Crosswalk at Intersection,POINT (-122.405221172 37.788693992),Pedestrian
48540,1.0,Driver,South,Proceeding Straight,Parked Vehicle,Not Stated,Parked,Head-On,0,0,0,1,No Pedestrian Involved,POINT (-122.370624435 37.727527618),Parked Motor Vehicle
48541,1.0,Bicyclist,North,Proceeding Straight,Driver,West,Slowing/Stopping,Broadside,0,1,0,1,No Pedestrian Involved,POINT (-122.387086495 37.772617557),Bicycle
48542,1.0,Driver,East,Proceeding Straight,Unknown,Unknown,Unknown,Overturned,0,0,0,1,No Pedestrian Involved,POINT (-122.377379298 37.736667781),Not Stated
48543,1.0,Driver,West,Proceeding Straight,Driver,East,Slowing/Stopping,Hit Object,0,0,0,1,No Pedestrian Involved,POINT (-122.445662323 37.746921866),Fixed Object
48544,,Driver,South,Proceeding Straight,Driver,West,Making Left Turn,Broadside,0,0,0,1,No Pedestrian Involved,POINT (-122.406799737 37.757762057),Other Motor Vehicle
48545,1.0,Driver,East,Making Right Turn,Unknown,Unknown,Unknown,Head-On,0,0,0,1,No Pedestrian Involved,POINT (-122.379109648 37.737680293),Fixed Object
48546,2.0,Driver,East,Proceeding Straight,Pedestrian,East,Not Stated,Vehicle/Pedestrian,1,0,0,1,"In Road, Including Shoulder",POINT (-122.396189078 37.744542584),Pedestrian
48547,1.0,Driver,North,Proceeding Straight,Driver,South,Making Left Turn,Broadside,1,0,0,1,Not in Road,POINT (-122.4306092 37.781645584),Other Motor Vehicle
48548,1.0,Driver,West,Proceeding Straight,Parked Vehicle,West,Not Stated,Hit Object,0,0,0,1,No Pedestrian Involved,POINT (-122.419658021 37.787814812),Fixed Object
48549,1.0,Driver,East,Proceeding Straight,Driver,South,Proceeding Straight,Broadside,0,0,0,1,No Pedestrian Involved,POINT (-122.420247184 37.780074697),Other Motor Vehicle
48550,1.0,Parked Vehicle,South,Parked,Bicyclist,Not Stated,Proceeding Straight,Sideswipe,0,1,0,0,No Pedestrian Involved,POINT (-122.466545111 37.767315824),Bicycle
48551,1.0,Driver,South,Proceeding Straight,Driver,North,Proceeding Straight,Head-On,0,1,0,1,No Pedestrian Involved,POINT (-122.42170323 37.763004347),Bicycle