party_id,party_at_fault,party1_type,party1_dir_of_travel,party1_move_pre_acc,party2_type,party2_dir_of_travel,party2_move_pre_acc,type_of_collision,involves_pedestrian,involves_bicycle,involves_motorcycle,involves_vehicle,ped_action,point,mviw
49938,1.0,Driver,North,Making Left Turn,Pedestrian,East,Proceeding Straight,Vehicle/Pedestrian,1,0,0,1,Crossing in Crosswalk at Intersection,POINT (-122.44647083 37.775801592),Pedestrian
49939,,Pedestrian,Not Stated,Other,Driver,North,Making Right Turn,Vehicle/Pedestrian,1,0,0,1,Not in Road,POINT (-122.394688256 37.777320899),Pedestrian
49940,1.0,Pedestrian,North,Proceeding Straight,Driver,East,Proceeding Straight,Vehicle/Pedestrian,1,0,0,1,Crossing Not in Crosswalk,POINT (-122.431890376 37.797546876),Pedestrian
49941,1.0,Driver,South,Making Left Turn,Driver,East,Proceeding Straight,Head-On,0,0,0,1,No Pedestrian Involved,POINT (-122.401656681 37.771817125),Other Motor Vehicle
49942,1.0,Driver,East,Making Left Turn,Pedestrian,South,Proceeding Straight,Vehicle/Pedestrian,1,0,0,1,Crossing in Crosswalk at Intersection,POINT (-122.438343799 37.761701964),Pedestrian
49943,1.0,Pedestrian,North,Entering Traffic,Driver,East,Proceeding Straight,Vehicle/Pedestrian,1,0,0,1,"In Road, Including Shoulder",POINT (-122.402392737 37.788524047),Pedestrian
49944,1.0,Driver,North,Proceeding Straight,Driver,North,Proceeding Straight,Rear End,0,0,0,1,No Pedestrian Involved,POINT (-122.414147776 37.75317294),Other Motor Vehicle
49945,1.0,Driver,North,Proceeding Straight,Pedestrian,South,Proceeding Straight,Vehicle/Pedestrian,1,0,0,1,Not in Road,POINT (-122.392685021 37.775282241),Pedestrian
49946,1.0,Driver,North,Proceeding Straight,Driver,West,Proceeding Straight,Broadside,0,0,0,1,No Pedestrian Involved,POINT (-122.430882154 37.76437351),Other Motor Vehicle
49947,1.0,Bicyclist,South,Passing Other Vehicle,Driver,West,Making Right Turn,Broadside,0,1,0,1,No Pedestrian Involved,POINT (-122.415315615 37.780719177),Bicycle
49948,1.0,Driver,West,Merging,Driver,Not Stated,Proceeding Straight,Broadside,0,0,0,1,No Pedestrian Involved,POINT (-122.407847695 37.773226959),Other Motor Vehicle
49949,1.0,Bicyclist,South,Proceeding Straight,Driver,West,Proceeding Straight,Broadside,0,1,0,1,No Pedestrian Involved,POINT (-122.419071573 37.782159345),Bicycle
49950,1.0,Driver,North,Proceeding Straight,Bicyclist,North,Proceeding Straight,Sideswipe,0,1,0,1,No Pedestrian Involved,POINT (-122.418812954 37.773905537),Bicycle
49951,1.0,Pedestrian,South,Proceeding Straight,Driver,East,Proceeding Straight,Vehicle/Pedestrian,1,0,0,1,"In Road, Including Shoulder",POINT (-122.415371923 37.789319849),Pedestrian
49952,1.0,Driver,North,Proceeding Straight,Driver,West,Proceeding Straight,Broadside,0,0,0,1,No Pedestrian Involved,POINT (-122.464851491 37.758491361),Other Motor Vehicle
49953,1.0,Pedestrian,East,Not Stated,Driver,South,Proceeding Straight,Vehicle/Pedestrian,1,0,0,1,Crossing Not in Crosswalk,POINT (-122.401587385 37.734865024),Pedestrian
49954,1.0,Driver,North,Changing Lanes,Bicyclist,North,Proceeding Straight,Sideswipe,0,1,0,1,No Pedestrian Involved,POINT (-122.389099104 37.76690348),Bicycle
49955,1.0,Driver,South,Changing Lanes,Driver,South,Proceeding Straight,Sideswipe,0,0,0,1,No Pedestrian Involved,POINT (-122.422598043 37.775020697),Other Motor Vehicle
49956,1.0,Driver,West,Changing Lanes,Unknown,Unknown,Unknown,Overturned,0,0,0,1,No Pedestrian Involved,POINT (-122.403993603 37.787134763),Non-Collision
49957,1.0,Driver,South,Traveling Wrong Way,Driver,West,Proceeding Straight,Broadside,0,0,0,1,No Pedestrian Involved,POINT (-122.391840525 37.778125698),Other Motor Vehicle
49958,1.0,Driver,North,Backing,Other,North,Stopped In Road,Broadside,1,0,0,1,Not Stated,POINT (-122.472158311 37.716057303),Other Motor Vehicle
49959,1.0,Driver,West,Proceeding Straight,Pedestrian,South,Proceeding Straight,Sideswipe,1,0,0,1,Crossing in Crosswalk at Intersection,POINT (-122.404043324 37.738721255),Pedestrian
49960,1.0,Driver,North,Proceeding Straight,Driver,North,Proceeding Straight,Sideswipe,0,0,0,1,No Pedestrian Involved,POINT (-122.47434935 37.739152432),Other Motor Vehicle
49961,1.0,Driver,North,Proceeding Straight,Unknown,Unknown,Unknown,Sideswipe,0,0,0,1,No Pedestrian Involved,POINT (-122.47182833 37.77290331),Fixed Object
49962,1.0,Driver,North,Passing Other Vehicle,Driver,South,Proceeding Straight,Head-On,0,0,0,1,No Pedestrian Involved,POINT (-122.461114309 37.781846161),Other Motor Vehicle
49963,1.0,Driver,West,Making Right Turn,Driver,North,Proceeding Straight,Overturned,0,0,0,1,No Pedestrian Involved,POINT (-122.436619042 37.725421026),Other Motor Vehicle
49964,1.0,Driver,West,Making Left Turn,Bicyclist,East,Proceeding Straight,Broadside,0,1,0,1,No Pedestrian Involved,POINT (-122.423396761 37.771885644),Bicycle
49965,1.0,Driver,East,Proceeding Straight,Driver,East,Stopped In Road,Rear End,0,0,0,1,No Pedestrian Involved,POINT (-122.429342694 37.774160569),Other Motor Vehicle
49966,1.0,Driver,North,Making Left Turn,Driver,West,Proceeding Straight,Head-On,0,0,0,1,No Pedestrian Involved,POINT (-122.485010944 37.783882235),Other Motor Vehicle
49967,1.0,Driver,North,Making Left Turn,Driver,South,Proceeding Straight,Broadside,0,0,0,1,No Pedestrian Involved,POINT (-122.403107441 37.776504664),Other Motor Vehicle
49968,1.0,Driver,East,Proceeding Straight,Driver,South,Proceeding Straight,Broadside,0,0,0,1,No Pedestrian Involved,POINT (-122.404599545 37.742118314),Other Motor Vehicle
49969,1.0,Driver,South,Proceeding Straight,Driver,South,Stopped In Road,Rear End,0,0,0,1,No Pedestrian Involved,POINT (-122.407303656 37.807379458),Other Motor Vehicle
49970,1.0,Driver,East,Making Left Turn,Driver,South,Proceeding Straight,Broadside,0,0,0,1,No Pedestrian Involved,POINT (-122.417803442 37.768405191),Other Motor Vehicle
49971,1.0,Driver,South,Making Left Turn,Pedestrian,East,Other,Vehicle/Pedestrian,1,0,0,1,Crossing in Crosswalk at Intersection,POINT (-122.49293687 37.759122915),Pedestrian
49972,,Driver,East,Making Left Turn,Driver,West,Proceeding Straight,Broadside,0,0,0,1,No Pedestrian Involved,POINT (-122.465824687 37.772608523),Other Motor Vehicle
49973,1.0,Driver,Not Stated,Stopped In Road,Bicyclist,East,Proceeding Straight,Sideswipe,0,0,0,1,No Pedestrian Involved,POINT (-122.406284087 37.785326222),Other Motor Vehicle
49974,1.0,Driver,West,Making Left Turn,Driver,West,Proceeding Straight,Broadside,0,0,0,1,No Pedestrian Involved,POINT (-122.417391336 37.790973192),Other Motor Vehicle
49975,1.0,Driver,West,Proceeding Straight,Parked Vehicle,West,Stopped,Head-On,0,0,0,1,No Pedestrian Involved,POINT (-122.441148844 37.780292739),Other Motor Vehicle
49976,1.0,Driver,East,Entering Traffic,Pedestrian,Not Stated,Not Stated,Vehicle/Pedestrian,1,0,0,1,Not in Road,POINT (-122.415882539 37.783515641),Pedestrian
49977,1.0,Driver,West,Entering Traffic,Bicyclist,West,Proceeding Straight,Broadside,0,1,0,1,No Pedestrian Involved,POINT (-122.412813548 37.783904895),Bicycle
49978,1.0,Bicyclist,East,Proceeding Straight,Bicyclist,West,Proceeding Straight,Head-On,0,1,0,0,No Pedestrian Involved,POINT (-122.442177574 37.805784414),Bicycle
49979,,Driver,South,Proceeding Straight,Driver,South,Proceeding Straight,Sideswipe,0,0,0,1,No Pedestrian Involved,POINT (-122.406452616 37.754276933),Other Motor Vehicle
49980,1.0,Driver,South,Proceeding Straight,Unknown,Unknown,Unknown,Hit Object,0,0,0,1,No Pedestrian Involved,POINT (-122.433408991 37.729733043),Fixed Object
49981,1.0,Driver,South,Proceeding Straight,Driver,South,Stopped In Road,Rear End,0,0,0,1,No Pedestrian Involved,POINT (-122.417360994 37.763870394),Other Motor Vehicle
49982,1.0,Driver,West,Making Left Turn,Driver,West,Proceeding Straight,Sideswipe,0,0,0,1,No Pedestrian Involved,POINT (-122.419538953 37.80487129),Other Motor Vehicle
49983,1.0,Bicyclist,North,Proceeding Straight,Driver,West,Proceeding Straight,Broadside,0,1,0,1,No Pedestrian Involved,POINT (-122.418043167 37.777511711),Bicycle
49984,1.0,Driver,North,Making Left Turn,Driver,North,Proceeding Straight,Rear End,0,0,0,1,No Pedestrian Involved,POINT (-122.410936574 37.779211686),Other Motor Vehicle
49985,1.0,Driver,South,Changing Lanes,Unknown,Unknown,Unknown,Overturned,0,0,0,1,No Pedestrian Involved,POINT (-122.388306068 37.781798235),Non-Collision
49986,1.0,Driver,North,Proceeding Straight,Unknown,Unknown,Unknown,Hit Object,0,0,0,1,No Pedestrian Involved,POINT (-122.454885125 37.710478554),Fixed Object
49987,1.0,Driver,South,Proceeding Straight,Bicyclist,South,Proceeding Straight,Sideswipe,0,1,0,1,No Pedestrian Involved,POINT (-122.426828556 37.779257971),Bicycle
49988,1.0,Driver,South,Proceeding Straight,Driver,South,Proceeding Straight,Rear End,0,0,0,1,No Pedestrian Involved,POINT (-122.475074238 37.735193979),Other Motor Vehicle
49989,1.0,Driver,North,Slowing/Stopping,Driver,North,Stopped In Road,Rear End,0,0,0,1,No Pedestrian Involved,POINT (-122.475180199 37.720399158),Other Motor Vehicle
49990,1.0,Driver,North,Proceeding Straight,Driver,North,Proceeding Straight,Rear End,0,0,0,1,No Pedestrian Involved,POINT (-122.416149553 37.777380237),Other Motor Vehicle
49991,1.0,Driver,West,Making Right Turn,Pedestrian,North,Not Stated,Vehicle/Pedestrian,1,0,0,1,Crossing in Crosswalk at Intersection,POINT (-122.43627391 37.800814144),Pedestrian
49992,1.0,Driver,Not Stated,Crossed Into Opposing Lane,Driver,Not Stated,Parked,Head-On,0,0,0,1,No Pedestrian Involved,POINT (-122.397494998 37.762521203),Other Motor Vehicle
49993,1.0,Driver,West,Proceeding Straight,Driver,South,Making Left Turn,Broadside,0,0,0,1,No Pedestrian Involved,POINT (-122.450852984 37.745825832),Other Motor Vehicle
49994,1.0,Driver,East,Proceeding Straight,Driver,East,Slowing/Stopping,Rear End,0,0,0,1,No Pedestrian Involved,POINT (-122.390967889 37.734013873),Other Motor Vehicle
49995,1.0,Driver,South,Proceeding Straight,Driver,South,Stopped,Rear End,0,0,0,1,No Pedestrian Involved,POINT (-122.401973427 37.80407225),Other Motor Vehicle
49996,1.0,Driver,East,Proceeding Straight,Driver,West,Proceeding Straight,Sideswipe,0,0,0,1,No Pedestrian Involved,POINT (-122.459979098 37.711382681),Other Motor Vehicle
49997,1.0,Driver,South,Proceeding Straight,Unknown,Unknown,Unknown,Hit Object,0,0,0,1,No Pedestrian Involved,POINT (-122.424147154 37.73986923),Fixed Object
49998,1.0,Parked Vehicle,North,Parked,Parked Vehicle,West,Parked,Broadside,0,0,0,0,No Pedestrian Involved,POINT (-122.413583993 37.735893196),Parked Motor Vehicle
49999,1.0,Driver,West,Entering Traffic,Driver,West,Proceeding Straight,Overturned,0,0,0,1,No Pedestrian Involved,POINT (-122.43073259 37.7125711),Other Motor Vehicle
50000,1.0,Driver,East,Slowing/Stopping,Driver,East,Stopped In Road,Rear End,0,0,0,1,No Pedestrian Involved,POINT (-122.425955135 37.790855135),Other Motor Vehicle
50001,1.0,Bicyclist,South,Proceeding Straight,Driver,West,Proceeding Straight,Head-On,0,1,0,1,No Pedestrian Involved,POINT (-122.440357704 37.770847435),Bicycle
50002,1.0,Driver,West,Proceeding Straight,Driver,West,Proceeding Straight,Rear End,0,0,0,1,No Pedestrian Involved,POINT (-122.423027552 37.785482244),Other Motor Vehicle
50003,1.0,Driver,South,Changing Lanes,Driver,South,Proceeding Straight,Sideswipe,0,0,0,1,No Pedestrian Involved,POINT (-122.424687041 37.785334622),Other Motor Vehicle
50004,1.0,Driver,East,Traveling Wrong Way,Parked Vehicle,West,Parked,Hit Object,0,0,0,1,No Pedestrian Involved,POINT (-122.462810385 37.77374363),Fixed Object
50005,1.0,Driver,South,Proceeding Straight,Driver,West,Proceeding Straight,Broadside,0,0,0,1,No Pedestrian Involved,POINT (-122.430424414 37.780715573),Other Motor Vehicle
50006,1.0,Driver,North,Parked,Bicyclist,North,Proceeding Straight,Sideswipe,0,1,0,1,No Pedestrian Involved,POINT (-122.386296381 37.76900127),Bicycle
50007,1.0,Driver,South,Proceeding Straight,Unknown,Unknown,Unknown,Hit Object,0,0,0,1,No Pedestrian Involved,POINT (-122.41798706 37.803156656),Fixed Object
50008,1.0,Bicyclist,West,Changing Lanes,Driver,West,Proceeding Straight,Broadside,0,1,0,1,No Pedestrian Involved,POINT (-122.422267672 37.772845022),Bicycle
50009,1.0,Driver,Not Stated,Making Right Turn,Pedestrian,West,Not Stated,Vehicle/Pedestrian,1,0,0,1,Crossing in Crosswalk at Intersection,POINT (-122.417104136 37.774325288),Pedestrian
50010,1.0,Driver,East,Proceeding Straight,Driver,East,Proceeding Straight,Rear End,0,0,0,1,No Pedestrian Involved,POINT (-122.46001642 37.766165788),Other Motor Vehicle
50011,,Driver,Not Stated,Proceeding Straight,Parked Vehicle,Not Stated,Parked,Broadside,0,0,0,1,No Pedestrian Involved,POINT (-122.44103927 37.766627889),Other Motor Vehicle
50012,1.0,Driver,West,Making Right Turn,Pedestrian,South,Not Stated,Vehicle/Pedestrian,1,0,0,1,Crossing in Crosswalk at Intersection,POINT (-122.402600411 37.725235112),Pedestrian
50013,,Driver,West,Proceeding Straight,Driver,South,Proceeding Straight,Broadside,0,0,0,1,No Pedestrian Involved,POINT (-122.42100836 37.783824118),Other Motor Vehicle
50014,1.0,Driver,East,Parking Maneuver,Bicyclist,East,Proceeding Straight,Sideswipe,0,1,0,1,No Pedestrian Involved,POINT (-122.448589071 37.722917747),Bicycle
50015,1.0,Driver,East,Entering Traffic,Driver,South,Proceeding Straight,Broadside,0,0,0,1,No Pedestrian Involved,POINT (-122.402061635 37.74939668),Other Motor Vehicle
50016,1.0,Driver,North,Backing,Pedestrian,West,Proceeding Straight,Vehicle/Pedestrian,1,0,0,1,"In Road, Including Shoulder",POINT (-122.44750195 37.712724008),Pedestrian
50017,1.0,Driver,East,Proceeding Straight,Other,South,Proceeding Straight,Broadside,0,0,0,1,No Pedestrian Involved,POINT (-122.439844236 37.776644008),Other Motor Vehicle
50018,1.0,Bicyclist,West,Proceeding Straight,Driver,South,Making Right Turn,Broadside,0,1,0,1,No Pedestrian Involved,POINT (-122.407014752 37.777399633),Bicycle
50019,1.0,Driver,Not Stated,Proceeding Straight,Bicyclist,East,Proceeding Straight,Sideswipe,0,1,0,1,No Pedestrian Involved,POINT (-122.399372686 37.788342963),Bicycle
50020,1.0,Driver,South,Making Right Turn,Driver,South,Stopped In Road,Rear End,0,0,0,1,No Pedestrian Involved,POINT (-122.406937716 37.73800506),Other Motor Vehicle
50021,1.0,Driver,South,Proceeding Straight,Pedestrian,North,Not Stated,Vehicle/Pedestrian,1,0,0,1,Not in Road,POINT (-122.418598509 37.780260133),Pedestrian
50022,1.0,Driver,South,Proceeding Straight,Pedestrian,West,Proceeding Straight,Broadside,1,0,0,1,Crossing in Crosswalk at Intersection,POINT (-122.428477362 37.770445278),Pedestrian
50023,1.0,Driver,South,Proceeding Straight,Unknown,Unknown,Unknown,Head-On,0,0,0,1,No Pedestrian Involved,POINT (-122.388763763 37.762442799),Fixed Object
50024,1.0,Driver,East,Proceeding Straight,Pedestrian,North,Proceeding Straight,Vehicle/Pedestrian,1,0,0,1,Crossing in Crosswalk Not at Intersection,POINT (-122.456784446 37.770985468),Pedestrian
50025,1.0,Driver,East,Making Right Turn,Driver,East,Proceeding Straight,Broadside,0,0,0,1,No Pedestrian Involved,POINT (-122.415295141 37.806360947),Other Motor Vehicle
50026,2.0,Driver,South,Making Right Turn,Pedestrian,West,Proceeding Straight,Vehicle/Pedestrian,1,0,0,1,Crossing Not in Crosswalk,POINT (-122.423725437 37.780584193),Pedestrian
50027,1.0,Driver,South,Changing Lanes,Driver,West,Proceeding Straight,Sideswipe,0,0,0,1,No Pedestrian Involved,POINT (-122.433784546 37.780286694),Other Motor Vehicle
50028,1.0,Driver,East,Proceeding Straight,Driver,South,Proceeding Straight,Broadside,0,0,0,1,No Pedestrian Involved,POINT (-122.457068388 37.710110915),Other Motor Vehicle
50029,1.0,Driver,East,Proceeding Straight,Driver,East,Making Left Turn,Rear End,0,0,0,1,No Pedestrian Involved,POINT (-122.399699566 37.773363008),Other Motor Vehicle
50030,1.0,Driver,South,Proceeding Straight,Driver,South,Stopped,Rear End,0,0,0,1,No Pedestrian Involved,POINT (-122.429577178 37.776141205),Other Motor Vehicle
50031,1.0,Pedestrian,East,Proceeding Straight,Driver,South,Proceeding Straight,Broadside,1,0,0,1,No Pedestrian Involved,POINT (-122.44647083 37.775801592),Pedestrian
50032,,Driver,North,Proceeding Straight,Other,East,Proceeding Straight,Broadside,0,0,0,1,No Pedestrian Involved,POINT (-122.407601867 37.756108784),Other Motor Vehicle
50033,1.0,Driver,South,Proceeding Straight,Parked Vehicle,South,Parked,Sideswipe,0,0,0,1,No Pedestrian Involved,POINT (-122.474405614 37.755361725),Parked Motor Vehicle
50034,1.0,Driver,Not Stated,Proceeding Straight,Pedestrian,Not Stated,Other,Vehicle/Pedestrian,1,0,0,1,Crossing in Crosswalk at Intersection,POINT (-122.417582223 37.791922862),Pedestrian
50035,1.0,Driver,North,Making Left Turn,Bicyclist,West,Proceeding Straight,Other,0,0,0,1,No Pedestrian Involved,POINT (-122.399433131 37.773573456),Non-Collision
50036,1.0,Driver,West,Proceeding Straight,Driver,North,Proceeding Straight,Broadside,0,0,0,1,No Pedestrian Involved,POINT (-122.442109525 37.787855573),Other Motor Vehicle
50037,1.0,Driver,East,Making Left Turn,Driver,North,Proceeding Straight,Head-On,0,0,0,1,No Pedestrian Involved,POINT (-122.447517982 37.781069511),Other Motor Vehicle
50038,1.0,Driver,West,Making Left Turn,Driver,East,Proceeding Straight,Broadside,0,0,0,1,No Pedestrian Involved,POINT (-122.399798024 37.788007161),Other Motor Vehicle
50039,1.0,Driver,East,Proceeding Straight,Pedestrian,Not Stated,Other,Vehicle/Pedestrian,1,0,0,1,"In Road, Including Shoulder",POINT (-122.391870343 37.720349099),Pedestrian
50040,1.0,Driver,North,Proceeding Straight,Unknown,Unknown,Unknown,Hit Object,0,0,0,1,No Pedestrian Involved,POINT (-122.457154483 37.719499975),Fixed Object
50041,1.0,Driver,West,Stopped In Road,Bicyclist,West,Proceeding Straight,Broadside,0,1,0,1,No Pedestrian Involved,POINT (-122.41832083 37.75385302),Bicycle
50042,1.0,Driver,North,Making Left Turn,Pedestrian,North,Not Stated,Vehicle/Pedestrian,1,0,0,1,Crossing in Crosswalk at Intersection,POINT (-122.41750678 37.783313625),Pedestrian
50043,1.0,Driver,East,Making Left Turn,Driver,East,Proceeding Straight,Sideswipe,0,0,0,1,No Pedestrian Involved,POINT (-122.419981513 37.768273653),Other Motor Vehicle
50044,1.0,Bicyclist,North,Proceeding Straight,Driver,West,Stopped In Road,Other,0,1,0,1,No Pedestrian Involved,POINT (-122.422815353 37.741017155),Bicycle
50045,1.0,Bicyclist,South,Proceeding Straight,Unknown,Unknown,Unknown,Other,0,0,0,0,No Pedestrian Involved,POINT (-122.407236722 37.790879004),Non-Collision
50046,1.0,Pedestrian,East,Proceeding Straight,Pedestrian,South,Other,Vehicle/Pedestrian,1,0,0,0,Crossing Not in Crosswalk,POINT (-122.486639897 37.761275629),Pedestrian
50047,1.0,Parked Vehicle,Not Stated,Parked,Bicyclist,South,Proceeding Straight,Other,0,1,0,0,No Pedestrian Involved,POINT (-122.421299149 37.75878485),Bicycle
50048,1.0,Pedestrian,Not Stated,Not Stated,Driver,West,Slowing/Stopping,Vehicle/Pedestrian,1,0,0,1,Crossing Not in Crosswalk,POINT (-122.435187962 37.762670707),Pedestrian
50049,1.0,Driver,North,Proceeding Straight,Driver,North,Stopped In Road,Rear End,0,0,0,1,No Pedestrian Involved,POINT (-122.410865741 37.779155251),Other Motor Vehicle
50050,1.0,Driver,North,Entering Traffic,Bicyclist,East,Proceeding Straight,Broadside,0,1,0,1,No Pedestrian Involved,POINT (-122.422886284 37.779759555),Bicycle
50051,1.0,Driver,North,Making Left Turn,Parked Vehicle,Not Stated,Not Stated,Overturned,0,0,0,1,No Pedestrian Involved,POINT (-122.446429906 37.761020491),Parked Motor Vehicle
50052,1.0,Driver,East,Proceeding Straight,Driver,East,Making Right Turn,Rear End,0,0,0,1,No Pedestrian Involved,POINT (-122.39403142 37.749876037),Other Motor Vehicle
50053,2.0,Bicyclist,East,Proceeding Straight,Parked Vehicle,Not Stated,Parked,Other,0,1,0,0,No Pedestrian Involved,POINT (-122.422955334 37.761617121),Bicycle
50054,1.0,Driver,North,Proceeding Straight,Unknown,Unknown,Unknown,Other,0,0,0,1,No Pedestrian Involved,POINT (-122.390760343 37.77726923),Non-Collision
50055,1.0,Driver,North,Proceeding Straight,Driver,East,Making Right Turn,Broadside,0,0,0,1,No Pedestrian Involved,POINT (-122.441977105 37.72781703),Motor Vehicle on Other Roadway
50056,,Driver,West,Proceeding Straight,Driver,West,Making Left Turn,Broadside,0,0,0,1,No Pedestrian Involved,POINT (-122.46109962 37.781177881),Other Motor Vehicle
50057,1.0,Driver,East,Proceeding Straight,Pedestrian,South,Not Stated,Head-On,1,0,0,1,Crossing in Crosswalk at Intersection,POINT (-122.487931259 37.779939813),Pedestrian
50058,1.0,Driver,North,Proceeding Straight,Driver,North,Slowing/Stopping,Rear End,0,0,0,1,No Pedestrian Involved,POINT (-122.479352793 37.771139803),Other Motor Vehicle
50059,1.0,Driver,East,Backing,Pedestrian,North,Proceeding Straight,Vehicle/Pedestrian,1,0,0,1,Crossing Not in Crosswalk,POINT (-122.479280774 37.780396167),Pedestrian
50060,1.0,Driver,North,Making Right Turn,Pedestrian,South,Proceeding Straight,Vehicle/Pedestrian,1,0,0,1,Crossing in Crosswalk at Intersection,POINT (-122.418576061 37.753837664),Pedestrian
50061,1.0,Driver,North,Proceeding Straight,Driver,North,Making Left Turn,Rear End,0,0,0,1,No Pedestrian Involved,POINT (-122.404933346 37.781499508),Other Motor Vehicle
50062,1.0,Driver,South,Proceeding Straight,Bicyclist,South,Proceeding Straight,Sideswipe,0,1,0,1,No Pedestrian Involved,POINT (-122.425791803 37.734277998),Bicycle
50063,,Driver,North,Proceeding Straight,Bicyclist,East,Proceeding Straight,Broadside,0,1,0,1,No Pedestrian Involved,POINT (-122.443836148 37.771358113),Bicycle
50064,1.0,Driver,East,Making Left Turn,Unknown,Unknown,Unknown,Other,0,0,0,1,No Pedestrian Involved,POINT (-122.406336237 37.75300403),Fixed Object
50065,1.0,Bicyclist,North,Making Left Turn,Parked Vehicle,North,Not Stated,Sideswipe,0,0,0,0,No Pedestrian Involved,POINT (-122.435072678 37.778313028),Parked Motor Vehicle
50066,1.0,Driver,East,Proceeding Straight,Driver,West,Proceeding Straight,Sideswipe,0,0,0,1,No Pedestrian Involved,POINT (-122.372865241 37.729413501),Other Motor Vehicle
50067,1.0,Pedestrian,North,Proceeding Straight,Driver,East,Proceeding Straight,Sideswipe,1,0,0,1,Crossing Not in Crosswalk,POINT (-122.407164383 37.782190721),Pedestrian
50068,1.0,Driver,South,Ran Off Road,Unknown,Unknown,Unknown,Other,0,0,0,1,No Pedestrian Involved,POINT (-122.455289746 37.770929661),Non-Collision
50069,1.0,Driver,West,Proceeding Straight,Driver,East,Stopped,Rear End,0,0,0,1,No Pedestrian Involved,POINT (-122.414717242 37.781754742),Other Motor Vehicle
50070,1.0,Driver,West,Proceeding Straight,Pedestrian,North,Proceeding Straight,Vehicle/Pedestrian,1,0,0,1,Crossing in Crosswalk at Intersection,POINT (-122.447286871 37.80516009),Pedestrian
50071,1.0,Driver,West,Parking Maneuver,Bicyclist,West,Proceeding Straight,Other,0,1,0,1,No Pedestrian Involved,POINT (-122.473287387 37.731707173),Bicycle
50072,1.0,Driver,West,Proceeding Straight,Driver,South,Proceeding Straight,Broadside,0,0,0,1,No Pedestrian Involved,POINT (-122.387368261 37.725354105),Motor Vehicle on Other Roadway
50073,1.0,Bicyclist,East,Traveling Wrong Way,Bicyclist,West,Proceeding Straight,Head-On,0,1,0,0,No Pedestrian Involved,POINT (-122.398061336 37.749637845),Bicycle
50074,1.0,Driver,East,Backing,Pedestrian,South,Not Stated,Vehicle/Pedestrian,1,0,0,1,Not in Road,POINT (-122.397571757 37.763351135),Pedestrian
50075,1.0,Driver,South,Proceeding Straight,Other,West,Proceeding Straight,Broadside,0,0,0,1,No Pedestrian Involved,POINT (-122.482352101 37.761464421),Train
50076,1.0,Driver,South,Making Left Turn,Bicyclist,East,Proceeding Straight,Broadside,0,1,0,1,No Pedestrian Involved,POINT (-122.471762123 37.773138947),Bicycle
50077,1.0,Driver,West,Making Right Turn,Pedestrian,South,Proceeding Straight,Vehicle/Pedestrian,1,0,0,1,Crossing in Crosswalk at Intersection,POINT (-122.39875545 37.776568383),Pedestrian
50078,1.0,Bicyclist,South,Making Left Turn,Driver,South,Proceeding Straight,Sideswipe,0,1,0,1,No Pedestrian Involved,POINT (-122.409735889 37.770348517),Bicycle
50079,1.0,Driver,West,Proceeding Straight,Driver,West,Stopped In Road,Sideswipe,0,0,0,1,No Pedestrian Involved,POINT (-122.412916519 37.780216272),Pedestrian
50080,1.0,Parked Vehicle,Not Stated,Parked,Bicyclist,South,Proceeding Straight,Hit Object,0,1,0,0,No Pedestrian Involved,POINT (-122.408570851 37.76915476),Bicycle
50081,,Driver,Not Stated,Other,Bicyclist,Not Stated,Other,Other,0,1,0,1,No Pedestrian Involved,POINT (-122.414909744 37.77447569),Bicycle
50082,1.0,Driver,East,Proceeding Straight,Driver,North,Proceeding Straight,Broadside,0,0,0,1,No Pedestrian Involved,POINT (-122.439742768 37.731584226),Other Motor Vehicle
50083,,Driver,North,Making Left Turn,Other,West,Proceeding Straight,Broadside,0,0,0,1,No Pedestrian Involved,POINT (-122.404623337 37.765958188),Other Motor Vehicle
50084,1.0,Driver,North,Proceeding Straight,Driver,South,Making Left Turn,Broadside,0,0,0,1,No Pedestrian Involved,POINT (-122.403021622 37.729901902),Other Motor Vehicle
50085,1.0,Driver,South,Making Left Turn,Pedestrian,East,Proceeding Straight,Vehicle/Pedestrian,1,0,0,1,Crossing in Crosswalk at Intersection,POINT (-122.472039542 37.77686823),Pedestrian
50086,,Driver,South,Proceeding Straight,Parked Vehicle,South,Not Stated,Hit Object,0,0,0,1,No Pedestrian Involved,POINT (-122.468012414 37.715733355),Fixed Object
50087,1.0,Driver,West,Other,Driver,West,Stopped,Sideswipe,0,0,0,1,No Pedestrian Involved,POINT (-122.423541307 37.779673586),Other Motor Vehicle
50088,1.0,Driver,South,Proceeding Straight,Pedestrian,Not Stated,Not Stated,Vehicle/Pedestrian,1,0,0,1,"In Road, Including Shoulder",POINT (-122.386295695 37.768993053),Pedestrian
50089,1.0,Driver,South,Proceeding Straight,Driver,East,Proceeding Straight,Broadside,0,0,0,1,No Pedestrian Involved,POINT (-122.489458741 37.755540669),Other Motor Vehicle
50090,1.0,Driver,West,Making Left Turn,Driver,West,Proceeding Straight,Broadside,0,0,0,1,No Pedestrian Involved,POINT (-122.421393308 37.785685803),Other Motor Vehicle
50091,1.0,Driver,South,Proceeding Straight,Driver,East,Making Left Turn,Broadside,0,0,0,1,No Pedestrian Involved,POINT (-122.404526544 37.732146652),Other Motor Vehicle
50092,1.0,Driver,North,Entering Traffic,Driver,West,Proceeding Straight,Overturned,0,0,0,1,No Pedestrian Involved,POINT (-122.424099691 37.797577729),Non-Collision