party_id,party_at_fault,party1_type,party1_dir_of_travel,party1_move_pre_acc,party2_type,party2_dir_of_travel,party2_move_pre_acc,type_of_collision,involves_pedestrian,involves_bicycle,involves_motorcycle,involves_vehicle,ped_action,point,mviw
50246,1.0,Driver,North,Making Left Turn,Pedestrian,East,Proceeding Straight,Vehicle/Pedestrian,1,0,0,1,Crossing in Crosswalk at Intersection,POINT (-122.410076847 37.772526444),Pedestrian
50247,1.0,Driver,West,Proceeding Straight,Driver,West,Making Left Turn,Rear End,0,0,0,1,No Pedestrian Involved,POINT (-122.486902421 37.76501891),Other Motor Vehicle
50248,1.0,Driver,North,Making Right Turn,Pedestrian,West,Proceeding Straight,Vehicle/Pedestrian,1,0,0,1,Crossing in Crosswalk at Intersection,POINT (-122.421578401 37.761700909),Pedestrian
50249,1.0,Driver,West,Proceeding Straight,Driver,South,Proceeding Straight,Broadside,1,0,0,1,Crossing in Crosswalk at Intersection,POINT (-122.400503096 37.787450499),Other Motor Vehicle
50250,1.0,Driver,South,Proceeding Straight,Driver,South,Making Right Turn,Broadside,0,0,0,1,No Pedestrian Involved,POINT (-122.405658785 37.806673632),Other Motor Vehicle
50251,1.0,Driver,East,Proceeding Straight,Pedestrian,South,Other,Vehicle/Pedestrian,1,0,0,1,Crossing in Crosswalk at Intersection,POINT (-122.438709125 37.771056495),Pedestrian
50252,1.0,Driver,South,Proceeding Straight,Driver,South,Stopped In Road,Rear End,0,0,0,1,No Pedestrian Involved,POINT (-122.406341769 37.753064528),Other Motor Vehicle
50253,1.0,Driver,West,Proceeding Straight,Driver,West,Making Right Turn,Rear End,0,0,0,1,No Pedestrian Involved,POINT (-122.410628101 37.749492201),Other Motor Vehicle
50254,1.0,Pedestrian,East,Other,Driver,South,Proceeding Straight,Vehicle/Pedestrian,1,0,0,1,Crossing Not in Crosswalk,POINT (-122.419612677 37.764466875),Pedestrian
50255,1.0,Driver,South,Proceeding Straight,Parked Vehicle,South,Parked,Sideswipe,0,0,0,1,No Pedestrian Involved,POINT (-122.424294813 37.783399858),Parked Motor Vehicle
50256,,Driver,East,Proceeding Straight,Driver,East,Slowing/Stopping,Rear End,0,0,0,1,No Pedestrian Involved,POINT (-122.433514991 37.788947574),Other Motor Vehicle
50257,1.0,Driver,West,Proceeding Straight,Driver,East,Proceeding Straight,Head-On,0,0,0,1,No Pedestrian Involved,POINT (-122.455116311 37.710663456),Other Motor Vehicle
50258,1.0,Driver,East,Proceeding Straight,Pedestrian,North,Not Stated,Head-On,1,0,0,1,Crossing in Crosswalk Not at Intersection,POINT (-122.464296828 37.765962835),Pedestrian
50259,1.0,Driver,East,Proceeding Straight,Driver,East,Proceeding Straight,Rear End,0,0,0,1,No Pedestrian Involved,POINT (-122.479987035 37.755958847),Other Motor Vehicle
50260,1.0,Driver,East,Making Left Turn,Pedestrian,South,Not Stated,Vehicle/Pedestrian,1,0,0,1,Crossing in Crosswalk at Intersection,POINT (-122.419668973 37.765051337),Pedestrian
50261,1.0,Driver,West,Making Right Turn,Driver,West,Proceeding Straight,Rear End,0,0,0,1,No Pedestrian Involved,POINT (-122.410546068 37.748316719),Other Motor Vehicle
50262,1.0,Driver,West,Proceeding Straight,Pedestrian,North,Proceeding Straight,Vehicle/Pedestrian,1,0,0,1,Crossing in Crosswalk at Intersection,POINT (-122.42513445 37.804142674),Pedestrian
50263,1.0,Driver,East,Not Stated,Pedestrian,North,Not Stated,Vehicle/Pedestrian,1,0,0,1,Crossing in Crosswalk at Intersection,POINT (-122.402060967 37.723919994),Pedestrian
50264,1.0,Driver,North,Making Left Turn,Pedestrian,East,Proceeding Straight,Not Stated,1,0,0,1,Crossing in Crosswalk at Intersection,POINT (-122.40840155 37.788293194),Pedestrian
50265,1.0,Other,East,Proceeding Straight,Driver,East,Making Right Turn,Broadside,0,0,0,1,No Pedestrian Involved,POINT (-122.407991385 37.78834509),Other Object
50266,1.0,Pedestrian,South,Stopped In Road,Driver,West,Stopped In Road,Vehicle/Pedestrian,1,0,0,1,Crossing Not in Crosswalk,POINT (-122.399216342 37.7908992),Pedestrian
50267,1.0,Pedestrian,East,Not Stated,Other,North,Making Left Turn,Not Stated,1,0,0,0,"In Road, Including Shoulder",POINT (-122.462802287 37.71430612),Train
50268,1.0,Bicyclist,East,Passing Other Vehicle,Driver,East,Slowing/Stopping,Head-On,0,0,0,1,No Pedestrian Involved,POINT (-122.445946325 37.722914682),Other Motor Vehicle
50269,1.0,Driver,North,Passing Other Vehicle,Driver,North,Making Right Turn,Sideswipe,0,0,0,1,No Pedestrian Involved,POINT (-122.429686884 37.776976022),Other Motor Vehicle
50270,1.0,Bicyclist,North,Other,Driver,West,Making Right Turn,Broadside,0,1,0,1,No Pedestrian Involved,POINT (-122.393884597 37.726250386),Bicycle
50271,1.0,Driver,South,Proceeding Straight,Bicyclist,West,Proceeding Straight,Broadside,0,1,0,1,No Pedestrian Involved,POINT (-122.453726228 37.77009808),Bicycle
50272,1.0,Pedestrian,East,Proceeding Straight,Driver,North,Proceeding Straight,Vehicle/Pedestrian,1,0,0,1,Crossing in Crosswalk at Intersection,POINT (-122.415577015 37.769591161),Pedestrian
50273,1.0,Driver,North,Proceeding Straight,Driver,East,Proceeding Straight,Broadside,0,0,0,1,No Pedestrian Involved,POINT (-122.486358959 37.787561701),Other Motor Vehicle
50274,1.0,Driver,West,Proceeding Straight,Driver,West,Stopped In Road,Rear End,0,0,0,1,No Pedestrian Involved,POINT (-122.396781073 37.749715016),Other Motor Vehicle
50275,1.0,Bicyclist,South,Proceeding Straight,Driver,West,Proceeding Straight,Other,0,1,0,1,No Pedestrian Involved,POINT (-122.46200237 37.779186712),Bicycle
50276,1.0,Pedestrian,North,Other,Driver,North,Backing,Vehicle/Pedestrian,1,0,0,1,Crossing Not in Crosswalk,POINT (-122.420008321 37.770111449),Pedestrian
50277,1.0,Driver,West,Making Left Turn,Pedestrian,South,Proceeding Straight,Vehicle/Pedestrian,1,0,0,1,Crossing in Crosswalk at Intersection,POINT (-122.405041398 37.787765495),Pedestrian
50278,1.0,Driver,East,Making Left Turn,Pedestrian,North,Proceeding Straight,Vehicle/Pedestrian,1,0,0,1,Crossing in Crosswalk at Intersection,POINT (-122.410048502 37.775003064),Pedestrian
50279,1.0,Driver,North,Proceeding Straight,Driver,East,Proceeding Straight,Broadside,0,0,0,1,No Pedestrian Involved,POINT (-122.489193568 37.751806869),Other Motor Vehicle
50280,1.0,Driver,North,Proceeding Straight,Pedestrian,West,Proceeding Straight,Vehicle/Pedestrian,1,0,0,1,Crossing in Crosswalk at Intersection,POINT (-122.436760975 37.795016022),Pedestrian
50281,1.0,Driver,North,Proceeding Straight,Driver,North,Stopped In Road,Rear End,0,0,0,1,No Pedestrian Involved,POINT (-122.479196953 37.770849253),Parked Motor Vehicle
50282,1.0,Driver,South,Proceeding Straight,Driver,East,Proceeding Straight,Broadside,0,0,0,1,No Pedestrian Involved,POINT (-122.454285422 37.73047746),Other Motor Vehicle
50283,1.0,Driver,West,Making Left Turn,Pedestrian,East,Not Stated,Vehicle/Pedestrian,1,0,0,1,Crossing in Crosswalk at Intersection,POINT (-122.412678568 37.760606811),Pedestrian
50284,1.0,Driver,East,Making Left Turn,Pedestrian,West,Proceeding Straight,Vehicle/Pedestrian,1,0,0,1,Crossing in Crosswalk at Intersection,POINT (-122.404659955 37.732953778),Pedestrian
50285,1.0,Driver,South,Proceeding Straight,Driver,East,Proceeding Straight,Broadside,0,0,0,1,No Pedestrian Involved,POINT (-122.419506294 37.776368869),Motor Vehicle on Other Roadway
50286,1.0,Driver,South,Proceeding Straight,Pedestrian,West,Proceeding Straight,Vehicle/Pedestrian,1,0,0,1,Crossing in Crosswalk at Intersection,POINT (-122.402524097 37.776039321),Pedestrian
50287,1.0,Bicyclist,North,Proceeding Straight,Parked Vehicle,Not Stated,Parked,Overturned,0,0,0,0,No Pedestrian Involved,POINT (-122.438162146 37.777043884),Parked Motor Vehicle
50288,1.0,Driver,North,Proceeding Straight,Parked Vehicle,East,Parked,Hit Object,0,0,0,1,No Pedestrian Involved,POINT (-122.469498544 37.748148818),Fixed Object
50289,1.0,Driver,East,Making Left Turn,Unknown,Unknown,Unknown,Head-On,0,0,0,1,No Pedestrian Involved,POINT (-122.455134884 37.777609798),Fixed Object
50290,1.0,Driver,North,Proceeding Straight,Pedestrian,South,Proceeding Straight,Hit Object,1,0,0,1,Not in Road,POINT (-122.418360829 37.76283664),Other Object
50291,1.0,Driver,South,Making Right Turn,Pedestrian,West,Proceeding Straight,Broadside,1,0,0,1,Crossing in Crosswalk at Intersection,POINT (-122.415952357 37.749148291),Pedestrian
50292,1.0,Driver,East,Backing,Pedestrian,North,Stopped In Road,Vehicle/Pedestrian,1,0,0,1,"In Road, Including Shoulder",POINT (-122.411234959 37.786975529),Pedestrian
50293,1.0,Driver,West,Proceeding Straight,Driver,South,Stopped In Road,Broadside,0,0,0,1,No Pedestrian Involved,POINT (-122.49134262 37.734007858),Other Motor Vehicle
50294,1.0,Driver,North,Proceeding Straight,Driver,North,Proceeding Straight,Rear End,0,0,0,1,No Pedestrian Involved,POINT (-122.406085975 37.730975618),Other Motor Vehicle
50295,1.0,Bicyclist,North,Making Left Turn,Driver,North,Proceeding Straight,Broadside,0,1,0,1,No Pedestrian Involved,POINT (-122.432328982 37.781428372),Bicycle
50296,1.0,Driver,West,Traveling Wrong Way,Pedestrian,West,Not Stated,Vehicle/Pedestrian,1,0,0,1,Approaching/Leaving School Bus,POINT (-122.396677814 37.778210508),Pedestrian
50297,1.0,Driver,West,Making U Turn,Driver,North,Proceeding Straight,Broadside,0,0,0,1,No Pedestrian Involved,POINT (-122.415935851 37.748975768),Other Motor Vehicle
50298,1.0,Pedestrian,South,Stopped In Road,Driver,South,Proceeding Straight,Vehicle/Pedestrian,1,0,0,1,Approaching/Leaving School Bus,POINT (-122.408208479 37.784103028),Pedestrian
50299,,Driver,East,Proceeding Straight,Driver,East,Proceeding Straight,Sideswipe,0,0,0,1,No Pedestrian Involved,POINT (-122.40124742 37.777048416),Other Motor Vehicle
50300,1.0,Driver,East,Merging,Driver,East,Proceeding Straight,Sideswipe,0,0,0,1,No Pedestrian Involved,POINT (-122.394381655 37.777563029),Other Motor Vehicle
50301,,Driver,West,Proceeding Straight,Driver,West,Stopped In Road,Rear End,0,0,0,1,No Pedestrian Involved,POINT (-122.471225939 37.741383107),Other Motor Vehicle
50302,1.0,Pedestrian,South,Proceeding Straight,Driver,West,Proceeding Straight,Vehicle/Pedestrian,1,0,0,1,Crossing Not in Crosswalk,POINT (-122.402425217 37.773667593),Pedestrian
50303,1.0,Driver,West,Making Right Turn,Pedestrian,West,Proceeding Straight,Vehicle/Pedestrian,1,0,0,1,Crossing in Crosswalk at Intersection,POINT (-122.418465027 37.787966286),Pedestrian
50304,1.0,Driver,West,Making Right Turn,Pedestrian,North,Stopped In Road,Vehicle/Pedestrian,1,0,0,1,Crossing in Crosswalk at Intersection,POINT (-122.440309606 37.800301008),Pedestrian
50305,1.0,Driver,South,Proceeding Straight,Driver,South,Proceeding Straight,Rear End,0,0,0,1,No Pedestrian Involved,POINT (-122.421025579 37.755938796),Other Motor Vehicle
50306,1.0,Driver,West,Parking Maneuver,Other,West,Proceeding Straight,Broadside,0,0,0,1,No Pedestrian Involved,POINT (-122.483728293 37.780099095),Other Motor Vehicle
50307,1.0,Driver,East,Making Right Turn,Parked Vehicle,Not Stated,Parked,Rear End,0,0,0,1,No Pedestrian Involved,POINT (-122.411618507 37.736964291),Parked Motor Vehicle
50308,1.0,Pedestrian,South,Proceeding Straight,Driver,West,Proceeding Straight,Vehicle/Pedestrian,1,0,0,1,"In Road, Including Shoulder",POINT (-122.448639685 37.721442711),Pedestrian
50309,1.0,Driver,East,Proceeding Straight,Driver,North,Proceeding Straight,Broadside,0,0,0,1,No Pedestrian Involved,POINT (-122.442564963 37.714660619),Other Motor Vehicle
50310,1.0,Driver,West,Making Left Turn,Pedestrian,South,Proceeding Straight,Vehicle/Pedestrian,1,0,0,1,Crossing in Crosswalk at Intersection,POINT (-122.465107264 37.777183559),Pedestrian
50311,1.0,Driver,South,Backing,Pedestrian,Not Stated,Stopped In Road,Rear End,1,0,0,1,"In Road, Including Shoulder",POINT (-122.405796887 37.797975671),Pedestrian
50312,1.0,Driver,West,Parked,Unknown,Unknown,Unknown,Hit Object,0,0,0,1,No Pedestrian Involved,POINT (-122.428913976 37.797925409),Fixed Object
50313,1.0,Driver,South,Parking Maneuver,Driver,South,Entering Traffic,Sideswipe,0,0,0,1,No Pedestrian Involved,POINT (-122.508875429 37.756329994),Other Motor Vehicle
50314,1.0,Driver,South,Backing,Driver,North,Stopped,Rear End,0,0,0,1,No Pedestrian Involved,POINT (-122.46537376 37.76592882),Other Motor Vehicle
50315,1.0,Driver,East,Making Left Turn,Pedestrian,North,Proceeding Straight,Vehicle/Pedestrian,1,0,0,1,Crossing in Crosswalk at Intersection,POINT (-122.460931269 37.77923468),Pedestrian
50316,1.0,Driver,West,Proceeding Straight,Driver,West,Proceeding Straight,Overturned,0,0,0,1,No Pedestrian Involved,POINT (-122.402026702 37.745953857),Non-Collision
50317,1.0,Driver,North,Proceeding Straight,Other,Not Stated,Not Stated,Sideswipe,0,0,0,1,No Pedestrian Involved,POINT (-122.386141267 37.746597548),Fixed Object
50318,1.0,Driver,North,Proceeding Straight,Driver,North,Making Right Turn,Sideswipe,0,0,0,1,No Pedestrian Involved,POINT (-122.430944528 37.730577518),Other Motor Vehicle
50319,1.0,Bicyclist,North,Proceeding Straight,Unknown,Unknown,Unknown,Other,0,0,0,0,No Pedestrian Involved,POINT (-122.43119112 37.767595242),Not Stated
50320,1.0,Driver,South,Making U Turn,Driver,West,Proceeding Straight,Broadside,0,0,0,1,No Pedestrian Involved,POINT (-122.432524285 37.781403477),Other Motor Vehicle
50321,1.0,Pedestrian,South,Proceeding Straight,Driver,East,Proceeding Straight,Vehicle/Pedestrian,1,0,0,1,Crossing Not in Crosswalk,POINT (-122.400170667 37.777899416),Pedestrian
50322,1.0,Driver,North,Proceeding Straight,Pedestrian,East,Proceeding Straight,Vehicle/Pedestrian,1,0,0,1,Crossing in Crosswalk at Intersection,POINT (-122.421014105 37.783808555),Pedestrian
50323,1.0,Driver,East,Making Left Turn,Pedestrian,South,Proceeding Straight,Sideswipe,1,0,0,1,Crossing in Crosswalk at Intersection,POINT (-122.408146126 37.780523719),Pedestrian
50324,1.0,Pedestrian,South,Other,Driver,West,Slowing/Stopping,Vehicle/Pedestrian,1,0,0,1,Crossing in Crosswalk at Intersection,POINT (-122.408529866 37.773749004),Pedestrian
50325,1.0,Driver,East,Proceeding Straight,Driver,East,Stopped In Road,Rear End,0,0,0,1,No Pedestrian Involved,POINT (-122.460350882 37.724744434),Other Motor Vehicle
50326,1.0,Driver,South,Making Left Turn,Driver,North,Proceeding Straight,Broadside,0,0,0,1,No Pedestrian Involved,POINT (-122.404412161 37.796302099),Other Motor Vehicle
50327,1.0,Driver,South,Proceeding Straight,Driver,North,Proceeding Straight,Sideswipe,0,0,0,1,No Pedestrian Involved,POINT (-122.441512912 37.713835586),Other Motor Vehicle
50328,1.0,Driver,East,Proceeding Straight,Pedestrian,North,Entering Traffic,Vehicle/Pedestrian,1,0,0,1,Crossing in Crosswalk at Intersection,POINT (-122.502946586 37.779257321),Pedestrian
50329,1.0,Driver,North,Backing,Pedestrian,South,Proceeding Straight,Vehicle/Pedestrian,1,0,0,1,Crossing in Crosswalk Not at Intersection,POINT (-122.478304879 37.780381192),Pedestrian
50330,,Driver,West,Proceeding Straight,Driver,South,Proceeding Straight,Broadside,0,0,0,1,No Pedestrian Involved,POINT (-122.437610624 37.774061647),Other Motor Vehicle
50331,1.0,Driver,East,Making Left Turn,Pedestrian,South,Other,Vehicle/Pedestrian,1,0,0,1,Crossing in Crosswalk at Intersection,POINT (-122.417927898 37.785163885),Pedestrian
50332,1.0,Parked Vehicle,West,Parked,Bicyclist,West,Proceeding Straight,Sideswipe,0,1,0,0,No Pedestrian Involved,POINT (-122.409468574 37.764364065),Bicycle
50333,1.0,Driver,West,Slowing/Stopping,Pedestrian,North,Other,Vehicle/Pedestrian,1,0,0,1,Crossing in Crosswalk at Intersection,POINT (-122.414022365 37.782798455),Pedestrian
50334,1.0,Driver,North,Making Left Turn,Parked Vehicle,South,Parked,Sideswipe,0,0,0,1,No Pedestrian Involved,POINT (-122.443600202 37.718999995),Parked Motor Vehicle
50335,,Driver,South,Proceeding Straight,Driver,West,Proceeding Straight,Broadside,0,0,0,1,No Pedestrian Involved,POINT (-122.399763353 37.792257948),Other Motor Vehicle
50336,1.0,Driver,East,Proceeding Straight,Driver,South,Proceeding Straight,Broadside,0,0,0,1,No Pedestrian Involved,POINT (-122.398746956 37.744096061),Other Motor Vehicle
50337,1.0,Bicyclist,South,Making Left Turn,Driver,West,Proceeding Straight,Broadside,0,1,0,1,No Pedestrian Involved,POINT (-122.407159488 37.779738906),Bicycle
50338,1.0,Driver,North,Proceeding Straight,Bicyclist,West,Proceeding Straight,Broadside,0,1,0,1,No Pedestrian Involved,POINT (-122.405082754 37.749370941),Bicycle
50339,1.0,Driver,East,Proceeding Straight,Driver,South,Proceeding Straight,Broadside,0,0,0,1,No Pedestrian Involved,POINT (-122.478324821 37.765399136),Other Motor Vehicle
50340,1.0,Driver,East,Proceeding Straight,Driver,East,Stopped In Road,Rear End,0,0,0,1,No Pedestrian Involved,POINT (-122.393096869 37.727656756),Other Motor Vehicle
50341,1.0,Driver,North,Making U Turn,Pedestrian,East,Proceeding Straight,Vehicle/Pedestrian,1,0,0,1,Crossing in Crosswalk at Intersection,POINT (-122.408538346 37.771296598),Pedestrian
50342,1.0,Bicyclist,North,Proceeding Straight,Pedestrian,East,Proceeding Straight,Vehicle/Pedestrian,1,1,0,0,Not in Road,POINT (-122.440127473 37.717602317),Bicycle
50343,1.0,Driver,West,Making Left Turn,Parked Vehicle,West,Not Stated,Hit Object,0,0,0,1,No Pedestrian Involved,POINT (-122.479897549 37.757134614),Fixed Object
50344,1.0,Driver,North,Proceeding Straight,Driver,South,Proceeding Straight,Head-On,0,0,0,1,No Pedestrian Involved,POINT (-122.435406255 37.765037101),Other Motor Vehicle
50345,1.0,Driver,East,Proceeding Straight,Driver,East,Stopped In Road,Rear End,0,0,0,1,No Pedestrian Involved,POINT (-122.462946257 37.725491761),Other Motor Vehicle
50346,1.0,Driver,North,Proceeding Straight,Unknown,Unknown,Unknown,Hit Object,0,0,0,1,No Pedestrian Involved,POINT (-122.47104553 37.710812067),Fixed Object
50347,1.0,Driver,East,Proceeding Straight,Pedestrian,South,Proceeding Straight,Vehicle/Pedestrian,1,0,0,1,Crossing in Crosswalk at Intersection,POINT (-122.438243419 37.760693663),Pedestrian
50348,1.0,Driver,West,Proceeding Straight,Pedestrian,North,Proceeding Straight,Vehicle/Pedestrian,1,0,0,1,Crossing in Crosswalk at Intersection,POINT (-122.419693566 37.777299856),Pedestrian
50349,1.0,Pedestrian,East,Stopped In Road,Driver,South,Proceeding Straight,Vehicle/Pedestrian,1,0,0,1,Crossing Not in Crosswalk,POINT (-122.420008321 37.770111449),Pedestrian
50350,1.0,Driver,South,Proceeding Straight,Parked Vehicle,North,Parked,Head-On,0,0,0,1,No Pedestrian Involved,POINT (-122.501370369 37.772376763),Other Motor Vehicle
50351,,Driver,West,Proceeding Straight,Unknown,Unknown,Unknown,Hit Object,0,0,0,1,No Pedestrian Involved,POINT (-122.443347264 37.750082609),Fixed Object
50352,1.0,Driver,West,Passing Other Vehicle,Driver,West,Stopped In Road,Sideswipe,0,0,0,1,No Pedestrian Involved,POINT (-122.461054236 37.720018536),Other Motor Vehicle
50353,1.0,Driver,West,Proceeding Straight,Driver,North,Proceeding Straight,Broadside,0,0,0,1,No Pedestrian Involved,POINT (-122.408595045 37.789225614),Other Motor Vehicle
50354,1.0,Driver,East,Making Left Turn,Bicyclist,North,Proceeding Straight,Broadside,0,1,0,1,No Pedestrian Involved,POINT (-122.418226581 37.778489117),Bicycle
50355,1.0,Driver,West,Proceeding Straight,Driver,West,Stopped In Road,Rear End,0,0,0,1,No Pedestrian Involved,POINT (-122.435520486 37.76733421),Other Motor Vehicle
50356,1.0,Driver,North,Proceeding Straight,Driver,West,Proceeding Straight,Broadside,0,0,0,1,No Pedestrian Involved,POINT (-122.505135077 37.779799869),Other Motor Vehicle
50357,1.0,Driver,North,Making Left Turn,Pedestrian,West,Proceeding Straight,Vehicle/Pedestrian,1,0,0,1,Crossing in Crosswalk at Intersection,POINT (-122.422467264 37.782702782),Pedestrian
50358,1.0,Driver,East,Proceeding Straight,Driver,East,Stopped In Road,Rear End,0,0,0,1,No Pedestrian Involved,POINT (-122.421917681 37.804551884),Other Motor Vehicle
50359,1.0,Driver,North,Proceeding Straight,Unknown,Unknown,Unknown,Head-On,0,0,0,1,No Pedestrian Involved,POINT (-122.406009546 37.741880651),Fixed Object
50360,1.0,Bicyclist,East,Passing Other Vehicle,Driver,East,Making Left Turn,Broadside,0,1,0,1,No Pedestrian Involved,POINT (-122.45130797 37.764670258),Bicycle
50361,1.0,Driver,West,Stopped In Road,Pedestrian,South,Not Stated,Vehicle/Pedestrian,1,0,0,1,Crossing in Crosswalk at Intersection,POINT (-122.408914449 37.731428097),Pedestrian
50362,1.0,Driver,East,Making Right Turn,Pedestrian,West,Proceeding Straight,Vehicle/Pedestrian,1,0,0,1,Crossing in Crosswalk at Intersection,POINT (-122.400784748 37.723616209),Pedestrian
50363,1.0,Driver,North,Changing Lanes,Driver,North,Stopped In Road,Rear End,0,0,0,1,No Pedestrian Involved,POINT (-122.422679913 37.783755911),Other Motor Vehicle
50364,2.0,Driver,North,Proceeding Straight,Driver,West,Crossed Into Opposing Lane,Broadside,0,0,0,1,No Pedestrian Involved,POINT (-122.412413344 37.778045328),Other Motor Vehicle
50365,1.0,Driver,West,Proceeding Straight,Parked Vehicle,Not Stated,Not Stated,Rear End,0,0,0,1,No Pedestrian Involved,POINT (-122.480047322 37.77275903),Other Motor Vehicle
50366,1.0,Bicyclist,North,Proceeding Straight,Driver,East,Making Left Turn,Broadside,0,1,0,1,No Pedestrian Involved,POINT (-122.459165156 37.74732041),Bicycle
50367,1.0,Driver,East,Proceeding Straight,Driver,North,Proceeding Straight,Broadside,0,0,0,1,No Pedestrian Involved,POINT (-122.434089515 37.751303732),Other Motor Vehicle
50368,1.0,Driver,North,Making Right Turn,Unknown,Unknown,Unknown,Hit Object,0,0,0,1,No Pedestrian Involved,POINT (-122.422665899 37.728822323),Fixed Object
50369,1.0,Driver,South,Making Left Turn,Pedestrian,East,Proceeding Straight,Vehicle/Pedestrian,1,0,0,1,Crossing in Crosswalk at Intersection,POINT (-122.484595238 37.778165835),Pedestrian
50370,1.0,Driver,South,Proceeding Straight,Pedestrian,East,Proceeding Straight,Broadside,1,1,0,1,Not Stated,POINT (-122.403600918 37.724975587),Bicycle
50371,1.0,Driver,North,Proceeding Straight,Driver,West,Proceeding Straight,Overturned,0,0,0,1,No Pedestrian Involved,POINT (-122.41518527 37.788387931),Fixed Object
50372,1.0,Driver,North,Changing Lanes,Driver,North,Proceeding Straight,Rear End,0,0,0,1,No Pedestrian Involved,POINT (-122.474806804 37.731322853),Other Motor Vehicle
50373,1.0,Driver,East,Proceeding Straight,Pedestrian,Not Stated,Other,Vehicle/Pedestrian,1,0,0,1,Crossing Not in Crosswalk,POINT (-122.412697326 37.785823817),Pedestrian
50374,1.0,Driver,South,Proceeding Straight,Driver,West,Proceeding Straight,Broadside,0,0,0,1,No Pedestrian Involved,POINT (-122.390967889 37.734013873),Other Motor Vehicle
50375,1.0,Driver,West,Slowing/Stopping,Driver,West,Proceeding Straight,Rear End,0,0,0,1,No Pedestrian Involved,POINT (-122.417564661 37.732212212),Other Motor Vehicle
50376,1.0,Pedestrian,West,Other,Driver,North,Backing,Vehicle/Pedestrian,1,0,0,1,"In Road, Including Shoulder",POINT (-122.415505179 37.781654262),Pedestrian
50377,1.0,Driver,South,Proceeding Straight,Driver,East,Proceeding Straight,Broadside,0,0,0,1,No Pedestrian Involved,POINT (-122.486770426 37.763136867),Motor Vehicle on Other Roadway
50378,1.0,Driver,North,Proceeding Straight,Driver,East,Proceeding Straight,Broadside,0,0,0,1,No Pedestrian Involved,POINT (-122.392485618 37.764097998),Other Motor Vehicle
50379,1.0,Driver,West,Making Right Turn,Driver,East,Proceeding Straight,Broadside,0,0,0,1,No Pedestrian Involved,POINT (-122.441383663 37.718686763),Other Motor Vehicle
50380,1.0,Other,South,Proceeding Straight,Driver,South,Making Right Turn,Other,0,0,0,1,No Pedestrian Involved,POINT (-122.421694847 37.762916815),Other Object
50381,1.0,Driver,West,Other,Driver,West,Proceeding Straight,Rear End,0,0,0,1,No Pedestrian Involved,POINT (-122.4179488 37.769776868),Other Motor Vehicle
50382,1.0,Driver,South,Slowing/Stopping,Driver,South,Stopped In Road,Rear End,0,0,0,1,No Pedestrian Involved,POINT (-122.479515768 37.77131195),Other Motor Vehicle
50383,1.0,Driver,West,Crossed Into Opposing Lane,Parked Vehicle,East,Parked,Head-On,0,0,0,1,No Pedestrian Involved,POINT (-122.483003931 37.742728497),Parked Motor Vehicle
50384,1.0,Driver,South,Proceeding Straight,Driver,East,Proceeding Straight,Broadside,0,0,0,1,No Pedestrian Involved,POINT (-122.431191657 37.730567513),Other Motor Vehicle
50385,1.0,Driver,West,Making Left Turn,Driver,South,Not Stated,Broadside,0,0,0,1,No Pedestrian Involved,POINT (-122.472039542 37.77686823),Other Motor Vehicle
50386,1.0,Driver,West,Proceeding Straight,Driver,North,Proceeding Straight,Head-On,0,0,0,1,No Pedestrian Involved,POINT (-122.389800707 37.72579056),Other Motor Vehicle
50387,1.0,Bicyclist,East,Proceeding Straight,Unknown,Unknown,Unknown,Other,0,0,0,0,No Pedestrian Involved,POINT (-122.407636693 37.784264126),Not Stated
50388,1.0,Driver,East,Making U Turn,Driver,West,Proceeding Straight,Broadside,1,0,0,1,Not Stated,POINT (-122.421942815 37.795923287),Other Motor Vehicle
50389,1.0,Driver,South,Proceeding Straight,Driver,South,Making Left Turn,Rear End,0,0,0,1,No Pedestrian Involved,POINT (-122.42319872 37.755203538),Other Motor Vehicle
50390,1.0,Driver,South,Proceeding Straight,Parked Vehicle,South,Parked,Rear End,0,0,0,1,No Pedestrian Involved,POINT (-122.401813654 37.723320116),Other Motor Vehicle
50391,1.0,Driver,South,Making Right Turn,Pedestrian,East,Proceeding Straight,Sideswipe,1,0,0,1,Crossing in Crosswalk at Intersection,POINT (-122.424102684 37.764783452),Pedestrian
50392,1.0,Driver,West,Making Right Turn,Pedestrian,South,Proceeding Straight,Vehicle/Pedestrian,1,0,0,1,Crossing in Crosswalk at Intersection,POINT (-122.399798024 37.788007161),Pedestrian
50393,1.0,Driver,North,Proceeding Straight,Parked Vehicle,North,Parked,Rear End,0,0,0,1,No Pedestrian Involved,POINT (-122.425058308 37.751643402),Other Motor Vehicle
50394,1.0,Driver,East,Proceeding Straight,Driver,East,Stopped In Road,Rear End,0,0,0,1,No Pedestrian Involved,POINT (-122.474900344 37.7269907),Pedestrian
50395,1.0,Driver,South,Stopped,Driver,South,Backing,Rear End,0,0,0,1,No Pedestrian Involved,POINT (-122.419163628 37.783011981),Other Motor Vehicle
50396,1.0,Driver,North,Making Right Turn,Pedestrian,West,Proceeding Straight,Head-On,1,0,0,1,Crossing in Crosswalk at Intersection,POINT (-122.410079352 37.796509484),Pedestrian
50397,1.0,Driver,East,Making Left Turn,Pedestrian,West,Not Stated,Vehicle/Pedestrian,1,0,0,1,Crossing in Crosswalk at Intersection,POINT (-122.423024021 37.753583443),Pedestrian