party_id,party_at_fault,party1_type,party1_dir_of_travel,party1_move_pre_acc,party2_type,party2_dir_of_travel,party2_move_pre_acc,type_of_collision,involves_pedestrian,involves_bicycle,involves_motorcycle,involves_vehicle,ped_action,point,mviw
50398,1.0,Driver,South,Changing Lanes,Bicyclist,South,Proceeding Straight,Sideswipe,0,1,0,1,No Pedestrian Involved,POINT (-122.392021034 37.793189659),Bicycle
50399,,Driver,North,Stopped In Road,Driver,North,Proceeding Straight,Sideswipe,0,0,0,1,No Pedestrian Involved,POINT (-122.423601297 37.796691059),Other Motor Vehicle
50400,1.0,Driver,West,Making Right Turn,Bicyclist,South,Proceeding Straight,Broadside,0,1,0,1,No Pedestrian Involved,POINT (-122.399130242 37.800896477),Bicycle
50401,1.0,Driver,West,Making Left Turn,Driver,South,Proceeding Straight,Broadside,0,0,0,1,No Pedestrian Involved,POINT (-122.422571063 37.748772898),Other Motor Vehicle
50402,1.0,Driver,East,Making Left Turn,Driver,West,Proceeding Straight,Head-On,0,0,0,1,No Pedestrian Involved,POINT (-122.495972016 37.772032015),Other Motor Vehicle
50403,,Driver,West,Proceeding Straight,Bicyclist,North,Proceeding Straight,Broadside,0,1,0,1,No Pedestrian Involved,POINT (-122.422360613 37.76982379),Bicycle
50404,1.0,Driver,East,Proceeding Straight,Unknown,Unknown,Unknown,Overturned,0,0,0,1,No Pedestrian Involved,POINT (-122.39912286 37.798825851),Fixed Object
50405,1.0,Driver,West,Making Left Turn,Pedestrian,East,Proceeding Straight,Sideswipe,1,0,0,1,Crossing in Crosswalk at Intersection,POINT (-122.416449123 37.786310219),Pedestrian
50406,2.0,Driver,East,Proceeding Straight,Driver,South,Proceeding Straight,Broadside,0,0,0,1,No Pedestrian Involved,POINT (-122.433083398 37.78515094),Other Motor Vehicle
50407,,Driver,West,Proceeding Straight,Bicyclist,North,Proceeding Straight,Broadside,0,1,0,1,No Pedestrian Involved,POINT (-122.442579301 37.773422369),Bicycle
50408,1.0,Driver,North,Parked,Bicyclist,North,Proceeding Straight,Other,0,1,0,1,No Pedestrian Involved,POINT (-122.401936411 37.797014032),Bicycle
50409,1.0,Driver,South,Proceeding Straight,Driver,East,Making Left Turn,Broadside,0,0,0,1,No Pedestrian Involved,POINT (-122.495877086 37.762735073),Other Motor Vehicle
50410,2.0,Bicyclist,East,Proceeding Straight,Driver,East,Making U Turn,Broadside,0,1,0,1,No Pedestrian Involved,POINT (-122.437577959 37.771199924),Bicycle
50411,1.0,Pedestrian,South,Other,Driver,East,Proceeding Straight,Vehicle/Pedestrian,1,0,0,1,Crossing Not in Crosswalk,POINT (-122.408473268 37.786354696),Pedestrian
50412,1.0,Driver,South,Making Right Turn,Bicyclist,South,Proceeding Straight,Sideswipe,0,1,0,1,No Pedestrian Involved,POINT (-122.418993273 37.78216927),Bicycle
50413,1.0,Driver,South,Making Right Turn,Bicyclist,South,Proceeding Straight,Broadside,0,1,0,1,No Pedestrian Involved,POINT (-122.392509652 37.793760666),Bicycle
50414,1.0,Driver,East,Changing Lanes,Driver,East,Proceeding Straight,Sideswipe,0,0,0,1,No Pedestrian Involved,POINT (-122.409646387 37.74833439),Other Motor Vehicle
50415,1.0,Driver,East,Stopped,Driver,North,Stopped,Broadside,0,0,0,1,No Pedestrian Involved,POINT (-122.41733888 37.782378944),Other Motor Vehicle
50416,1.0,Driver,North,Proceeding Straight,Driver,South,Proceeding Straight,Head-On,0,0,0,1,No Pedestrian Involved,POINT (-122.40675296 37.737200897),Other Motor Vehicle
50417,1.0,Driver,East,Proceeding Straight,Driver,South,Proceeding Straight,Broadside,0,0,0,1,No Pedestrian Involved,POINT (-122.484595238 37.778165835),Other Motor Vehicle
50418,1.0,Driver,South,Proceeding Straight,Driver,West,Making Left Turn,Broadside,0,0,0,1,No Pedestrian Involved,POINT (-122.443782168 37.758192867),Other Motor Vehicle
50419,1.0,Driver,West,Entering Traffic,Driver,West,Making Right Turn,Sideswipe,0,0,0,1,No Pedestrian Involved,POINT (-122.377778857 37.739252228),Other Motor Vehicle
50420,1.0,Driver,North,Making U Turn,Driver,North,Proceeding Straight,Not Stated,0,0,0,1,No Pedestrian Involved,POINT (-122.458807012 37.780474882),Not Stated
50421,1.0,Pedestrian,North,Proceeding Straight,Driver,East,Proceeding Straight,Vehicle/Pedestrian,1,0,0,1,Crossing in Crosswalk at Intersection,POINT (-122.430824395 37.766013731),Pedestrian
50422,1.0,Driver,North,Stopped In Road,Pedestrian,West,Proceeding Straight,Vehicle/Pedestrian,1,0,0,1,Crossing in Crosswalk at Intersection,POINT (-122.392803893 37.735007126),Pedestrian
50423,1.0,Driver,South,Proceeding Straight,Parked Vehicle,Not Stated,Not Stated,Sideswipe,0,0,0,1,No Pedestrian Involved,POINT (-122.444875543 37.768140565),Parked Motor Vehicle
50424,,Driver,North,Making Right Turn,Driver,West,Making Left Turn,Broadside,0,0,0,1,No Pedestrian Involved,POINT (-122.451954775 37.712055691),Other Motor Vehicle
50425,1.0,Driver,East,Making Left Turn,Pedestrian,North,Proceeding Straight,Vehicle/Pedestrian,1,0,0,1,Crossing in Crosswalk at Intersection,POINT (-122.485807576 37.780037953),Pedestrian
50426,1.0,Driver,North,Proceeding Straight,Pedestrian,West,Not Stated,Vehicle/Pedestrian,1,0,0,1,Crossing in Crosswalk at Intersection,POINT (-122.411376271 37.801125133),Pedestrian
50427,1.0,Driver,East,Making Left Turn,Pedestrian,West,Proceeding Straight,Vehicle/Pedestrian,1,0,0,1,Crossing in Crosswalk at Intersection,POINT (-122.476813892 37.759833936),Pedestrian
50428,1.0,Driver,East,Changing Lanes,Driver,East,Proceeding Straight,Sideswipe,0,0,0,1,No Pedestrian Involved,POINT (-122.45754296 37.774406416),Other Motor Vehicle
50429,1.0,Driver,South,Proceeding Straight,Driver,East,Making Right Turn,Broadside,0,0,0,1,No Pedestrian Involved,POINT (-122.387794796 37.763107218),Other Motor Vehicle
50430,,Driver,South,Proceeding Straight,Bicyclist,South,Proceeding Straight,Other,0,1,0,1,No Pedestrian Involved,POINT (-122.449941267 37.709732107),Bicycle
50431,1.0,Driver,South,Making Left Turn,Pedestrian,West,Proceeding Straight,Vehicle/Pedestrian,1,0,0,1,Crossing in Crosswalk at Intersection,POINT (-122.422363296 37.769851808),Pedestrian
50432,1.0,Driver,West,Making Left Turn,Driver,West,Proceeding Straight,Broadside,0,0,0,1,No Pedestrian Involved,POINT (-122.404266873 37.784478745),Other Motor Vehicle
50433,1.0,Driver,South,Proceeding Straight,Driver,West,Proceeding Straight,Broadside,0,0,0,1,No Pedestrian Involved,POINT (-122.467086295 37.775222829),Other Motor Vehicle
50434,,Pedestrian,North,Entering Traffic,Driver,North,Proceeding Straight,Vehicle/Pedestrian,1,0,0,1,"In Road, Including Shoulder",POINT (-122.405470088 37.732122004),Pedestrian
50435,1.0,Bicyclist,North,Entering Traffic,Driver,East,Not Stated,Other,0,1,0,1,No Pedestrian Involved,POINT (-122.428657163 37.767734888),Bicycle
50436,1.0,Driver,West,Proceeding Straight,Driver,West,Stopped In Road,Rear End,0,0,0,1,No Pedestrian Involved,POINT (-122.435227618 37.762656526),Other Motor Vehicle
50437,1.0,Driver,East,Proceeding Straight,Driver,West,Proceeding Straight,Sideswipe,0,0,0,1,No Pedestrian Involved,POINT (-122.434358687 37.738559221),Other Motor Vehicle
50438,1.0,Bicyclist,North,Proceeding Straight,Pedestrian,West,Proceeding Straight,Other,1,0,0,0,Crossing in Crosswalk at Intersection,POINT (-122.404266873 37.784478745),Not Stated
50439,,Driver,West,Making Left Turn,Pedestrian,North,Proceeding Straight,Vehicle/Pedestrian,1,0,0,1,Crossing in Crosswalk at Intersection,POINT (-122.397385539 37.782553593),Pedestrian
50440,1.0,Driver,Not Stated,Making Right Turn,Pedestrian,South,Proceeding Straight,Vehicle/Pedestrian,1,0,0,1,Crossing in Crosswalk at Intersection,POINT (-122.441348539 37.78410655),Pedestrian
50441,1.0,Driver,North,Making Left Turn,Pedestrian,West,Proceeding Straight,Vehicle/Pedestrian,1,0,0,1,Crossing in Crosswalk at Intersection,POINT (-122.404671577 37.732974096),Pedestrian
50442,1.0,Bicyclist,East,Proceeding Straight,Unknown,Unknown,Unknown,Other,0,1,0,0,No Pedestrian Involved,POINT (-122.443464045 37.787683872),Bicycle
50443,1.0,Driver,North,Changing Lanes,Driver,North,Proceeding Straight,Sideswipe,0,0,0,1,No Pedestrian Involved,POINT (-122.477362831 37.766062486),Other Motor Vehicle
50444,1.0,Driver,East,Making Left Turn,Driver,East,Proceeding Straight,Head-On,0,0,0,1,No Pedestrian Involved,POINT (-122.425109521 37.804145846),Other Motor Vehicle
50445,1.0,Driver,South,Proceeding Straight,Pedestrian,East,Entering Traffic,Broadside,1,0,0,1,Crossing in Crosswalk at Intersection,POINT (-122.396262401 37.783440754),Pedestrian
50446,1.0,Bicyclist,North,Stopped In Road,Pedestrian,West,Proceeding Straight,Vehicle/Pedestrian,1,0,0,0,Crossing in Crosswalk at Intersection,POINT (-122.403841564 37.789829339),Not Stated
50447,1.0,Driver,East,Proceeding Straight,Driver,East,Stopped In Road,Rear End,0,0,0,1,No Pedestrian Involved,POINT (-122.458742373 37.767197477),Other Motor Vehicle
50448,1.0,Bicyclist,South,Proceeding Straight,Driver,South,Proceeding Straight,Other,0,1,0,1,No Pedestrian Involved,POINT (-122.417315711 37.751876423),Bicycle
50449,1.0,Pedestrian,East,Proceeding Straight,Driver,South,Making Left Turn,Broadside,1,0,0,1,Not Stated,POINT (-122.463101995 37.764177828),Other Object
50450,1.0,Driver,West,Proceeding Straight,Parked Vehicle,East,Not Stated,Hit Object,0,0,0,1,No Pedestrian Involved,POINT (-122.398664796 37.721222492),Fixed Object
50451,1.0,Driver,North,Entering Traffic,Bicyclist,East,Proceeding Straight,Broadside,0,1,0,1,No Pedestrian Involved,POINT (-122.43745347 37.78460126),Bicycle
50452,1.0,Driver,South,Making Right Turn,Bicyclist,South,Proceeding Straight,Other,0,1,0,1,No Pedestrian Involved,POINT (-122.452369715 37.726738152),Bicycle
50453,1.0,Bicyclist,East,Proceeding Straight,Driver,East,Stopped,Rear End,0,1,0,1,No Pedestrian Involved,POINT (-122.509847308 37.779827933),Bicycle
50454,1.0,Driver,East,Proceeding Straight,Pedestrian,South,Other,Sideswipe,1,0,0,1,Crossing Not in Crosswalk,POINT (-122.421530906 37.776110021),Pedestrian
50455,1.0,Driver,East,Parked,Driver,East,Proceeding Straight,Sideswipe,0,0,0,1,No Pedestrian Involved,POINT (-122.390638067 37.787882905),Other Motor Vehicle
50456,1.0,Driver,West,Stopped In Road,Pedestrian,South,Other,Vehicle/Pedestrian,1,0,0,1,"In Road, Including Shoulder",POINT (-122.49045521 37.734041283),Pedestrian
50457,1.0,Driver,East,Proceeding Straight,Driver,East,Stopped In Road,Rear End,0,0,0,1,No Pedestrian Involved,POINT (-122.470350822 37.743284085),Other Motor Vehicle
50458,1.0,Driver,North,Stopped In Road,Bicyclist,North,Proceeding Straight,Sideswipe,0,1,0,1,No Pedestrian Involved,POINT (-122.420677298 37.790528449),Bicycle
50459,1.0,Driver,West,Proceeding Straight,Driver,South,Proceeding Straight,Broadside,0,0,0,1,No Pedestrian Involved,POINT (-122.443132454 37.776226036),Other Motor Vehicle
50460,1.0,Driver,West,Proceeding Straight,Driver,Not Stated,Stopped,Rear End,0,0,0,1,No Pedestrian Involved,POINT (-122.430824395 37.766013731),Other Motor Vehicle
50461,1.0,Driver,West,Making Left Turn,Driver,East,Proceeding Straight,Head-On,0,0,0,1,No Pedestrian Involved,POINT (-122.432857501 37.712914373),Other Motor Vehicle
50462,,Driver,South,Proceeding Straight,Driver,West,Proceeding Straight,Broadside,0,0,0,1,No Pedestrian Involved,POINT (-122.432023554 37.753024913),Other Motor Vehicle
50463,1.0,Bicyclist,West,Proceeding Straight,Unknown,Unknown,Unknown,Other,0,1,0,0,No Pedestrian Involved,POINT (-122.397383446 37.792405522),Bicycle
50464,1.0,Driver,West,Proceeding Straight,Pedestrian,South,Proceeding Straight,Vehicle/Pedestrian,1,0,0,1,Crossing in Crosswalk at Intersection,POINT (-122.408104028 37.760598675),Pedestrian
50465,1.0,Driver,North,Proceeding Straight,Driver,North,Stopped In Road,Rear End,0,0,0,1,No Pedestrian Involved,POINT (-122.479012247 37.770513568),Other Motor Vehicle
50466,1.0,Driver,South,Changing Lanes,Bicyclist,South,Proceeding Straight,Sideswipe,0,1,0,1,No Pedestrian Involved,POINT (-122.400104352 37.793917967),Bicycle
50467,1.0,Driver,East,Making Left Turn,Pedestrian,East,Proceeding Straight,Vehicle/Pedestrian,1,0,0,1,Crossing in Crosswalk at Intersection,POINT (-122.419981512 37.768273653),Pedestrian
50468,1.0,Driver,South,Proceeding Straight,Driver,South,Proceeding Straight,Broadside,0,0,0,1,No Pedestrian Involved,POINT (-122.434224383 37.799160691),Other Motor Vehicle
50469,1.0,Driver,South,Making U Turn,Bicyclist,South,Proceeding Straight,Broadside,0,1,0,1,No Pedestrian Involved,POINT (-122.421662477 37.762578831),Bicycle
50470,1.0,Driver,South,Proceeding Straight,Unknown,Unknown,Unknown,Other,0,0,0,1,No Pedestrian Involved,POINT (-122.410062771 37.774991792),Non-Collision
50471,1.0,Driver,South,Making Left Turn,Driver,South,Proceeding Straight,Broadside,0,0,0,1,No Pedestrian Involved,POINT (-122.44157782 37.715722365),Other Motor Vehicle
50472,1.0,Driver,East,Making Left Turn,Pedestrian,North,Other,Vehicle/Pedestrian,1,0,0,1,Crossing in Crosswalk at Intersection,POINT (-122.422787634 37.775949863),Pedestrian
50473,1.0,Pedestrian,North,Other,Driver,East,Slowing/Stopping,Vehicle/Pedestrian,1,0,0,1,Crossing in Crosswalk at Intersection,POINT (-122.420008321 37.770111449),Pedestrian
50474,1.0,Driver,West,Making U Turn,Bicyclist,East,Proceeding Straight,Other,0,1,0,1,No Pedestrian Involved,POINT (-122.408426723 37.783642913),Bicycle
50475,1.0,Driver,East,Proceeding Straight,Driver,South,Proceeding Straight,Broadside,0,0,0,1,No Pedestrian Involved,POINT (-122.435485564 37.788696941),Other Motor Vehicle
50476,1.0,Pedestrian,West,Other,Driver,North,Stopped In Road,Vehicle/Pedestrian,1,0,0,1,Crossing Not in Crosswalk,POINT (-122.413857181 37.781821665),Pedestrian
50477,1.0,Bicyclist,East,Proceeding Straight,Unknown,Unknown,Unknown,Other,0,0,0,0,No Pedestrian Involved,POINT (-122.43633849 37.779006577),Fixed Object
50478,,Driver,West,Proceeding Straight,Driver,West,Proceeding Straight,Other,0,0,0,1,No Pedestrian Involved,POINT (-122.479755644 37.714586527),Other Object
50479,1.0,Driver,West,Proceeding Straight,Driver,West,Stopped In Road,Rear End,0,0,0,1,No Pedestrian Involved,POINT (-122.425517911 37.795467594),Other Motor Vehicle
50480,1.0,Driver,East,Entering Traffic,Driver,East,Proceeding Straight,Broadside,0,0,0,1,No Pedestrian Involved,POINT (-122.430346925 37.797743178),Other Motor Vehicle
50481,1.0,Driver,South,Making Left Turn,Driver,South,Proceeding Straight,Sideswipe,0,0,0,1,No Pedestrian Involved,POINT (-122.41920001 37.760172341),Motor Vehicle on Other Roadway
50482,1.0,Driver,West,Stopped In Road,Bicyclist,North,Proceeding Straight,Sideswipe,0,1,0,1,No Pedestrian Involved,POINT (-122.423089907 37.740641886),Bicycle
50483,,Driver,South,Making Right Turn,Pedestrian,Not Stated,Proceeding Straight,Vehicle/Pedestrian,1,0,0,1,Crossing in Crosswalk at Intersection,POINT (-122.441019562 37.716459546),Pedestrian
50484,1.0,Bicyclist,North,Traveling Wrong Way,Parked Vehicle,North,Parked,Sideswipe,0,0,0,0,No Pedestrian Involved,POINT (-122.419273433 37.783567785),Parked Motor Vehicle
50485,1.0,Driver,East,Making Left Turn,Pedestrian,North,Proceeding Straight,Vehicle/Pedestrian,1,0,0,1,Crossing in Crosswalk at Intersection,POINT (-122.462139278 37.781110996),Pedestrian
50486,1.0,Parked Vehicle,Not Stated,Parked,Bicyclist,South,Proceeding Straight,Other,0,1,0,0,No Pedestrian Involved,POINT (-122.434950212 37.78603788),Bicycle
50487,1.0,Driver,East,Making Left Turn,Pedestrian,West,Proceeding Straight,Vehicle/Pedestrian,1,0,0,1,Crossing in Crosswalk at Intersection,POINT (-122.445716665 37.772080394),Pedestrian
50488,,Driver,North,Proceeding Straight,Driver,West,Making Right Turn,Broadside,0,0,0,1,No Pedestrian Involved,POINT (-122.406186564 37.751366903),Other Motor Vehicle
50489,1.0,Driver,South,Making Left Turn,Driver,North,Proceeding Straight,Head-On,0,0,0,1,No Pedestrian Involved,POINT (-122.42027883 37.748125283),Other Motor Vehicle
50490,1.0,Bicyclist,North,Proceeding Straight,Unknown,Unknown,Unknown,Other,0,1,0,0,No Pedestrian Involved,POINT (-122.419512737 37.763429273),Bicycle
50491,1.0,Driver,North,Proceeding Straight,Pedestrian,East,Not Stated,Vehicle/Pedestrian,1,0,0,1,Crossing in Crosswalk at Intersection,POINT (-122.494008856 37.734937781),Pedestrian
50492,1.0,Driver,East,Proceeding Straight,Driver,East,Proceeding Straight,Rear End,0,0,0,1,No Pedestrian Involved,POINT (-122.389035068 37.732918895),Other Motor Vehicle
50493,,Driver,East,Stopped,Pedestrian,Not Stated,Stopped,Vehicle/Pedestrian,1,0,0,1,"In Road, Including Shoulder",POINT (-122.431866925 37.711404776),Pedestrian
50494,1.0,Driver,North,Making Left Turn,Pedestrian,North,Not Stated,Vehicle/Pedestrian,1,0,0,1,Crossing in Crosswalk at Intersection,POINT (-122.44660865 37.720724224),Pedestrian
50495,1.0,Driver,South,Changing Lanes,Driver,South,Proceeding Straight,Rear End,0,0,0,1,No Pedestrian Involved,POINT (-122.418672812 37.77311672),Other Motor Vehicle
50496,1.0,Pedestrian,North,Entering Traffic,Driver,West,Proceeding Straight,Vehicle/Pedestrian,1,0,0,1,Crossing Not in Crosswalk,POINT (-122.414741222 37.778719429),Pedestrian
50497,,Driver,East,Changing Lanes,Driver,South,Proceeding Straight,Broadside,0,0,0,1,No Pedestrian Involved,POINT (-122.40696829 37.77252627),Other Motor Vehicle
50498,1.0,Pedestrian,South,Other,Driver,West,Proceeding Straight,Vehicle/Pedestrian,1,0,0,1,Crossing Not in Crosswalk,POINT (-122.396302004 37.79325635),Pedestrian
50499,1.0,Driver,West,Proceeding Straight,Driver,North,Proceeding Straight,Not Stated,0,0,0,1,No Pedestrian Involved,POINT (-122.402098101 37.712948074),Other Motor Vehicle
50500,1.0,Driver,North,Stopped,Driver,West,Stopped,Head-On,0,0,0,1,No Pedestrian Involved,POINT (-122.406910504 37.737965867),Other Motor Vehicle
50501,1.0,Driver,North,Making Right Turn,Pedestrian,East,Proceeding Straight,Vehicle/Pedestrian,1,0,0,1,Crossing in Crosswalk at Intersection,POINT (-122.436644511 37.713553761),Pedestrian
50502,1.0,Driver,South,Slowing/Stopping,Driver,South,Stopped In Road,Rear End,0,0,0,1,No Pedestrian Involved,POINT (-122.485153437 37.717476205),Other Motor Vehicle
50503,1.0,Bicyclist,East,Proceeding Straight,Unknown,Unknown,Unknown,Hit Object,0,0,0,0,No Pedestrian Involved,POINT (-122.421344194 37.773435331),Other Object
50504,1.0,Pedestrian,East,Proceeding Straight,Driver,South,Proceeding Straight,Vehicle/Pedestrian,1,0,0,1,Crossing Not in Crosswalk,POINT (-122.432515383 37.782349635),Pedestrian
50505,1.0,Driver,South,Making Left Turn,Pedestrian,East,Other,Vehicle/Pedestrian,1,0,0,1,Crossing in Crosswalk at Intersection,POINT (-122.447070445 37.800282096),Pedestrian
50506,1.0,Driver,East,Crossed Into Opposing Lane,Driver,East,Making Left Turn,Sideswipe,0,0,0,1,No Pedestrian Involved,POINT (-122.386265014 37.717178949),Other Motor Vehicle
50507,1.0,Driver,North,Merging,Driver,North,Stopped,Sideswipe,0,0,0,1,No Pedestrian Involved,POINT (-122.386057445 37.745626597),Other Motor Vehicle
50508,1.0,Bicyclist,North,Proceeding Straight,Driver,West,Proceeding Straight,Broadside,0,1,0,1,No Pedestrian Involved,POINT (-122.435413261 37.771474379),Bicycle
50509,1.0,Driver,East,Proceeding Straight,Unknown,Unknown,Unknown,Other,0,0,0,1,No Pedestrian Involved,POINT (-122.438641761 37.721626384),Non-Collision
50510,1.0,Driver,South,Making Left Turn,Driver,North,Proceeding Straight,Head-On,0,0,0,1,No Pedestrian Involved,POINT (-122.420008321 37.770111449),Other Motor Vehicle
50511,1.0,Driver,East,Passing Other Vehicle,Driver,East,Passing Other Vehicle,Broadside,0,1,0,1,No Pedestrian Involved,POINT (-122.41626551 37.752372788),Bicycle
50512,1.0,Bicyclist,South,Proceeding Straight,Pedestrian,South,Stopped In Road,Vehicle/Pedestrian,1,0,0,0,Not in Road,POINT (-122.392479156 37.793601234),Pedestrian
50513,1.0,Driver,West,Proceeding Straight,Driver,West,Proceeding Straight,Rear End,0,0,0,1,No Pedestrian Involved,POINT (-122.439073905 37.788240308),Other Motor Vehicle
50514,1.0,Driver,East,Making Right Turn,Bicyclist,East,Proceeding Straight,Broadside,0,1,0,1,No Pedestrian Involved,POINT (-122.42441169 37.768006425),Bicycle
50515,1.0,Bicyclist,South,Proceeding Straight,Bicyclist,North,Proceeding Straight,Head-On,0,0,0,0,No Pedestrian Involved,POINT (-122.485140665 37.715488876),Motor Vehicle on Other Roadway
50516,1.0,Driver,East,Making U Turn,Pedestrian,North,Proceeding Straight,Vehicle/Pedestrian,1,0,0,1,Crossing in Crosswalk at Intersection,POINT (-122.403387209 37.780264973),Pedestrian
50517,1.0,Driver,North,Making Left Turn,Driver,East,Proceeding Straight,Broadside,0,0,0,1,No Pedestrian Involved,POINT (-122.495475308 37.764638043),Other Motor Vehicle
50518,1.0,Driver,North,Making Left Turn,Pedestrian,South,Other,Vehicle/Pedestrian,1,0,0,1,Crossing in Crosswalk at Intersection,POINT (-122.43646443 37.72378612),Pedestrian
50519,1.0,Driver,North,Proceeding Straight,Driver,West,Proceeding Straight,Broadside,0,0,0,1,No Pedestrian Involved,POINT (-122.435940328 37.774276678),Other Motor Vehicle
50520,1.0,Driver,East,Slowing/Stopping,Pedestrian,South,Crossed Into Opposing Lane,Vehicle/Pedestrian,1,0,0,1,Crossing Not in Crosswalk,POINT (-122.418783118 37.752218784),Pedestrian
50521,1.0,Driver,West,Making Left Turn,Unknown,Unknown,Unknown,Hit Object,0,0,0,1,No Pedestrian Involved,POINT (-122.394041226 37.776246042),Fixed Object
50522,1.0,Bicyclist,West,Proceeding Straight,Driver,South,Proceeding Straight,Broadside,0,1,0,1,No Pedestrian Involved,POINT (-122.422043814 37.766539576),Bicycle
50523,1.0,Driver,South,Changing Lanes,Driver,South,Proceeding Straight,Sideswipe,0,0,0,1,No Pedestrian Involved,POINT (-122.421941248 37.773036051),Other Motor Vehicle
50524,1.0,Driver,North,Making U Turn,Driver,East,Proceeding Straight,Broadside,0,0,0,1,No Pedestrian Involved,POINT (-122.396431594 37.785758169),Other Motor Vehicle
50525,1.0,Driver,West,Proceeding Straight,Parked Vehicle,West,Parked,Rear End,0,0,0,1,No Pedestrian Involved,POINT (-122.427223819 37.797181972),Parked Motor Vehicle
50526,1.0,Driver,West,Proceeding Straight,Driver,West,Stopped In Road,Rear End,0,0,0,1,No Pedestrian Involved,POINT (-122.438625539 37.779673908),Other Motor Vehicle
50527,1.0,Driver,North,Proceeding Straight,Driver,South,Proceeding Straight,Head-On,0,0,0,1,No Pedestrian Involved,POINT (-122.418117744 37.748857921),Other Motor Vehicle
50528,1.0,Bicyclist,South,Proceeding Straight,Driver,North,Making Left Turn,Broadside,0,1,0,1,No Pedestrian Involved,POINT (-122.405424735 37.771296353),Bicycle
50529,1.0,Bicyclist,South,Proceeding Straight,Driver,South,Making Left Turn,Broadside,0,1,0,1,No Pedestrian Involved,POINT (-122.479292853 37.748459738),Bicycle
50530,2.0,Driver,North,Proceeding Straight,Pedestrian,Not Stated,Other,Vehicle/Pedestrian,1,0,0,1,Crossing Not in Crosswalk,POINT (-122.417366496 37.763927902),Pedestrian
50531,1.0,Driver,South,Making Right Turn,Pedestrian,West,Not Stated,Vehicle/Pedestrian,1,0,0,1,Crossing in Crosswalk at Intersection,POINT (-122.412498227 37.758999881),Pedestrian
50532,1.0,Driver,West,Proceeding Straight,Pedestrian,North,Other,Vehicle/Pedestrian,1,0,0,1,"In Road, Including Shoulder",POINT (-122.486759408 37.742563333),Pedestrian
50533,1.0,Pedestrian,North,Not Stated,Driver,West,Proceeding Straight,Vehicle/Pedestrian,1,0,0,1,Crossing in Crosswalk Not at Intersection,POINT (-122.466909717 37.786573259),Pedestrian
50534,1.0,Pedestrian,North,Stopped In Road,Driver,West,Proceeding Straight,Vehicle/Pedestrian,1,0,0,1,Crossing in Crosswalk at Intersection,POINT (-122.412512256 37.780478512),Pedestrian
50535,1.0,Driver,South,Making Left Turn,Pedestrian,West,Not Stated,Vehicle/Pedestrian,1,0,0,1,Crossing in Crosswalk at Intersection,POINT (-122.400784748 37.723616209),Pedestrian
50536,1.0,Pedestrian,West,Proceeding Straight,Driver,North,Making Right Turn,Vehicle/Pedestrian,1,0,0,1,Crossing in Crosswalk at Intersection,POINT (-122.447751553 37.721155307),Pedestrian
50537,1.0,Driver,West,Proceeding Straight,Pedestrian,South,Proceeding Straight,Vehicle/Pedestrian,1,0,0,1,Not in Road,POINT (-122.411208897 37.769629778),Pedestrian
50538,1.0,Driver,North,Making U Turn,Driver,North,Proceeding Straight,Sideswipe,0,0,0,1,No Pedestrian Involved,POINT (-122.398617492 37.769390865),Other Motor Vehicle
50539,1.0,Driver,East,Making Left Turn,Pedestrian,North,Proceeding Straight,Vehicle/Pedestrian,1,0,0,1,Crossing in Crosswalk at Intersection,POINT (-122.44172632 37.785967746),Pedestrian
50540,1.0,Driver,North,Making Left Turn,Pedestrian,North,Not Stated,Vehicle/Pedestrian,1,0,0,1,Crossing in Crosswalk at Intersection,POINT (-122.404236887 37.791688427),Pedestrian
50541,1.0,Driver,North,Entering Traffic,Driver,North,Proceeding Straight,Broadside,0,0,0,1,No Pedestrian Involved,POINT (-122.46324932 37.744094239),Other Motor Vehicle
50542,1.0,Driver,East,Proceeding Straight,Parked Vehicle,North,Parked,Sideswipe,0,0,0,1,No Pedestrian Involved,POINT (-122.386811647 37.752890377),Parked Motor Vehicle
50543,1.0,Driver,South,Making Left Turn,Driver,North,Proceeding Straight,Sideswipe,0,0,0,1,No Pedestrian Involved,POINT (-122.419547854 37.78496026),Other Motor Vehicle
50544,1.0,Driver,West,Proceeding Straight,Driver,West,Stopped,Rear End,0,0,0,1,No Pedestrian Involved,POINT (-122.402810118 37.793798429),Other Motor Vehicle
50545,1.0,Driver,South,Proceeding Straight,Driver,North,Stopped,Rear End,0,0,0,1,No Pedestrian Involved,POINT (-122.392511034 37.793700959),Other Motor Vehicle
50546,1.0,Bicyclist,South,Other Unsafe Turning,Driver,South,Proceeding Straight,Broadside,0,1,0,1,No Pedestrian Involved,POINT (-122.404403683 37.781076597),Bicycle
50547,1.0,Driver,North,Proceeding Straight,Driver,South,Proceeding Straight,Sideswipe,1,0,0,1,Not in Road,POINT (-122.466426007 37.765688714),Other Motor Vehicle
50548,1.0,Driver,South,Proceeding Straight,Driver,South,Stopped,Rear End,0,0,0,1,No Pedestrian Involved,POINT (-122.471826546 37.774822266),Other Motor Vehicle
50549,1.0,Driver,West,Making Left Turn,Driver,East,Proceeding Straight,Head-On,0,0,0,1,No Pedestrian Involved,POINT (-122.390416264 37.735590521),Other Motor Vehicle
50550,1.0,Driver,South,Making Right Turn,Bicyclist,South,Proceeding Straight,Rear End,0,1,0,1,No Pedestrian Involved,POINT (-122.413105242 37.765447608),Bicycle
50551,1.0,Bicyclist,East,Proceeding Straight,Driver,East,Proceeding Straight,Rear End,0,1,0,1,No Pedestrian Involved,POINT (-122.421136849 37.764962667),Bicycle