party_id,party_at_fault,party1_type,party1_dir_of_travel,party1_move_pre_acc,party2_type,party2_dir_of_travel,party2_move_pre_acc,type_of_collision,involves_pedestrian,involves_bicycle,involves_motorcycle,involves_vehicle,ped_action,point,mviw
51166,1.0,Driver,West,Proceeding Straight,Driver,West,Proceeding Straight,Broadside,0,0,0,1,No Pedestrian Involved,POINT (-122.412717067 37.791594306),Other Motor Vehicle
51167,1.0,Driver,East,Passing Other Vehicle,Driver,East,Proceeding Straight,Sideswipe,0,0,0,1,No Pedestrian Involved,POINT (-122.43116751 37.791998888),Other Motor Vehicle
51168,1.0,Driver,West,Proceeding Straight,Bicyclist,West,Proceeding Straight,Sideswipe,0,1,0,1,No Pedestrian Involved,POINT (-122.427089476 37.789764588),Bicycle
51169,1.0,Driver,South,Making Left Turn,Driver,East,Proceeding Straight,Broadside,0,0,0,1,No Pedestrian Involved,POINT (-122.423396761 37.771885644),Motor Vehicle on Other Roadway
51170,1.0,Driver,East,Passing Other Vehicle,Driver,East,Parking Maneuver,Sideswipe,0,0,0,1,No Pedestrian Involved,POINT (-122.45359751 37.780274325),Other Motor Vehicle
51171,1.0,Driver,North,Parked,Unknown,Unknown,Unknown,Hit Object,0,0,0,1,No Pedestrian Involved,POINT (-122.431900271 37.779309445),Fixed Object
51172,1.0,Driver,East,Making Left Turn,Pedestrian,North,Not Stated,Vehicle/Pedestrian,1,0,0,1,Crossing in Crosswalk at Intersection,POINT (-122.419981512 37.768273653),Pedestrian
51173,1.0,Driver,North,Proceeding Straight,Unknown,Unknown,Unknown,Other,0,0,0,1,No Pedestrian Involved,POINT (-122.420959921 37.775232335),Other Object
51174,1.0,Driver,East,Changing Lanes,Driver,East,Stopped In Road,Rear End,0,0,0,1,No Pedestrian Involved,POINT (-122.42319872 37.788330167),Other Motor Vehicle
51175,,Bicyclist,North,Proceeding Straight,Unknown,Unknown,Unknown,Other,0,0,0,0,No Pedestrian Involved,POINT (-122.464237376 37.765066771),Non-Collision
51176,,Bicyclist,South,Proceeding Straight,Driver,South,Making Right Turn,Rear End,0,1,0,1,No Pedestrian Involved,POINT (-122.419181704 37.7831014),Bicycle
51177,1.0,Driver,East,Making Right Turn,Pedestrian,North,Proceeding Straight,Vehicle/Pedestrian,1,0,0,1,Crossing in Crosswalk at Intersection,POINT (-122.409344081 37.784344844),Pedestrian
51178,1.0,Driver,South,Proceeding Straight,Parked Vehicle,South,Parked,Rear End,0,0,0,1,No Pedestrian Involved,POINT (-122.500268324 37.756408782),Parked Motor Vehicle
51179,1.0,Parked Vehicle,East,Parked,Bicyclist,East,Proceeding Straight,Other,0,1,0,0,No Pedestrian Involved,POINT (-122.420817003 37.782894122),Bicycle
51180,1.0,Other,East,Proceeding Straight,Driver,South,Stopped,Other,0,0,0,1,No Pedestrian Involved,POINT (-122.415882538 37.783515641),Other Object
51181,1.0,Pedestrian,West,Not Stated,Driver,South,Proceeding Straight,Vehicle/Pedestrian,1,0,0,1,Crossing in Crosswalk Not at Intersection,POINT (-122.393249383 37.794220694),Pedestrian
51182,1.0,Driver,West,Making U Turn,Driver,West,Proceeding Straight,Broadside,0,0,0,1,No Pedestrian Involved,POINT (-122.475644468 37.743051813),Train
51183,1.0,Bicyclist,South,Entering Traffic,Driver,East,Proceeding Straight,Broadside,0,1,0,1,No Pedestrian Involved,POINT (-122.459212803 37.724533171),Bicycle
51184,1.0,Driver,South,Proceeding Straight,Pedestrian,East,Proceeding Straight,Vehicle/Pedestrian,1,0,0,1,Crossing in Crosswalk at Intersection,POINT (-122.41359818 37.774669507),Pedestrian
51185,1.0,Driver,West,Passing Other Vehicle,Bicyclist,West,Not Stated,Sideswipe,0,1,0,1,No Pedestrian Involved,POINT (-122.481180549 37.748420491),Bicycle
51186,1.0,Driver,South,Traveling Wrong Way,Driver,North,Proceeding Straight,Head-On,0,0,0,1,No Pedestrian Involved,POINT (-122.420743423 37.744269789),Other Motor Vehicle
51187,1.0,Driver,South,Proceeding Straight,Driver,North,Proceeding Straight,Head-On,0,0,0,1,No Pedestrian Involved,POINT (-122.394678076 37.732918143),Other Motor Vehicle
51188,1.0,Driver,North,Making Left Turn,Pedestrian,East,Proceeding Straight,Vehicle/Pedestrian,1,0,0,1,Crossing in Crosswalk at Intersection,POINT (-122.416947605 37.780470342),Pedestrian
51189,1.0,Driver,East,Proceeding Straight,Parked Vehicle,East,Parked,Rear End,0,0,0,1,No Pedestrian Involved,POINT (-122.429536316 37.787521493),Parked Motor Vehicle
51190,1.0,Driver,West,Parking Maneuver,Unknown,Unknown,Unknown,Hit Object,0,0,0,1,No Pedestrian Involved,POINT (-122.464968789 37.764095897),Fixed Object
51191,1.0,Driver,East,Proceeding Straight,Pedestrian,South,Not Stated,Broadside,1,0,0,1,Crossing in Crosswalk at Intersection,POINT (-122.462212503 37.725265708),Pedestrian
51192,1.0,Driver,North,Proceeding Straight,Driver,East,Proceeding Straight,Broadside,0,0,0,1,No Pedestrian Involved,POINT (-122.379109648 37.737680293),Other Motor Vehicle
51193,1.0,Driver,West,Making U Turn,Driver,East,Proceeding Straight,Other,0,0,0,1,No Pedestrian Involved,POINT (-122.465352871 37.780965491),Non-Collision
51194,1.0,Bicyclist,North,Making Left Turn,Driver,East,Proceeding Straight,Broadside,0,1,0,1,No Pedestrian Involved,POINT (-122.419927948 37.786827527),Bicycle
51195,1.0,Driver,South,Making Left Turn,Pedestrian,West,Proceeding Straight,Vehicle/Pedestrian,1,0,0,1,Crossing in Crosswalk at Intersection,POINT (-122.415611576 37.768514112),Pedestrian
51196,1.0,Driver,West,Backing,Parked Vehicle,South,Parked,Hit Object,0,0,0,1,No Pedestrian Involved,POINT (-122.387368922 37.72535448),Parked Motor Vehicle
51197,1.0,Driver,North,Making Left Turn,Driver,West,Proceeding Straight,Broadside,0,0,0,1,No Pedestrian Involved,POINT (-122.44534499 37.770210175),Other Motor Vehicle
51198,1.0,Driver,North,Proceeding Straight,Driver,North,Making Left Turn,Rear End,0,0,0,1,No Pedestrian Involved,POINT (-122.419036212 37.790788054),Other Motor Vehicle
51199,1.0,Pedestrian,East,Entering Traffic,Driver,South,Proceeding Straight,Rear End,1,0,0,1,Crossing Not in Crosswalk,POINT (-122.390015351 37.790772158),Pedestrian
51200,1.0,Driver,South,Proceeding Straight,Pedestrian,Not Stated,Not Stated,Vehicle/Pedestrian,1,0,0,1,"In Road, Including Shoulder",POINT (-122.423396761 37.771885645),Pedestrian
51201,1.0,Driver,West,Proceeding Straight,Parked Vehicle,Not Stated,Parked,Rear End,0,0,0,1,No Pedestrian Involved,POINT (-122.436020615 37.734872788),Parked Motor Vehicle
51202,1.0,Pedestrian,South,Not Stated,Driver,West,Proceeding Straight,Vehicle/Pedestrian,1,0,0,1,"In Road, Including Shoulder",POINT (-122.460765576 37.724829767),Pedestrian
51203,2.0,Driver,West,Proceeding Straight,Driver,North,Making Left Turn,Broadside,0,0,0,1,No Pedestrian Involved,POINT (-122.388779436 37.78689868),Other Motor Vehicle
51204,1.0,Driver,East,Proceeding Straight,Pedestrian,North,Proceeding Straight,Vehicle/Pedestrian,1,0,0,1,Crossing in Crosswalk at Intersection,POINT (-122.427437414 37.751704731),Pedestrian
51205,1.0,Driver,North,Other,Parked Vehicle,Not Stated,Parked,Rear End,0,0,0,1,No Pedestrian Involved,POINT (-122.42044952 37.749906094),Parked Motor Vehicle
51206,1.0,Driver,West,Proceeding Straight,Pedestrian,North,Proceeding Straight,Vehicle/Pedestrian,1,0,0,1,Crossing in Crosswalk at Intersection,POINT (-122.504056826 37.779705085),Pedestrian
51207,1.0,Driver,East,Making Right Turn,Pedestrian,North,Not Stated,Vehicle/Pedestrian,1,0,0,1,Crossing in Crosswalk at Intersection,POINT (-122.414218956 37.783726652),Pedestrian
51208,1.0,Pedestrian,West,Entering Traffic,Driver,North,Proceeding Straight,Vehicle/Pedestrian,1,0,0,1,"In Road, Including Shoulder",POINT (-122.510024219 37.773092562),Pedestrian
51209,1.0,Driver,South,Proceeding Straight,Driver,North,Making Left Turn,Head-On,0,0,0,1,No Pedestrian Involved,POINT (-122.427724045 37.77531731),Other Motor Vehicle
51210,1.0,Pedestrian,West,Proceeding Straight,Driver,East,Making Left Turn,Vehicle/Pedestrian,1,0,0,1,Crossing in Crosswalk at Intersection,POINT (-122.464851491 37.758491361),Pedestrian
51211,1.0,Driver,East,Changing Lanes,Driver,East,Stopped,Rear End,0,0,0,1,No Pedestrian Involved,POINT (-122.434195272 37.774488864),Other Motor Vehicle
51212,2.0,Driver,North,Proceeding Straight,Pedestrian,East,Proceeding Straight,Other,1,0,0,1,Crossing Not in Crosswalk,POINT (-122.418613485 37.77322777),Non-Collision
51213,1.0,Driver,North,Proceeding Straight,Pedestrian,East,Proceeding Straight,Vehicle/Pedestrian,1,0,0,1,Crossing in Crosswalk at Intersection,POINT (-122.433592094 37.722019017),Pedestrian
51214,1.0,Driver,East,Proceeding Straight,Driver,East,Proceeding Straight,Broadside,0,0,0,1,No Pedestrian Involved,POINT (-122.411455263 37.765547605),Other Motor Vehicle
51215,1.0,Driver,East,Proceeding Straight,Pedestrian,North,Proceeding Straight,Vehicle/Pedestrian,1,0,0,1,Crossing in Crosswalk at Intersection,POINT (-122.444847225 37.746945373),Pedestrian
51216,1.0,Driver,Not Stated,Proceeding Straight,Unknown,Unknown,Unknown,Head-On,0,0,0,1,No Pedestrian Involved,POINT (-122.417609443 37.770407418),Fixed Object
51217,1.0,Driver,North,Proceeding Straight,Pedestrian,Not Stated,Stopped In Road,Vehicle/Pedestrian,1,0,0,1,Not in Road,POINT (-122.434987004 37.760739883),Pedestrian
51218,1.0,Driver,North,Proceeding Straight,Pedestrian,East,Proceeding Straight,Vehicle/Pedestrian,1,0,0,1,Crossing in Crosswalk at Intersection,POINT (-122.494519751 37.781577295),Pedestrian
51219,1.0,Driver,South,Ran Off Road,Unknown,Unknown,Unknown,Hit Object,0,0,0,1,No Pedestrian Involved,POINT (-122.474954621 37.732456138),Fixed Object
51220,1.0,Driver,West,Proceeding Straight,Pedestrian,North,Not Stated,Vehicle/Pedestrian,1,0,0,1,Crossing in Crosswalk at Intersection,POINT (-122.40895713 37.791091423),Pedestrian
51221,1.0,Driver,East,Proceeding Straight,Unknown,Unknown,Unknown,Overturned,0,0,0,1,No Pedestrian Involved,POINT (-122.418230012 37.718663722),Fixed Object
51222,1.0,Driver,North,Proceeding Straight,Driver,North,Stopped In Road,Rear End,0,0,0,1,No Pedestrian Involved,POINT (-122.390012347 37.790826949),Other Motor Vehicle
51223,1.0,Driver,East,Making Left Turn,Driver,North,Proceeding Straight,Broadside,0,0,0,1,No Pedestrian Involved,POINT (-122.461255847 37.724806861),Other Motor Vehicle
51224,1.0,Bicyclist,West,Proceeding Straight,Driver,North,Proceeding Straight,Broadside,0,1,0,1,No Pedestrian Involved,POINT (-122.419981512 37.768273653),Bicycle
51225,1.0,Driver,East,Making Left Turn,Driver,South,Proceeding Straight,Other,0,0,0,1,No Pedestrian Involved,POINT (-122.409735889 37.770348517),Other Motor Vehicle
51226,1.0,Driver,South,Proceeding Straight,Driver,South,Stopped In Road,Rear End,0,0,0,1,No Pedestrian Involved,POINT (-122.48495523 37.724111917),Other Motor Vehicle
51227,1.0,Driver,North,Proceeding Straight,Driver,North,Proceeding Straight,Sideswipe,0,0,0,1,No Pedestrian Involved,POINT (-122.402050075 37.786267437),Other Motor Vehicle
51228,1.0,Pedestrian,North,Other,Driver,West,Proceeding Straight,Vehicle/Pedestrian,1,0,0,1,Crossing in Crosswalk at Intersection,POINT (-122.42796174 37.776247537),Pedestrian
51229,1.0,Driver,East,Changing Lanes,Driver,East,Stopped In Road,Rear End,0,0,0,1,No Pedestrian Involved,POINT (-122.425357022 37.78805481),Other Motor Vehicle
51230,1.0,Driver,West,Making Right Turn,Driver,West,Making Right Turn,Sideswipe,0,0,0,1,No Pedestrian Involved,POINT (-122.423917826 37.781535612),Other Motor Vehicle
51231,,Driver,South,Proceeding Straight,Driver,South,Proceeding Straight,Rear End,0,0,0,1,No Pedestrian Involved,POINT (-122.417348155 37.76373621),Other Motor Vehicle
51232,1.0,Driver,South,Making Left Turn,Driver,North,Proceeding Straight,Sideswipe,0,0,0,1,No Pedestrian Involved,POINT (-122.506135125 37.735571118),Other Motor Vehicle
51233,,Driver,West,Proceeding Straight,Driver,South,Making Left Turn,Head-On,0,0,0,1,No Pedestrian Involved,POINT (-122.431679369 37.803266737),Other Motor Vehicle
51234,1.0,Driver,South,Changing Lanes,Driver,South,Proceeding Straight,Rear End,0,0,0,1,No Pedestrian Involved,POINT (-122.477380517 37.766016319),Other Motor Vehicle
51235,1.0,Driver,North,Making Left Turn,Driver,South,Proceeding Straight,Broadside,0,0,0,1,No Pedestrian Involved,POINT (-122.404991105 37.741311259),Other Motor Vehicle
51236,1.0,Driver,West,Proceeding Straight,Driver,West,Stopped In Road,Rear End,0,0,0,1,No Pedestrian Involved,POINT (-122.452087968 37.781916322),Other Motor Vehicle
51237,,Driver,North,Proceeding Straight,Driver,North,Proceeding Straight,Sideswipe,0,0,0,1,No Pedestrian Involved,POINT (-122.439496489 37.783135879),Other Motor Vehicle
51238,1.0,Driver,South,Making Right Turn,Bicyclist,South,Stopped In Road,Other,0,1,0,1,No Pedestrian Involved,POINT (-122.431011539 37.774902831),Bicycle
51239,,Driver,East,Changing Lanes,Unknown,Unknown,Unknown,Other,0,0,0,1,No Pedestrian Involved,POINT (-122.423094581 37.77205969),Fixed Object
51240,1.0,Driver,West,Changing Lanes,Driver,West,Proceeding Straight,Sideswipe,0,0,0,1,No Pedestrian Involved,POINT (-122.411221641 37.792734478),Other Motor Vehicle
51241,1.0,Driver,North,Proceeding Straight,Parked Vehicle,North,Parked,Rear End,0,0,0,1,No Pedestrian Involved,POINT (-122.444220203 37.755583127),Parked Motor Vehicle
51242,1.0,Pedestrian,South,Proceeding Straight,Driver,West,Proceeding Straight,Sideswipe,1,0,0,1,Crossing Not in Crosswalk,POINT (-122.404886922 37.771721526),Pedestrian
51243,1.0,Driver,West,Proceeding Straight,Pedestrian,North,Proceeding Straight,Vehicle/Pedestrian,1,0,0,1,Crossing in Crosswalk at Intersection,POINT (-122.453393598 37.731537246),Pedestrian
51244,1.0,Driver,South,Making Left Turn,Bicyclist,East,Not Stated,Broadside,0,1,0,1,No Pedestrian Involved,POINT (-122.415315615 37.780719177),Bicycle
51245,,Driver,Not Stated,Entering Traffic,Driver,West,Proceeding Straight,Broadside,0,0,0,1,No Pedestrian Involved,POINT (-122.391521083 37.777237307),Other Motor Vehicle
51246,1.0,Pedestrian,North,Not Stated,Driver,South,Proceeding Straight,Vehicle/Pedestrian,1,0,0,1,"In Road, Including Shoulder",POINT (-122.403896421 37.74979632),Pedestrian
51247,1.0,Pedestrian,West,Proceeding Straight,Driver,North,Proceeding Straight,Vehicle/Pedestrian,1,0,0,1,Crossing in Crosswalk at Intersection,POINT (-122.494443284 37.742225027),Pedestrian
51248,1.0,Driver,West,Backing,Driver,West,Proceeding Straight,Rear End,0,0,0,1,No Pedestrian Involved,POINT (-122.426852641 37.786901057),Other Motor Vehicle
51249,1.0,Driver,North,Proceeding Straight,Unknown,Unknown,Unknown,Hit Object,0,0,0,1,No Pedestrian Involved,POINT (-122.422453009 37.791502476),Fixed Object
51250,1.0,Driver,East,Making Left Turn,Pedestrian,North,Proceeding Straight,Sideswipe,1,0,0,1,Crossing in Crosswalk at Intersection,POINT (-122.447501498 37.790823024),Pedestrian
51251,1.0,Driver,East,Ran Off Road,Unknown,Unknown,Unknown,Hit Object,0,0,0,1,No Pedestrian Involved,POINT (-122.475331705 37.714154091),Fixed Object
51252,1.0,Driver,West,Parking Maneuver,Bicyclist,West,Proceeding Straight,Sideswipe,0,1,0,1,No Pedestrian Involved,POINT (-122.481107509 37.731160793),Bicycle
51253,1.0,Driver,West,Proceeding Straight,Pedestrian,South,Proceeding Straight,Vehicle/Pedestrian,1,0,0,1,Crossing in Crosswalk at Intersection,POINT (-122.488143191 37.751854043),Pedestrian
51254,1.0,Driver,East,Other,Bicyclist,East,Proceeding Straight,Sideswipe,0,1,0,1,No Pedestrian Involved,POINT (-122.398930331 37.783784934),Bicycle
51255,1.0,Bicyclist,North,Proceeding Straight,Parked Vehicle,Not Stated,Parked,Rear End,0,0,0,0,No Pedestrian Involved,POINT (-122.412586977 37.759842153),Parked Motor Vehicle
51256,1.0,Driver,South,Proceeding Straight,Driver,South,Stopped,Rear End,0,0,0,1,No Pedestrian Involved,POINT (-122.417501463 37.776540894),Other Motor Vehicle
51257,1.0,Driver,East,Proceeding Straight,Unknown,Unknown,Unknown,Other,0,0,0,1,No Pedestrian Involved,POINT (-122.4038777 37.770062866),Non-Collision
51258,1.0,Driver,North,Proceeding Straight,Pedestrian,East,Proceeding Straight,Vehicle/Pedestrian,1,0,0,1,Crossing in Crosswalk at Intersection,POINT (-122.435807989 37.757623098),Pedestrian
51259,1.0,Driver,South,Proceeding Straight,Driver,South,Stopped In Road,Rear End,0,0,0,1,No Pedestrian Involved,POINT (-122.493068124 37.760992299),Other Motor Vehicle
51260,1.0,Driver,South,Proceeding Straight,Bicyclist,West,Proceeding Straight,Broadside,0,1,0,1,No Pedestrian Involved,POINT (-122.411592845 37.74943623),Bicycle
51261,1.0,Driver,West,Parked,Driver,North,Proceeding Straight,Broadside,0,0,0,1,No Pedestrian Involved,POINT (-122.420255459 37.780576218),Other Motor Vehicle
51262,1.0,Driver,West,Stopped In Road,Pedestrian,South,Proceeding Straight,Vehicle/Pedestrian,1,0,0,1,Crossing Not in Crosswalk,POINT (-122.420465688 37.805707062),Pedestrian
51263,1.0,Driver,East,Backing,Pedestrian,Not Stated,Parked,Vehicle/Pedestrian,1,0,0,1,"In Road, Including Shoulder",POINT (-122.405383481 37.793470924),Pedestrian
51264,1.0,Driver,North,Proceeding Straight,Driver,West,Proceeding Straight,Broadside,0,0,0,1,No Pedestrian Involved,POINT (-122.490692042 37.74239025),Other Motor Vehicle
51265,1.0,Driver,South,Proceeding Straight,Pedestrian,East,Proceeding Straight,Vehicle/Pedestrian,1,0,0,1,Crossing in Crosswalk at Intersection,POINT (-122.471797436 37.731032355),Pedestrian
51266,1.0,Driver,East,Proceeding Straight,Bicyclist,North,Proceeding Straight,Other,0,1,0,1,No Pedestrian Involved,POINT (-122.405221172 37.788693992),Bicycle
51267,1.0,Driver,East,Proceeding Straight,Driver,East,Proceeding Straight,Rear End,0,0,0,1,No Pedestrian Involved,POINT (-122.408542026 37.795787326),Other Motor Vehicle
51268,1.0,Driver,East,Proceeding Straight,Driver,East,Making Left Turn,Broadside,0,0,0,1,No Pedestrian Involved,POINT (-122.39185829 37.789369268),Other Motor Vehicle
51269,1.0,Driver,South,Making Left Turn,Pedestrian,East,Proceeding Straight,Vehicle/Pedestrian,1,0,0,1,Crossing in Crosswalk at Intersection,POINT (-122.416827154 37.788177891),Pedestrian
51270,1.0,Bicyclist,North,Proceeding Straight,Driver,North,Making Right Turn,Rear End,0,1,0,1,No Pedestrian Involved,POINT (-122.387924939 37.784653286),Bicycle
51271,1.0,Pedestrian,West,Proceeding Straight,Driver,West,Proceeding Straight,Vehicle/Pedestrian,1,0,0,1,Crossing Not in Crosswalk,POINT (-122.410936574 37.779211686),Other Motor Vehicle
51272,1.0,Driver,West,Proceeding Straight,Pedestrian,East,Proceeding Straight,Vehicle/Pedestrian,1,0,0,1,Not in Road,POINT (-122.442251811 37.757843614),Pedestrian
51273,1.0,Driver,South,Making Right Turn,Bicyclist,South,Proceeding Straight,Sideswipe,0,1,0,1,No Pedestrian Involved,POINT (-122.420493442 37.789620438),Bicycle
51274,1.0,Driver,West,Proceeding Straight,Bicyclist,North,Proceeding Straight,Other,0,1,0,1,No Pedestrian Involved,POINT (-122.416575669 37.773906253),Bicycle
51275,1.0,Driver,North,Making Left Turn,Pedestrian,East,Proceeding Straight,Sideswipe,1,0,0,1,Crossing in Crosswalk at Intersection,POINT (-122.402034843 37.786255523),Pedestrian
51276,1.0,Driver,Not Stated,Proceeding Straight,Driver,South,Not Stated,Rear End,0,0,0,1,No Pedestrian Involved,POINT (-122.402708154 37.783259236),Other Motor Vehicle
51277,1.0,Driver,South,Proceeding Straight,Pedestrian,West,Proceeding Straight,Sideswipe,1,0,0,1,Crossing in Crosswalk at Intersection,POINT (-122.407869497 37.798696861),Pedestrian
51278,1.0,Driver,South,Proceeding Straight,Driver,North,Proceeding Straight,Broadside,0,0,0,1,No Pedestrian Involved,POINT (-122.424170564 37.799484533),Other Motor Vehicle
51279,1.0,Driver,South,Proceeding Straight,Parked Vehicle,Not Stated,Parked,Sideswipe,0,0,0,1,No Pedestrian Involved,POINT (-122.442720115 37.752820604),Parked Motor Vehicle
51280,,Driver,East,Proceeding Straight,Driver,West,Making Left Turn,Sideswipe,0,0,0,1,No Pedestrian Involved,POINT (-122.392936685 37.786067533),Other Motor Vehicle
51281,1.0,Driver,West,Making Left Turn,Driver,East,Proceeding Straight,Head-On,0,0,0,1,No Pedestrian Involved,POINT (-122.390817277 37.764200765),Other Motor Vehicle
51282,1.0,Driver,South,Proceeding Straight,Driver,South,Stopped In Road,Rear End,0,0,0,1,No Pedestrian Involved,POINT (-122.506249001 37.736520173),Other Motor Vehicle
51283,1.0,Driver,West,Proceeding Straight,Pedestrian,South,Proceeding Straight,Vehicle/Pedestrian,1,0,0,1,Crossing in Crosswalk at Intersection,POINT (-122.404761928 37.786527356),Pedestrian
51284,1.0,Driver,South,Other Unsafe Turning,Unknown,Unknown,Unknown,Overturned,0,0,0,1,No Pedestrian Involved,POINT (-122.493281694 37.729346719),Fixed Object
51285,1.0,Driver,East,Making Left Turn,Pedestrian,Not Stated,Proceeding Straight,Vehicle/Pedestrian,1,0,0,1,Crossing in Crosswalk at Intersection,POINT (-122.429178343 37.774181423),Pedestrian
51286,1.0,Bicyclist,West,Proceeding Straight,Pedestrian,South,Not Stated,Other,1,1,0,0,Crossing in Crosswalk at Intersection,POINT (-122.41045308 37.782046541),Bicycle
51287,1.0,Pedestrian,East,Other,Driver,East,Proceeding Straight,Sideswipe,1,0,0,1,Not Stated,POINT (-122.410833639 37.80023916),Other Object
51288,1.0,Driver,East,Backing,Pedestrian,North,Proceeding Straight,Vehicle/Pedestrian,1,0,0,1,Not in Road,POINT (-122.413935477 37.778075638),Pedestrian
51289,1.0,Driver,West,Making Right Turn,Pedestrian,South,Not Stated,Vehicle/Pedestrian,1,0,0,1,Crossing in Crosswalk at Intersection,POINT (-122.414910268 37.748226233),Pedestrian
51290,1.0,Pedestrian,West,Other,Driver,North,Proceeding Straight,Vehicle/Pedestrian,1,0,0,1,Crossing Not in Crosswalk,POINT (-122.426319759 37.7649009),Pedestrian
51291,1.0,Driver,West,Making Left Turn,Driver,South,Proceeding Straight,Broadside,0,0,0,1,No Pedestrian Involved,POINT (-122.430424414 37.780715573),Other Motor Vehicle
51292,1.0,Driver,North,Proceeding Straight,Driver,North,Stopped In Road,Rear End,0,0,0,1,No Pedestrian Involved,POINT (-122.420810106 37.783264851),Other Motor Vehicle
51293,1.0,Pedestrian,North,Proceeding Straight,Driver,West,Proceeding Straight,Vehicle/Pedestrian,1,0,0,1,Crossing in Crosswalk at Intersection,POINT (-122.412441622 37.783000264),Pedestrian
51294,1.0,Driver,West,Proceeding Straight,Driver,East,Making Left Turn,Head-On,0,0,0,1,No Pedestrian Involved,POINT (-122.464042005 37.762268849),Other Motor Vehicle
51295,1.0,Driver,South,Backing,Bicyclist,South,Not Stated,Other,0,1,0,1,No Pedestrian Involved,POINT (-122.405235712 37.785265098),Bicycle
51296,1.0,Driver,West,Other,Driver,West,Proceeding Straight,Sideswipe,0,0,0,1,No Pedestrian Involved,POINT (-122.390474454 37.729007065),Other Motor Vehicle
51297,1.0,Driver,South,Proceeding Straight,Driver,East,Proceeding Straight,Broadside,0,0,0,1,No Pedestrian Involved,POINT (-122.490951859 37.74611752),Other Motor Vehicle
51298,,Bicyclist,South,Proceeding Straight,Parked Vehicle,South,Parked,Rear End,0,0,0,0,No Pedestrian Involved,POINT (-122.429301154 37.723346581),Parked Motor Vehicle
51299,1.0,Bicyclist,South,Proceeding Straight,Pedestrian,East,Other,Other,1,0,0,0,Crossing in Crosswalk at Intersection,POINT (-122.421271729 37.758498509),Pedestrian
51300,1.0,Bicyclist,East,Proceeding Straight,Driver,South,Making Left Turn,Broadside,0,1,0,1,No Pedestrian Involved,POINT (-122.396617026 37.720230913),Bicycle
51301,1.0,Driver,North,Changing Lanes,Driver,North,Stopped,Sideswipe,0,0,0,1,No Pedestrian Involved,POINT (-122.395843499 37.781321258),Non-Collision
51302,1.0,Driver,West,Making Left Turn,Driver,East,Proceeding Straight,Head-On,0,0,0,1,No Pedestrian Involved,POINT (-122.401656681 37.771817125),Other Motor Vehicle
51303,1.0,Driver,North,Proceeding Straight,Driver,North,Proceeding Straight,Rear End,0,0,0,1,No Pedestrian Involved,POINT (-122.474550488 37.71943741),Other Motor Vehicle
51304,1.0,Driver,North,Proceeding Straight,Driver,North,Proceeding Straight,Sideswipe,0,0,0,1,No Pedestrian Involved,POINT (-122.422240165 37.781535332),Other Motor Vehicle
51305,1.0,Driver,South,Proceeding Straight,Driver,East,Proceeding Straight,Broadside,0,0,0,1,No Pedestrian Involved,POINT (-122.395843499 37.781321257),Other Motor Vehicle
51306,1.0,Driver,West,Entering Traffic,Driver,North,Proceeding Straight,Broadside,0,0,0,1,No Pedestrian Involved,POINT (-122.431247864 37.768186904),Other Motor Vehicle
51307,1.0,Bicyclist,South,Proceeding Straight,Pedestrian,South,Proceeding Straight,Other,1,0,0,0,Crossing in Crosswalk at Intersection,POINT (-122.405831011 37.78574399),Pedestrian
51308,1.0,Bicyclist,North,Entering Traffic,Driver,West,Proceeding Straight,Broadside,0,1,0,1,No Pedestrian Involved,POINT (-122.389838023 37.735262944),Bicycle
51309,1.0,Bicyclist,South,Proceeding Straight,Bicyclist,Not Stated,Proceeding Straight,Sideswipe,0,0,0,0,No Pedestrian Involved,POINT (-122.382887872 37.730341971),Non-Collision
51310,1.0,Pedestrian,North,Proceeding Straight,Driver,West,Proceeding Straight,Vehicle/Pedestrian,1,0,0,1,Crossing in Crosswalk at Intersection,POINT (-122.414733058 37.778748763),Pedestrian
51311,1.0,Pedestrian,West,Not Stated,Driver,South,Proceeding Straight,Vehicle/Pedestrian,1,0,0,1,Crossing Not in Crosswalk,POINT (-122.419900583 37.778206401),Pedestrian
51312,1.0,Bicyclist,West,Proceeding Straight,Driver,North,Proceeding Straight,Other,0,1,0,1,No Pedestrian Involved,POINT (-122.477174112 37.763559498),Bicycle
51313,1.0,Driver,North,Proceeding Straight,Unknown,Unknown,Unknown,Other,0,0,0,1,No Pedestrian Involved,POINT (-122.411776234 37.796575689),Not Stated
51314,1.0,Driver,East,Proceeding Straight,Pedestrian,North,Proceeding Straight,Vehicle/Pedestrian,1,0,0,1,Crossing in Crosswalk at Intersection,POINT (-122.48734635 37.740663663),Pedestrian
51315,1.0,Driver,West,Making Left Turn,Pedestrian,North,Other,Vehicle/Pedestrian,1,0,0,1,Crossing in Crosswalk at Intersection,POINT (-122.426076502 37.761427133),Pedestrian
51316,,Driver,West,Proceeding Straight,Driver,North,Proceeding Straight,Broadside,0,0,0,1,No Pedestrian Involved,POINT (-122.405585295 37.765900401),Other Motor Vehicle
51317,1.0,Driver,East,Making Left Turn,Pedestrian,North,Other,Vehicle/Pedestrian,1,0,0,1,Crossing Not in Crosswalk,POINT (-122.463175681 37.724263931),Pedestrian
51318,1.0,Driver,South,Making Left Turn,Bicyclist,East,Proceeding Straight,Broadside,0,1,0,1,No Pedestrian Involved,POINT (-122.406798589 37.768414883),Bicycle
51319,1.0,Driver,West,Proceeding Straight,Pedestrian,North,Proceeding Straight,Vehicle/Pedestrian,1,0,0,1,Crossing in Crosswalk at Intersection,POINT (-122.413157691 37.77745742),Pedestrian