party_id,party_at_fault,party1_type,party1_dir_of_travel,party1_move_pre_acc,party2_type,party2_dir_of_travel,party2_move_pre_acc,type_of_collision,involves_pedestrian,involves_bicycle,involves_motorcycle,involves_vehicle,ped_action,point,mviw
51780,1.0,Driver,East,Making Left Turn,Other,North,Proceeding Straight,Broadside,0,0,0,1,No Pedestrian Involved,POINT (-122.45858063 37.777253918),Other Motor Vehicle
51781,1.0,Driver,East,Proceeding Straight,Driver,East,Slowing/Stopping,Rear End,0,0,0,1,No Pedestrian Involved,POINT (-122.438291383 37.76672578),Other Motor Vehicle
51782,1.0,Bicyclist,West,Proceeding Straight,Driver,South,Proceeding Straight,Broadside,0,1,0,1,No Pedestrian Involved,POINT (-122.414762661 37.77873659),Bicycle
51783,1.0,Driver,East,Proceeding Straight,Driver,East,Stopped In Road,Rear End,0,0,0,1,No Pedestrian Involved,POINT (-122.420512402 37.788672832),Other Motor Vehicle
51784,1.0,Pedestrian,West,Proceeding Straight,Driver,North,Proceeding Straight,Broadside,1,0,0,1,Crossing Not in Crosswalk,POINT (-122.420032091 37.769045446),Pedestrian
51785,,Driver,South,Proceeding Straight,Parked Vehicle,South,Parked,Rear End,0,0,0,1,No Pedestrian Involved,POINT (-122.416183923 37.771412554),Parked Motor Vehicle
51786,,Other,South,Proceeding Straight,Driver,South,Making Right Turn,Sideswipe,0,0,0,1,No Pedestrian Involved,POINT (-122.401221832 37.793530619),Other Object
51787,1.0,Driver,North,Making Left Turn,Driver,South,Proceeding Straight,Broadside,0,0,0,1,No Pedestrian Involved,POINT (-122.493469933 37.729596663),Other Motor Vehicle
51788,1.0,Driver,North,Making Right Turn,Pedestrian,South,Proceeding Straight,Vehicle/Pedestrian,1,0,0,1,Crossing in Crosswalk at Intersection,POINT (-122.444571082 37.712783427),Pedestrian
51789,1.0,Driver,South,Making Right Turn,Bicyclist,East,Proceeding Straight,Broadside,0,1,0,1,No Pedestrian Involved,POINT (-122.412824227 37.77281216),Bicycle
51790,1.0,Driver,West,Making Left Turn,Driver,South,Proceeding Straight,Broadside,0,0,0,1,No Pedestrian Involved,POINT (-122.392749787 37.778851718),Other Motor Vehicle
51791,1.0,Other,East,Proceeding Straight,Driver,North,Proceeding Straight,Broadside,0,0,0,1,No Pedestrian Involved,POINT (-122.417528773 37.78331089),Other Motor Vehicle
51792,1.0,Driver,East,Proceeding Straight,Driver,East,Stopped,Rear End,0,0,0,1,No Pedestrian Involved,POINT (-122.428509395 37.761280188),Other Motor Vehicle
51793,1.0,Driver,East,Proceeding Straight,Driver,East,Stopped,Rear End,0,0,0,1,No Pedestrian Involved,POINT (-122.447286871 37.805160089),Other Motor Vehicle
51794,1.0,Driver,East,Changing Lanes,Driver,East,Making Right Turn,Sideswipe,0,0,0,1,No Pedestrian Involved,POINT (-122.415623362 37.768536809),Other Motor Vehicle
51795,1.0,Driver,North,Making Right Turn,Driver,West,Proceeding Straight,Other,0,0,0,1,No Pedestrian Involved,POINT (-122.411515768 37.786939707),Fixed Object
51796,1.0,Driver,South,Making Right Turn,Pedestrian,Not Stated,Not Stated,Vehicle/Pedestrian,1,0,0,1,Not in Road,POINT (-122.389864462 37.737169532),Pedestrian
51797,1.0,Driver,West,Making U Turn,Pedestrian,South,Proceeding Straight,Not Stated,1,0,0,1,Crossing in Crosswalk at Intersection,POINT (-122.399852073 37.787964489),Pedestrian
51798,1.0,Driver,South,Proceeding Straight,Parked Vehicle,Not Stated,Parked,Hit Object,1,0,0,1,Not in Road,POINT (-122.387172155 37.746151886),Fixed Object
51799,1.0,Pedestrian,South,Not Stated,Driver,West,Proceeding Straight,Vehicle/Pedestrian,1,0,0,1,Crossing Not in Crosswalk,POINT (-122.429582437 37.76689301),Pedestrian
51800,1.0,Driver,South,Proceeding Straight,Bicyclist,South,Proceeding Straight,Sideswipe,0,1,0,1,No Pedestrian Involved,POINT (-122.407703559 37.793063432),Bicycle
51801,1.0,Bicyclist,North,Proceeding Straight,Driver,North,Making Left Turn,Broadside,0,1,0,1,No Pedestrian Involved,POINT (-122.431574642 37.777699925),Bicycle
51802,1.0,Bicyclist,North,Changing Lanes,Unknown,Unknown,Unknown,Overturned,0,0,0,0,No Pedestrian Involved,POINT (-122.423292877 37.740328043),Non-Collision
51803,1.0,Driver,North,Proceeding Straight,Driver,West,Making Right Turn,Broadside,0,0,0,1,No Pedestrian Involved,POINT (-122.493718804 37.73190988),Other Motor Vehicle
51804,1.0,Driver,West,Proceeding Straight,Driver,West,Stopped,Rear End,0,0,0,1,No Pedestrian Involved,POINT (-122.442240145 37.799003107),Other Motor Vehicle
51805,1.0,Pedestrian,South,Not Stated,Driver,West,Proceeding Straight,Vehicle/Pedestrian,1,0,0,1,Crossing Not in Crosswalk,POINT (-122.412161375 37.780700658),Pedestrian
51806,1.0,Driver,East,Making Left Turn,Driver,South,Slowing/Stopping,Head-On,0,0,0,1,No Pedestrian Involved,POINT (-122.395191644 37.731073602),Other Motor Vehicle
51807,1.0,Driver,East,Proceeding Straight,Pedestrian,South,Proceeding Straight,Vehicle/Pedestrian,1,0,0,1,Crossing in Crosswalk at Intersection,POINT (-122.505786478 37.758559979),Pedestrian
51808,1.0,Driver,East,Making Left Turn,Pedestrian,North,Proceeding Straight,Vehicle/Pedestrian,1,0,0,1,Crossing in Crosswalk at Intersection,POINT (-122.47398247 37.780575382),Pedestrian
51809,1.0,Driver,West,Making Left Turn,Pedestrian,South,Proceeding Straight,Vehicle/Pedestrian,1,0,0,1,Crossing in Crosswalk at Intersection,POINT (-122.417385454 37.799413513),Pedestrian
51810,1.0,Driver,South,Proceeding Straight,Pedestrian,East,Not Stated,Overturned,1,0,0,1,Crossing in Crosswalk at Intersection,POINT (-122.435061331 37.769942854),Non-Collision
51811,1.0,Driver,West,Proceeding Straight,Driver,West,Stopped In Road,Rear End,0,0,0,1,No Pedestrian Involved,POINT (-122.442647897 37.79900005),Other Motor Vehicle
51812,1.0,Driver,West,Proceeding Straight,Pedestrian,North,Proceeding Straight,Vehicle/Pedestrian,1,0,0,1,Crossing in Crosswalk at Intersection,POINT (-122.434557721 37.792471637),Pedestrian
51813,1.0,Driver,South,Proceeding Straight,Pedestrian,South,Not Stated,Vehicle/Pedestrian,1,0,0,1,"In Road, Including Shoulder",POINT (-122.417445119 37.808013424),Pedestrian
51814,,Driver,North,Backing,Driver,North,Parked,Rear End,0,0,0,1,No Pedestrian Involved,POINT (-122.414053764 37.782794446),Other Motor Vehicle
51815,1.0,Driver,South,Entering Traffic,Driver,West,Proceeding Straight,Broadside,0,0,0,1,No Pedestrian Involved,POINT (-122.409647109 37.765656306),Other Motor Vehicle
51816,1.0,Driver,North,Making Left Turn,Driver,North,Proceeding Straight,Broadside,0,0,0,1,No Pedestrian Involved,POINT (-122.415038875 37.762510213),Other Motor Vehicle
51817,1.0,Bicyclist,East,Proceeding Straight,Parked Vehicle,Not Stated,Parked,Other,0,1,0,0,No Pedestrian Involved,POINT (-122.437314891 37.771233281),Bicycle
51818,1.0,Driver,West,Entering Traffic,Driver,North,Proceeding Straight,Sideswipe,0,0,0,1,No Pedestrian Involved,POINT (-122.411592018 37.766964519),Other Motor Vehicle
51819,,Driver,North,Proceeding Straight,Driver,East,Proceeding Straight,Broadside,0,0,0,1,No Pedestrian Involved,POINT (-122.388855116 37.729980416),Other Motor Vehicle
51820,1.0,Driver,East,Entering Traffic,Driver,East,Proceeding Straight,Broadside,0,0,0,1,No Pedestrian Involved,POINT (-122.458485718 37.711390944),Other Motor Vehicle
51821,1.0,Bicyclist,South,Proceeding Straight,Pedestrian,West,Proceeding Straight,Other,1,1,0,0,Crossing in Crosswalk at Intersection,POINT (-122.408493158 37.78445273),Bicycle
51822,1.0,Driver,South,Proceeding Straight,Driver,West,Proceeding Straight,Broadside,0,0,0,1,No Pedestrian Involved,POINT (-122.445309436 37.761880443),Other Motor Vehicle
51823,,Driver,South,Proceeding Straight,Driver,South,Making Left Turn,Overturned,0,0,0,1,No Pedestrian Involved,POINT (-122.437439122 37.723716462),Other Motor Vehicle
51824,1.0,Driver,West,Making Left Turn,Bicyclist,East,Proceeding Straight,Overturned,0,1,0,1,No Pedestrian Involved,POINT (-122.415882538 37.783515641),Bicycle
51825,1.0,Driver,South,Proceeding Straight,Pedestrian,East,Stopped,Vehicle/Pedestrian,1,0,0,1,Crossing in Crosswalk Not at Intersection,POINT (-122.43055896 37.797716213),Pedestrian
51826,1.0,Driver,South,Making Left Turn,Pedestrian,North,Not Stated,Vehicle/Pedestrian,1,0,0,1,Crossing in Crosswalk at Intersection,POINT (-122.460842964 37.762627643),Pedestrian
51827,,Driver,North,Making Left Turn,Driver,East,Proceeding Straight,Broadside,0,0,0,1,No Pedestrian Involved,POINT (-122.496959651 37.755202),Other Motor Vehicle
51828,1.0,Driver,North,Making Right Turn,Driver,North,Proceeding Straight,Sideswipe,0,0,0,1,No Pedestrian Involved,POINT (-122.41822117 37.748165689),Other Motor Vehicle
51829,1.0,Driver,North,Making Left Turn,Driver,South,Proceeding Straight,Overturned,0,0,0,1,No Pedestrian Involved,POINT (-122.419883231 37.778251017),Non-Collision
51830,1.0,Driver,North,Proceeding Straight,Driver,North,Stopped In Road,Rear End,0,0,0,1,No Pedestrian Involved,POINT (-122.475022087 37.734426339),Other Motor Vehicle
51831,1.0,Pedestrian,West,Not Stated,Driver,North,Proceeding Straight,Vehicle/Pedestrian,1,0,0,1,Crossing in Crosswalk at Intersection,POINT (-122.410258557 37.782203954),Pedestrian
51832,1.0,Driver,North,Proceeding Straight,Driver,North,Slowing/Stopping,Rear End,0,0,0,1,No Pedestrian Involved,POINT (-122.399445823 37.801434418),Other Motor Vehicle
51833,1.0,Driver,West,Passing Other Vehicle,Bicyclist,West,Proceeding Straight,Sideswipe,0,1,0,1,No Pedestrian Involved,POINT (-122.410550619 37.782084984),Bicycle
51834,1.0,Driver,North,Proceeding Straight,Driver,North,Stopped,Rear End,0,0,0,1,No Pedestrian Involved,POINT (-122.405096572 37.708828168),Other Motor Vehicle
51835,1.0,Driver,North,Proceeding Straight,Driver,North,Stopped In Road,Rear End,0,0,0,1,No Pedestrian Involved,POINT (-122.474707252 37.727508665),Other Motor Vehicle
51836,1.0,Driver,West,Proceeding Straight,Driver,West,Stopped In Road,Rear End,0,0,0,1,No Pedestrian Involved,POINT (-122.410310841 37.806027718),Other Motor Vehicle
51837,1.0,Pedestrian,Not Stated,Not Stated,Driver,South,Proceeding Straight,Vehicle/Pedestrian,1,0,0,1,Crossing Not in Crosswalk,POINT (-122.41964512 37.764803692),Pedestrian
51838,1.0,Pedestrian,South,Proceeding Straight,Driver,East,Proceeding Straight,Vehicle/Pedestrian,1,0,0,1,Crossing in Crosswalk at Intersection,POINT (-122.41532057 37.776717704),Pedestrian
51839,1.0,Pedestrian,North,Stopped In Road,Driver,West,Backing,Vehicle/Pedestrian,1,0,0,1,"In Road, Including Shoulder",POINT (-122.432064448 37.764301979),Pedestrian
51840,1.0,Driver,South,Making Left Turn,Driver,North,Proceeding Straight,Head-On,0,0,0,1,No Pedestrian Involved,POINT (-122.405931328 37.78229614),Other Motor Vehicle
51841,1.0,Driver,Not Stated,Making Right Turn,Driver,East,Proceeding Straight,Sideswipe,0,0,0,1,No Pedestrian Involved,POINT (-122.421941248 37.773036051),Other Motor Vehicle
51842,1.0,Driver,East,Slowing/Stopping,Driver,East,Stopped In Road,Rear End,0,0,0,1,No Pedestrian Involved,POINT (-122.491060289 37.733943173),Other Motor Vehicle
51843,1.0,Driver,West,Backing,Pedestrian,East,Other,Vehicle/Pedestrian,1,0,0,1,"In Road, Including Shoulder",POINT (-122.413294831 37.787383634),Pedestrian
51844,1.0,Driver,North,Making Left Turn,Bicyclist,South,Proceeding Straight,Head-On,0,1,0,1,No Pedestrian Involved,POINT (-122.414387601 37.755699464),Bicycle
51845,1.0,Driver,South,Making Left Turn,Pedestrian,East,Other,Vehicle/Pedestrian,1,0,0,1,Crossing Not in Crosswalk,POINT (-122.443345611 37.71392819),Pedestrian
51846,1.0,Driver,South,Passing Other Vehicle,Bicyclist,South,Proceeding Straight,Broadside,0,1,0,1,No Pedestrian Involved,POINT (-122.419938647 37.786880365),Bicycle
51847,1.0,Driver,North,Slowing/Stopping,Driver,North,Stopped In Road,Rear End,0,0,0,1,No Pedestrian Involved,POINT (-122.422334331 37.747081914),Other Motor Vehicle
51848,1.0,Driver,South,Proceeding Straight,Pedestrian,Not Stated,Not Stated,Vehicle/Pedestrian,1,0,0,1,Not in Road,POINT (-122.419359268 37.761835855),Pedestrian
51849,1.0,Driver,North,Slowing/Stopping,Pedestrian,West,Proceeding Straight,Vehicle/Pedestrian,1,0,0,1,Crossing in Crosswalk at Intersection,POINT (-122.47929449 37.748483273),Pedestrian
51850,1.0,Driver,West,Proceeding Straight,Driver,West,Stopped In Road,Rear End,0,0,0,1,No Pedestrian Involved,POINT (-122.448067929 37.775599295),Other Motor Vehicle
51851,1.0,Bicyclist,North,Proceeding Straight,Driver,East,Proceeding Straight,Sideswipe,0,1,0,1,No Pedestrian Involved,POINT (-122.4034308 37.787641849),Bicycle
51852,1.0,Driver,South,Proceeding Straight,Unknown,Unknown,Unknown,Overturned,0,0,0,1,No Pedestrian Involved,POINT (-122.38712543 37.746350494),Fixed Object
51853,1.0,Pedestrian,East,Other,Driver,North,Proceeding Straight,Vehicle/Pedestrian,1,0,0,1,Crossing Not in Crosswalk,POINT (-122.419709973 37.777314996),Pedestrian
51854,1.0,Driver,South,Making Left Turn,Driver,North,Proceeding Straight,Broadside,0,0,0,1,No Pedestrian Involved,POINT (-122.423947062 37.773889239),Other Motor Vehicle
51855,1.0,Bicyclist,North,Proceeding Straight,Driver,East,Proceeding Straight,Broadside,0,1,0,1,No Pedestrian Involved,POINT (-122.420019128 37.74538902),Bicycle
51856,1.0,Driver,East,Making Right Turn,Pedestrian,East,Not Stated,Vehicle/Pedestrian,1,0,0,1,Crossing in Crosswalk at Intersection,POINT (-122.418282169 37.795407549),Pedestrian
51857,1.0,Driver,South,Making Left Turn,Driver,South,Proceeding Straight,Sideswipe,0,0,0,1,No Pedestrian Involved,POINT (-122.4241082 37.782477051),Other Motor Vehicle
51858,1.0,Driver,West,Proceeding Straight,Driver,North,Proceeding Straight,Broadside,0,0,0,1,No Pedestrian Involved,POINT (-122.418088098 37.78610104),Motor Vehicle on Other Roadway
51859,1.0,Driver,South,Making Left Turn,Driver,East,Proceeding Straight,Broadside,0,0,0,1,No Pedestrian Involved,POINT (-122.421731522 37.763299768),Other Motor Vehicle
51860,,Driver,West,Proceeding Straight,Driver,West,Stopped,Rear End,0,0,0,1,No Pedestrian Involved,POINT (-122.416210094 37.786340722),Other Motor Vehicle
51861,1.0,Driver,North,Proceeding Straight,Pedestrian,Not Stated,Other,Hit Object,1,0,0,1,Not in Road,POINT (-122.387909558 37.755158486),Pedestrian
51862,1.0,Driver,North,Proceeding Straight,Driver,East,Proceeding Straight,Broadside,0,0,0,1,No Pedestrian Involved,POINT (-122.403920882 37.780699049),Other Motor Vehicle
51863,1.0,Driver,South,Changing Lanes,Driver,South,Proceeding Straight,Sideswipe,0,0,0,1,No Pedestrian Involved,POINT (-122.417753194 37.769815078),Other Motor Vehicle
51864,1.0,Bicyclist,East,Passing Other Vehicle,Driver,East,Proceeding Straight,Sideswipe,0,1,0,1,No Pedestrian Involved,POINT (-122.426983754 37.774459845),Bicycle
51865,1.0,Pedestrian,West,Proceeding Straight,Driver,North,Proceeding Straight,Broadside,1,0,0,1,Crossing Not in Crosswalk,POINT (-122.412994726 37.763997619),Pedestrian
51866,1.0,Driver,East,Proceeding Straight,Parked Vehicle,Not Stated,Parked,Sideswipe,0,0,0,1,No Pedestrian Involved,POINT (-122.391867194 37.735464098),Parked Motor Vehicle
51867,1.0,Driver,North,Entering Traffic,Driver,North,Proceeding Straight,Broadside,0,0,0,1,No Pedestrian Involved,POINT (-122.395644171 37.788224651),Other Motor Vehicle
51868,1.0,Driver,North,Making U Turn,Driver,South,Proceeding Straight,Sideswipe,0,0,0,1,No Pedestrian Involved,POINT (-122.409245443 37.781398134),Other Motor Vehicle
51869,1.0,Bicyclist,South,Passing Other Vehicle,Driver,North,Proceeding Straight,Head-On,0,1,0,1,No Pedestrian Involved,POINT (-122.430291774 37.77132765),Bicycle
51870,1.0,Driver,South,Making Left Turn,Pedestrian,East,Proceeding Straight,Head-On,1,0,0,1,Crossing in Crosswalk at Intersection,POINT (-122.41187668 37.797075193),Pedestrian
51871,1.0,Driver,West,Proceeding Straight,Driver,West,Stopped,Rear End,0,0,0,1,No Pedestrian Involved,POINT (-122.482900155 37.714558544),Other Motor Vehicle
51872,1.0,Driver,North,Proceeding Straight,Driver,West,Proceeding Straight,Broadside,0,0,0,1,No Pedestrian Involved,POINT (-122.406213364 37.769462546),Other Motor Vehicle
51873,1.0,Bicyclist,South,Proceeding Straight,Driver,East,Making Right Turn,Other,0,1,0,1,No Pedestrian Involved,POINT (-122.493775483 37.740380036),Bicycle
51874,1.0,Driver,West,Making Left Turn,Pedestrian,East,Proceeding Straight,Vehicle/Pedestrian,1,0,0,1,Crossing in Crosswalk at Intersection,POINT (-122.406336237 37.75300403),Pedestrian
51875,1.0,Driver,North,Making Left Turn,Driver,West,Proceeding Straight,Broadside,0,0,0,1,No Pedestrian Involved,POINT (-122.400784748 37.723616209),Other Motor Vehicle
51876,1.0,Bicyclist,East,Proceeding Straight,Driver,South,Making Right Turn,Sideswipe,0,1,0,1,No Pedestrian Involved,POINT (-122.413157691 37.77745742),Bicycle
51877,1.0,Driver,South,Making Left Turn,Driver,East,Proceeding Straight,Broadside,0,0,0,1,No Pedestrian Involved,POINT (-122.432857501 37.712914373),Other Motor Vehicle
51878,1.0,Driver,South,Proceeding Straight,Driver,South,Slowing/Stopping,Rear End,0,0,0,1,No Pedestrian Involved,POINT (-122.402131066 37.746012969),Other Motor Vehicle
51879,1.0,Driver,North,Proceeding Straight,Bicyclist,East,Making Left Turn,Broadside,0,1,0,1,No Pedestrian Involved,POINT (-122.396957839 37.796346861),Bicycle
51880,1.0,Bicyclist,West,Proceeding Straight,Driver,North,Making Right Turn,Broadside,0,1,0,1,No Pedestrian Involved,POINT (-122.441485212 37.776419645),Bicycle
51881,1.0,Driver,South,Proceeding Straight,Driver,East,Proceeding Straight,Broadside,0,0,0,1,No Pedestrian Involved,POINT (-122.390727084 37.731037147),Other Motor Vehicle
51882,1.0,Driver,South,Proceeding Straight,Unknown,Unknown,Unknown,Hit Object,0,0,0,1,No Pedestrian Involved,POINT (-122.400555264 37.790247405),Fixed Object
51883,1.0,Pedestrian,Not Stated,Other,Driver,South,Proceeding Straight,Vehicle/Pedestrian,1,0,0,1,"In Road, Including Shoulder",POINT (-122.420184371 37.774318124),Pedestrian
51884,1.0,Bicyclist,West,Other,Unknown,Unknown,Unknown,Other,0,0,0,0,No Pedestrian Involved,POINT (-122.418618506 37.77305247),Non-Collision
51885,1.0,Bicyclist,North,Other,Pedestrian,East,Not Stated,Other,1,0,0,0,Not in Road,POINT (-122.402374583 37.790940257),Pedestrian
51886,1.0,Driver,West,Making Right Turn,Bicyclist,North,Proceeding Straight,Broadside,0,1,0,1,No Pedestrian Involved,POINT (-122.448971427 37.71384267),Bicycle
51887,1.0,Driver,North,Other Unsafe Turning,Bicyclist,North,Proceeding Straight,Broadside,0,1,0,1,No Pedestrian Involved,POINT (-122.439480381 37.783308487),Bicycle
51888,1.0,Driver,North,Proceeding Straight,Driver,North,Proceeding Straight,Rear End,0,0,0,1,No Pedestrian Involved,POINT (-122.446388979 37.775394652),Other Motor Vehicle
51889,1.0,Driver,West,Making Left Turn,Bicyclist,East,Proceeding Straight,Head-On,0,1,0,1,No Pedestrian Involved,POINT (-122.423181 37.755169794),Bicycle
51890,1.0,Driver,West,Slowing/Stopping,Driver,West,Stopped In Road,Rear End,0,0,0,1,No Pedestrian Involved,POINT (-122.495155997 37.753416931),Other Motor Vehicle
51891,1.0,Driver,East,Changing Lanes,Driver,East,Proceeding Straight,Sideswipe,0,0,0,1,No Pedestrian Involved,POINT (-122.426858289 37.76904239),Other Motor Vehicle
51892,1.0,Driver,East,Proceeding Straight,Driver,East,Stopped In Road,Rear End,0,0,0,1,No Pedestrian Involved,POINT (-122.438023407 37.776875413),Other Motor Vehicle
51893,1.0,Driver,South,Proceeding Straight,Driver,South,Slowing/Stopping,Not Stated,0,0,0,1,No Pedestrian Involved,POINT (-122.421968762 37.742375398),Other Motor Vehicle
51894,1.0,Driver,North,Proceeding Straight,Driver,North,Stopped In Road,Rear End,0,0,0,1,No Pedestrian Involved,POINT (-122.474987325 37.733916263),Other Motor Vehicle
51895,1.0,Driver,East,Stopped,Bicyclist,East,Proceeding Straight,Sideswipe,0,1,0,1,No Pedestrian Involved,POINT (-122.393646125 37.787957651),Bicycle
51896,1.0,Driver,South,Proceeding Straight,Driver,West,Making Left Turn,Head-On,0,0,0,1,No Pedestrian Involved,POINT (-122.403573969 37.722321767),Parked Motor Vehicle
51897,1.0,Driver,East,Proceeding Straight,Driver,North,Making Left Turn,Broadside,0,0,0,1,No Pedestrian Involved,POINT (-122.423739982 37.728759937),Other Motor Vehicle
51898,1.0,Driver,North,Proceeding Straight,Driver,North,Proceeding Straight,Rear End,0,0,0,1,No Pedestrian Involved,POINT (-122.405222103 37.806457186),Other Motor Vehicle
51899,1.0,Driver,South,Making Left Turn,Driver,North,Proceeding Straight,Head-On,0,0,0,1,No Pedestrian Involved,POINT (-122.435317298 37.764102272),Other Motor Vehicle
51900,1.0,Driver,West,Making Left Turn,Driver,South,Proceeding Straight,Broadside,0,0,0,1,No Pedestrian Involved,POINT (-122.49372397 37.731901039),Other Motor Vehicle
51901,1.0,Other,South,Proceeding Straight,Driver,West,Entering Traffic,Broadside,0,0,0,1,No Pedestrian Involved,POINT (-122.405769328 37.730394751),Other Object
51902,1.0,Driver,South,Proceeding Straight,Driver,South,Changing Lanes,Rear End,0,0,0,1,No Pedestrian Involved,POINT (-122.419918359 37.767627062),Other Motor Vehicle
51903,1.0,Driver,West,Making Left Turn,Pedestrian,South,Proceeding Straight,Vehicle/Pedestrian,1,0,0,1,Crossing in Crosswalk at Intersection,POINT (-122.417114338 37.774313033),Pedestrian
51904,1.0,Bicyclist,North,Proceeding Straight,Driver,East,Proceeding Straight,Broadside,0,1,0,1,No Pedestrian Involved,POINT (-122.404257985 37.738712585),Bicycle
51905,1.0,Driver,West,Stopped,Pedestrian,Not Stated,Backing,Vehicle/Pedestrian,1,0,0,1,"In Road, Including Shoulder",POINT (-122.418598509 37.780260133),Pedestrian
51906,1.0,Pedestrian,East,Other,Driver,North,Backing,Vehicle/Pedestrian,1,0,0,1,Crossing Not in Crosswalk,POINT (-122.4105504 37.782337003),Pedestrian
51907,1.0,Driver,West,Proceeding Straight,Driver,West,Changing Lanes,Sideswipe,0,0,0,1,No Pedestrian Involved,POINT (-122.402367673 37.778617842),Other Motor Vehicle
51908,1.0,Pedestrian,North,Entering Traffic,Driver,East,Making Right Turn,Vehicle/Pedestrian,1,0,0,1,Crossing in Crosswalk at Intersection,POINT (-122.472456331 37.716971574),Pedestrian
51909,1.0,Driver,South,Making Right Turn,Bicyclist,South,Proceeding Straight,Broadside,0,1,0,1,No Pedestrian Involved,POINT (-122.44684647 37.777669109),Bicycle
51910,1.0,Driver,West,Making Left Turn,Driver,East,Proceeding Straight,Head-On,0,0,0,1,No Pedestrian Involved,POINT (-122.441931913 37.765295099),Other Motor Vehicle
51911,1.0,Driver,West,Proceeding Straight,Driver,South,Proceeding Straight,Broadside,0,0,0,1,No Pedestrian Involved,POINT (-122.433974474 37.729303493),Other Motor Vehicle
51912,1.0,Driver,North,Proceeding Straight,Driver,North,Making U Turn,Rear End,0,0,0,1,No Pedestrian Involved,POINT (-122.437610625 37.774061647),Other Motor Vehicle
51913,1.0,Bicyclist,East,Proceeding Straight,Unknown,Unknown,Unknown,Other,0,0,0,0,No Pedestrian Involved,POINT (-122.444988599 37.722915718),Non-Collision
51914,1.0,Driver,East,Making Left Turn,Pedestrian,North,Proceeding Straight,Vehicle/Pedestrian,1,0,0,1,Crossing in Crosswalk at Intersection,POINT (-122.42027883 37.748125283),Pedestrian
51915,1.0,Bicyclist,South,Changing Lanes,Driver,South,Proceeding Straight,Sideswipe,0,1,0,1,No Pedestrian Involved,POINT (-122.421443623 37.760293539),Bicycle
51916,1.0,Bicyclist,South,Proceeding Straight,Driver,South,Making Left Turn,Not Stated,0,0,0,1,No Pedestrian Involved,POINT (-122.47510247 37.734625572),Not Stated
51917,1.0,Pedestrian,North,Proceeding Straight,Pedestrian,East,Proceeding Straight,Other,1,0,0,0,Crossing Not in Crosswalk,POINT (-122.408079101 37.794940688),Pedestrian
51918,1.0,Driver,South,Making Left Turn,Driver,North,Proceeding Straight,Sideswipe,0,0,0,1,No Pedestrian Involved,POINT (-122.390967889 37.734013873),Other Motor Vehicle
51919,1.0,Driver,South,Proceeding Straight,Driver,West,Proceeding Straight,Broadside,0,0,0,1,No Pedestrian Involved,POINT (-122.431716932 37.749829779),Other Motor Vehicle
51920,1.0,Driver,North,Making Left Turn,Driver,North,Proceeding Straight,Broadside,0,0,0,1,No Pedestrian Involved,POINT (-122.400021616 37.732310524),Other Motor Vehicle
51921,,Driver,North,Changing Lanes,Driver,North,Proceeding Straight,Sideswipe,0,0,0,1,No Pedestrian Involved,POINT (-122.451833526 37.745394643),Other Motor Vehicle
51922,1.0,Driver,East,Changing Lanes,Driver,East,Proceeding Straight,Sideswipe,0,0,0,1,No Pedestrian Involved,POINT (-122.401123075 37.791128864),Other Motor Vehicle
51923,1.0,Driver,East,Proceeding Straight,Bicyclist,North,Proceeding Straight,Hit Object,0,1,0,1,No Pedestrian Involved,POINT (-122.402065729 37.788721153),Bicycle
51924,1.0,Driver,West,Proceeding Straight,Parked Vehicle,East,Parked,Other,0,0,0,1,No Pedestrian Involved,POINT (-122.485532621 37.751970912),Not Stated
51925,1.0,Pedestrian,South,Making Right Turn,Driver,West,Proceeding Straight,Vehicle/Pedestrian,1,0,0,1,Crossing Not in Crosswalk,POINT (-122.40623139 37.797920273),Pedestrian
51926,1.0,Pedestrian,Not Stated,Proceeding Straight,Driver,North,Backing,Vehicle/Pedestrian,1,0,0,1,Crossing Not in Crosswalk,POINT (-122.400496435 37.781494508),Pedestrian
51927,1.0,Driver,North,Making Left Turn,Bicyclist,West,Proceeding Straight,Broadside,0,1,0,1,No Pedestrian Involved,POINT (-122.415462128 37.766937056),Bicycle
51928,1.0,Pedestrian,West,Proceeding Straight,Driver,South,Proceeding Straight,Vehicle/Pedestrian,1,0,0,1,Crossing in Crosswalk at Intersection,POINT (-122.454849469 37.775698712),Pedestrian
51929,1.0,Driver,East,Making Left Turn,Pedestrian,Not Stated,Proceeding Straight,Vehicle/Pedestrian,1,0,0,1,Crossing in Crosswalk at Intersection,POINT (-122.409735889 37.770348517),Pedestrian
51930,,Driver,West,Proceeding Straight,Driver,West,Stopped,Rear End,0,0,0,1,No Pedestrian Involved,POINT (-122.409387006 37.777977087),Other Motor Vehicle
51931,1.0,Driver,West,Other Unsafe Turning,Driver,West,Proceeding Straight,Sideswipe,0,0,0,1,No Pedestrian Involved,POINT (-122.422514944 37.791288891),Other Motor Vehicle
51932,1.0,Driver,East,Proceeding Straight,Parked Vehicle,West,Parked,Head-On,0,0,0,1,No Pedestrian Involved,POINT (-122.392838176 37.736015793),Parked Motor Vehicle
51933,1.0,Driver,South,Making Left Turn,Pedestrian,North,Proceeding Straight,Vehicle/Pedestrian,1,0,0,1,Not Stated,POINT (-122.407293681 37.777179299),Not Stated
51934,1.0,Driver,South,Proceeding Straight,Pedestrian,South,Proceeding Straight,Vehicle/Pedestrian,1,0,0,1,"In Road, Including Shoulder",POINT (-122.449296445 37.746727628),Pedestrian