party_id,party_at_fault,party1_type,party1_dir_of_travel,party1_move_pre_acc,party2_type,party2_dir_of_travel,party2_move_pre_acc,type_of_collision,involves_pedestrian,involves_bicycle,involves_motorcycle,involves_vehicle,ped_action,point,mviw
53319,1.0,Driver,West,Proceeding Straight,Pedestrian,South,Not Stated,Vehicle/Pedestrian,1,0,0,1,Crossing in Crosswalk at Intersection,POINT (-122.396262401 37.783440753),Pedestrian
53320,1.0,Driver,North,Stopped,Driver,North,Proceeding Straight,Rear End,0,0,0,1,No Pedestrian Involved,POINT (-122.435385086 37.723909403),Other Motor Vehicle
53321,1.0,Driver,South,Proceeding Straight,Driver,West,Proceeding Straight,Broadside,0,0,0,1,No Pedestrian Involved,POINT (-122.408708674 37.780971183),Other Motor Vehicle
53322,1.0,Driver,West,Making Right Turn,Driver,East,Proceeding Straight,Head-On,0,0,0,1,No Pedestrian Involved,POINT (-122.40880378 37.747891055),Other Motor Vehicle
53323,1.0,Pedestrian,East,Proceeding Straight,Driver,South,Proceeding Straight,Vehicle/Pedestrian,1,0,0,1,Crossing in Crosswalk at Intersection,POINT (-122.399616233 37.780791483),Pedestrian
53324,2.0,Driver,North,Proceeding Straight,Other,North,Parked,Sideswipe,0,0,0,1,No Pedestrian Involved,POINT (-122.418879262 37.747149051),Motor Vehicle on Other Roadway
53325,1.0,Bicyclist,Not Stated,Proceeding Straight,Pedestrian,North,Proceeding Straight,Rear End,1,0,0,0,Not in Road,POINT (-122.397669949 37.799234483),Not Stated
53326,1.0,Bicyclist,Not Stated,Proceeding Straight,Unknown,Unknown,Unknown,Overturned,0,0,0,0,No Pedestrian Involved,POINT (-122.498734985 37.715697183),Other Object
53327,1.0,Driver,West,Proceeding Straight,Driver,North,Proceeding Straight,Broadside,0,0,0,1,No Pedestrian Involved,POINT (-122.446974166 37.788186461),Other Motor Vehicle
53328,1.0,Driver,West,Proceeding Straight,Bicyclist,North,Proceeding Straight,Broadside,0,1,0,1,No Pedestrian Involved,POINT (-122.412329557 37.807690494),Bicycle
53329,1.0,Driver,East,Proceeding Straight,Driver,North,Proceeding Straight,Broadside,0,0,0,1,No Pedestrian Involved,POINT (-122.500830596 37.764406141),Other Motor Vehicle
53330,1.0,Driver,South,Proceeding Straight,Pedestrian,East,Not Stated,Vehicle/Pedestrian,1,0,0,1,Crossing in Crosswalk at Intersection,POINT (-122.410292027 37.782230575),Pedestrian
53331,1.0,Driver,East,Proceeding Straight,Pedestrian,South,Proceeding Straight,Vehicle/Pedestrian,1,0,0,1,Crossing in Crosswalk at Intersection,POINT (-122.400305545 37.777792858),Pedestrian
53332,1.0,Driver,East,Making U Turn,Bicyclist,East,Proceeding Straight,Not Stated,0,1,0,1,No Pedestrian Involved,POINT (-122.420424395 37.782943886),Bicycle
53333,1.0,Driver,South,Proceeding Straight,Driver,East,Proceeding Straight,Broadside,0,0,0,1,No Pedestrian Involved,POINT (-122.427302108 37.727457484),Other Motor Vehicle
53334,1.0,Driver,North,Proceeding Straight,Unknown,Unknown,Unknown,Hit Object,0,0,0,1,No Pedestrian Involved,POINT (-122.3879665 37.77640361),Fixed Object
53335,1.0,Bicyclist,South,Entering Traffic,Driver,East,Proceeding Straight,Broadside,0,1,0,1,No Pedestrian Involved,POINT (-122.427544035 37.777249081),Bicycle
53336,1.0,Driver,North,Changing Lanes,Driver,North,Proceeding Straight,Overturned,0,0,0,1,No Pedestrian Involved,POINT (-122.407434426 37.73602175),Other Motor Vehicle
53337,1.0,Pedestrian,East,Not Stated,Driver,North,Proceeding Straight,Vehicle/Pedestrian,1,0,0,1,Crossing Not in Crosswalk,POINT (-122.41983058 37.773240501),Pedestrian
53338,1.0,Driver,North,Proceeding Straight,Driver,North,Changing Lanes,Rear End,0,0,0,1,No Pedestrian Involved,POINT (-122.411325582 37.785996236),Other Motor Vehicle
53339,1.0,Driver,North,Making Left Turn,Pedestrian,East,Proceeding Straight,Vehicle/Pedestrian,1,0,0,1,Crossing in Crosswalk at Intersection,POINT (-122.41733888 37.782378944),Pedestrian
53340,1.0,Bicyclist,East,Proceeding Straight,Driver,South,Proceeding Straight,Broadside,0,1,0,1,No Pedestrian Involved,POINT (-122.432944512 37.781349915),Bicycle
53341,1.0,Driver,North,Proceeding Straight,Driver,North,Proceeding Straight,Sideswipe,0,0,0,1,No Pedestrian Involved,POINT (-122.416580344 37.778657855),Other Motor Vehicle
53342,1.0,Driver,East,Backing,Bicyclist,North,Proceeding Straight,Rear End,0,1,0,1,No Pedestrian Involved,POINT (-122.398242953 37.786790027),Bicycle
53343,1.0,Driver,East,Making Right Turn,Pedestrian,North,Proceeding Straight,Vehicle/Pedestrian,1,0,0,1,Crossing in Crosswalk at Intersection,POINT (-122.404796473 37.794453005),Pedestrian
53344,1.0,Driver,West,Making Left Turn,Driver,East,Proceeding Straight,Head-On,0,0,0,1,No Pedestrian Involved,POINT (-122.484194201 37.772569062),Other Motor Vehicle
53345,1.0,Driver,South,Backing,Parked Vehicle,South,Parked,Head-On,0,0,0,1,No Pedestrian Involved,POINT (-122.408631344 37.715090912),Parked Motor Vehicle
53346,1.0,Driver,West,Parking Maneuver,Bicyclist,West,Proceeding Straight,Sideswipe,0,1,0,1,No Pedestrian Involved,POINT (-122.472127574 37.731190937),Bicycle
53347,1.0,Driver,North,Other,Parked Vehicle,North,Parked,Rear End,0,0,0,1,No Pedestrian Involved,POINT (-122.474136629 37.782868199),Parked Motor Vehicle
53348,1.0,Driver,South,Making U Turn,Driver,North,Proceeding Straight,Broadside,0,0,0,1,No Pedestrian Involved,POINT (-122.386938696 37.754167796),Other Motor Vehicle
53349,1.0,Pedestrian,North,Proceeding Straight,Driver,West,Entering Traffic,Vehicle/Pedestrian,1,0,0,1,Crossing in Crosswalk at Intersection,POINT (-122.398970458 37.730164615),Pedestrian
53350,1.0,Driver,East,Making Left Turn,Driver,West,Proceeding Straight,Broadside,0,0,0,1,No Pedestrian Involved,POINT (-122.506685315 37.771542479),Other Motor Vehicle
53351,1.0,Driver,North,Entering Traffic,Unknown,Unknown,Unknown,Other,0,0,0,1,No Pedestrian Involved,POINT (-122.407541592 37.737826095),Non-Collision
53352,1.0,Driver,South,Proceeding Straight,Driver,South,Stopped In Road,Rear End,0,0,0,1,No Pedestrian Involved,POINT (-122.424483812 37.743992285),Other Motor Vehicle
53353,1.0,Bicyclist,East,Proceeding Straight,Pedestrian,West,Stopped,Head-On,1,0,0,0,No Pedestrian Involved,POINT (-122.422855083 37.776899021),Other Object
53354,1.0,Driver,North,Making Left Turn,Pedestrian,East,Proceeding Straight,Vehicle/Pedestrian,1,0,0,1,Crossing in Crosswalk at Intersection,POINT (-122.409253357 37.754398421),Pedestrian
53355,1.0,Driver,East,Proceeding Straight,Driver,East,Stopped In Road,Rear End,0,0,0,1,No Pedestrian Involved,POINT (-122.426131823 37.763036704),Other Motor Vehicle
53356,1.0,Driver,North,Entering Traffic,Bicyclist,North,Proceeding Straight,Sideswipe,0,1,0,1,No Pedestrian Involved,POINT (-122.482759121 37.782451301),Bicycle
53357,1.0,Driver,North,Proceeding Straight,Parked Vehicle,North,Parked,Rear End,0,0,0,1,No Pedestrian Involved,POINT (-122.401863867 37.796674978),Parked Motor Vehicle
53358,1.0,Driver,South,Backing,Pedestrian,South,Entering Traffic,Vehicle/Pedestrian,1,0,0,1,"In Road, Including Shoulder",POINT (-122.440108894 37.717658404),Pedestrian
53359,2.0,Driver,North,Proceeding Straight,Bicyclist,West,Proceeding Straight,Broadside,0,1,0,1,No Pedestrian Involved,POINT (-122.420817003 37.782894121),Bicycle
53360,1.0,Bicyclist,East,Proceeding Straight,Unknown,Unknown,Unknown,Other,0,1,0,0,No Pedestrian Involved,POINT (-122.474832873 37.774869881),Bicycle
53361,1.0,Driver,South,Changing Lanes,Driver,East,Proceeding Straight,Broadside,0,0,0,1,No Pedestrian Involved,POINT (-122.425236501 37.788070188),Other Motor Vehicle
53362,1.0,Driver,East,Backing,Driver,South,Proceeding Straight,Sideswipe,0,0,0,1,No Pedestrian Involved,POINT (-122.483486749 37.777681965),Other Motor Vehicle
53363,1.0,Driver,South,Changing Lanes,Driver,South,Proceeding Straight,Sideswipe,0,0,0,1,No Pedestrian Involved,POINT (-122.405810119 37.778660839),Other Motor Vehicle
53364,1.0,Driver,North,Backing,Parked Vehicle,Not Stated,Parked,Rear End,0,0,0,1,No Pedestrian Involved,POINT (-122.482899356 37.753957235),Parked Motor Vehicle
53365,,Driver,East,Proceeding Straight,Driver,North,Proceeding Straight,Broadside,0,0,0,1,No Pedestrian Involved,POINT (-122.421148424 37.776158765),Other Motor Vehicle
53366,1.0,Driver,West,Proceeding Straight,Driver,West,Stopped,Rear End,0,0,0,1,No Pedestrian Involved,POINT (-122.458191391 37.724317536),Other Motor Vehicle
53367,1.0,Driver,West,Making Left Turn,Bicyclist,East,Proceeding Straight,Other,0,1,0,1,No Pedestrian Involved,POINT (-122.404266873 37.784478745),Bicycle
53368,1.0,Driver,North,Proceeding Straight,Driver,North,Making Right Turn,Rear End,0,0,0,1,No Pedestrian Involved,POINT (-122.422732421 37.792883405),Other Motor Vehicle
53369,1.0,Driver,West,Proceeding Straight,Driver,North,Proceeding Straight,Broadside,0,0,0,1,No Pedestrian Involved,POINT (-122.486274189 37.732237985),Other Motor Vehicle
53370,1.0,Driver,South,Making U Turn,Driver,South,Proceeding Straight,Rear End,0,0,0,1,No Pedestrian Involved,POINT (-122.444831852 37.712539244),Other Motor Vehicle
53371,,Driver,South,Proceeding Straight,Unknown,Unknown,Unknown,Overturned,0,0,0,1,No Pedestrian Involved,POINT (-122.416240816 37.785282806),Non-Collision
53372,,Driver,East,Proceeding Straight,Driver,South,Proceeding Straight,Broadside,0,0,0,1,No Pedestrian Involved,POINT (-122.434109011 37.773549377),Other Motor Vehicle
53373,1.0,Driver,West,Proceeding Straight,Driver,West,Stopped In Road,Rear End,0,0,0,1,No Pedestrian Involved,POINT (-122.486222011 37.708317184),Other Motor Vehicle
53374,1.0,Bicyclist,East,Proceeding Straight,Unknown,Unknown,Unknown,Other,0,0,0,0,No Pedestrian Involved,POINT (-122.390643312 37.762929197),Other Object
53375,,Other,South,Proceeding Straight,Driver,South,Stopped In Road,Other,0,0,0,1,No Pedestrian Involved,POINT (-122.427131009 37.748581221),Train
53376,1.0,Driver,East,Proceeding Straight,Driver,East,Stopped In Road,Rear End,0,0,0,1,No Pedestrian Involved,POINT (-122.477252361 37.734537415),Other Motor Vehicle
53377,1.0,Driver,East,Proceeding Straight,Pedestrian,South,Other,Vehicle/Pedestrian,1,0,0,1,Crossing in Crosswalk at Intersection,POINT (-122.486060208 37.734183045),Pedestrian
53378,,Driver,North,Making Right Turn,Bicyclist,North,Proceeding Straight,Broadside,0,1,0,1,No Pedestrian Involved,POINT (-122.42402372 37.739989574),Bicycle
53379,1.0,Driver,West,Proceeding Straight,Driver,West,Proceeding Straight,Sideswipe,0,0,0,1,No Pedestrian Involved,POINT (-122.409111939 37.797565633),Other Motor Vehicle
53380,1.0,Driver,West,Making U Turn,Driver,West,Proceeding Straight,Broadside,0,0,0,1,No Pedestrian Involved,POINT (-122.44693382 37.770007606),Other Motor Vehicle
53381,1.0,Driver,West,Making Right Turn,Driver,East,Making Left Turn,Broadside,0,0,0,1,No Pedestrian Involved,POINT (-122.389485813 37.760435277),Other Motor Vehicle
53382,1.0,Driver,South,Proceeding Straight,Driver,South,Stopped In Road,Rear End,0,0,0,1,No Pedestrian Involved,POINT (-122.484096238 37.726507241),Other Motor Vehicle
53383,1.0,Driver,South,Proceeding Straight,Unknown,Unknown,Unknown,Not Stated,0,0,0,1,No Pedestrian Involved,POINT (-122.478806671 37.728151913),Fixed Object
53384,1.0,Driver,West,Stopped In Road,Driver,North,Proceeding Straight,Broadside,0,0,0,1,No Pedestrian Involved,POINT (-122.404306293 37.742520734),Other Motor Vehicle
53385,1.0,Driver,East,Making Left Turn,Pedestrian,South,Proceeding Straight,Vehicle/Pedestrian,1,0,0,1,Crossing in Crosswalk at Intersection,POINT (-122.459212803 37.724533171),Pedestrian
53386,1.0,Driver,East,Proceeding Straight,Unknown,Unknown,Unknown,Other,0,0,0,1,No Pedestrian Involved,POINT (-122.398845804 37.791188052),Non-Collision
53387,1.0,Driver,South,Making Right Turn,Unknown,Unknown,Unknown,Other,0,0,0,1,No Pedestrian Involved,POINT (-122.390527234 37.780606757),Other Object
53388,1.0,Driver,East,Making Left Turn,Driver,North,Proceeding Straight,Head-On,0,0,0,1,No Pedestrian Involved,POINT (-122.419538467 37.784914047),Other Motor Vehicle
53389,1.0,Pedestrian,East,Proceeding Straight,Driver,North,Proceeding Straight,Vehicle/Pedestrian,1,0,0,1,Crossing Not in Crosswalk,POINT (-122.407534918 37.765783258),Pedestrian
53390,,Driver,West,Proceeding Straight,Driver,South,Proceeding Straight,Head-On,0,0,0,1,No Pedestrian Involved,POINT (-122.414996655 37.770896108),Other Motor Vehicle
53391,1.0,Bicyclist,East,Proceeding Straight,Driver,East,Stopped In Road,Rear End,0,1,0,1,No Pedestrian Involved,POINT (-122.403157712 37.787795629),Bicycle
53392,1.0,Bicyclist,West,Proceeding Straight,Driver,East,Proceeding Straight,Broadside,0,1,0,1,No Pedestrian Involved,POINT (-122.389478018 37.750145107),Bicycle
53393,,Driver,North,Proceeding Straight,Bicyclist,North,Proceeding Straight,Rear End,0,1,0,1,No Pedestrian Involved,POINT (-122.42685829 37.769042389),Bicycle
53394,1.0,Pedestrian,North,Proceeding Straight,Driver,West,Proceeding Straight,Vehicle/Pedestrian,1,0,0,1,"In Road, Including Shoulder",POINT (-122.413619276 37.78475127),Pedestrian
53395,1.0,Driver,West,Making Left Turn,Driver,East,Proceeding Straight,Head-On,0,0,0,1,No Pedestrian Involved,POINT (-122.426161767 37.731168532),Other Motor Vehicle
53396,1.0,Driver,South,Proceeding Straight,Driver,South,Proceeding Straight,Broadside,0,0,0,1,No Pedestrian Involved,POINT (-122.423354024 37.778747372),Other Motor Vehicle
53397,1.0,Pedestrian,East,Proceeding Straight,Driver,South,Slowing/Stopping,Vehicle/Pedestrian,1,0,0,1,Crossing in Crosswalk at Intersection,POINT (-122.420008321 37.770111449),Pedestrian
53398,1.0,Driver,East,Proceeding Straight,Driver,East,Stopped,Rear End,0,0,0,1,No Pedestrian Involved,POINT (-122.423929302 37.77293565),Other Motor Vehicle
53399,1.0,Driver,East,Changing Lanes,Driver,East,Proceeding Straight,Sideswipe,0,0,0,1,No Pedestrian Involved,POINT (-122.427109876 37.800913722),Other Motor Vehicle
53400,,Driver,West,Making Right Turn,Parked Vehicle,Not Stated,Parked,Head-On,0,0,0,1,No Pedestrian Involved,POINT (-122.418433635 37.803099602),Fixed Object
53401,,Driver,West,Other,Driver,West,Stopped,Other,0,0,0,1,No Pedestrian Involved,POINT (-122.46846205 37.765797313),Other Motor Vehicle
53402,1.0,Pedestrian,South,Not Stated,Driver,East,Proceeding Straight,Vehicle/Pedestrian,1,0,0,1,Crossing Not in Crosswalk,POINT (-122.402319247 37.790976406),Pedestrian
53403,1.0,Driver,South,Proceeding Straight,Driver,West,Proceeding Straight,Broadside,0,0,0,1,No Pedestrian Involved,POINT (-122.39482876 37.7652476),Other Motor Vehicle
53404,1.0,Bicyclist,South,Proceeding Straight,Driver,West,Proceeding Straight,Broadside,0,0,0,1,No Pedestrian Involved,POINT (-122.459387615 37.788405218),Not Stated
53405,1.0,Driver,South,Making Right Turn,Pedestrian,East,Not Stated,Vehicle/Pedestrian,1,0,0,1,Crossing in Crosswalk at Intersection,POINT (-122.409309179 37.784349269),Pedestrian
53406,1.0,Driver,South,Making Left Turn,Driver,South,Slowing/Stopping,Broadside,0,0,0,1,No Pedestrian Involved,POINT (-122.405615266 37.778505105),Other Motor Vehicle
53407,1.0,Driver,South,Proceeding Straight,Driver,South,Stopped,Rear End,0,0,0,1,No Pedestrian Involved,POINT (-122.45049893 37.709543368),Other Motor Vehicle
53408,1.0,Driver,West,Proceeding Straight,Driver,West,Stopped In Road,Rear End,0,0,0,1,No Pedestrian Involved,POINT (-122.42276491 37.795819185),Other Motor Vehicle
53409,1.0,Driver,South,Making Right Turn,Pedestrian,North,Proceeding Straight,Vehicle/Pedestrian,1,0,0,1,Crossing in Crosswalk at Intersection,POINT (-122.410486689 37.765605839),Pedestrian
53410,1.0,Driver,West,Proceeding Straight,Pedestrian,Not Stated,Other,Vehicle/Pedestrian,1,0,0,1,"In Road, Including Shoulder",POINT (-122.492654135 37.742303845),Pedestrian
53411,1.0,Pedestrian,West,Proceeding Straight,Driver,South,Proceeding Straight,Vehicle/Pedestrian,1,0,0,1,Crossing in Crosswalk at Intersection,POINT (-122.484459702 37.776289022),Pedestrian
53412,1.0,Driver,South,Parked,Bicyclist,South,Proceeding Straight,Other,0,1,0,1,No Pedestrian Involved,POINT (-122.420746751 37.790871456),Bicycle
53413,,Pedestrian,North,Not Stated,Driver,North,Proceeding Straight,Sideswipe,1,0,0,1,"In Road, Including Shoulder",POINT (-122.42111754 37.756902008),Pedestrian
53414,1.0,Driver,South,Proceeding Straight,Driver,West,Proceeding Straight,Broadside,0,0,0,1,No Pedestrian Involved,POINT (-122.399656661 37.780759545),Other Motor Vehicle
53415,1.0,Driver,North,Making Right Turn,Bicyclist,Not Stated,Proceeding Straight,Broadside,0,1,0,1,No Pedestrian Involved,POINT (-122.423007542 37.742849194),Bicycle
53416,1.0,Pedestrian,North,Other,Driver,East,Proceeding Straight,Broadside,1,0,0,1,Crossing Not in Crosswalk,POINT (-122.39386512 37.732705435),Pedestrian
53417,1.0,Driver,West,Proceeding Straight,Driver,North,Proceeding Straight,Broadside,0,0,0,1,No Pedestrian Involved,POINT (-122.494836748 37.747817122),Other Motor Vehicle
53418,1.0,Driver,North,Proceeding Straight,Driver,North,Stopped,Rear End,0,0,0,1,No Pedestrian Involved,POINT (-122.388209063 37.78462112),Other Motor Vehicle
53419,,Driver,West,Making Right Turn,Pedestrian,South,Proceeding Straight,Vehicle/Pedestrian,1,0,0,1,Crossing in Crosswalk at Intersection,POINT (-122.481515723 37.780225818),Pedestrian
53420,1.0,Bicyclist,South,Making Right Turn,Driver,South,Proceeding Straight,Sideswipe,0,1,0,1,No Pedestrian Involved,POINT (-122.417501463 37.776540894),Bicycle
53421,1.0,Driver,North,Proceeding Straight,Parked Vehicle,North,Parked,Sideswipe,0,0,0,1,No Pedestrian Involved,POINT (-122.486886302 37.780105945),Parked Motor Vehicle
53422,1.0,Pedestrian,West,Other,Driver,North,Proceeding Straight,Vehicle/Pedestrian,1,0,0,1,Crossing Not in Crosswalk,POINT (-122.40476885 37.794314193),Pedestrian
53423,1.0,Driver,East,Proceeding Straight,Driver,East,Making Right Turn,Rear End,0,0,0,1,No Pedestrian Involved,POINT (-122.397669949 37.799234483),Other Motor Vehicle
53424,1.0,Driver,East,Proceeding Straight,Pedestrian,Not Stated,Other,Vehicle/Pedestrian,1,0,0,1,Crossing Not in Crosswalk,POINT (-122.49414887 37.762811377),Pedestrian
53425,1.0,Pedestrian,East,Other,Driver,North,Proceeding Straight,Vehicle/Pedestrian,1,0,0,1,Crossing Not in Crosswalk,POINT (-122.448522504 37.714012923),Pedestrian
53426,1.0,Bicyclist,East,Proceeding Straight,Unknown,Unknown,Unknown,Other,0,0,0,0,No Pedestrian Involved,POINT (-122.485147938 37.78574601),Non-Collision
53427,1.0,Pedestrian,West,Entering Traffic,Driver,North,Making Right Turn,Vehicle/Pedestrian,1,0,0,1,Crossing in Crosswalk at Intersection,POINT (-122.437446698 37.723710683),Pedestrian
53428,1.0,Bicyclist,North,Proceeding Straight,Driver,North,Making Right Turn,Broadside,0,1,0,1,No Pedestrian Involved,POINT (-122.508901064 37.756539156),Bicycle
53429,1.0,Driver,West,Making U Turn,Bicyclist,East,Proceeding Straight,Broadside,0,1,0,1,No Pedestrian Involved,POINT (-122.39875545 37.776568383),Bicycle
53430,1.0,Driver,South,Making Left Turn,Pedestrian,West,Proceeding Straight,Vehicle/Pedestrian,1,0,0,1,Not in Road,POINT (-122.431306195 37.77199728),Pedestrian
53431,1.0,Driver,West,Proceeding Straight,Bicyclist,North,Proceeding Straight,Broadside,0,1,0,1,No Pedestrian Involved,POINT (-122.415172289 37.752439646),Bicycle
53432,1.0,Bicyclist,East,Proceeding Straight,Driver,South,Proceeding Straight,Broadside,0,1,0,1,No Pedestrian Involved,POINT (-122.415863142 37.748215803),Bicycle
53433,1.0,Bicyclist,West,Proceeding Straight,Driver,South,Making Right Turn,Broadside,0,1,0,1,No Pedestrian Involved,POINT (-122.394035066 37.776332976),Bicycle
53434,1.0,Driver,South,Making Right Turn,Pedestrian,South,Proceeding Straight,Vehicle/Pedestrian,1,0,0,1,Crossing in Crosswalk at Intersection,POINT (-122.411628465 37.776203681),Pedestrian
53435,1.0,Driver,East,Proceeding Straight,Parked Vehicle,East,Not Stated,Rear End,0,0,0,1,No Pedestrian Involved,POINT (-122.430168382 37.787440825),Parked Motor Vehicle
53436,1.0,Driver,East,Proceeding Straight,Driver,East,Proceeding Straight,Rear End,0,0,0,1,No Pedestrian Involved,POINT (-122.465883163 37.773398205),Other Motor Vehicle
53437,,Driver,East,Making Right Turn,Driver,South,Making Right Turn,Sideswipe,0,0,0,1,No Pedestrian Involved,POINT (-122.401051293 37.798580054),Other Motor Vehicle
53438,1.0,Driver,East,Making Left Turn,Driver,North,Proceeding Straight,Overturned,0,0,0,1,No Pedestrian Involved,POINT (-122.471797436 37.731032355),Other Motor Vehicle
53439,1.0,Driver,North,Proceeding Straight,Driver,North,Proceeding Straight,Rear End,0,0,0,1,No Pedestrian Involved,POINT (-122.394300038 37.78008973),Other Motor Vehicle
53440,1.0,Driver,North,Making Left Turn,Driver,West,Proceeding Straight,Broadside,0,0,0,1,No Pedestrian Involved,POINT (-122.421330432 37.777090973),Not Stated
53441,1.0,Driver,North,Making Left Turn,Driver,South,Proceeding Straight,Broadside,0,0,0,1,No Pedestrian Involved,POINT (-122.423982144 37.798552454),Other Motor Vehicle
53442,1.0,Driver,South,Proceeding Straight,Driver,North,Stopped,Sideswipe,0,0,0,1,No Pedestrian Involved,POINT (-122.41126652 37.740965182),Other Motor Vehicle
53443,1.0,Driver,East,Proceeding Straight,Driver,East,Making Left Turn,Rear End,0,0,0,1,No Pedestrian Involved,POINT (-122.38234131 37.730598258),Other Motor Vehicle
53444,1.0,Driver,North,Proceeding Straight,Unknown,Unknown,Unknown,Hit Object,0,0,0,1,No Pedestrian Involved,POINT (-122.398555902 37.736433077),Other Object
53445,1.0,Driver,North,Proceeding Straight,Driver,North,Changing Lanes,Rear End,0,0,0,1,No Pedestrian Involved,POINT (-122.414876785 37.803542325),Other Motor Vehicle
53446,1.0,Driver,West,Making Left Turn,Driver,West,Proceeding Straight,Sideswipe,0,0,0,1,No Pedestrian Involved,POINT (-122.393612544 37.762755526),Other Motor Vehicle
53447,1.0,Driver,South,Making Left Turn,Pedestrian,West,Proceeding Straight,Vehicle/Pedestrian,1,0,0,1,Crossing in Crosswalk at Intersection,POINT (-122.404921179 37.781489793),Pedestrian
53448,1.0,Driver,West,Proceeding Straight,Driver,West,Proceeding Straight,Rear End,0,0,0,1,No Pedestrian Involved,POINT (-122.407554237 37.748439895),Other Motor Vehicle
53449,,Driver,South,Proceeding Straight,Other,North,Parked,Sideswipe,0,0,0,1,No Pedestrian Involved,POINT (-122.387608629 37.728228754),Parked Motor Vehicle
53450,,Driver,North,Proceeding Straight,Driver,East,Proceeding Straight,Broadside,0,0,0,1,No Pedestrian Involved,POINT (-122.410310841 37.806027718),Other Motor Vehicle
53451,1.0,Driver,West,Making Right Turn,Pedestrian,South,Proceeding Straight,Vehicle/Pedestrian,1,0,0,1,Crossing in Crosswalk at Intersection,POINT (-122.419883231 37.778251017),Pedestrian
53452,1.0,Other,South,Proceeding Straight,Pedestrian,East,Proceeding Straight,Broadside,1,0,0,0,Crossing in Crosswalk at Intersection,POINT (-122.429304397 37.730742173),Pedestrian
53453,1.0,Driver,South,Proceeding Straight,Parked Vehicle,South,Parked,Hit Object,0,0,0,1,No Pedestrian Involved,POINT (-122.449480684 37.709887986),Parked Motor Vehicle
53454,,Other,South,Making Left Turn,Driver,North,Proceeding Straight,Broadside,0,0,0,1,No Pedestrian Involved,POINT (-122.426452239 37.777388195),Motor Vehicle on Other Roadway
53455,1.0,Driver,North,Proceeding Straight,Driver,East,Proceeding Straight,Broadside,0,0,0,1,No Pedestrian Involved,POINT (-122.411504576 37.728229907),Other Motor Vehicle
53456,1.0,Driver,East,Making Right Turn,Driver,East,Proceeding Straight,Broadside,0,0,0,1,No Pedestrian Involved,POINT (-122.422186439 37.772909123),Motor Vehicle on Other Roadway
53457,1.0,Pedestrian,South,Not Stated,Driver,West,Not Stated,Vehicle/Pedestrian,1,0,0,1,"In Road, Including Shoulder",POINT (-122.457115718 37.763686629),Pedestrian
53458,1.0,Driver,North,Proceeding Straight,Unknown,Unknown,Unknown,Vehicle/Pedestrian,1,0,0,1,No Pedestrian Involved,POINT (-122.448618427 37.718124632),Fixed Object
53459,1.0,Bicyclist,South,Proceeding Straight,Driver,East,Proceeding Straight,Broadside,0,1,0,1,No Pedestrian Involved,POINT (-122.389716741 37.772930795),Bicycle
53460,1.0,Driver,South,Proceeding Straight,Driver,Not Stated,Proceeding Straight,Broadside,0,0,0,1,No Pedestrian Involved,POINT (-122.380256838 37.726990657),Other Motor Vehicle
53461,1.0,Driver,South,Backing,Driver,West,Proceeding Straight,Rear End,0,0,0,1,No Pedestrian Involved,POINT (-122.443236468 37.774297719),Other Motor Vehicle
53462,1.0,Driver,North,Proceeding Straight,Unknown,Unknown,Unknown,Hit Object,0,0,0,1,No Pedestrian Involved,POINT (-122.406766593 37.737310221),Fixed Object
53463,1.0,Driver,West,Making Left Turn,Pedestrian,West,Other,Vehicle/Pedestrian,1,0,0,1,Crossing in Crosswalk at Intersection,POINT (-122.472163719 37.778716936),Pedestrian
53464,1.0,Driver,Not Stated,Proceeding Straight,Bicyclist,North,Proceeding Straight,Rear End,0,1,0,1,No Pedestrian Involved,POINT (-122.443321055 37.777164446),Bicycle
53465,1.0,Driver,South,Changing Lanes,Driver,South,Proceeding Straight,Sideswipe,0,0,0,1,No Pedestrian Involved,POINT (-122.403920882 37.78069905),Other Motor Vehicle
53466,1.0,Other,West,Parked,Bicyclist,West,Proceeding Straight,Sideswipe,0,1,0,0,No Pedestrian Involved,POINT (-122.455917874 37.765997521),Bicycle
53467,1.0,Driver,South,Proceeding Straight,Driver,West,Proceeding Straight,Broadside,0,0,0,1,No Pedestrian Involved,POINT (-122.394035064 37.776332976),Other Motor Vehicle
53468,1.0,Driver,West,Proceeding Straight,Pedestrian,North,Proceeding Straight,Vehicle/Pedestrian,1,0,0,1,Crossing in Crosswalk at Intersection,POINT (-122.415315615 37.780719177),Pedestrian
53469,1.0,Bicyclist,North,Proceeding Straight,Driver,West,Proceeding Straight,Broadside,0,1,0,1,No Pedestrian Involved,POINT (-122.414391086 37.772157384),Bicycle
53470,,Driver,West,Entering Traffic,Pedestrian,West,Proceeding Straight,Hit Object,1,0,0,1,"In Road, Including Shoulder",POINT (-122.441019562 37.716459546),Other Object
53471,1.0,Driver,North,Making Right Turn,Pedestrian,West,Proceeding Straight,Vehicle/Pedestrian,1,0,0,1,Crossing in Crosswalk at Intersection,POINT (-122.436043096 37.799827682),Pedestrian
53472,1.0,Pedestrian,West,Other,Driver,North,Making Right Turn,Vehicle/Pedestrian,1,0,0,1,Crossing in Crosswalk at Intersection,POINT (-122.423411393 37.771930258),Pedestrian