party_id,party_at_fault,party1_type,party1_dir_of_travel,party1_move_pre_acc,party2_type,party2_dir_of_travel,party2_move_pre_acc,type_of_collision,involves_pedestrian,involves_bicycle,involves_motorcycle,involves_vehicle,ped_action,point,mviw
54093,1.0,Driver,West,Making U Turn,Driver,West,Proceeding Straight,Broadside,0,0,0,1,No Pedestrian Involved,POINT (-122.478985558 37.72088443),Other Motor Vehicle
54094,1.0,Driver,East,Proceeding Straight,Driver,South,Proceeding Straight,Broadside,0,0,0,1,No Pedestrian Involved,POINT (-122.404306292 37.742520735),Other Motor Vehicle
54095,1.0,Driver,West,Proceeding Straight,Driver,West,Stopped In Road,Rear End,0,0,0,1,No Pedestrian Involved,POINT (-122.401406416 37.749436181),Other Motor Vehicle
54096,1.0,Other,South,Proceeding Straight,Pedestrian,East,Proceeding Straight,Broadside,1,0,0,0,Crossing Not in Crosswalk,POINT (-122.460327847 37.769714158),Pedestrian
54097,1.0,Driver,South,Changing Lanes,Driver,South,Proceeding Straight,Sideswipe,0,0,0,1,No Pedestrian Involved,POINT (-122.476399978 37.754820945),Other Motor Vehicle
54098,1.0,Driver,West,Making Left Turn,Driver,North,Proceeding Straight,Broadside,0,0,0,1,No Pedestrian Involved,POINT (-122.459707126 37.735504375),Other Motor Vehicle
54099,1.0,Driver,South,Proceeding Straight,Parked Vehicle,Not Stated,Parked,Broadside,0,0,0,1,No Pedestrian Involved,POINT (-122.475225476 37.720442632),Parked Motor Vehicle
54100,1.0,Driver,East,Making Left Turn,Driver,West,Proceeding Straight,Head-On,0,0,0,1,No Pedestrian Involved,POINT (-122.452895517 37.780363045),Other Motor Vehicle
54101,1.0,Driver,East,Proceeding Straight,Parked Vehicle,North,Parked,Broadside,0,0,0,1,No Pedestrian Involved,POINT (-122.418364302 37.787484411),Parked Motor Vehicle
54102,1.0,Driver,South,Proceeding Straight,Driver,West,Making U Turn,Broadside,0,0,0,1,No Pedestrian Involved,POINT (-122.437628085 37.774008549),Other Motor Vehicle
54103,1.0,Driver,East,Proceeding Straight,Driver,East,Making Right Turn,Rear End,0,0,0,1,No Pedestrian Involved,POINT (-122.47736283 37.766062486),Other Motor Vehicle
54104,1.0,Driver,North,Passing Other Vehicle,Driver,North,Proceeding Straight,Sideswipe,0,0,0,1,No Pedestrian Involved,POINT (-122.510477283 37.76812521),Other Motor Vehicle
54105,1.0,Driver,North,Proceeding Straight,Unknown,Unknown,Unknown,Hit Object,0,0,0,1,No Pedestrian Involved,POINT (-122.47186061 37.772796963),Fixed Object
54106,1.0,Driver,East,Proceeding Straight,Driver,South,Proceeding Straight,Head-On,0,0,0,1,No Pedestrian Involved,POINT (-122.392213661 37.735660959),Other Motor Vehicle
54107,1.0,Driver,North,Making Left Turn,Other,South,Proceeding Straight,Broadside,0,0,0,1,No Pedestrian Involved,POINT (-122.418598509 37.780260133),Other Motor Vehicle
54108,1.0,Driver,East,Proceeding Straight,Driver,East,Stopped,Rear End,0,0,0,1,No Pedestrian Involved,POINT (-122.46374615 37.711488715),Other Motor Vehicle
54109,1.0,Driver,West,Making Left Turn,Driver,West,Stopped,Sideswipe,0,0,0,1,No Pedestrian Involved,POINT (-122.40495478 37.731379601),Other Motor Vehicle
54110,1.0,Bicyclist,North,Proceeding Straight,Driver,North,Stopped,Rear End,0,1,0,1,No Pedestrian Involved,POINT (-122.421882252 37.764873585),Bicycle
54111,1.0,Driver,North,Proceeding Straight,Driver,North,Stopped,Rear End,0,0,0,1,No Pedestrian Involved,POINT (-122.392072954 37.730855183),Other Motor Vehicle
54112,1.0,Driver,East,Proceeding Straight,Driver,East,Stopped,Rear End,0,0,0,1,No Pedestrian Involved,POINT (-122.465563289 37.78088859),Other Motor Vehicle
54113,1.0,Driver,East,Making Left Turn,Pedestrian,South,Proceeding Straight,Vehicle/Pedestrian,1,0,0,1,Crossing in Crosswalk at Intersection,POINT (-122.406771144 37.78849948),Pedestrian
54114,1.0,Driver,West,Making Left Turn,Driver,Not Stated,Proceeding Straight,Broadside,0,0,0,1,No Pedestrian Involved,POINT (-122.422001814 37.789428992),Other Motor Vehicle
54115,1.0,Driver,South,Proceeding Straight,Driver,South,Stopped,Rear End,0,0,0,1,No Pedestrian Involved,POINT (-122.405549392 37.797089843),Other Motor Vehicle
54116,1.0,Driver,East,Proceeding Straight,Driver,East,Stopped,Rear End,0,0,0,1,No Pedestrian Involved,POINT (-122.440313491 37.716096463),Other Motor Vehicle
54117,1.0,Driver,West,Proceeding Straight,Pedestrian,North,Proceeding Straight,Vehicle/Pedestrian,1,0,0,1,Crossing Not in Crosswalk,POINT (-122.414241573 37.783723783),Pedestrian
54118,1.0,Driver,West,Proceeding Straight,Driver,South,Proceeding Straight,Broadside,0,0,0,1,No Pedestrian Involved,POINT (-122.399148598 37.791016649),Other Motor Vehicle
54119,1.0,Driver,North,Making Right Turn,Driver,North,Proceeding Straight,Not Stated,0,0,0,1,No Pedestrian Involved,POINT (-122.428436981 37.734950949),Other Motor Vehicle
54120,1.0,Bicyclist,West,Making Left Turn,Unknown,Unknown,Unknown,Other,0,0,0,0,No Pedestrian Involved,POINT (-122.505428658 37.738003994),Non-Collision
54121,1.0,Other,South,Proceeding Straight,Driver,North,Making Left Turn,Head-On,0,0,0,1,No Pedestrian Involved,POINT (-122.421739062 37.74273055),Other Motor Vehicle
54122,,Pedestrian,West,Entering Traffic,Driver,South,Proceeding Straight,Vehicle/Pedestrian,1,0,0,1,Crossing in Crosswalk at Intersection,POINT (-122.416259706 37.785375975),Pedestrian
54123,1.0,Driver,South,Proceeding Straight,Driver,South,Stopped,Rear End,0,0,0,1,No Pedestrian Involved,POINT (-122.419226502 37.78332917),Other Motor Vehicle
54124,1.0,Bicyclist,East,Proceeding Straight,Pedestrian,East,Proceeding Straight,Vehicle/Pedestrian,1,0,0,0,"In Road, Including Shoulder",POINT (-122.456633894 37.770966286),Pedestrian
54125,1.0,Pedestrian,South,Proceeding Straight,Driver,West,Proceeding Straight,Vehicle/Pedestrian,1,0,0,1,Crossing Not in Crosswalk,POINT (-122.404413749 37.777001314),Pedestrian
54126,1.0,Driver,South,Proceeding Straight,Parked Vehicle,South,Parked,Rear End,0,0,0,1,No Pedestrian Involved,POINT (-122.435508936 37.742592488),Parked Motor Vehicle
54127,,Driver,South,Making Right Turn,Parked Vehicle,South,Parked,Sideswipe,0,0,0,1,No Pedestrian Involved,POINT (-122.436641867 37.71354978),Not Stated
54128,1.0,Driver,North,Making Left Turn,Driver,South,Proceeding Straight,Broadside,0,0,0,1,No Pedestrian Involved,POINT (-122.421756487 37.742703607),Other Motor Vehicle
54129,1.0,Parked Vehicle,East,Stopped In Road,Bicyclist,East,Stopped In Road,Sideswipe,0,1,0,0,No Pedestrian Involved,POINT (-122.494990566 37.770145562),Bicycle
54130,1.0,Driver,West,Proceeding Straight,Driver,West,Stopped,Rear End,0,0,0,1,No Pedestrian Involved,POINT (-122.397176878 37.729909884),Other Motor Vehicle
54131,1.0,Bicyclist,East,Slowing/Stopping,Driver,West,Stopped,Rear End,0,1,0,1,No Pedestrian Involved,POINT (-122.437426294 37.772179187),Bicycle
54132,1.0,Driver,East,Proceeding Straight,Driver,East,Stopped,Rear End,0,0,0,1,No Pedestrian Involved,POINT (-122.418536114 37.788924267),Other Motor Vehicle
54133,1.0,Driver,South,Making Left Turn,Driver,North,Proceeding Straight,Broadside,0,0,0,1,No Pedestrian Involved,POINT (-122.424538325 37.801303719),Other Motor Vehicle
54134,1.0,Driver,West,Proceeding Straight,Driver,West,Stopped In Road,Rear End,0,0,0,1,No Pedestrian Involved,POINT (-122.42383918 37.769779224),Other Motor Vehicle
54135,1.0,Driver,South,Proceeding Straight,Unknown,Unknown,Unknown,Head-On,0,0,0,1,No Pedestrian Involved,POINT (-122.38745631 37.749004759),Fixed Object
54136,1.0,Driver,South,Other,Driver,South,Proceeding Straight,Sideswipe,0,0,0,1,No Pedestrian Involved,POINT (-122.447267505 37.783584184),Other Motor Vehicle
54137,1.0,Other,South,Proceeding Straight,Driver,East,Proceeding Straight,Broadside,0,0,0,1,No Pedestrian Involved,POINT (-122.487183012 37.753768547),Other Motor Vehicle
54138,1.0,Driver,South,Making U Turn,Driver,West,Proceeding Straight,Broadside,0,0,0,1,No Pedestrian Involved,POINT (-122.421768166 37.795945403),Other Motor Vehicle
54139,1.0,Driver,West,Making Left Turn,Driver,East,Proceeding Straight,Head-On,0,0,0,1,No Pedestrian Involved,POINT (-122.413975007 37.807482514),Other Motor Vehicle
54140,1.0,Driver,South,Making Left Turn,Driver,East,Proceeding Straight,Broadside,0,0,0,1,No Pedestrian Involved,POINT (-122.447039806 37.778622308),Other Motor Vehicle
54141,,Driver,East,Proceeding Straight,Driver,South,Proceeding Straight,Broadside,0,0,0,1,No Pedestrian Involved,POINT (-122.435990945 37.72671922),Other Motor Vehicle
54142,1.0,Driver,East,Proceeding Straight,Driver,Not Stated,Proceeding Straight,Broadside,0,0,0,1,No Pedestrian Involved,POINT (-122.41578789 37.740406879),Other Motor Vehicle
54143,1.0,Driver,South,Proceeding Straight,Bicyclist,South,Proceeding Straight,Sideswipe,0,1,0,1,No Pedestrian Involved,POINT (-122.42063825 37.781960766),Bicycle
54144,1.0,Pedestrian,East,Proceeding Straight,Driver,North,Proceeding Straight,Vehicle/Pedestrian,1,0,0,1,Crossing in Crosswalk at Intersection,POINT (-122.420817003 37.782894121),Pedestrian
54145,1.0,Parked Vehicle,North,Parked,Bicyclist,North,Proceeding Straight,Sideswipe,0,1,0,0,No Pedestrian Involved,POINT (-122.418973052 37.757794305),Bicycle
54146,1.0,Driver,East,Making Right Turn,Driver,East,Making Right Turn,Sideswipe,0,0,0,1,No Pedestrian Involved,POINT (-122.408941028 37.786295917),Motor Vehicle on Other Roadway
54147,1.0,Driver,South,Traveling Wrong Way,Unknown,Unknown,Unknown,Hit Object,0,0,0,1,No Pedestrian Involved,POINT (-122.406938039 37.789341493),Fixed Object
54148,,Driver,East,Proceeding Straight,Driver,East,Proceeding Straight,Sideswipe,0,0,0,1,No Pedestrian Involved,POINT (-122.412468865 37.797018948),Fixed Object
54149,1.0,Driver,South,Slowing/Stopping,Driver,West,Stopped,Rear End,0,0,0,1,No Pedestrian Involved,POINT (-122.432805473 37.764350566),Other Motor Vehicle
54150,1.0,Driver,East,Proceeding Straight,Unknown,Unknown,Unknown,Hit Object,0,0,0,1,No Pedestrian Involved,POINT (-122.436367556 37.806451976),Not Stated
54151,1.0,Driver,East,Slowing/Stopping,Driver,East,Proceeding Straight,Rear End,0,0,0,1,No Pedestrian Involved,POINT (-122.412220736 37.782073068),Other Motor Vehicle
54152,1.0,Driver,South,Backing,Driver,West,Stopped In Road,Rear End,0,0,0,1,No Pedestrian Involved,POINT (-122.38322074 37.731763635),Other Motor Vehicle
54153,1.0,Driver,East,Proceeding Straight,Driver,East,Proceeding Straight,Sideswipe,0,0,0,1,No Pedestrian Involved,POINT (-122.447628417 37.78252764),Other Motor Vehicle
54154,1.0,Driver,South,Making Left Turn,Driver,South,Proceeding Straight,Rear End,0,0,0,1,No Pedestrian Involved,POINT (-122.425140963 37.787596526),Other Motor Vehicle
54155,1.0,Bicyclist,North,Proceeding Straight,Pedestrian,North,Proceeding Straight,Vehicle/Pedestrian,1,0,0,0,Not in Road,POINT (-122.388306068 37.781798235),Pedestrian
54156,1.0,Pedestrian,Not Stated,Other,Driver,East,Proceeding Straight,Vehicle/Pedestrian,1,0,0,1,"In Road, Including Shoulder",POINT (-122.398930331 37.783784934),Pedestrian
54157,1.0,Driver,East,Making Left Turn,Driver,South,Proceeding Straight,Broadside,0,0,0,1,No Pedestrian Involved,POINT (-122.430181237 37.729859826),Other Motor Vehicle
54158,,Driver,West,Proceeding Straight,Driver,South,Proceeding Straight,Broadside,0,0,0,1,No Pedestrian Involved,POINT (-122.402571331 37.791898939),Other Motor Vehicle
54159,1.0,Driver,South,Backing,Pedestrian,East,Crossed Into Opposing Lane,Rear End,1,0,0,1,Not Stated,POINT (-122.408905543 37.786133815),Pedestrian
54160,1.0,Driver,East,Making Left Turn,Unknown,Unknown,Unknown,Head-On,0,0,0,1,No Pedestrian Involved,POINT (-122.393789898 37.726322236),Fixed Object
54161,,Driver,North,Proceeding Straight,Parked Vehicle,North,Parked,Rear End,0,0,0,1,No Pedestrian Involved,POINT (-122.444219983 37.713111406),Parked Motor Vehicle
54162,1.0,Driver,North,Proceeding Straight,Driver,North,Entering Traffic,Sideswipe,0,0,0,1,No Pedestrian Involved,POINT (-122.417597233 37.766312881),Other Motor Vehicle
54163,1.0,Driver,West,Making Left Turn,Bicyclist,East,Proceeding Straight,Broadside,0,1,0,1,No Pedestrian Involved,POINT (-122.476705774 37.757947518),Bicycle
54164,1.0,Driver,West,Proceeding Straight,Driver,South,Making Right Turn,Sideswipe,0,0,0,1,No Pedestrian Involved,POINT (-122.420344369 37.77177025),Not Stated
54165,1.0,Driver,South,Proceeding Straight,Driver,South,Stopped,Rear End,0,0,0,1,No Pedestrian Involved,POINT (-122.418043167 37.777511711),Other Motor Vehicle
54166,1.0,Other,East,Proceeding Straight,Bicyclist,West,Slowing/Stopping,Sideswipe,0,1,0,0,No Pedestrian Involved,POINT (-122.405680423 37.785801175),Bicycle
54167,1.0,Driver,West,Making Left Turn,Pedestrian,South,Proceeding Straight,Vehicle/Pedestrian,1,0,0,1,Crossing in Crosswalk at Intersection,POINT (-122.420527645 37.789616097),Pedestrian
54168,1.0,Driver,East,Changing Lanes,Driver,East,Making Left Turn,Sideswipe,0,0,0,1,No Pedestrian Involved,POINT (-122.412867323 37.785802449),Other Motor Vehicle
54169,1.0,Other,South,Proceeding Straight,Driver,South,Making Right Turn,Sideswipe,0,0,0,1,No Pedestrian Involved,POINT (-122.399616233 37.780791483),Other Motor Vehicle
54170,1.0,Driver,West,Making Right Turn,Pedestrian,South,Proceeding Straight,Vehicle/Pedestrian,1,0,0,1,Crossing in Crosswalk at Intersection,POINT (-122.420247184 37.780074697),Pedestrian
54171,1.0,Driver,South,Proceeding Straight,Driver,South,Proceeding Straight,Sideswipe,0,0,0,1,No Pedestrian Involved,POINT (-122.407151327 37.77267211),Other Motor Vehicle
54172,1.0,Driver,North,Proceeding Straight,Parked Vehicle,South,Parked,Overturned,0,0,0,1,No Pedestrian Involved,POINT (-122.507166885 37.762758678),Parked Motor Vehicle
54173,1.0,Driver,East,Making Right Turn,Pedestrian,North,Proceeding Straight,Vehicle/Pedestrian,1,0,0,1,"In Road, Including Shoulder",POINT (-122.400812303 37.788815497),Pedestrian
54174,1.0,Driver,West,Making Left Turn,Driver,South,Proceeding Straight,Broadside,0,0,0,1,No Pedestrian Involved,POINT (-122.39289942 37.72848958),Other Motor Vehicle
54175,1.0,Driver,East,Changing Lanes,Driver,East,Proceeding Straight,Sideswipe,0,0,0,1,No Pedestrian Involved,POINT (-122.418710968 37.785065455),Other Motor Vehicle
54176,1.0,Driver,North,Proceeding Straight,Driver,East,Proceeding Straight,Broadside,0,0,0,1,No Pedestrian Involved,POINT (-122.424258113 37.766405767),Other Motor Vehicle
54177,1.0,Driver,West,Proceeding Straight,Driver,North,Making Left Turn,Broadside,0,0,0,1,No Pedestrian Involved,POINT (-122.391491914 37.723914105),Other Motor Vehicle
54178,,Pedestrian,North,Entering Traffic,Driver,East,Proceeding Straight,Vehicle/Pedestrian,1,0,0,1,Crossing Not in Crosswalk,POINT (-122.42197311 37.777010061),Pedestrian
54179,1.0,Driver,South,Proceeding Straight,Driver,South,Proceeding Straight,Rear End,0,0,0,1,No Pedestrian Involved,POINT (-122.485182384 37.716647547),Other Motor Vehicle
54180,1.0,Driver,North,Proceeding Straight,Driver,North,Stopped,Rear End,0,0,0,1,No Pedestrian Involved,POINT (-122.407635009 37.739468914),Other Motor Vehicle
54181,1.0,Driver,South,Proceeding Straight,Driver,North,Proceeding Straight,Head-On,0,0,0,1,No Pedestrian Involved,POINT (-122.402061635 37.74939668),Other Motor Vehicle
54182,,Driver,West,Proceeding Straight,Unknown,Unknown,Unknown,Hit Object,0,0,0,1,No Pedestrian Involved,POINT (-122.458925381 37.777438954),Fixed Object
54183,1.0,Driver,East,Proceeding Straight,Driver,North,Making Left Turn,Broadside,0,0,0,1,No Pedestrian Involved,POINT (-122.387166512 37.73185747),Not Stated
54184,1.0,Driver,East,Proceeding Straight,Bicyclist,North,Making Right Turn,Broadside,0,1,0,1,No Pedestrian Involved,POINT (-122.424147154 37.73986923),Bicycle
54185,1.0,Driver,North,Making Left Turn,Driver,North,Proceeding Straight,Broadside,0,0,0,1,No Pedestrian Involved,POINT (-122.422725611 37.75037224),Other Motor Vehicle
54186,1.0,Driver,North,Changing Lanes,Driver,North,Proceeding Straight,Sideswipe,0,0,0,1,No Pedestrian Involved,POINT (-122.476777199 37.760225734),Other Motor Vehicle
54187,1.0,Driver,West,Proceeding Straight,Driver,North,Proceeding Straight,Broadside,1,0,0,1,Not in Road,POINT (-122.425625504 37.798343537),Other Motor Vehicle
54188,1.0,Driver,North,Making Left Turn,Driver,East,Proceeding Straight,Broadside,0,0,0,1,No Pedestrian Involved,POINT (-122.50094505 37.781276945),Other Motor Vehicle
54189,1.0,Driver,East,Proceeding Straight,Driver,East,Proceeding Straight,Rear End,0,0,0,1,No Pedestrian Involved,POINT (-122.435241013 37.779144879),Other Motor Vehicle
54190,1.0,Bicyclist,East,Proceeding Straight,Pedestrian,North,Proceeding Straight,Other,1,0,0,0,Crossing in Crosswalk at Intersection,POINT (-122.403430801 37.787641849),Pedestrian
54191,1.0,Bicyclist,South,Proceeding Straight,Driver,North,Making Right Turn,Broadside,0,1,0,1,No Pedestrian Involved,POINT (-122.415158981 37.763737876),Bicycle
54192,1.0,Driver,Not Stated,Proceeding Straight,Parked Vehicle,South,Not Stated,Rear End,0,0,0,1,No Pedestrian Involved,POINT (-122.422660152 37.750202523),Parked Motor Vehicle
54193,1.0,Driver,South,Proceeding Straight,Driver,East,Proceeding Straight,Broadside,0,0,0,1,No Pedestrian Involved,POINT (-122.501009995 37.736323506),Other Motor Vehicle
54194,1.0,Driver,South,Making Left Turn,Pedestrian,East,Proceeding Straight,Vehicle/Pedestrian,1,0,0,1,Crossing in Crosswalk at Intersection,POINT (-122.428335615 37.786712655),Pedestrian
54195,1.0,Driver,North,Making Left Turn,Bicyclist,East,Proceeding Straight,Head-On,0,1,0,1,No Pedestrian Involved,POINT (-122.410546068 37.74831672),Bicycle
54196,1.0,Driver,South,Changing Lanes,Driver,South,Proceeding Straight,Sideswipe,0,0,0,1,No Pedestrian Involved,POINT (-122.423947853 37.762554522),Not Stated
54197,1.0,Driver,West,Proceeding Straight,Driver,North,Proceeding Straight,Broadside,0,0,0,1,No Pedestrian Involved,POINT (-122.484782146 37.717293709),Other Motor Vehicle
54198,,Driver,East,Proceeding Straight,Bicyclist,East,Other,Sideswipe,0,1,0,1,No Pedestrian Involved,POINT (-122.409798087 37.780110817),Bicycle
54199,1.0,Driver,West,Proceeding Straight,Pedestrian,South,Proceeding Straight,Vehicle/Pedestrian,1,0,0,1,Crossing in Crosswalk at Intersection,POINT (-122.420559965 37.806657733),Pedestrian
54200,1.0,Driver,North,Changing Lanes,Driver,North,Proceeding Straight,Sideswipe,0,0,0,1,No Pedestrian Involved,POINT (-122.42148545 37.743122664),Other Motor Vehicle
54201,1.0,Driver,North,Proceeding Straight,Driver,North,Proceeding Straight,Broadside,0,0,0,1,No Pedestrian Involved,POINT (-122.471004287 37.708467009),Other Motor Vehicle
54202,1.0,Pedestrian,East,Proceeding Straight,Other,South,Proceeding Straight,Broadside,1,0,0,0,Crossing in Crosswalk at Intersection,POINT (-122.420247184 37.780074697),Pedestrian
54203,1.0,Driver,North,Making U Turn,Driver,South,Proceeding Straight,Broadside,0,0,0,1,No Pedestrian Involved,POINT (-122.432911794 37.727177551),Other Motor Vehicle
54204,1.0,Driver,East,Making Right Turn,Bicyclist,Not Stated,Making Right Turn,Sideswipe,0,1,0,1,No Pedestrian Involved,POINT (-122.463225948 37.758562489),Bicycle
54205,1.0,Driver,East,Proceeding Straight,Driver,South,Proceeding Straight,Broadside,0,0,0,1,No Pedestrian Involved,POINT (-122.477414978 37.752329102),Other Motor Vehicle
54206,,Bicyclist,South,Making Right Turn,Unknown,Unknown,Unknown,Overturned,0,0,0,0,No Pedestrian Involved,,Other Object
54207,1.0,Driver,North,Crossed Into Opposing Lane,Parked Vehicle,Not Stated,Parked,Rear End,0,0,0,1,No Pedestrian Involved,POINT (-122.403592889 37.727634127),Other Motor Vehicle
54208,1.0,Driver,East,Making Right Turn,Parked Vehicle,Not Stated,Parked,Other,0,0,0,1,No Pedestrian Involved,POINT (-122.416294883 37.730161723),Parked Motor Vehicle
54209,1.0,Bicyclist,East,Passing Other Vehicle,Driver,West,Proceeding Straight,Head-On,0,1,0,1,No Pedestrian Involved,POINT (-122.414494558 37.784648975),Bicycle
54210,1.0,Driver,West,Making U Turn,Driver,South,Proceeding Straight,Broadside,0,0,0,1,No Pedestrian Involved,POINT (-122.393172016 37.787657444),Other Motor Vehicle
54211,1.0,Driver,South,Making Left Turn,Pedestrian,East,Not Stated,Vehicle/Pedestrian,1,0,0,1,Crossing in Crosswalk at Intersection,POINT (-122.404070257 37.777272702),Pedestrian
54212,1.0,Driver,East,Making Right Turn,Pedestrian,South,Proceeding Straight,Vehicle/Pedestrian,1,0,0,1,Crossing in Crosswalk at Intersection,POINT (-122.439640304 37.716958532),Pedestrian
54213,1.0,Driver,West,Making Left Turn,Pedestrian,South,Other,Vehicle/Pedestrian,1,0,0,1,Crossing in Crosswalk at Intersection,POINT (-122.397385538 37.782553593),Pedestrian
54214,1.0,Driver,North,Making Left Turn,Driver,West,Proceeding Straight,Broadside,0,0,0,1,No Pedestrian Involved,POINT (-122.439336654 37.799425311),Parked Motor Vehicle
54215,1.0,Driver,West,Proceeding Straight,Pedestrian,Not Stated,Other,Vehicle/Pedestrian,1,0,0,1,Not in Road,POINT (-122.417768021 37.785184176),Pedestrian
54216,,Driver,East,Proceeding Straight,Driver,West,Proceeding Straight,Head-On,0,0,0,1,No Pedestrian Involved,POINT (-122.442973325 37.735742748),Other Motor Vehicle
54217,1.0,Driver,North,Proceeding Straight,Driver,West,Proceeding Straight,Broadside,0,0,0,1,No Pedestrian Involved,POINT (-122.503548964 37.741813189),Other Motor Vehicle
54218,1.0,Driver,East,Proceeding Straight,Parked Vehicle,North,Parked,Broadside,0,0,0,1,No Pedestrian Involved,POINT (-122.402059725 37.769742449),Parked Motor Vehicle
54219,,Driver,South,Making Left Turn,Driver,North,Proceeding Straight,Broadside,0,0,0,1,No Pedestrian Involved,POINT (-122.40753423 37.765783299),Other Motor Vehicle
54220,,Driver,East,Proceeding Straight,Driver,East,Proceeding Straight,Sideswipe,0,0,0,1,No Pedestrian Involved,POINT (-122.487983066 37.764964966),Other Motor Vehicle
54221,1.0,Pedestrian,North,Proceeding Straight,Driver,West,Proceeding Straight,Vehicle/Pedestrian,1,0,0,1,Crossing Not in Crosswalk,POINT (-122.416149637 37.777661293),Pedestrian
54222,1.0,Driver,West,Making Left Turn,Pedestrian,West,Not Stated,Vehicle/Pedestrian,1,0,0,1,Crossing in Crosswalk at Intersection,POINT (-122.413915879 37.790463115),Pedestrian
54223,1.0,Driver,South,Proceeding Straight,Driver,South,Proceeding Straight,Sideswipe,0,0,0,1,No Pedestrian Involved,POINT (-122.418747574 37.755436937),Other Motor Vehicle
54224,,Driver,East,Proceeding Straight,Driver,East,Proceeding Straight,Sideswipe,0,0,0,1,No Pedestrian Involved,POINT (-122.400543153 37.777605059),Other Object
54225,1.0,Pedestrian,West,Proceeding Straight,Driver,South,Proceeding Straight,Vehicle/Pedestrian,1,0,0,1,Crossing in Crosswalk at Intersection,POINT (-122.420817003 37.782894121),Pedestrian
54226,1.0,Driver,South,Making Left Turn,Pedestrian,Not Stated,Proceeding Straight,Head-On,1,0,0,1,Crossing in Crosswalk at Intersection,POINT (-122.434027089 37.789836972),Pedestrian
54227,1.0,Driver,North,Proceeding Straight,Driver,North,Slowing/Stopping,Rear End,0,0,0,1,No Pedestrian Involved,POINT (-122.457103927 37.710077201),Other Motor Vehicle
54228,1.0,Driver,North,Changing Lanes,Driver,North,Stopped,Rear End,0,0,0,1,No Pedestrian Involved,POINT (-122.479503961 37.771268576),Other Motor Vehicle
54229,1.0,Pedestrian,North,Proceeding Straight,Driver,East,Proceeding Straight,Broadside,1,0,0,1,Crossing Not in Crosswalk,POINT (-122.469907858 37.78457278),Pedestrian
54230,1.0,Other,East,Proceeding Straight,Driver,West,Entering Traffic,Head-On,0,0,0,1,No Pedestrian Involved,POINT (-122.414771311 37.782702828),Other Motor Vehicle
54231,1.0,Driver,North,Making Right Turn,Pedestrian,South,Proceeding Straight,Vehicle/Pedestrian,1,0,0,1,Crossing in Crosswalk at Intersection,POINT (-122.400981568 37.774808775),Pedestrian
54232,1.0,Driver,West,Making Left Turn,Pedestrian,South,Proceeding Straight,Vehicle/Pedestrian,1,0,0,1,Crossing in Crosswalk at Intersection,POINT (-122.426755543 37.803936417),Pedestrian
54233,1.0,Pedestrian,West,Proceeding Straight,Driver,South,Proceeding Straight,Vehicle/Pedestrian,1,0,0,1,Crossing Not in Crosswalk,POINT (-122.415469918 37.767019266),Pedestrian
54234,1.0,Driver,South,Proceeding Straight,Parked Vehicle,South,Parked,Rear End,0,0,0,1,No Pedestrian Involved,POINT (-122.410953739 37.800832982),Parked Motor Vehicle
54235,1.0,Driver,West,Making Left Turn,Driver,West,Making Left Turn,Broadside,0,0,0,1,No Pedestrian Involved,POINT (-122.420019126 37.74538902),Other Motor Vehicle
54236,1.0,Bicyclist,South,Proceeding Straight,Driver,South,Stopped In Road,Overturned,0,1,0,1,No Pedestrian Involved,POINT (-122.412603832 37.783975326),Bicycle
54237,1.0,Driver,East,Making U Turn,Driver,South,Making Left Turn,Rear End,0,0,0,1,No Pedestrian Involved,POINT (-122.442647897 37.799000051),Other Motor Vehicle
54238,1.0,Driver,North,Making Left Turn,Pedestrian,South,Not Stated,Vehicle/Pedestrian,1,0,0,1,Crossing in Crosswalk at Intersection,POINT (-122.494069687 37.736649954),Pedestrian
54239,1.0,Driver,South,Making Left Turn,Driver,East,Proceeding Straight,Sideswipe,0,0,0,1,No Pedestrian Involved,POINT (-122.402380402 37.790968611),Other Motor Vehicle
54240,1.0,Driver,North,Proceeding Straight,Driver,East,Proceeding Straight,Broadside,0,0,0,1,No Pedestrian Involved,POINT (-122.423027553 37.785482243),Other Motor Vehicle
54241,1.0,Driver,South,Making Left Turn,Pedestrian,West,Proceeding Straight,Vehicle/Pedestrian,1,0,0,1,Crossing in Crosswalk at Intersection,POINT (-122.411606112 37.776221356),Pedestrian
54242,,Driver,South,Proceeding Straight,Pedestrian,East,Proceeding Straight,Vehicle/Pedestrian,1,0,0,1,Crossing in Crosswalk at Intersection,POINT (-122.419255606 37.775147074),Pedestrian
54243,1.0,Driver,North,Stopped In Road,Pedestrian,Not Stated,Not Stated,Vehicle/Pedestrian,1,0,0,1,Not In Road,POINT (-122.423459435 37.787614912),Pedestrian
54244,1.0,Driver,North,Entering Traffic,Bicyclist,North,Passing Other Vehicle,Sideswipe,0,1,0,1,No Pedestrian Involved,POINT (-122.419181127 37.759975072),Bicycle
54245,1.0,Driver,East,Proceeding Straight,Pedestrian,North,Proceeding Straight,Vehicle/Pedestrian,1,0,0,1,Crossing Not in Crosswalk,POINT (-122.392913398 37.782783428),Pedestrian
54246,1.0,Driver,West,Proceeding Straight,Driver,East,Proceeding Straight,Head-On,0,0,0,1,No Pedestrian Involved,POINT (-122.419557366 37.752171412),Other Motor Vehicle