party_id,party_at_fault,party1_type,party1_dir_of_travel,party1_move_pre_acc,party2_type,party2_dir_of_travel,party2_move_pre_acc,type_of_collision,involves_pedestrian,involves_bicycle,involves_motorcycle,involves_vehicle,ped_action,point,mviw
54868,1.0,Driver,West,Proceeding Straight,Driver,North,Proceeding Straight,Broadside,0,0,0,1,No Pedestrian Involved,POINT (-122.440817677 37.804924081),Other Motor Vehicle
54869,1.0,Driver,South,Proceeding Straight,Unknown,Unknown,Unknown,Other,0,0,0,1,No Pedestrian Involved,POINT (-122.417355884 37.790796807),Other Motor Vehicle
54870,1.0,Driver,North,Proceeding Straight,Parked Vehicle,North,Parked,Rear End,0,0,0,1,No Pedestrian Involved,POINT (-122.380221008 37.733443589),Parked Motor Vehicle
54871,1.0,Bicyclist,West,Making Left Turn,Driver,West,Proceeding Straight,Sideswipe,0,1,0,1,No Pedestrian Involved,POINT (-122.48166273 37.770046372),Bicycle
54872,1.0,Driver,West,Proceeding Straight,Driver,North,Proceeding Straight,Broadside,0,0,0,1,No Pedestrian Involved,POINT (-122.379109648 37.737680293),Other Motor Vehicle
54873,1.0,Pedestrian,West,Other,Driver,North,Proceeding Straight,Vehicle/Pedestrian,1,0,0,1,Crossing Not in Crosswalk,POINT (-122.414025541 37.782654783),Pedestrian
54874,1.0,Driver,North,Making Left Turn,Pedestrian,East,Proceeding Straight,Head-On,1,0,0,1,Crossing in Crosswalk at Intersection,POINT (-122.471638565 37.778752208),Pedestrian
54875,1.0,Driver,West,Proceeding Straight,Parked Vehicle,Not Stated,Parked,Sideswipe,0,0,0,1,No Pedestrian Involved,POINT (-122.419547718 37.765058661),Parked Motor Vehicle
54876,1.0,Driver,East,Making Left Turn,Driver,North,Proceeding Straight,Broadside,0,0,0,1,No Pedestrian Involved,POINT (-122.474954621 37.732456138),Other Motor Vehicle
54877,1.0,Driver,East,Proceeding Straight,Driver,East,Stopped,Rear End,0,0,0,1,No Pedestrian Involved,POINT (-122.39723813 37.722771903),Other Motor Vehicle
54878,1.0,Driver,South,Making Left Turn,Pedestrian,West,Proceeding Straight,Vehicle/Pedestrian,1,0,0,1,Crossing in Crosswalk at Intersection,POINT (-122.421858776 37.764919049),Pedestrian
54879,1.0,Driver,North,Proceeding Straight,Driver,North,Stopped In Road,Sideswipe,0,0,0,1,No Pedestrian Involved,POINT (-122.397285416 37.749684623),Other Motor Vehicle
54880,1.0,Driver,North,Proceeding Straight,Pedestrian,East,Not Stated,Hit Object,1,0,0,1,Not Stated,,Pedestrian
54881,1.0,Driver,South,Proceeding Straight,Driver,East,Proceeding Straight,Broadside,0,0,0,1,No Pedestrian Involved,POINT (-122.413364515 37.7509364),Other Motor Vehicle
54882,1.0,Driver,East,Proceeding Straight,Driver,North,Proceeding Straight,Overturned,0,0,0,1,No Pedestrian Involved,POINT (-122.414387601 37.755699464),Other Motor Vehicle
54883,1.0,Driver,North,Proceeding Straight,Driver,North,Stopped,Broadside,0,0,0,1,No Pedestrian Involved,POINT (-122.404622045 37.793605584),Other Motor Vehicle
54884,1.0,Driver,North,Backing,Driver,South,Proceeding Straight,Rear End,0,0,0,1,No Pedestrian Involved,POINT (-122.47006498 37.73705913),Other Motor Vehicle
54885,,Driver,North,Making Right Turn,Bicyclist,North,Proceeding Straight,Broadside,0,1,0,1,No Pedestrian Involved,POINT (-122.40993824 37.778416283),Bicycle
54886,,Pedestrian,South,Entering Traffic,Driver,South,Proceeding Straight,Vehicle/Pedestrian,1,0,0,1,"In Road, Including Shoulder",POINT (-122.420745652 37.790866027),Pedestrian
54887,1.0,Driver,Not Stated,Proceeding Straight,Other,Not Stated,Proceeding Straight,Sideswipe,0,0,0,1,No Pedestrian Involved,POINT (-122.421941248 37.773036051),Other Object
54888,,Driver,North,Slowing/Stopping,Unknown,Unknown,Unknown,Overturned,0,0,0,1,No Pedestrian Involved,POINT (-122.453562196 37.769289968),Non-Collision
54889,1.0,Bicyclist,North,Stopped,Driver,North,Proceeding Straight,Rear End,0,1,0,1,No Pedestrian Involved,POINT (-122.417402776 37.752790554),Bicycle
54890,1.0,Driver,North,Proceeding Straight,Driver,East,Making Left Turn,Broadside,0,0,0,1,No Pedestrian Involved,POINT (-122.455815738 37.711222853),Other Motor Vehicle
54891,1.0,Driver,South,Ran Off Road,Unknown,Unknown,Unknown,Sideswipe,0,0,0,1,No Pedestrian Involved,POINT (-122.417611163 37.766455119),Not Stated
54892,1.0,Driver,West,Proceeding Straight,Pedestrian,North,Proceeding Straight,Broadside,1,0,0,1,Crossing Not in Crosswalk,POINT (-122.417726288 37.750673509),Pedestrian
54893,,Driver,East,Proceeding Straight,Driver,North,Making Right Turn,Broadside,0,0,0,1,No Pedestrian Involved,POINT (-122.45681322 37.783928912),Other Motor Vehicle
54894,1.0,Driver,West,Proceeding Straight,Bicyclist,North,Proceeding Straight,Sideswipe,0,1,0,1,No Pedestrian Involved,POINT (-122.393618076 37.783077854),Bicycle
54895,1.0,Driver,West,Proceeding Straight,Driver,West,Proceeding Straight,Rear End,0,0,0,1,No Pedestrian Involved,POINT (-122.467400663 37.712355227),Other Motor Vehicle
54896,1.0,Other,East,Proceeding Straight,Driver,North,Proceeding Straight,Broadside,0,0,0,1,No Pedestrian Involved,POINT (-122.417528773 37.78331089),Other Object
54897,1.0,Driver,West,Proceeding Straight,Driver,South,Making Left Turn,Broadside,0,0,0,1,No Pedestrian Involved,POINT (-122.470162692 37.77320951),Other Motor Vehicle
54898,,Driver,North,Proceeding Straight,Unknown,Unknown,Unknown,Not Stated,0,0,0,1,No Pedestrian Involved,POINT (-122.403660677 37.788894429),Fixed Object
54899,1.0,Bicyclist,East,Proceeding Straight,Driver,East,Making Left Turn,Sideswipe,0,1,0,1,No Pedestrian Involved,POINT (-122.439198052 37.762244321),Bicycle
54900,1.0,Bicyclist,East,Proceeding Straight,Driver,East,Making Right Turn,Broadside,1,0,0,1,Not in Road,POINT (-122.436176464 37.714209484),Other Motor Vehicle
54901,,Parked Vehicle,Not Stated,Parked,Bicyclist,North,Proceeding Straight,Other,0,1,0,0,No Pedestrian Involved,POINT (-122.411858668 37.796985622),Bicycle
54902,1.0,Driver,North,Making Left Turn,Pedestrian,North,Stopped,Sideswipe,1,0,0,1,Not Stated,POINT (-122.405363257 37.767220625),Pedestrian
54903,1.0,Driver,North,Proceeding Straight,Driver,West,Proceeding Straight,Broadside,0,0,0,1,No Pedestrian Involved,POINT (-122.456607498 37.731187733),Other Motor Vehicle
54904,1.0,Driver,East,Proceeding Straight,Driver,North,Proceeding Straight,Broadside,0,0,0,1,No Pedestrian Involved,POINT (-122.409938241 37.778416283),Other Motor Vehicle
54905,1.0,Driver,South,Proceeding Straight,Driver,West,Proceeding Straight,Overturned,0,0,0,1,No Pedestrian Involved,POINT (-122.417025815 37.760367023),Other Motor Vehicle
54906,1.0,Driver,West,Proceeding Straight,Pedestrian,North,Proceeding Straight,Vehicle/Pedestrian,1,0,0,1,Crossing in Crosswalk at Intersection,POINT (-122.429989277 37.794894938),Pedestrian
54907,1.0,Driver,South,Proceeding Straight,Driver,East,Proceeding Straight,Broadside,0,0,0,1,No Pedestrian Involved,POINT (-122.399685488 37.739901974),Other Motor Vehicle
54908,1.0,Driver,West,Proceeding Straight,Unknown,Unknown,Unknown,Hit Object,0,0,0,1,No Pedestrian Involved,POINT (-122.445484704 37.719512206),Fixed Object
54909,1.0,Driver,West,Proceeding Straight,Pedestrian,North,Other,Vehicle/Pedestrian,1,0,0,1,Crossing Not in Crosswalk,POINT (-122.470617777 37.761939021),Pedestrian
54910,1.0,Driver,East,Changing Lanes,Driver,East,Proceeding Straight,Sideswipe,0,0,0,1,No Pedestrian Involved,POINT (-122.429178344 37.774181422),Other Motor Vehicle
54911,1.0,Driver,North,Making Left Turn,Bicyclist,North,Proceeding Straight,Broadside,0,1,0,1,No Pedestrian Involved,POINT (-122.421662477 37.762578831),Bicycle
54912,1.0,Driver,South,Proceeding Straight,Driver,North,Stopped In Road,Not Stated,0,0,0,1,No Pedestrian Involved,POINT (-122.425802143 37.790874428),Other Motor Vehicle
54913,1.0,Driver,West,Making Left Turn,Pedestrian,North,Not Stated,Vehicle/Pedestrian,1,0,0,1,Crossing in Crosswalk at Intersection,POINT (-122.403491775 37.787963092),Pedestrian
54914,1.0,Driver,North,Making Left Turn,Unknown,Unknown,Unknown,Hit Object,0,0,0,1,No Pedestrian Involved,POINT (-122.421768166 37.795945403),Fixed Object
54915,1.0,Driver,West,Making Right Turn,Bicyclist,West,Stopped,Rear End,0,1,0,1,No Pedestrian Involved,POINT (-122.424861271 37.770718372),Bicycle
54916,1.0,Bicyclist,South,Other,Driver,East,Making Right Turn,Broadside,0,1,0,1,No Pedestrian Involved,POINT (-122.386449872 37.770839397),Bicycle
54917,1.0,Pedestrian,North,Proceeding Straight,Driver,East,Proceeding Straight,Vehicle/Pedestrian,1,0,0,1,Crossing Not in Crosswalk,POINT (-122.415177725 37.781696019),Pedestrian
54918,1.0,Bicyclist,North,Proceeding Straight,Driver,East,Making Right Turn,Broadside,0,1,0,1,No Pedestrian Involved,POINT (-122.420353711 37.748906531),Bicycle
54919,1.0,Driver,East,Making Right Turn,Pedestrian,East,Proceeding Straight,Sideswipe,1,0,0,1,Crossing in Crosswalk at Intersection,POINT (-122.446365959 37.767203985),Pedestrian
54920,1.0,Other,East,Proceeding Straight,Pedestrian,North,Other,Other,1,0,0,0,Not in Road,POINT (-122.405324744 37.786082383),Pedestrian
54921,1.0,Driver,South,Making Left Turn,Pedestrian,North,Proceeding Straight,Vehicle/Pedestrian,1,0,0,1,Crossing in Crosswalk at Intersection,POINT (-122.450092302 37.782116604),Pedestrian
54922,2.0,Driver,East,Proceeding Straight,Pedestrian,East,Not Stated,Vehicle/Pedestrian,1,0,0,1,"In Road, Including Shoulder",POINT (-122.418990465 37.776432889),Pedestrian
54923,1.0,Driver,South,Proceeding Straight,Unknown,Unknown,Unknown,Hit Object,0,0,0,1,No Pedestrian Involved,POINT (-122.485332913 37.708614063),Fixed Object
54924,1.0,Driver,North,Changing Lanes,Parked Vehicle,Not Stated,Parked,Sideswipe,0,0,0,1,No Pedestrian Involved,POINT (-122.407158432 37.762415584),Parked Motor Vehicle
54925,1.0,Driver,South,Proceeding Straight,Driver,West,Proceeding Straight,Broadside,0,0,0,1,No Pedestrian Involved,POINT (-122.468060343 37.758350885),Other Motor Vehicle
54926,1.0,Driver,North,Changing Lanes,Driver,North,Proceeding Straight,Sideswipe,0,0,0,1,No Pedestrian Involved,POINT (-122.455456205 37.770551382),Other Motor Vehicle
54927,1.0,Driver,West,Proceeding Straight,Pedestrian,West,Other,Vehicle/Pedestrian,1,0,0,1,"In Road, Including Shoulder",POINT (-122.399282737 37.729682096),Pedestrian
54928,1.0,Driver,West,Changing Lanes,Driver,West,Ran Off Road,Hit Object,0,0,0,1,No Pedestrian Involved,POINT (-122.381809245 37.714591608),Fixed Object
54929,1.0,Driver,East,Making Left Turn,Driver,North,Proceeding Straight,Broadside,0,0,0,1,No Pedestrian Involved,POINT (-122.390702664 37.740482335),Other Motor Vehicle
54930,1.0,Driver,West,Making Left Turn,Driver,East,Proceeding Straight,Head-On,0,0,0,1,No Pedestrian Involved,POINT (-122.444940597 37.746952515),Other Motor Vehicle
54931,1.0,Pedestrian,West,Proceeding Straight,Driver,South,Proceeding Straight,Vehicle/Pedestrian,1,0,0,1,Crossing Not in Crosswalk,POINT (-122.413786659 37.806554633),Pedestrian
54932,1.0,Driver,East,Proceeding Straight,Driver,East,Stopped,Rear End,0,0,0,1,No Pedestrian Involved,POINT (-122.405221173 37.788693992),Not Stated
54933,1.0,Bicyclist,West,Proceeding Straight,Other,South,Proceeding Straight,Broadside,0,1,0,0,No Pedestrian Involved,POINT (-122.416259705 37.785375975),Bicycle
54934,1.0,Driver,West,Proceeding Straight,Driver,North,Proceeding Straight,Broadside,0,0,0,1,No Pedestrian Involved,POINT (-122.48627419 37.732237985),Other Motor Vehicle
54935,1.0,Driver,South,Proceeding Straight,Driver,South,Making Right Turn,Sideswipe,1,0,0,1,Not in Road,POINT (-122.395252224 37.790705013),Other Motor Vehicle
54936,1.0,Driver,West,Proceeding Straight,Driver,North,Proceeding Straight,Broadside,0,0,0,1,No Pedestrian Involved,POINT (-122.417658992 37.755502498),Other Motor Vehicle
54937,1.0,Driver,East,Stopped,Driver,West,Stopped,Broadside,0,0,0,1,No Pedestrian Involved,POINT (-122.419364168 37.784029116),Other Motor Vehicle
54938,1.0,Driver,East,Making Left Turn,Driver,West,Proceeding Straight,Broadside,0,0,0,1,No Pedestrian Involved,POINT (-122.420817003 37.782894121),Motor Vehicle on Other Roadway
54939,1.0,Driver,North,Proceeding Straight,Driver,East,Proceeding Straight,Broadside,0,0,0,1,No Pedestrian Involved,POINT (-122.474045318 37.765592924),Other Motor Vehicle
54940,,Driver,Not Stated,Other,Driver,Not Stated,Not Stated,Sideswipe,0,0,0,1,No Pedestrian Involved,POINT (-122.443865815 37.767535852),Other Motor Vehicle
54941,1.0,Bicyclist,East,Proceeding Straight,Unknown,Unknown,Unknown,Other,0,1,0,0,No Pedestrian Involved,POINT (-122.408952159 37.783287853),Bicycle
54942,1.0,Other,South,Stopped,Driver,South,Proceeding Straight,Other,0,0,0,1,No Pedestrian Involved,POINT (-122.405235713 37.785265098),Parked Motor Vehicle
54943,1.0,Driver,West,Entering Traffic,Driver,West,Proceeding Straight,Sideswipe,0,0,0,1,No Pedestrian Involved,POINT (-122.434419852 37.789787414),Other Motor Vehicle
54944,,Driver,South,Backing,Pedestrian,Not Stated,Not Stated,Vehicle/Pedestrian,1,0,0,1,Crossing in Crosswalk at Intersection,POINT (-122.480844148 37.720975358),Pedestrian
54945,1.0,Driver,West,Making Left Turn,Pedestrian,East,Other,Vehicle/Pedestrian,1,0,0,1,Crossing in Crosswalk at Intersection,POINT (-122.410206544 37.800315499),Pedestrian
54946,1.0,Driver,East,Making Left Turn,Driver,South,Proceeding Straight,Broadside,1,0,0,1,Not in Road,POINT (-122.399616232 37.780791483),Other Motor Vehicle
54947,1.0,Driver,North,Making Left Turn,Bicyclist,South,Proceeding Straight,Head-On,0,1,0,1,No Pedestrian Involved,POINT (-122.485773983 37.779577646),Bicycle
54948,1.0,Driver,North,Merging,Driver,North,Proceeding Straight,Rear End,0,0,0,1,No Pedestrian Involved,POINT (-122.39002504 37.776300146),Other Motor Vehicle
54949,1.0,Driver,West,Making Left Turn,Driver,West,Stopped,Rear End,0,0,0,1,No Pedestrian Involved,POINT (-122.403413539 37.747525864),Other Motor Vehicle
54950,1.0,Driver,East,Proceeding Straight,Pedestrian,North,Proceeding Straight,Vehicle/Pedestrian,1,0,0,1,Crossing in Crosswalk at Intersection,POINT (-122.399798024 37.78800716),Pedestrian
54951,1.0,Bicyclist,South,Proceeding Straight,Driver,South,Proceeding Straight,Sideswipe,0,1,0,1,No Pedestrian Involved,POINT (-122.401126343 37.7930603),Bicycle
54952,1.0,Driver,South,Proceeding Straight,Pedestrian,Not Stated,Stopped,Head-On,1,0,0,1,Not in Road,POINT (-122.417817142 37.75715573),Pedestrian
54953,1.0,Driver,East,Making Left Turn,Pedestrian,North,Proceeding Straight,Vehicle/Pedestrian,1,0,0,1,Crossing in Crosswalk at Intersection,POINT (-122.430433918 37.772108258),Pedestrian
54954,1.0,Driver,East,Making Left Turn,Driver,East,Proceeding Straight,Sideswipe,0,0,0,1,No Pedestrian Involved,POINT (-122.403387209 37.780264972),Other Motor Vehicle
54955,1.0,Pedestrian,West,Proceeding Straight,Driver,North,Making Right Turn,Vehicle/Pedestrian,1,0,0,1,Crossing in Crosswalk at Intersection,POINT (-122.413676361 37.780926855),Pedestrian
54956,1.0,Other,West,Proceeding Straight,Unknown,Unknown,Unknown,Other,0,0,0,0,No Pedestrian Involved,POINT (-122.419519629 37.763428871),Fixed Object
54957,1.0,Driver,East,Backing,Pedestrian,East,Other,Vehicle/Pedestrian,1,0,0,1,"In Road, Including Shoulder",POINT (-122.405209039 37.710682826),Pedestrian
54958,1.0,Driver,South,Proceeding Straight,Pedestrian,East,Not Stated,Vehicle/Pedestrian,1,0,0,1,Crossing in Crosswalk at Intersection,POINT (-122.485040232 37.718614451),Pedestrian
54959,1.0,Driver,West,Entering Traffic,Driver,West,Proceeding Straight,Broadside,0,0,0,1,No Pedestrian Involved,POINT (-122.424242865 37.789144517),Other Motor Vehicle
54960,1.0,Driver,East,Other,Pedestrian,Not Stated,Not Stated,Not Stated,1,0,0,1,"In Road, Including Shoulder",POINT (-122.466444404 37.7196772),Pedestrian
54961,1.0,Pedestrian,South,Entering Traffic,Driver,North,Proceeding Straight,Head-On,1,0,0,1,Crossing Not in Crosswalk,POINT (-122.406912214 37.765820676),Other Motor Vehicle
54962,1.0,Driver,North,Proceeding Straight,Pedestrian,South,Other,Vehicle/Pedestrian,1,0,0,1,Crossing in Crosswalk at Intersection,POINT (-122.478061977 37.761653158),Pedestrian
54963,1.0,Driver,East,Proceeding Straight,Driver,South,Making Left Turn,Broadside,0,0,0,1,No Pedestrian Involved,POINT (-122.417753194 37.769815078),Other Motor Vehicle
54964,1.0,Driver,South,Making Left Turn,Driver,North,Proceeding Straight,Not Stated,0,0,0,1,No Pedestrian Involved,POINT (-122.430824713 37.773972521),Other Motor Vehicle
54965,1.0,Driver,South,Proceeding Straight,Pedestrian,West,Proceeding Straight,Sideswipe,1,0,0,1,Crossing in Crosswalk at Intersection,POINT (-122.412676254 37.760588368),Pedestrian
54966,1.0,Driver,East,Making Left Turn,Driver,West,Proceeding Straight,Broadside,0,0,0,1,No Pedestrian Involved,POINT (-122.455592237 37.711476666),Other Motor Vehicle
54967,,Driver,South,Proceeding Straight,Unknown,Unknown,Unknown,Overturned,0,0,0,1,No Pedestrian Involved,POINT (-122.400840734 37.720843319),Non-Collision
54968,1.0,Driver,West,Proceeding Straight,Pedestrian,South,Entering Traffic,Vehicle/Pedestrian,1,0,0,1,Crossing Not in Crosswalk,POINT (-122.385118817 37.720302793),Pedestrian
54969,1.0,Driver,West,Proceeding Straight,Driver,West,Stopped,Broadside,0,0,0,1,No Pedestrian Involved,POINT (-122.467027508 37.71149497),Other Motor Vehicle
54970,1.0,Driver,West,Changing Lanes,Driver,West,Stopped,Rear End,0,0,0,1,No Pedestrian Involved,POINT (-122.392524624 37.791310971),Other Motor Vehicle
54971,1.0,Driver,North,Making U Turn,Bicyclist,North,Proceeding Straight,Sideswipe,0,1,0,1,No Pedestrian Involved,POINT (-122.421157054 37.792897734),Bicycle
54972,1.0,Driver,East,Proceeding Straight,Driver,East,Slowing/Stopping,Rear End,0,0,0,1,No Pedestrian Involved,POINT (-122.443465562 37.760514477),Other Motor Vehicle
54973,1.0,Driver,East,Changing Lanes,Driver,East,Stopped In Road,Rear End,0,0,0,1,No Pedestrian Involved,POINT (-122.424266278 37.774808053),Other Motor Vehicle
54974,1.0,Driver,East,Backing,Driver,West,Stopped,Rear End,0,0,0,1,No Pedestrian Involved,POINT (-122.41447076 37.79231996),Other Motor Vehicle
54975,1.0,Driver,West,Making Right Turn,Driver,West,Proceeding Straight,Broadside,0,0,0,1,No Pedestrian Involved,POINT (-122.400749513 37.78480806),Other Motor Vehicle
54976,1.0,Driver,North,Proceeding Straight,Pedestrian,Not Stated,Not Stated,Vehicle/Pedestrian,1,0,0,1,"In Road, Including Shoulder",POINT (-122.43626315 37.775866933),Pedestrian
54977,1.0,Driver,South,Proceeding Straight,Parked Vehicle,South,Parked,Rear End,0,0,0,1,No Pedestrian Involved,POINT (-122.426990742 37.736528383),Parked Motor Vehicle
54978,1.0,Driver,East,Making Right Turn,Bicyclist,East,Proceeding Straight,Sideswipe,0,1,0,1,No Pedestrian Involved,POINT (-122.422199174 37.768139683),Bicycle
54979,1.0,Bicyclist,East,Making Right Turn,Driver,East,Proceeding Straight,Broadside,0,1,0,1,No Pedestrian Involved,POINT (-122.458377942 37.774308023),Bicycle
54980,1.0,Driver,South,Proceeding Straight,Driver,West,Stopped In Road,Broadside,0,0,0,1,No Pedestrian Involved,POINT (-122.400148779 37.794134235),Other Motor Vehicle
54981,1.0,Pedestrian,Not Stated,Other,Driver,West,Making Right Turn,Hit Object,1,0,0,1,"In Road, Including Shoulder",POINT (-122.415862793 37.748212151),Pedestrian
54982,1.0,Bicyclist,North,Proceeding Straight,Driver,East,Proceeding Straight,Sideswipe,0,1,0,1,No Pedestrian Involved,POINT (-122.410274867 37.782292218),Bicycle
54983,1.0,Driver,East,Making Right Turn,Other,East,Proceeding Straight,Vehicle/Pedestrian,1,0,0,1,No Pedestrian Involved,POINT (-122.423396761 37.771885645),Other Object
54984,1.0,Driver,South,Making Left Turn,Bicyclist,East,Proceeding Straight,Broadside,0,1,0,1,No Pedestrian Involved,POINT (-122.42850875 37.762889866),Bicycle
54985,1.0,Driver,East,Making Left Turn,Pedestrian,North,Not Stated,Vehicle/Pedestrian,1,0,0,1,Crossing in Crosswalk at Intersection,POINT (-122.401959933 37.769038383),Pedestrian
54986,,Driver,South,Proceeding Straight,Unknown,Unknown,Unknown,Hit Object,0,0,0,1,No Pedestrian Involved,POINT (-122.4211935 37.74357405),Other Object
54987,,Driver,South,Proceeding Straight,Other,South,Proceeding Straight,Sideswipe,0,0,0,1,No Pedestrian Involved,POINT (-122.41894263 37.75747376),Other Motor Vehicle
54988,1.0,Driver,West,Proceeding Straight,Driver,West,Proceeding Straight,Rear End,0,0,0,1,No Pedestrian Involved,POINT (-122.442729461 37.782863847),Other Motor Vehicle
54989,1.0,Driver,West,Making Right Turn,Driver,North,Proceeding Straight,Broadside,0,0,0,1,No Pedestrian Involved,POINT (-122.437071865 37.779867396),Motor Vehicle on Other Roadway
54990,1.0,Driver,West,Making Left Turn,Bicyclist,East,Proceeding Straight,Broadside,0,1,0,1,No Pedestrian Involved,POINT (-122.42541607 37.770833013),Bicycle
54991,1.0,Driver,South,Changing Lanes,Bicyclist,South,Proceeding Straight,Sideswipe,0,1,0,1,No Pedestrian Involved,POINT (-122.413491885 37.788351379),Bicycle
54992,1.0,Driver,East,Making Left Turn,Driver,West,Proceeding Straight,Head-On,0,0,0,1,No Pedestrian Involved,POINT (-122.414435964 37.776447766),Other Motor Vehicle
54993,1.0,Other,West,Making Left Turn,Driver,North,Making Right Turn,Overturned,0,0,0,1,No Pedestrian Involved,POINT (-122.413865603 37.78186334),Other Motor Vehicle
54994,1.0,Driver,West,Making Right Turn,Pedestrian,East,Proceeding Straight,Vehicle/Pedestrian,1,0,0,1,Crossing in Crosswalk at Intersection,POINT (-122.409361286 37.792970772),Pedestrian
54995,1.0,Driver,West,Proceeding Straight,Driver,East,Proceeding Straight,Head-On,0,0,0,1,No Pedestrian Involved,POINT (-122.394964587 37.720239088),Other Motor Vehicle
54996,1.0,Driver,East,Proceeding Straight,Driver,East,Stopped,Rear End,0,0,0,1,No Pedestrian Involved,POINT (-122.415079015 37.748168545),Other Motor Vehicle
54997,1.0,Driver,South,Proceeding Straight,Parked Vehicle,South,Parked,Rear End,0,0,0,1,No Pedestrian Involved,POINT (-122.451201146 37.709304649),Parked Motor Vehicle
54998,1.0,Other,South,Proceeding Straight,Pedestrian,East,Stopped,Vehicle/Pedestrian,1,0,0,0,Not in Road,POINT (-122.425154358 37.734872761),Pedestrian
54999,1.0,Driver,North,Proceeding Straight,Driver,West,Making Left Turn,Broadside,0,0,0,1,No Pedestrian Involved,POINT (-122.444571082 37.712783427),Other Motor Vehicle
55000,1.0,Driver,West,Proceeding Straight,Unknown,Unknown,Unknown,Head-On,0,0,0,1,No Pedestrian Involved,POINT (-122.386451911 37.711161078),Fixed Object
55001,1.0,Driver,East,Making Left Turn,Driver,East,Making Left Turn,Broadside,0,0,0,1,No Pedestrian Involved,POINT (-122.422787633 37.775949862),Other Motor Vehicle
55002,1.0,Driver,North,Making U Turn,Driver,South,Proceeding Straight,Broadside,0,0,0,1,No Pedestrian Involved,POINT (-122.405482686 37.742589292),Other Motor Vehicle
55003,1.0,Bicyclist,East,Proceeding Straight,Pedestrian,South,Stopped,Vehicle/Pedestrian,1,0,0,0,Crossing in Crosswalk at Intersection,POINT (-122.401599 37.764839237),Pedestrian
55004,1.0,Driver,South,Making Left Turn,Bicyclist,North,Proceeding Straight,Broadside,0,1,0,1,No Pedestrian Involved,POINT (-122.448376962 37.710372708),Bicycle
55005,1.0,Driver,South,Proceeding Straight,Driver,South,Stopped,Rear End,0,0,0,1,No Pedestrian Involved,POINT (-122.421041142 37.756101807),Other Motor Vehicle
55006,1.0,Driver,West,Entering Traffic,Bicyclist,North,Proceeding Straight,Sideswipe,0,1,0,1,No Pedestrian Involved,POINT (-122.483864396 37.727019524),Bicycle
55007,1.0,Driver,South,Entering Traffic,Driver,West,Proceeding Straight,Sideswipe,0,0,0,1,No Pedestrian Involved,POINT (-122.422564013 37.769855745),Other Motor Vehicle
55008,,Driver,West,Proceeding Straight,Driver,North,Proceeding Straight,Sideswipe,0,0,0,1,No Pedestrian Involved,POINT (-122.438581571 37.787324904),Other Motor Vehicle
55009,1.0,Other,East,Proceeding Straight,Unknown,Unknown,Unknown,Hit Object,0,0,0,0,No Pedestrian Involved,POINT (-122.407870143 37.784080812),Fixed Object
55010,1.0,Driver,West,Passing Other Vehicle,Driver,North,Proceeding Straight,Not Stated,0,0,0,1,No Pedestrian Involved,POINT (-122.475370734 37.784319455),Motor Vehicle on Other Roadway
55011,1.0,Pedestrian,Not Stated,Stopped,Driver,South,Proceeding Straight,Vehicle/Pedestrian,1,0,0,1,"In Road, Including Shoulder",POINT (-122.415882538 37.783515641),Pedestrian
55012,1.0,Driver,East,Making Right Turn,Pedestrian,South,Proceeding Straight,Vehicle/Pedestrian,1,0,0,1,Crossing in Crosswalk at Intersection,POINT (-122.403576441 37.727638396),Pedestrian
55013,1.0,Driver,West,Making U Turn,Other,West,Proceeding Straight,Broadside,0,0,0,1,No Pedestrian Involved,POINT (-122.415250144 37.775792975),Other Object
55014,1.0,Driver,South,Proceeding Straight,Pedestrian,East,Not Stated,Vehicle/Pedestrian,1,0,0,1,Crossing in Crosswalk at Intersection,POINT (-122.413770628 37.749304068),Pedestrian
55015,1.0,Pedestrian,South,Proceeding Straight,Driver,East,Proceeding Straight,Broadside,1,0,0,1,Crossing in Crosswalk at Intersection,POINT (-122.434863773 37.777280665),Pedestrian
55016,1.0,Driver,West,Changing Lanes,Bicyclist,West,Proceeding Straight,Not Stated,0,1,0,1,No Pedestrian Involved,POINT (-122.483930467 37.734421353),Bicycle
55017,1.0,Driver,North,Making Right Turn,Other,North,Proceeding Straight,Broadside,0,1,0,1,No Pedestrian Involved,POINT (-122.411933409 37.780005868),Bicycle
55018,1.0,Driver,West,Making Left Turn,Driver,East,Proceeding Straight,Head-On,0,0,0,1,No Pedestrian Involved,POINT (-122.455157829 37.710696662),Other Motor Vehicle
55019,1.0,Driver,South,Proceeding Straight,Driver,West,Proceeding Straight,Broadside,0,0,0,1,No Pedestrian Involved,POINT (-122.400981568 37.774808775),Motor Vehicle on Other Roadway
55020,1.0,Driver,South,Making Left Turn,Unknown,Unknown,Unknown,Hit Object,0,0,0,1,No Pedestrian Involved,POINT (-122.444601155 37.791816165),Fixed Object
55021,1.0,Driver,East,Making U Turn,Bicyclist,East,Proceeding Straight,Broadside,0,1,0,1,No Pedestrian Involved,POINT (-122.455972373 37.770893418),Bicycle
55022,1.0,Driver,North,Backing,Driver,South,Stopped In Road,Sideswipe,0,0,0,1,No Pedestrian Involved,POINT (-122.426798275 37.768061085),Other Motor Vehicle
55023,1.0,Driver,North,Proceeding Straight,Driver,North,Stopped,Rear End,0,0,0,1,No Pedestrian Involved,POINT (-122.399259266 37.714437639),Not Stated
55024,1.0,Driver,South,Backing,Driver,East,Proceeding Straight,Broadside,0,0,0,1,No Pedestrian Involved,POINT (-122.433459916 37.787020668),Other Motor Vehicle