party_id,party_at_fault,party1_type,party1_dir_of_travel,party1_move_pre_acc,party2_type,party2_dir_of_travel,party2_move_pre_acc,type_of_collision,involves_pedestrian,involves_bicycle,involves_motorcycle,involves_vehicle,ped_action,point,mviw
55799,1.0,Driver,East,Proceeding Straight,Unknown,Unknown,Unknown,Other,0,0,0,1,No Pedestrian Involved,POINT (-122.449470111 37.771603689),Non-Collision
55800,,Driver,West,Making Left Turn,Driver,East,Proceeding Straight,Overturned,1,0,0,1,Not Stated,POINT (-122.424852598 37.770747745),Motor Vehicle on Other Roadway
55801,1.0,Driver,West,Backing,Parked Vehicle,West,Parked,Rear End,0,0,0,1,No Pedestrian Involved,POINT (-122.414374881 37.734765902),Parked Motor Vehicle
55802,1.0,Driver,South,Other,Driver,South,Parked,Sideswipe,0,0,0,1,No Pedestrian Involved,POINT (-122.432183881 37.725316277),Parked Motor Vehicle
55803,,Driver,West,Proceeding Straight,Driver,West,Proceeding Straight,Other,0,0,0,1,No Pedestrian Involved,POINT (-122.478836951 37.772814569),Other Object
55804,1.0,Driver,North,Proceeding Straight,Driver,North,Stopped,Rear End,0,0,0,1,No Pedestrian Involved,POINT (-122.410401493 37.778785373),Other Motor Vehicle
55805,1.0,Pedestrian,North,Entering Traffic,Driver,West,Proceeding Straight,Vehicle/Pedestrian,1,0,0,1,Crossing Not in Crosswalk,POINT (-122.494755134 37.738471358),Pedestrian
55806,1.0,Driver,North,Proceeding Straight,Driver,Not Stated,Proceeding Straight,Rear End,0,0,0,1,No Pedestrian Involved,POINT (-122.417461683 37.764922771),Motor Vehicle on Other Roadway
55807,,Driver,South,Other,Parked Vehicle,Not Stated,Parked,Not Stated,0,0,0,1,No Pedestrian Involved,POINT (-122.433060412 37.76375991),Parked Motor Vehicle
55808,1.0,Driver,West,Making U Turn,Driver,East,Proceeding Straight,Head-On,0,0,0,1,No Pedestrian Involved,POINT (-122.431232719 37.777743398),Other Motor Vehicle
55809,1.0,Driver,South,Making Left Turn,Pedestrian,East,Proceeding Straight,Head-On,1,0,0,1,Crossing in Crosswalk at Intersection,POINT (-122.42353717 37.779653125),Pedestrian
55810,1.0,Driver,North,Parked,Driver,North,Proceeding Straight,Other,0,0,0,1,No Pedestrian Involved,POINT (-122.438398942 37.777710299),Parked Motor Vehicle
55811,1.0,Driver,North,Proceeding Straight,Unknown,Unknown,Unknown,Hit Object,0,0,0,1,No Pedestrian Involved,POINT (-122.439941988 37.728996851),Fixed Object
55812,1.0,Pedestrian,South,Not Stated,Driver,East,Proceeding Straight,Not Stated,1,0,0,1,Crossing in Crosswalk at Intersection,POINT (-122.44172632 37.785967746),Pedestrian
55813,1.0,Driver,East,Proceeding Straight,Bicyclist,North,Proceeding Straight,Broadside,0,1,0,1,No Pedestrian Involved,POINT (-122.458858661 37.781257062),Bicycle
55814,1.0,Driver,East,Stopped In Road,Pedestrian,Not Stated,Proceeding Straight,Vehicle/Pedestrian,1,0,0,1,Crossing in Crosswalk at Intersection,POINT (-122.42100836 37.783824118),Pedestrian
55815,1.0,Driver,West,Proceeding Straight,Driver,North,Proceeding Straight,Broadside,0,0,0,1,No Pedestrian Involved,POINT (-122.485667402 37.778117248),Other Motor Vehicle
55816,1.0,Driver,West,Proceeding Straight,Driver,West,Proceeding Straight,Rear End,0,0,0,1,No Pedestrian Involved,POINT (-122.440977562 37.799212367),Other Motor Vehicle
55817,1.0,Driver,West,Proceeding Straight,Driver,South,Making Left Turn,Broadside,0,0,0,1,No Pedestrian Involved,POINT (-122.402664893 37.734192415),Other Motor Vehicle
55818,1.0,Driver,East,Making U Turn,Driver,South,Proceeding Straight,Broadside,0,0,0,1,No Pedestrian Involved,POINT (-122.414979795 37.772631855),Other Motor Vehicle
55819,1.0,Driver,North,Traveling Wrong Way,Driver,South,Proceeding Straight,Head-On,0,0,0,1,No Pedestrian Involved,POINT (-122.437464786 37.721136289),Other Motor Vehicle
55820,1.0,Driver,North,Proceeding Straight,Driver,North,Stopped,Rear End,0,0,0,1,No Pedestrian Involved,POINT (-122.453726228 37.77009808),Other Motor Vehicle
55821,1.0,Driver,East,Stopped,Driver,East,Proceeding Straight,Rear End,0,0,0,1,No Pedestrian Involved,POINT (-122.433074471 37.764195713),Other Motor Vehicle
55822,1.0,Other,West,Traveling Wrong Way,Pedestrian,North,Stopped,Vehicle/Pedestrian,1,0,0,0,Crossing in Crosswalk at Intersection,POINT (-122.41844527 37.752239454),Pedestrian
55823,1.0,Driver,North,Making Right Turn,Pedestrian,West,Other,Vehicle/Pedestrian,1,0,0,1,Crossing in Crosswalk at Intersection,POINT (-122.414820762 37.769560581),Pedestrian
55824,1.0,Driver,East,Making Left Turn,Driver,West,Proceeding Straight,Broadside,0,0,0,1,No Pedestrian Involved,POINT (-122.428665129 37.764507613),Not Stated
55825,,Driver,North,Crossed Into Opposing Lane,Parked Vehicle,South,Parked,Head-On,0,0,0,1,No Pedestrian Involved,POINT (-122.419780362 37.766207753),Parked Motor Vehicle
55826,1.0,Driver,West,Changing Lanes,Driver,West,Proceeding Straight,Sideswipe,0,0,0,1,No Pedestrian Involved,POINT (-122.409731961 37.772799085),Other Motor Vehicle
55827,1.0,Driver,North,Ran Off Road,Unknown,Unknown,Unknown,Hit Object,0,0,0,1,No Pedestrian Involved,POINT (-122.437045612 37.771267425),Fixed Object
55828,1.0,Driver,South,Proceeding Straight,Pedestrian,Not Stated,Proceeding Straight,Vehicle/Pedestrian,1,0,0,1,Crossing in Crosswalk at Intersection,POINT (-122.430824713 37.773972521),Pedestrian
55829,1.0,Driver,South,Proceeding Straight,Driver,East,Proceeding Straight,Broadside,0,0,0,1,No Pedestrian Involved,POINT (-122.453249123 37.709166873),Other Motor Vehicle
55830,1.0,Driver,North,Proceeding Straight,Driver,North,Proceeding Straight,Sideswipe,0,0,0,1,No Pedestrian Involved,POINT (-122.4188603 37.756611155),Other Motor Vehicle
55831,1.0,Bicyclist,South,Making Left Turn,Driver,East,Proceeding Straight,Not Stated,0,1,0,1,No Pedestrian Involved,POINT (-122.420964093 37.755294783),Bicycle
55832,1.0,Driver,South,Making Left Turn,Bicyclist,North,Proceeding Straight,Broadside,0,1,0,1,No Pedestrian Involved,POINT (-122.392965086 37.737961206),Bicycle
55833,,Driver,South,Proceeding Straight,Driver,South,Stopped In Road,Rear End,1,0,0,1,Not Stated,POINT (-122.46139076 37.710814004),Other Motor Vehicle
55834,1.0,Driver,North,Making U Turn,Driver,North,Proceeding Straight,Broadside,0,0,0,1,No Pedestrian Involved,POINT (-122.485135294 37.720549999),Other Motor Vehicle
55835,1.0,Driver,West,Other,Driver,West,Making Left Turn,Sideswipe,0,0,0,1,No Pedestrian Involved,POINT (-122.415833149 37.757219961),Other Motor Vehicle
55836,1.0,Driver,North,Traveling Wrong Way,Driver,South,Stopped,Sideswipe,0,0,0,1,No Pedestrian Involved,POINT (-122.418040927 37.802578748),Other Motor Vehicle
55837,1.0,Pedestrian,South,Proceeding Straight,Driver,West,Proceeding Straight,Vehicle/Pedestrian,1,0,0,1,Crossing in Crosswalk at Intersection,POINT (-122.40882528 37.749600641),Pedestrian
55838,1.0,Driver,Not Stated,Proceeding Straight,Bicyclist,East,Stopped In Road,Sideswipe,0,0,0,1,No Pedestrian Involved,POINT (-122.458858661 37.781257061),Other Object
55839,1.0,Driver,East,Proceeding Straight,Driver,East,Slowing/Stopping,Rear End,0,0,0,1,No Pedestrian Involved,POINT (-122.468127664 37.773299258),Other Motor Vehicle
55840,1.0,Other,West,Making Left Turn,Driver,West,Other,Sideswipe,0,0,0,1,No Pedestrian Involved,POINT (-122.413538977 37.755751031),Other Motor Vehicle
55841,,Driver,South,Proceeding Straight,Pedestrian,East,Other,Vehicle/Pedestrian,1,0,0,1,Crossing Not in Crosswalk,POINT (-122.414741222 37.778719429),Pedestrian
55842,1.0,Driver,North,Making Left Turn,Driver,South,Proceeding Straight,Other,0,0,0,1,No Pedestrian Involved,POINT (-122.434478649 37.728731783),Other Motor Vehicle
55843,1.0,Driver,North,Making Left Turn,Driver,West,Proceeding Straight,Broadside,0,0,0,1,No Pedestrian Involved,POINT (-122.443517047 37.760509211),Other Motor Vehicle
55844,1.0,Driver,North,Parked,Bicyclist,North,Proceeding Straight,Sideswipe,0,1,0,1,No Pedestrian Involved,POINT (-122.420818675 37.753771584),Bicycle
55845,1.0,Driver,West,Proceeding Straight,Pedestrian,South,Proceeding Straight,Vehicle/Pedestrian,1,0,0,1,"In Road, Including Shoulder",POINT (-122.420955069 37.765538685),Pedestrian
55846,1.0,Pedestrian,East,Other,Driver,South,Proceeding Straight,Vehicle/Pedestrian,1,0,0,1,Crossing Not in Crosswalk,POINT (-122.402060967 37.723919994),Pedestrian
55847,1.0,Driver,East,Proceeding Straight,Driver,North,Making Left Turn,Broadside,0,0,0,1,No Pedestrian Involved,POINT (-122.400658029 37.713057971),Other Motor Vehicle
55848,1.0,Driver,North,Making Left Turn,Driver,West,Making Left Turn,Broadside,0,0,0,1,No Pedestrian Involved,POINT (-122.467515106 37.765877246),Other Motor Vehicle
55849,1.0,Driver,North,Proceeding Straight,Bicyclist,East,Proceeding Straight,Broadside,0,1,0,1,No Pedestrian Involved,POINT (-122.404986477 37.749054593),Bicycle
55850,1.0,Driver,West,Proceeding Straight,Pedestrian,Not Stated,Stopped,Vehicle/Pedestrian,1,0,0,1,"In Road, Including Shoulder",POINT (-122.405048048 37.793511939),Pedestrian
55851,1.0,Driver,North,Making Left Turn,Driver,South,Proceeding Straight,Head-On,0,0,0,1,No Pedestrian Involved,POINT (-122.432760489 37.800260114),Other Motor Vehicle
55852,,Driver,South,Making Right Turn,Pedestrian,West,Proceeding Straight,Vehicle/Pedestrian,1,0,0,1,Not In Road,POINT (-122.450092302 37.782116604),Pedestrian
55853,1.0,Driver,West,Parked,Bicyclist,West,Proceeding Straight,Sideswipe,0,1,0,1,No Pedestrian Involved,POINT (-122.408301652 37.781292614),Bicycle
55854,1.0,Driver,North,Making U Turn,Driver,South,Stopped,Head-On,0,0,0,1,No Pedestrian Involved,POINT (-122.485723866 37.70808573),Other Motor Vehicle
55855,,Pedestrian,North,Other,Driver,East,Proceeding Straight,Vehicle/Pedestrian,1,0,0,1,Crossing in Crosswalk at Intersection,POINT (-122.436114109 37.760823995),Pedestrian
55856,1.0,Driver,South,Making Right Turn,Bicyclist,South,Proceeding Straight,Not Stated,0,0,0,1,No Pedestrian Involved,POINT (-122.403316945 37.795531833),Not Stated
55857,,Pedestrian,West,Proceeding Straight,Driver,North,Proceeding Straight,Vehicle/Pedestrian,1,0,0,1,Crossing in Crosswalk at Intersection,POINT (-122.432328982 37.781428371),Pedestrian
55858,1.0,Pedestrian,East,Not Stated,Driver,South,Proceeding Straight,Vehicle/Pedestrian,1,0,0,1,Crossing Not in Crosswalk,POINT (-122.417439918 37.764695294),Pedestrian
55859,1.0,Driver,West,Changing Lanes,Bicyclist,West,Not Stated,Rear End,0,1,0,1,No Pedestrian Involved,POINT (-122.47026748 37.712684468),Bicycle
55860,1.0,Other,West,Making Right Turn,Driver,North,Proceeding Straight,Broadside,0,0,0,1,No Pedestrian Involved,POINT (-122.413676361 37.780926855),Other Object
55861,1.0,Driver,West,Proceeding Straight,Pedestrian,South,Proceeding Straight,Broadside,1,0,0,1,Crossing in Crosswalk at Intersection,POINT (-122.41975272 37.794353779),Pedestrian
55862,1.0,Driver,Not Stated,Other,Pedestrian,East,Proceeding Straight,Vehicle/Pedestrian,1,0,0,1,Crossing in Crosswalk at Intersection,POINT (-122.421393308 37.785685802),Pedestrian
55863,1.0,Driver,North,Proceeding Straight,Driver,Not Stated,Making U Turn,Broadside,0,0,0,1,No Pedestrian Involved,POINT (-122.404226037 37.710409217),Other Motor Vehicle
55864,1.0,Driver,South,Making U Turn,Driver,North,Proceeding Straight,Broadside,0,0,0,1,No Pedestrian Involved,POINT (-122.438177048 37.776855889),Other Motor Vehicle
55865,1.0,Bicyclist,West,Proceeding Straight,Pedestrian,West,Proceeding Straight,Rear End,1,0,0,0,"In Road, Including Shoulder",POINT (-122.469439188 37.772112438),Pedestrian
55866,1.0,Pedestrian,West,Proceeding Straight,Driver,North,Proceeding Straight,Vehicle/Pedestrian,1,0,0,1,Crossing Not in Crosswalk,POINT (-122.4240078 37.798519882),Pedestrian
55867,1.0,Driver,South,Proceeding Straight,Driver,South,Stopped In Road,Rear End,0,0,0,1,No Pedestrian Involved,POINT (-122.412250808 37.78221964),Other Motor Vehicle
55868,1.0,Pedestrian,South,Proceeding Straight,Driver,East,Proceeding Straight,Vehicle/Pedestrian,1,0,0,1,"In Road, Including Shoulder",POINT (-122.426693184 37.767869019),Pedestrian
55869,1.0,Pedestrian,South,Entering Traffic,Driver,West,Proceeding Straight,Vehicle/Pedestrian,1,0,0,1,Crossing Not in Crosswalk,POINT (-122.419255606 37.775147074),Pedestrian
55870,1.0,Driver,South,Proceeding Straight,Driver,West,Proceeding Straight,Broadside,0,0,0,1,No Pedestrian Involved,POINT (-122.418901029 37.757035402),Other Motor Vehicle
55871,1.0,Driver,West,Changing Lanes,Driver,West,Proceeding Straight,Not Stated,0,0,0,1,No Pedestrian Involved,POINT (-122.478324821 37.765399136),Non-Collision
55872,1.0,Driver,West,Proceeding Straight,Driver,South,Making Right Turn,Broadside,0,0,0,1,No Pedestrian Involved,POINT (-122.425963703 37.728641022),Other Motor Vehicle
55873,1.0,Driver,East,Proceeding Straight,Driver,East,Changing Lanes,Sideswipe,0,0,0,1,No Pedestrian Involved,POINT (-122.40866703 37.735776222),Other Motor Vehicle
55874,1.0,Driver,North,Other,Unknown,Unknown,Unknown,Hit Object,0,0,0,1,No Pedestrian Involved,POINT (-122.381608143 37.731174661),Fixed Object
55875,1.0,Driver,North,Proceeding Straight,Parked Vehicle,North,Parked,Not Stated,0,0,0,1,No Pedestrian Involved,POINT (-122.436273177 37.726058486),Parked Motor Vehicle
55876,,Driver,West,Proceeding Straight,Pedestrian,North,Proceeding Straight,Vehicle/Pedestrian,1,0,0,1,Crossing in Crosswalk at Intersection,POINT (-122.470234915 37.743289169),Pedestrian
55877,1.0,Driver,South,Proceeding Straight,Driver,West,Proceeding Straight,Broadside,0,0,0,1,No Pedestrian Involved,POINT (-122.422812581 37.709137971),Other Motor Vehicle
55878,1.0,Driver,East,Making Left Turn,Pedestrian,North,Proceeding Straight,Vehicle/Pedestrian,1,0,0,1,Crossing in Crosswalk at Intersection,POINT (-122.413157692 37.77745742),Pedestrian
55879,1.0,Driver,East,Traveling Wrong Way,Driver,South,Proceeding Straight,Broadside,0,0,0,1,No Pedestrian Involved,POINT (-122.399685664 37.797806631),Other Motor Vehicle
55880,1.0,Driver,North,Making Left Turn,Driver,South,Proceeding Straight,Broadside,0,0,0,1,No Pedestrian Involved,POINT (-122.437610625 37.774061647),Other Motor Vehicle
55881,1.0,Driver,West,Proceeding Straight,Pedestrian,North,Proceeding Straight,Vehicle/Pedestrian,1,0,0,1,Crossing Not in Crosswalk,POINT (-122.417701206 37.782333024),Pedestrian
55882,1.0,Other,West,Stopped,Driver,North,Making Right Turn,Broadside,0,0,0,1,No Pedestrian Involved,POINT (-122.423462721 37.790225572),Other Object
55883,1.0,Driver,West,Stopped,Driver,West,Proceeding Straight,Sideswipe,0,0,0,1,No Pedestrian Involved,POINT (-122.420687383 37.790578259),Motor Vehicle on Other Roadway
55884,1.0,Driver,North,Making Left Turn,Driver,East,Proceeding Straight,Broadside,0,0,0,1,No Pedestrian Involved,POINT (-122.480469021 37.765306089),Other Motor Vehicle
55885,1.0,Pedestrian,North,Proceeding Straight,Driver,West,Proceeding Straight,Vehicle/Pedestrian,1,0,0,1,Crossing in Crosswalk at Intersection,POINT (-122.436046173 37.799842953),Pedestrian
55886,1.0,Driver,East,Making U Turn,Driver,East,Proceeding Straight,Broadside,0,0,0,1,No Pedestrian Involved,POINT (-122.426410351 37.803980338),Other Motor Vehicle
55887,1.0,Driver,South,Entering Traffic,Driver,West,Proceeding Straight,Broadside,0,0,0,1,No Pedestrian Involved,POINT (-122.473427837 37.773062613),Other Motor Vehicle
55888,1.0,Bicyclist,East,Traveling Wrong Way,Driver,South,Making Right Turn,Broadside,0,1,0,1,No Pedestrian Involved,POINT (-122.440396754 37.779438637),Bicycle
55889,1.0,Driver,East,Proceeding Straight,Driver,South,Proceeding Straight,Broadside,0,0,0,1,No Pedestrian Involved,POINT (-122.405615267 37.778505105),Motor Vehicle on Other Roadway
55890,1.0,Driver,North,Proceeding Straight,Driver,North,Stopped,Other,0,0,0,1,No Pedestrian Involved,POINT (-122.416719594 37.757166643),Other Motor Vehicle
55891,1.0,Driver,North,Making Right Turn,Bicyclist,North,Proceeding Straight,Sideswipe,0,1,0,1,No Pedestrian Involved,POINT (-122.418616877 37.773102846),Bicycle
55892,,Pedestrian,North,Proceeding Straight,Driver,East,Making Left Turn,Vehicle/Pedestrian,1,0,0,1,Crossing Not in Crosswalk,POINT (-122.39932118 37.788383627),Pedestrian
55893,1.0,Pedestrian,Not Stated,Other,Driver,North,Stopped,Rear End,1,0,0,1,Crossing Not in Crosswalk,POINT (-122.442617634 37.714609662),Other Motor Vehicle
55894,1.0,Pedestrian,West,Entering Traffic,Driver,North,Proceeding Straight,Other,1,0,0,1,Crossing in Crosswalk at Intersection,POINT (-122.413161109 37.774991751),Non-Collision
55895,1.0,Driver,West,Making U Turn,Bicyclist,East,Proceeding Straight,Broadside,0,0,0,1,No Pedestrian Involved,POINT (-122.403461417 37.798275288),Other Motor Vehicle
55896,,Driver,West,Proceeding Straight,Pedestrian,South,Stopped In Road,Vehicle/Pedestrian,1,0,0,1,Crossing in Crosswalk at Intersection,POINT (-122.420493442 37.789620437),Not Stated
55897,1.0,Driver,East,Other,Driver,East,Proceeding Straight,Sideswipe,0,0,0,1,No Pedestrian Involved,POINT (-122.378613239 37.741123938),Other Motor Vehicle
55898,1.0,Driver,North,Proceeding Straight,Driver,East,Making Right Turn,Broadside,0,0,0,1,No Pedestrian Involved,POINT (-122.405581426 37.742456752),Other Motor Vehicle
55899,1.0,Driver,East,Proceeding Straight,Driver,North,Proceeding Straight,Broadside,0,0,0,1,No Pedestrian Involved,POINT (-122.433929087 37.749695808),Other Motor Vehicle
55900,1.0,Bicyclist,East,Proceeding Straight,Unknown,Unknown,Unknown,Hit Object,0,0,0,0,No Pedestrian Involved,POINT (-122.446758126 37.722996198),Non-Collision
55901,1.0,Driver,South,Making Left Turn,Driver,East,Stopped,Broadside,0,0,0,1,No Pedestrian Involved,POINT (-122.461062828 37.781160262),Other Motor Vehicle
55902,1.0,Driver,West,Making Left Turn,Driver,East,Proceeding Straight,Head-On,0,0,0,1,No Pedestrian Involved,POINT (-122.394119533 37.746202553),Other Motor Vehicle
55903,1.0,Driver,North,Parked,Driver,North,Proceeding Straight,Broadside,0,0,0,1,No Pedestrian Involved,POINT (-122.409343353 37.801237653),Other Motor Vehicle
55904,1.0,Pedestrian,West,Entering Traffic,Driver,South,Backing,Vehicle/Pedestrian,1,0,0,1,Crossing Not in Crosswalk,POINT (-122.420430299 37.744753651),Pedestrian
55905,,Driver,South,Proceeding Straight,Driver,South,Stopped In Road,Rear End,0,0,0,1,No Pedestrian Involved,POINT (-122.400674877 37.796747087),Other Motor Vehicle
55906,,Driver,North,Proceeding Straight,Driver,West,Proceeding Straight,Broadside,0,0,0,1,No Pedestrian Involved,POINT (-122.414241573 37.783723783),Other Motor Vehicle
55907,1.0,Driver,North,Making Left Turn,Driver,East,Proceeding Straight,Broadside,0,0,0,1,No Pedestrian Involved,POINT (-122.402061635 37.74939668),Other Motor Vehicle
55908,1.0,Driver,South,Proceeding Straight,Parked Vehicle,West,Parked,Sideswipe,0,0,0,1,No Pedestrian Involved,POINT (-122.476284343 37.75317338),Parked Motor Vehicle
55909,1.0,Driver,West,Proceeding Straight,Driver,North,Proceeding Straight,Broadside,0,0,0,1,No Pedestrian Involved,POINT (-122.442156165 37.710944069),Other Motor Vehicle
55910,1.0,Driver,North,Proceeding Straight,Driver,North,Slowing/Stopping,Rear End,0,0,0,1,No Pedestrian Involved,POINT (-122.389443904 37.790192119),Other Motor Vehicle
55911,1.0,Bicyclist,East,Proceeding Straight,Pedestrian,East,Proceeding Straight,Vehicle/Pedestrian,1,0,0,0,Not in Road,POINT (-122.437427361 37.80639625),Pedestrian
55912,1.0,Parked Vehicle,North,Parked,Other,North,Proceeding Straight,Sideswipe,0,0,0,0,No Pedestrian Involved,POINT (-122.417784445 37.768224446),Parked Motor Vehicle
55913,1.0,Driver,North,Proceeding Straight,Bicyclist,East,Other,Broadside,0,1,0,1,No Pedestrian Involved,POINT (-122.397980977 37.718177726),Bicycle
55914,1.0,Driver,East,Making Left Turn,Bicyclist,North,Proceeding Straight,Broadside,0,1,0,1,No Pedestrian Involved,POINT (-122.423413055 37.795737109),Bicycle
55915,1.0,Driver,North,Proceeding Straight,Driver,East,Proceeding Straight,Broadside,0,0,0,1,No Pedestrian Involved,POINT (-122.425919713 37.731815773),Other Motor Vehicle
55916,,Driver,North,Making Left Turn,Driver,North,Making Left Turn,Sideswipe,0,0,0,1,No Pedestrian Involved,POINT (-122.472572455 37.717173869),Other Motor Vehicle
55917,1.0,Bicyclist,West,Proceeding Straight,Unknown,Unknown,Unknown,Hit Object,0,0,0,0,No Pedestrian Involved,POINT (-122.507891878 37.78072054),Fixed Object
55918,1.0,Driver,North,Parking Maneuver,Driver,West,Slowing/Stopping,Broadside,0,0,0,1,No Pedestrian Involved,POINT (-122.428657822 37.761271221),Other Motor Vehicle
55919,1.0,Driver,North,Making Left Turn,Driver,South,Proceeding Straight,Overturned,0,0,0,1,No Pedestrian Involved,POINT (-122.446433638 37.761006719),Non-Collision
55920,1.0,Driver,Not Stated,Proceeding Straight,Driver,South,Proceeding Straight,Head-On,0,0,0,1,No Pedestrian Involved,POINT (-122.417486595 37.765183135),Other Motor Vehicle
55921,1.0,Parked Vehicle,South,Parked,Other,South,Proceeding Straight,Sideswipe,0,0,0,0,No Pedestrian Involved,POINT (-122.406451049 37.754540873),Other Motor Vehicle
55922,1.0,Driver,West,Proceeding Straight,Driver,North,Proceeding Straight,Broadside,0,0,0,1,No Pedestrian Involved,POINT (-122.468292594 37.777039013),Other Motor Vehicle
55923,1.0,Driver,North,Making Left Turn,Driver,West,Proceeding Straight,Broadside,0,0,0,1,No Pedestrian Involved,POINT (-122.399798024 37.78800716),Other Motor Vehicle
55924,,Driver,North,Proceeding Straight,Other,East,Proceeding Straight,Broadside,0,0,0,1,No Pedestrian Involved,POINT (-122.450973755 37.773315646),Other Motor Vehicle
55925,1.0,Driver,Not Stated,Proceeding Straight,Driver,West,Proceeding Straight,Broadside,0,0,0,1,No Pedestrian Involved,POINT (-122.413222787 37.803761301),Other Motor Vehicle
55926,1.0,Driver,East,Making U Turn,Other,East,Proceeding Straight,Broadside,0,0,0,1,No Pedestrian Involved,POINT (-122.391760285 37.764142678),Motor Vehicle on Other Roadway
55927,1.0,Driver,South,Proceeding Straight,Driver,South,Stopped,Rear End,0,0,0,1,No Pedestrian Involved,POINT (-122.42545718 37.755029079),Motor Vehicle on Other Roadway
55928,1.0,Driver,North,Making Right Turn,Bicyclist,North,Proceeding Straight,Broadside,0,1,0,1,No Pedestrian Involved,POINT (-122.428436981 37.734950949),Bicycle
55929,1.0,Driver,North,Proceeding Straight,Driver,South,Making Left Turn,Broadside,0,0,0,1,No Pedestrian Involved,POINT (-122.417658992 37.755502498),Other Motor Vehicle
55930,1.0,Pedestrian,West,Not Stated,Driver,North,Proceeding Straight,Vehicle/Pedestrian,1,0,0,1,Crossing Not in Crosswalk,POINT (-122.398561897 37.716900643),Pedestrian
55931,1.0,Driver,East,Proceeding Straight,Driver,North,Proceeding Straight,Broadside,0,0,0,1,No Pedestrian Involved,POINT (-122.411610117 37.773769346),Other Motor Vehicle
55932,1.0,Driver,East,Proceeding Straight,Driver,Not Stated,Proceeding Straight,Broadside,0,0,0,1,No Pedestrian Involved,POINT (-122.470845997 37.782652402),Other Motor Vehicle
55933,1.0,Driver,Not Stated,Other,Pedestrian,Not Stated,Other,Vehicle/Pedestrian,1,0,0,1,Crossing in Crosswalk at Intersection,POINT (-122.499058976 37.73157607),Pedestrian
55934,,Driver,East,Making Right Turn,Other,South,Proceeding Straight,Broadside,0,0,0,1,No Pedestrian Involved,POINT (-122.453853211 37.771040801),Motor Vehicle on Other Roadway
55935,1.0,Driver,East,Proceeding Straight,Driver,East,Stopped In Road,Rear End,0,0,0,1,No Pedestrian Involved,POINT (-122.411555444 37.74831949),Other Motor Vehicle
55936,1.0,Driver,South,Changing Lanes,Unknown,Unknown,Unknown,Hit Object,0,0,0,1,No Pedestrian Involved,POINT (-122.424144433 37.774067682),Fixed Object
55937,1.0,Driver,West,Proceeding Straight,Driver,South,Proceeding Straight,Broadside,0,0,0,1,No Pedestrian Involved,POINT (-122.390924328 37.724543875),Other Motor Vehicle
55938,1.0,Driver,South,Making Left Turn,Bicyclist,West,Proceeding Straight,Broadside,0,1,0,1,No Pedestrian Involved,POINT (-122.420432817 37.763375552),Bicycle
55939,1.0,Driver,West,Entering Traffic,Driver,East,Not Stated,Sideswipe,0,0,0,1,No Pedestrian Involved,POINT (-122.424362057 37.771917576),Other Motor Vehicle
55940,1.0,Driver,West,Traveling Wrong Way,Parked Vehicle,Not Stated,Parked,Sideswipe,0,0,0,1,No Pedestrian Involved,POINT (-122.482343959 37.727092756),Parked Motor Vehicle
55941,1.0,Pedestrian,Not Stated,Other,Driver,South,Proceeding Straight,Vehicle/Pedestrian,1,0,0,1,"In Road, Including Shoulder",POINT (-122.407662857 37.766891003),Pedestrian
55942,1.0,Driver,East,Making Left Turn,Driver,East,Proceeding Straight,Rear End,0,0,0,1,No Pedestrian Involved,POINT (-122.392270304 37.76283394),Other Motor Vehicle
55943,1.0,Other,South,Proceeding Straight,Pedestrian,North,Making Left Turn,Vehicle/Pedestrian,1,0,0,0,Not in Road,POINT (-122.402611421 37.792094281),Pedestrian
55944,1.0,Driver,South,Making Right Turn,Bicyclist,East,Proceeding Straight,Broadside,0,1,0,1,No Pedestrian Involved,POINT (-122.406150423 37.778082382),Bicycle
55945,1.0,Driver,West,Making Right Turn,Driver,West,Proceeding Straight,Sideswipe,0,0,0,1,No Pedestrian Involved,POINT (-122.445916038 37.787373016),Other Motor Vehicle
55946,1.0,Driver,East,Proceeding Straight,Bicyclist,East,Proceeding Straight,Sideswipe,0,1,0,1,No Pedestrian Involved,POINT (-122.422018441 37.780829753),Bicycle
55947,1.0,Driver,East,Making Left Turn,Driver,West,Proceeding Straight,Head-On,0,0,0,1,No Pedestrian Involved,POINT (-122.435624141 37.76732796),Other Motor Vehicle
55948,1.0,Driver,South,Proceeding Straight,Driver,South,Stopped,Rear End,0,0,0,1,No Pedestrian Involved,POINT (-122.424358667 37.800415028),Other Motor Vehicle
55949,1.0,Bicyclist,North,Proceeding Straight,Parked Vehicle,North,Parked,Hit Object,0,1,0,0,No Pedestrian Involved,POINT (-122.422948534 37.753185608),Bicycle
55950,1.0,Driver,North,Making Left Turn,Bicyclist,South,Proceeding Straight,Broadside,0,1,0,1,No Pedestrian Involved,POINT (-122.405588532 37.782022583),Bicycle
55951,1.0,Other,West,Proceeding Straight,Unknown,Unknown,Unknown,Other,0,0,0,0,No Pedestrian Involved,POINT (-122.432949137 37.7626182),Fixed Object
55952,1.0,Driver,South,Proceeding Straight,Parked Vehicle,Not Stated,Parked,Sideswipe,0,0,0,1,No Pedestrian Involved,POINT (-122.425780484 37.758953583),Parked Motor Vehicle
55953,1.0,Bicyclist,East,Proceeding Straight,Driver,West,Making Right Turn,Broadside,0,0,0,1,No Pedestrian Involved,POINT (-122.40753423 37.765783299),Other Motor Vehicle