party_id,party_at_fault,party1_type,party1_dir_of_travel,party1_move_pre_acc,party2_type,party2_dir_of_travel,party2_move_pre_acc,type_of_collision,involves_pedestrian,involves_bicycle,involves_motorcycle,involves_vehicle,ped_action,point,mviw
56110,1.0,Driver,East,Proceeding Straight,Driver,North,Proceeding Straight,Broadside,0,0,0,1,No Pedestrian Involved,POINT (-122.466018713 37.77527143),Other Motor Vehicle
56111,1.0,Driver,East,Making Left Turn,Pedestrian,North,Proceeding Straight,Vehicle/Pedestrian,1,0,0,1,Crossing in Crosswalk at Intersection,POINT (-122.429849201 37.777919296),Not Stated
56112,1.0,Driver,South,Making Left Turn,Driver,South,Making Left Turn,Sideswipe,0,0,0,1,No Pedestrian Involved,POINT (-122.455791465 37.711203438),Other Motor Vehicle
56113,1.0,Other,North,Proceeding Straight,Driver,East,Proceeding Straight,Broadside,0,0,0,1,No Pedestrian Involved,POINT (-122.414403995 37.772148255),Other Motor Vehicle
56114,1.0,Driver,South,Proceeding Straight,Unknown,Unknown,Unknown,Other,0,0,0,1,No Pedestrian Involved,POINT (-122.471818161 37.773037015),Non-Collision
56115,1.0,Driver,South,Proceeding Straight,Driver,South,Stopped,Rear End,0,0,0,1,No Pedestrian Involved,POINT (-122.500220954 37.718955559),Other Motor Vehicle
56116,1.0,Driver,South,Proceeding Straight,Pedestrian,East,Not Stated,Vehicle/Pedestrian,1,0,0,1,Not Stated,POINT (-122.439480382 37.783308487),Pedestrian
56117,1.0,Driver,South,Changing Lanes,Pedestrian,South,Proceeding Straight,Vehicle/Pedestrian,1,0,0,1,"In Road, Including Shoulder",POINT (-122.413038528 37.76456504),Pedestrian
56118,1.0,Driver,North,Making Left Turn,Other,West,Proceeding Straight,Broadside,0,0,0,1,No Pedestrian Involved,POINT (-122.417357817 37.752305979),Motor Vehicle on Other Roadway
56119,1.0,Driver,East,Making Left Turn,Driver,South,Proceeding Straight,Head-On,0,0,0,1,No Pedestrian Involved,POINT (-122.456045432 37.712319641),Other Motor Vehicle
56120,1.0,Driver,North,Parked,Bicyclist,North,Proceeding Straight,Other,0,1,0,1,No Pedestrian Involved,POINT (-122.453672284 37.769832326),Bicycle
56121,1.0,Driver,South,Passing Other Vehicle,Driver,South,Making Right Turn,Sideswipe,0,0,0,1,No Pedestrian Involved,POINT (-122.423917826 37.781535612),Other Motor Vehicle
56122,1.0,Driver,South,Making Left Turn,Driver,North,Proceeding Straight,Head-On,0,0,0,1,No Pedestrian Involved,POINT (-122.443528412 37.760480455),Not Stated
56123,1.0,Driver,East,Proceeding Straight,Driver,East,Stopped,Rear End,0,0,0,1,No Pedestrian Involved,POINT (-122.420083066 37.708311266),Other Motor Vehicle
56124,1.0,Driver,East,Making Left Turn,Driver,East,Proceeding Straight,Rear End,0,0,0,1,No Pedestrian Involved,POINT (-122.406075247 37.783050785),Other Motor Vehicle
56125,1.0,Driver,North,Proceeding Straight,Pedestrian,West,Proceeding Straight,Vehicle/Pedestrian,1,0,0,1,Crossing in Crosswalk at Intersection,POINT (-122.392609697 37.722657957),Pedestrian
56126,1.0,Driver,North,Making Left Turn,Driver,West,Proceeding Straight,Broadside,0,0,0,1,No Pedestrian Involved,POINT (-122.491126418 37.779769926),Not Stated
56127,1.0,Driver,North,Changing Lanes,Driver,North,Proceeding Straight,Sideswipe,0,0,0,1,No Pedestrian Involved,POINT (-122.437987224 37.776183876),Other Motor Vehicle
56128,1.0,Driver,South,Proceeding Straight,Driver,South,Proceeding Straight,Rear End,0,0,0,1,No Pedestrian Involved,POINT (-122.418874752 37.756761695),Other Motor Vehicle
56129,1.0,Driver,North,Proceeding Straight,Bicyclist,East,Proceeding Straight,Broadside,0,1,0,1,No Pedestrian Involved,POINT (-122.393122905 37.727812208),Bicycle
56130,1.0,Driver,North,Proceeding Straight,Driver,North,Stopped,Rear End,0,0,0,1,No Pedestrian Involved,POINT (-122.419026234 37.77458866),Other Motor Vehicle
56131,1.0,Driver,North,Not Stated,Pedestrian,Not Stated,Not Stated,Hit Object,1,0,0,1,No Pedestrian Involved,POINT (-122.499046214 37.731585344),Fixed Object
56132,1.0,Driver,West,Proceeding Straight,Parked Vehicle,West,Stopped,Rear End,0,0,0,1,No Pedestrian Involved,POINT (-122.418618217 37.773053455),Parked Motor Vehicle
56133,1.0,Driver,South,Proceeding Straight,Driver,South,Stopped,Rear End,0,0,0,1,No Pedestrian Involved,POINT (-122.432198749 37.72787261),Other Motor Vehicle
56134,1.0,Driver,South,Proceeding Straight,Driver,East,Proceeding Straight,Broadside,0,0,0,1,No Pedestrian Involved,POINT (-122.44534499 37.770210175),Other Motor Vehicle
56135,1.0,Driver,South,Proceeding Straight,Driver,North,Making Left Turn,Head-On,0,0,0,1,No Pedestrian Involved,POINT (-122.439480382 37.783308487),Other Motor Vehicle
56136,1.0,Driver,South,Making U Turn,Driver,South,Proceeding Straight,Broadside,0,0,0,1,No Pedestrian Involved,POINT (-122.421078295 37.756490945),Other Motor Vehicle
56137,1.0,Bicyclist,North,Proceeding Straight,Bicyclist,West,Proceeding Straight,Broadside,0,1,0,0,No Pedestrian Involved,POINT (-122.430047265 37.778850929),Bicycle
56138,1.0,Driver,East,Proceeding Straight,Driver,East,Proceeding Straight,Rear End,0,0,0,1,No Pedestrian Involved,POINT (-122.450269448 37.743950104),Other Motor Vehicle
56139,1.0,Bicyclist,South,Proceeding Straight,Driver,East,Proceeding Straight,Broadside,0,1,0,1,No Pedestrian Involved,POINT (-122.485945328 37.78197462),Bicycle
56140,1.0,Driver,East,Slowing/Stopping,Driver,West,Making Left Turn,Sideswipe,0,0,0,1,No Pedestrian Involved,POINT (-122.404672746 37.763361853),Other Motor Vehicle
56141,1.0,Driver,West,Making U Turn,Driver,South,Proceeding Straight,Head-On,0,0,0,1,No Pedestrian Involved,POINT (-122.414563095 37.803325859),Other Motor Vehicle
56142,1.0,Driver,North,Stopped,Driver,North,Stopped,Rear End,0,0,0,1,No Pedestrian Involved,POINT (-122.404660576 37.774210981),Other Motor Vehicle
56143,1.0,Driver,South,Making Right Turn,Pedestrian,West,Proceeding Straight,Vehicle/Pedestrian,1,0,0,1,Crossing in Crosswalk at Intersection,POINT (-122.395576661 37.774030852),Pedestrian
56144,1.0,Driver,North,Proceeding Straight,Driver,North,Proceeding Straight,Rear End,0,0,0,1,No Pedestrian Involved,POINT (-122.479498182 37.771194673),Other Motor Vehicle
56145,1.0,Driver,East,Proceeding Straight,Parked Vehicle,Not Stated,Not Stated,Rear End,0,0,0,1,No Pedestrian Involved,POINT (-122.407842061 37.776746109),Parked Motor Vehicle
56146,1.0,Driver,West,Making Right Turn,Pedestrian,South,Proceeding Straight,Vehicle/Pedestrian,1,0,0,1,Crossing Not in Crosswalk,POINT (-122.397942939 37.782997897),Pedestrian
56147,1.0,Driver,Not Stated,Making Left Turn,Driver,South,Proceeding Straight,Broadside,0,0,0,1,No Pedestrian Involved,POINT (-122.382125706 37.728051444),Other Motor Vehicle
56148,1.0,Driver,West,Proceeding Straight,Driver,West,Stopped In Road,Rear End,0,0,0,1,No Pedestrian Involved,POINT (-122.462902878 37.762318799),Other Motor Vehicle
56149,1.0,Pedestrian,South,Proceeding Straight,Driver,East,Proceeding Straight,Vehicle/Pedestrian,1,0,0,1,Crossing in Crosswalk at Intersection,POINT (-122.408786107 37.790159501),Pedestrian
56150,1.0,Pedestrian,South,Other,Driver,West,Proceeding Straight,Vehicle/Pedestrian,1,0,0,1,Crossing Not in Crosswalk,POINT (-122.412763091 37.808595132),Pedestrian
56151,1.0,Bicyclist,North,Proceeding Straight,Driver,West,Proceeding Straight,Broadside,0,1,0,1,No Pedestrian Involved,POINT (-122.495749379 37.760874017),Bicycle
56152,1.0,Driver,South,Proceeding Straight,Driver,South,Making Right Turn,Rear End,0,0,0,1,No Pedestrian Involved,POINT (-122.399616233 37.780791483),Other Motor Vehicle
56153,1.0,Other,North,Proceeding Straight,Pedestrian,South,Proceeding Straight,Head-On,1,0,0,0,Not in Road,POINT (-122.416291701 37.777493844),Not Stated
56154,1.0,Driver,West,Proceeding Straight,Driver,West,Stopped,Rear End,0,0,0,1,No Pedestrian Involved,POINT (-122.440708228 37.716293506),Not Stated
56155,1.0,Driver,Not Stated,Backing,Pedestrian,Not Stated,Proceeding Straight,Other,1,0,0,1,"In Road, Including Shoulder",POINT (-122.415301363 37.783589358),Pedestrian
56156,1.0,Driver,West,Proceeding Straight,Parked Vehicle,West,Parked,Overturned,0,0,0,1,No Pedestrian Involved,POINT (-122.429124037 37.780864935),Parked Motor Vehicle
56157,1.0,Driver,North,Proceeding Straight,Driver,West,Proceeding Straight,Broadside,0,0,0,1,No Pedestrian Involved,POINT (-122.494038473 37.744115444),Other Motor Vehicle
56158,1.0,Driver,West,Proceeding Straight,Parked Vehicle,Not Stated,Parked,Sideswipe,0,0,0,1,No Pedestrian Involved,POINT (-122.444631884 37.731517427),Parked Motor Vehicle
56159,1.0,Pedestrian,South,Proceeding Straight,Unknown,Unknown,Unknown,Not Stated,1,0,0,0,Not in Road,POINT (-122.412479935 37.770629854),Not Stated
56160,1.0,Driver,South,Making Left Turn,Driver,South,Proceeding Straight,Sideswipe,1,0,0,1,"In Road, Including Shoulder",POINT (-122.414107302 37.791416479),Other Motor Vehicle
56161,1.0,Driver,West,Making Left Turn,Pedestrian,West,Proceeding Straight,Vehicle/Pedestrian,1,0,0,1,Crossing in Crosswalk at Intersection,POINT (-122.437439122 37.723716463),Pedestrian
56162,1.0,Driver,North,Proceeding Straight,Driver,North,Stopped,Rear End,0,0,0,1,No Pedestrian Involved,POINT (-122.424702562 37.73536987),Other Motor Vehicle
56163,,Pedestrian,North,Not Stated,Driver,West,Not Stated,Not Stated,1,0,0,1,Not Stated,POINT (-122.447695067 37.800831913),Not Stated
56164,,Driver,South,Proceeding Straight,Other,South,Proceeding Straight,Rear End,0,0,0,1,No Pedestrian Involved,POINT (-122.407817406 37.798660781),Other Motor Vehicle
56165,1.0,Driver,North,Proceeding Straight,Driver,North,Proceeding Straight,Rear End,0,0,0,1,No Pedestrian Involved,POINT (-122.395843499 37.781321258),Other Motor Vehicle
56166,1.0,Other,West,Making Left Turn,Driver,South,Making Right Turn,Sideswipe,0,0,0,1,No Pedestrian Involved,POINT (-122.401126341 37.7930603),Other Motor Vehicle
56167,1.0,Driver,Not Stated,Changing Lanes,Bicyclist,Not Stated,Proceeding Straight,Sideswipe,0,1,0,1,No Pedestrian Involved,POINT (-122.407104668 37.739114168),Bicycle
56168,1.0,Other,West,Proceeding Straight,Driver,West,Making Left Turn,Sideswipe,0,0,0,1,No Pedestrian Involved,POINT (-122.419304031 37.777349859),Other Object
56169,1.0,Bicyclist,North,Proceeding Straight,Unknown,Unknown,Unknown,Hit Object,0,0,0,0,No Pedestrian Involved,POINT (-122.386089002 37.746182123),Non-Collision
56170,1.0,Driver,North,Proceeding Straight,Driver,North,Proceeding Straight,Rear End,0,0,0,1,No Pedestrian Involved,POINT (-122.421512354 37.777980073),Other Motor Vehicle
56171,1.0,Driver,East,Proceeding Straight,Parked Vehicle,East,Parked,Rear End,0,0,0,1,No Pedestrian Involved,POINT (-122.417525186 37.785215056),Parked Motor Vehicle
56172,1.0,Driver,East,Entering Traffic,Driver,East,Proceeding Straight,Sideswipe,0,0,0,1,No Pedestrian Involved,POINT (-122.419506294 37.77636887),Other Motor Vehicle
56173,1.0,Pedestrian,East,Proceeding Straight,Driver,North,Making Left Turn,Vehicle/Pedestrian,1,0,0,1,Crossing in Crosswalk at Intersection,POINT (-122.413865603 37.78186334),Pedestrian
56174,1.0,Driver,West,Entering Traffic,Driver,West,Proceeding Straight,Sideswipe,0,0,0,1,No Pedestrian Involved,POINT (-122.495220873 37.716081522),Other Motor Vehicle
56175,1.0,Other,North,Proceeding Straight,Bicyclist,West,Proceeding Straight,Broadside,0,1,0,0,No Pedestrian Involved,POINT (-122.412512255 37.780478511),Bicycle
56176,1.0,Driver,South,Proceeding Straight,Driver,West,Proceeding Straight,Broadside,0,0,0,1,No Pedestrian Involved,POINT (-122.422407117 37.774084975),Motor Vehicle on Other Roadway
56177,1.0,Driver,North,Backing,Pedestrian,Not Stated,Other,Vehicle/Pedestrian,1,0,0,1,Crossing Not in Crosswalk,POINT (-122.413945147 37.782256958),Pedestrian
56178,1.0,Driver,West,Proceeding Straight,Driver,South,Proceeding Straight,Broadside,0,0,0,1,No Pedestrian Involved,POINT (-122.423396762 37.771885644),Other Motor Vehicle
56179,1.0,Driver,North,Proceeding Straight,Driver,West,Proceeding Straight,Broadside,0,0,0,1,No Pedestrian Involved,POINT (-122.397385539 37.782553593),Other Motor Vehicle
56180,1.0,Driver,South,Slowing/Stopping,Pedestrian,South,Proceeding Straight,Vehicle/Pedestrian,1,0,0,1,Not in Road,POINT (-122.415602096 37.768414076),Pedestrian
56181,1.0,Driver,East,Proceeding Straight,Driver,East,Stopped,Rear End,0,0,0,1,No Pedestrian Involved,POINT (-122.447823454 37.721253793),Not Stated
56182,1.0,Driver,West,Proceeding Straight,Driver,Not Stated,Stopped,Rear End,0,0,0,1,No Pedestrian Involved,POINT (-122.477398077 37.765418965),Other Motor Vehicle
56183,1.0,Driver,North,Proceeding Straight,Driver,North,Stopped,Rear End,0,0,0,1,No Pedestrian Involved,POINT (-122.484628816 37.724890088),Other Motor Vehicle
56184,,Driver,North,Proceeding Straight,Driver,East,Proceeding Straight,Broadside,0,0,0,1,No Pedestrian Involved,POINT (-122.426180043 37.801095455),Other Motor Vehicle
56185,1.0,Driver,South,Proceeding Straight,Driver,West,Proceeding Straight,Broadside,0,0,0,1,No Pedestrian Involved,POINT (-122.419693566 37.777299856),Other Motor Vehicle
56186,,Driver,West,Making Right Turn,Pedestrian,Not Stated,Not Stated,Vehicle/Pedestrian,1,0,0,1,Crossing in Crosswalk at Intersection,POINT (-122.392065236 37.78675579),Pedestrian
56187,,Driver,East,Other,Unknown,Unknown,Unknown,Hit Object,0,0,0,1,No Pedestrian Involved,POINT (-122.395979591 37.770701144),Fixed Object
56188,1.0,Driver,South,Making Left Turn,Pedestrian,East,Proceeding Straight,Vehicle/Pedestrian,1,0,0,1,Crossing in Crosswalk at Intersection,POINT (-122.411006736 37.792761777),Pedestrian
56189,1.0,Pedestrian,East,Proceeding Straight,Driver,West,Making Left Turn,Vehicle/Pedestrian,1,0,0,1,Crossing in Crosswalk at Intersection,POINT (-122.415153744 37.763683065),Pedestrian
56190,1.0,Driver,Not Stated,Backing,Pedestrian,South,Not Stated,Vehicle/Pedestrian,1,0,0,1,Crossing in Crosswalk at Intersection,POINT (-122.413148049 37.780993782),Pedestrian
56191,1.0,Driver,North,Ran Off Road,Other,North,Proceeding Straight,Sideswipe,0,0,0,1,No Pedestrian Involved,POINT (-122.409938241 37.778416283),Other Object
56192,1.0,Other,West,Proceeding Straight,Driver,North,Making U Turn,Broadside,0,0,0,1,No Pedestrian Involved,POINT (-122.46001642 37.766165787),Other Motor Vehicle
56193,,Driver,South,Making Left Turn,Driver,South,Making Left Turn,Sideswipe,0,0,0,1,No Pedestrian Involved,POINT (-122.400498183 37.787454378),Other Motor Vehicle
56194,1.0,Driver,West,Proceeding Straight,Driver,West,Stopped,Rear End,0,0,0,1,No Pedestrian Involved,POINT (-122.40072847 37.723602812),Other Motor Vehicle
56195,1.0,Driver,South,Proceeding Straight,Driver,West,Proceeding Straight,Broadside,0,0,0,1,No Pedestrian Involved,POINT (-122.457068388 37.710110915),Other Motor Vehicle
56196,1.0,Driver,South,Other,Parked Vehicle,South,Parked,Overturned,0,0,0,1,No Pedestrian Involved,POINT (-122.398615355 37.73640495),Parked Motor Vehicle
56197,1.0,Driver,East,Proceeding Straight,Bicyclist,North,Proceeding Straight,Broadside,0,1,0,1,No Pedestrian Involved,POINT (-122.419981513 37.768273653),Bicycle
56198,1.0,Driver,North,Proceeding Straight,Driver,East,Proceeding Straight,Broadside,0,0,0,1,No Pedestrian Involved,POINT (-122.49108192 37.74798318),Other Motor Vehicle
56199,1.0,Other,South,Proceeding Straight,Driver,West,Making Left Turn,Broadside,0,1,0,1,No Pedestrian Involved,POINT (-122.418618217 37.773053455),Bicycle
56200,1.0,Driver,West,Making Right Turn,Other,West,Proceeding Straight,Broadside,0,0,0,1,No Pedestrian Involved,POINT (-122.412719627 37.775340853),Other Motor Vehicle
56201,1.0,Driver,West,Entering Traffic,Driver,East,Proceeding Straight,Broadside,0,0,0,1,No Pedestrian Involved,POINT (-122.389776088 37.736177292),Other Motor Vehicle
56202,1.0,Driver,South,Making Left Turn,Pedestrian,West,Not Stated,Vehicle/Pedestrian,1,0,0,1,Crossing in Crosswalk at Intersection,POINT (-122.472440166 37.782567842),Pedestrian
56203,1.0,Driver,West,Making Right Turn,Other,South,Proceeding Straight,Sideswipe,0,0,0,1,No Pedestrian Involved,POINT (-122.419443735 37.762712867),Other Motor Vehicle
56204,1.0,Pedestrian,West,Other,Driver,North,Proceeding Straight,Vehicle/Pedestrian,1,0,0,1,Crossing Not in Crosswalk,POINT (-122.475221952 37.721057296),Pedestrian
56205,,Bicyclist,East,Proceeding Straight,Pedestrian,North,Proceeding Straight,Other,1,0,0,0,Crossing in Crosswalk at Intersection,POINT (-122.41169993 37.781177219),Pedestrian
56206,,Driver,West,Proceeding Straight,Driver,South,Proceeding Straight,Broadside,0,0,0,1,No Pedestrian Involved,POINT (-122.476813892 37.759833936),Other Motor Vehicle
56207,1.0,Driver,South,Traveling Wrong Way,Unknown,Unknown,Unknown,Not Stated,0,0,0,1,No Pedestrian Involved,POINT (-122.394317829 37.72516293),Fixed Object
56208,1.0,Pedestrian,South,Other,Bicyclist,East,Proceeding Straight,Vehicle/Pedestrian,1,0,0,0,Crossing Not in Crosswalk,POINT (-122.46438452 37.726011854),Not Stated
56209,1.0,Driver,North,Proceeding Straight,Driver,East,Proceeding Straight,Broadside,0,0,0,1,No Pedestrian Involved,POINT (-122.423213874 37.78640232),Other Motor Vehicle
56210,1.0,Driver,South,Proceeding Straight,Driver,East,Making Left Turn,Broadside,0,0,0,1,No Pedestrian Involved,POINT (-122.41341856 37.745587515),Other Motor Vehicle
56211,1.0,Driver,West,Proceeding Straight,Driver,West,Stopped In Road,Rear End,0,0,0,1,No Pedestrian Involved,POINT (-122.495576459 37.760881646),Other Motor Vehicle
56212,1.0,Bicyclist,East,Proceeding Straight,Driver,North,Making Left Turn,Not Stated,0,1,0,1,No Pedestrian Involved,POINT (-122.430736823 37.790252063),Bicycle
56213,1.0,Driver,East,Proceeding Straight,Driver,South,Proceeding Straight,Broadside,0,0,0,1,No Pedestrian Involved,POINT (-122.397809546 37.738846648),Other Motor Vehicle
56214,1.0,Driver,North,Proceeding Straight,Driver,West,Proceeding Straight,Broadside,0,0,0,1,No Pedestrian Involved,POINT (-122.413105243 37.765447608),Other Motor Vehicle
56215,1.0,Driver,North,Proceeding Straight,Parked Vehicle,North,Parked,Rear End,0,0,0,1,No Pedestrian Involved,POINT (-122.4059879 37.747086034),Parked Motor Vehicle
56216,1.0,Driver,North,Proceeding Straight,Driver,East,Proceeding Straight,Broadside,0,0,0,1,No Pedestrian Involved,POINT (-122.501770514 37.762474674),Other Motor Vehicle
56217,1.0,Driver,East,Slowing/Stopping,Driver,East,Stopped In Road,Rear End,0,0,0,1,No Pedestrian Involved,POINT (-122.472572454 37.717173869),Other Motor Vehicle
56218,1.0,Driver,East,Slowing/Stopping,Driver,East,Stopped,Rear End,0,0,0,1,No Pedestrian Involved,POINT (-122.499307422 37.771879711),Other Motor Vehicle
56219,1.0,Driver,West,Making Left Turn,Driver,East,Proceeding Straight,Head-On,0,0,0,1,No Pedestrian Involved,POINT (-122.39558775 37.722461997),Other Motor Vehicle
56220,,Driver,West,Making Right Turn,Unknown,Unknown,Unknown,Hit Object,0,0,0,1,No Pedestrian Involved,POINT (-122.431071921 37.762731786),Fixed Object
56221,,Driver,North,Parked,Driver,North,Proceeding Straight,Sideswipe,0,0,0,1,No Pedestrian Involved,POINT (-122.411750448 37.751077736),Other Motor Vehicle
56222,1.0,Driver,North,Making Left Turn,Driver,West,Proceeding Straight,Broadside,0,0,0,1,No Pedestrian Involved,POINT (-122.403863018 37.798222971),Other Motor Vehicle
56223,1.0,Driver,East,Backing,Pedestrian,South,Proceeding Straight,Vehicle/Pedestrian,1,0,0,1,"In Road, Including Shoulder",POINT (-122.416244399 37.782514734),Pedestrian
56224,1.0,Driver,North,Proceeding Straight,Driver,North,Proceeding Straight,Sideswipe,0,0,0,1,No Pedestrian Involved,POINT (-122.495749379 37.760874017),Other Motor Vehicle
56225,,Driver,South,Proceeding Straight,Driver,East,Proceeding Straight,Broadside,0,0,0,1,No Pedestrian Involved,POINT (-122.403650108 37.711188573),Other Motor Vehicle
56226,1.0,Driver,North,Proceeding Straight,Driver,East,Making Right Turn,Sideswipe,0,0,0,1,No Pedestrian Involved,POINT (-122.424136499 37.774824795),Other Motor Vehicle
56227,1.0,Driver,East,Making Left Turn,Driver,South,Proceeding Straight,Broadside,0,0,0,1,No Pedestrian Involved,POINT (-122.407600583 37.766354722),Other Motor Vehicle
56228,1.0,Driver,East,Proceeding Straight,Driver,South,Proceeding Straight,Broadside,0,0,0,1,No Pedestrian Involved,POINT (-122.466180555 37.762175042),Other Motor Vehicle
56229,,Bicyclist,East,Proceeding Straight,Unknown,Unknown,Unknown,Other,0,1,0,0,No Pedestrian Involved,POINT (-122.401518108 37.774384656),Bicycle
56230,,Bicyclist,West,Changing Lanes,Driver,West,Proceeding Straight,Rear End,0,1,0,1,No Pedestrian Involved,POINT (-122.489857171 37.764853779),Bicycle
56231,1.0,Driver,North,Making Right Turn,Pedestrian,East,Traveling Wrong Way,Head-On,1,0,0,1,No Pedestrian Involved,POINT (-122.414053764 37.782794446),Other Object
56232,1.0,Driver,North,Making Left Turn,Pedestrian,East,Proceeding Straight,Vehicle/Pedestrian,1,0,0,1,Crossing in Crosswalk at Intersection,POINT (-122.414241573 37.783723783),Pedestrian
56233,1.0,Pedestrian,East,Proceeding Straight,Pedestrian,East,Proceeding Straight,Broadside,1,0,0,0,Crossing in Crosswalk at Intersection,POINT (-122.405615267 37.778505105),Pedestrian
56234,,Bicyclist,North,Proceeding Straight,Bicyclist,South,Proceeding Straight,Sideswipe,0,0,0,0,No Pedestrian Involved,POINT (-122.370879887 37.826635899),Other Object
56235,1.0,Parked Vehicle,North,Stopped In Road,Driver,North,Proceeding Straight,Sideswipe,0,0,0,1,No Pedestrian Involved,POINT (-122.411718938 37.796290766),Other Object
56236,1.0,Driver,East,Proceeding Straight,Driver,East,Stopped,Rear End,0,0,0,1,No Pedestrian Involved,POINT (-122.440020931 37.734855555),Other Motor Vehicle
56237,1.0,Driver,South,Proceeding Straight,Pedestrian,West,Proceeding Straight,Vehicle/Pedestrian,1,0,0,1,Crossing in Crosswalk at Intersection,POINT (-122.46455026 37.784775405),Pedestrian
56238,1.0,Driver,East,Entering Traffic,Driver,East,Proceeding Straight,Sideswipe,0,0,0,1,No Pedestrian Involved,POINT (-122.402380402 37.790968611),Other Motor Vehicle
56239,1.0,Driver,West,Proceeding Straight,Driver,North,Proceeding Straight,Broadside,0,0,0,1,No Pedestrian Involved,POINT (-122.500830596 37.764406141),Other Motor Vehicle
56240,1.0,Driver,South,Making Left Turn,Pedestrian,East,Proceeding Straight,Sideswipe,1,0,0,1,Crossing in Crosswalk at Intersection,POINT (-122.436376871 37.75196034),Pedestrian
56241,1.0,Driver,South,Backing,Driver,West,Stopped,Rear End,0,0,0,1,No Pedestrian Involved,POINT (-122.391420002 37.732374475),Other Motor Vehicle
56242,1.0,Driver,South,Making Left Turn,Pedestrian,East,Proceeding Straight,Vehicle/Pedestrian,1,0,0,1,Crossing Not in Crosswalk,POINT (-122.412779774 37.761598494),Pedestrian
56243,1.0,Driver,West,Making Right Turn,Driver,West,Making Right Turn,Sideswipe,0,0,0,1,No Pedestrian Involved,POINT (-122.413157691 37.77745742),Other Motor Vehicle
56244,1.0,Driver,North,Proceeding Straight,Driver,East,Proceeding Straight,Sideswipe,0,0,0,1,No Pedestrian Involved,POINT (-122.395843499 37.781321257),Not Stated
56245,1.0,Driver,North,Proceeding Straight,Bicyclist,South,Proceeding Straight,Sideswipe,0,1,0,1,No Pedestrian Involved,POINT (-122.415926191 37.760405859),Bicycle
56246,1.0,Driver,South,Proceeding Straight,Pedestrian,West,Proceeding Straight,Vehicle/Pedestrian,1,0,0,1,Crossing in Crosswalk at Intersection,POINT (-122.398617492 37.769390865),Pedestrian
56247,1.0,Bicyclist,East,Making Left Turn,Driver,West,Stopped,Not Stated,0,1,0,1,No Pedestrian Involved,POINT (-122.422187585 37.769286488),Bicycle
56248,1.0,Driver,North,Proceeding Straight,Driver,North,Proceeding Straight,Rear End,0,0,0,1,No Pedestrian Involved,POINT (-122.407806988 37.798653565),Other Motor Vehicle
56249,1.0,Driver,South,Stopped,Parked Vehicle,Not Stated,Parked,Other,0,0,0,1,No Pedestrian Involved,POINT (-122.419592048 37.801886416),Parked Motor Vehicle
56250,1.0,Driver,North,Proceeding Straight,Driver,West,Proceeding Straight,Broadside,0,0,0,1,No Pedestrian Involved,POINT (-122.454404021 37.765232927),Other Motor Vehicle
56251,1.0,Driver,East,Proceeding Straight,Driver,East,Stopped,Rear End,0,0,0,1,No Pedestrian Involved,POINT (-122.468563873 37.780822032),Other Motor Vehicle
56252,1.0,Bicyclist,West,Proceeding Straight,Driver,West,Parked,Other,0,0,0,1,No Pedestrian Involved,POINT (-122.402953219 37.783065436),Other Object
56253,1.0,Driver,East,Making Left Turn,Bicyclist,West,Proceeding Straight,Broadside,0,1,0,1,No Pedestrian Involved,POINT (-122.424918803 37.803205509),Bicycle
56254,1.0,Parked Vehicle,East,Other,Other,East,Proceeding Straight,Sideswipe,0,0,0,0,No Pedestrian Involved,POINT (-122.428701796 37.767602685),Other Motor Vehicle
56255,1.0,Driver,South,Proceeding Straight,Pedestrian,West,Proceeding Straight,Vehicle/Pedestrian,1,0,0,1,Crossing in Crosswalk at Intersection,POINT (-122.437260058 37.78080177),Pedestrian
56256,1.0,Bicyclist,North,Proceeding Straight,Driver,East,Making Right Turn,Broadside,0,1,0,1,No Pedestrian Involved,POINT (-122.423396762 37.771885644),Bicycle
56257,,Driver,East,Proceeding Straight,Driver,East,Stopped,Rear End,0,0,0,1,No Pedestrian Involved,POINT (-122.436672891 37.734040174),Motor Vehicle on Other Roadway
56258,1.0,Driver,East,Crossed Into Opposing Lane,Driver,West,Proceeding Straight,Head-On,0,0,0,1,No Pedestrian Involved,POINT (-122.394662353 37.749840324),Other Motor Vehicle
56259,1.0,Driver,South,Proceeding Straight,Unknown,Unknown,Unknown,Hit Object,0,0,0,1,No Pedestrian Involved,POINT (-122.365904786 37.811483329),Fixed Object
56260,1.0,Driver,South,Other,Driver,South,Making U Turn,Broadside,0,0,0,1,No Pedestrian Involved,POINT (-122.419273433 37.783567785),Other Motor Vehicle
56261,1.0,Driver,East,Entering Traffic,Driver,South,Proceeding Straight,Broadside,0,0,0,1,No Pedestrian Involved,POINT (-122.404561316 37.77766441),Other Motor Vehicle
56262,1.0,Driver,West,Changing Lanes,Parked Vehicle,West,Parked,Rear End,0,0,0,1,No Pedestrian Involved,POINT (-122.428335953 37.800758159),Parked Motor Vehicle
56263,1.0,Driver,East,Proceeding Straight,Parked Vehicle,East,Parked,Rear End,0,0,0,1,No Pedestrian Involved,POINT (-122.473427837 37.773062613),Parked Motor Vehicle
56264,1.0,Driver,East,Proceeding Straight,Driver,South,Proceeding Straight,Rear End,0,0,0,1,No Pedestrian Involved,POINT (-122.437847944 37.783717638),Other Motor Vehicle