party_id,party_at_fault,party1_type,party1_dir_of_travel,party1_move_pre_acc,party2_type,party2_dir_of_travel,party2_move_pre_acc,type_of_collision,involves_pedestrian,involves_bicycle,involves_motorcycle,involves_vehicle,ped_action,point,mviw
56265,1.0,Driver,North,Backing,Driver,East,Proceeding Straight,Broadside,0,0,0,1,No Pedestrian Involved,POINT (-122.419396373 37.712783242),Other Motor Vehicle
56266,1.0,Bicyclist,West,Proceeding Straight,Driver,East,Stopped,Head-On,0,1,0,1,No Pedestrian Involved,POINT (-122.416449123 37.786310219),Bicycle
56267,,Bicyclist,West,Proceeding Straight,Driver,North,Making Left Turn,Not Stated,0,1,0,1,No Pedestrian Involved,POINT (-122.412388813 37.778064703),Bicycle
56268,1.0,Driver,East,Proceeding Straight,Driver,East,Proceeding Straight,Not Stated,0,0,0,1,No Pedestrian Involved,POINT (-122.38758527 37.750263378),Not Stated
56269,1.0,Bicyclist,West,Other,Driver,South,Making Left Turn,Sideswipe,0,1,0,1,No Pedestrian Involved,POINT (-122.501881341 37.773633489),Bicycle
56270,1.0,Driver,West,Proceeding Straight,Driver,West,Proceeding Straight,Rear End,0,0,0,1,No Pedestrian Involved,POINT (-122.414806649 37.78651982),Other Motor Vehicle
56271,1.0,Pedestrian,South,Not Stated,Driver,South,Backing,Vehicle/Pedestrian,1,0,0,1,Crossing Not in Crosswalk,POINT (-122.41945773 37.746255826),Pedestrian
56272,1.0,Bicyclist,North,Proceeding Straight,Unknown,Unknown,Unknown,Other,0,0,0,0,No Pedestrian Involved,POINT (-122.416104162 37.773532376),Non-Collision
56273,1.0,Pedestrian,North,Proceeding Straight,Driver,East,Proceeding Straight,Vehicle/Pedestrian,1,0,0,1,Crossing in Crosswalk at Intersection,POINT (-122.47755664 37.739230933),Pedestrian
56274,1.0,Driver,West,Changing Lanes,Driver,West,Proceeding Straight,Sideswipe,0,0,0,1,No Pedestrian Involved,POINT (-122.40819763 37.797678745),Other Motor Vehicle
56275,1.0,Driver,North,Proceeding Straight,Driver,East,Proceeding Straight,Broadside,0,0,0,1,No Pedestrian Involved,POINT (-122.427437414 37.751704731),Other Motor Vehicle
56276,1.0,Driver,South,Proceeding Straight,Driver,South,Stopped,Rear End,0,0,0,1,No Pedestrian Involved,POINT (-122.405398674 37.789631598),Other Motor Vehicle
56277,1.0,Bicyclist,North,Proceeding Straight,Pedestrian,Not Stated,Stopped In Road,Other,1,0,0,0,Not in Road,POINT (-122.415241485 37.805417172),Not Stated
56278,1.0,Driver,West,Making Left Turn,Driver,South,Proceeding Straight,Not Stated,0,0,0,1,No Pedestrian Involved,POINT (-122.387174218 37.746157128),Other Motor Vehicle
56279,,Driver,North,Proceeding Straight,Driver,North,Changing Lanes,Sideswipe,1,0,0,1,Not Stated,POINT (-122.416291701 37.777493844),Other Motor Vehicle
56280,1.0,Driver,East,Making Right Turn,Driver,North,Proceeding Straight,Sideswipe,0,0,0,1,No Pedestrian Involved,POINT (-122.409938241 37.778416283),Other Motor Vehicle
56281,1.0,Driver,West,Proceeding Straight,Driver,West,Stopped,Rear End,0,0,0,1,No Pedestrian Involved,POINT (-122.410242438 37.789016337),Other Motor Vehicle
56282,,Other,Not Stated,Other,Driver,South,Making Left Turn,Vehicle/Pedestrian,1,0,0,1,No Pedestrian Involved,POINT (-122.399616233 37.780791483),Other Motor Vehicle
56283,1.0,Driver,West,Proceeding Straight,Pedestrian,Not Stated,Other,Vehicle/Pedestrian,1,0,0,1,"In Road, Including Shoulder",POINT (-122.389869878 37.727717782),Pedestrian
56284,1.0,Pedestrian,East,Proceeding Straight,Driver,North,Proceeding Straight,Vehicle/Pedestrian,1,0,0,1,Crossing Not in Crosswalk,POINT (-122.41030919 37.772714789),Pedestrian
56285,1.0,Driver,West,Backing,Unknown,Unknown,Unknown,Hit Object,0,0,0,1,No Pedestrian Involved,POINT (-122.385654971 37.760664203),Fixed Object
56286,1.0,Driver,North,Proceeding Straight,Parked Vehicle,Not Stated,Parked,Broadside,0,0,0,1,No Pedestrian Involved,POINT (-122.389237754 37.726415149),Parked Motor Vehicle
56287,1.0,Bicyclist,East,Proceeding Straight,Driver,West,Stopped,Head-On,0,1,0,1,No Pedestrian Involved,POINT (-122.411151632 37.768947219),Bicycle
56288,1.0,Driver,South,Making Right Turn,Driver,South,Proceeding Straight,Not Stated,0,0,0,1,No Pedestrian Involved,POINT (-122.421680449 37.742821174),Other Motor Vehicle
56289,1.0,Driver,East,Proceeding Straight,Driver,North,Proceeding Straight,Broadside,0,0,0,1,No Pedestrian Involved,POINT (-122.503880621 37.777287311),Other Motor Vehicle
56290,1.0,Driver,South,Making Left Turn,Driver,Not Stated,Stopped,Broadside,0,0,0,1,No Pedestrian Involved,POINT (-122.403945952 37.777173545),Other Motor Vehicle
56291,,Driver,Not Stated,Backing,Pedestrian,West,Other,Vehicle/Pedestrian,1,0,0,1,Not in Road,POINT (-122.431716678 37.780019078),Pedestrian
56292,1.0,Driver,East,Making Right Turn,Bicyclist,East,Proceeding Straight,Sideswipe,0,1,0,1,No Pedestrian Involved,POINT (-122.411084649 37.787950762),Bicycle
56293,1.0,Driver,South,Proceeding Straight,Driver,South,Proceeding Straight,Rear End,0,0,0,1,No Pedestrian Involved,POINT (-122.39318094 37.78626215),Other Motor Vehicle
56294,1.0,Driver,South,Proceeding Straight,Driver,South,Slowing/Stopping,Rear End,0,0,0,1,No Pedestrian Involved,POINT (-122.477073883 37.763130138),Motor Vehicle on Other Roadway
56295,1.0,Bicyclist,South,Proceeding Straight,Driver,East,Proceeding Straight,Broadside,0,1,0,1,No Pedestrian Involved,POINT (-122.395615719 37.722314121),Bicycle
56296,1.0,Driver,East,Proceeding Straight,Driver,North,Proceeding Straight,Broadside,0,0,0,1,No Pedestrian Involved,POINT (-122.43111529 37.800469218),Other Motor Vehicle
56297,1.0,Bicyclist,North,Making Left Turn,Other,South,Proceeding Straight,Other,0,1,0,0,No Pedestrian Involved,POINT (-122.422229369 37.773151744),Bicycle
56298,1.0,Pedestrian,North,Proceeding Straight,Driver,West,Proceeding Straight,Vehicle/Pedestrian,1,0,0,1,Crossing Not in Crosswalk,POINT (-122.43084576 37.797679736),Pedestrian
56299,1.0,Driver,North,Proceeding Straight,Driver,West,Proceeding Straight,Rear End,0,0,0,1,No Pedestrian Involved,POINT (-122.426911706 37.725151044),Other Motor Vehicle
56300,,Driver,East,Making U Turn,Driver,West,Proceeding Straight,Broadside,0,0,0,1,No Pedestrian Involved,POINT (-122.433784546 37.780286694),Other Motor Vehicle
56301,1.0,Other,West,Making Left Turn,Other,West,Parked,Sideswipe,0,0,0,0,No Pedestrian Involved,POINT (-122.398512901 37.775518157),Parked Motor Vehicle
56302,1.0,Parked Vehicle,North,Parked,Bicyclist,North,Proceeding Straight,Other,0,1,0,0,No Pedestrian Involved,POINT (-122.41534748 37.776838595),Bicycle
56303,1.0,Driver,West,Making Left Turn,Pedestrian,North,Proceeding Straight,Vehicle/Pedestrian,1,0,0,1,Crossing in Crosswalk at Intersection,POINT (-122.436046173 37.799842953),Pedestrian
56304,1.0,Driver,North,Making Right Turn,Driver,West,Making U Turn,Broadside,0,0,0,1,No Pedestrian Involved,POINT (-122.436176464 37.714209484),Other Motor Vehicle
56305,1.0,Driver,North,Proceeding Straight,Driver,South,Stopped,Head-On,0,0,0,1,No Pedestrian Involved,POINT (-122.401843274 37.779032134),Other Motor Vehicle
56306,1.0,Bicyclist,West,Proceeding Straight,Driver,South,Proceeding Straight,Broadside,0,1,0,1,No Pedestrian Involved,POINT (-122.453249123 37.709166873),Bicycle
56307,1.0,Driver,West,Proceeding Straight,Pedestrian,South,Proceeding Straight,Vehicle/Pedestrian,1,0,0,1,Crossing in Crosswalk at Intersection,POINT (-122.475613626 37.77296241),Pedestrian
56308,1.0,Driver,North,Stopped,Bicyclist,North,Proceeding Straight,Sideswipe,0,1,0,1,No Pedestrian Involved,POINT (-122.398950057 37.800498932),Bicycle
56309,2.0,Driver,South,Making Left Turn,Other,East,Traveling Wrong Way,Head-On,0,0,0,1,No Pedestrian Involved,POINT (-122.416827154 37.78817789),Not Stated
56310,1.0,Driver,West,Proceeding Straight,Driver,West,Slowing/Stopping,Sideswipe,0,0,0,1,No Pedestrian Involved,POINT (-122.417391336 37.790973192),Other Motor Vehicle
56311,1.0,Bicyclist,East,Changing Lanes,Driver,East,Proceeding Straight,Rear End,0,1,0,1,No Pedestrian Involved,POINT (-122.408435752 37.788288834),Bicycle
56312,1.0,Other,East,Proceeding Straight,Parked Vehicle,North,Parked,Hit Object,0,0,0,0,No Pedestrian Involved,POINT (-122.437045567 37.804359123),Parked Motor Vehicle
56313,1.0,Driver,South,Proceeding Straight,Driver,West,Proceeding Straight,Broadside,0,0,0,1,No Pedestrian Involved,POINT (-122.416719594 37.757166643),Other Motor Vehicle
56314,1.0,Driver,North,Proceeding Straight,Unknown,Unknown,Unknown,Hit Object,0,0,0,1,No Pedestrian Involved,POINT (-122.398877379 37.776665673),Fixed Object
56315,1.0,Driver,East,Making Left Turn,Pedestrian,South,Proceeding Straight,Vehicle/Pedestrian,1,0,0,1,Crossing in Crosswalk at Intersection,POINT (-122.500830596 37.764406141),Pedestrian
56316,,Bicyclist,North,Proceeding Straight,Other,East,Proceeding Straight,Broadside,0,0,0,0,No Pedestrian Involved,POINT (-122.40115972 37.782024267),Not Stated
56317,1.0,Pedestrian,East,Proceeding Straight,Driver,North,Proceeding Straight,Vehicle/Pedestrian,1,0,0,1,Crossing Not in Crosswalk,POINT (-122.385834539 37.739609016),Pedestrian
56318,1.0,Bicyclist,East,Proceeding Straight,Unknown,Unknown,Unknown,Sideswipe,0,0,0,0,No Pedestrian Involved,POINT (-122.416858307 37.806168149),Fixed Object
56319,1.0,Driver,North,Proceeding Straight,Unknown,Unknown,Unknown,Other,0,0,0,1,No Pedestrian Involved,POINT (-122.445547859 37.77120703),Non-Collision
56320,1.0,Driver,East,Entering Traffic,Pedestrian,North,Proceeding Straight,Vehicle/Pedestrian,1,0,0,1,Not in Road,POINT (-122.405607548 37.732438658),Pedestrian
56321,1.0,Driver,West,Making Right Turn,Driver,North,Proceeding Straight,Sideswipe,0,0,0,1,No Pedestrian Involved,POINT (-122.444545256 37.7161662),Other Motor Vehicle
56322,1.0,Driver,South,Making Left Turn,Unknown,Unknown,Unknown,Hit Object,0,0,0,1,No Pedestrian Involved,POINT (-122.448419526 37.721331328),Fixed Object
56323,1.0,Pedestrian,North,Not Stated,Driver,West,Proceeding Straight,Vehicle/Pedestrian,1,0,0,1,Crossing Not in Crosswalk,POINT (-122.412638723 37.784884439),Pedestrian
56324,1.0,Driver,East,Backing,Bicyclist,South,Proceeding Straight,Broadside,0,1,0,1,No Pedestrian Involved,POINT (-122.426212735 37.763775915),Bicycle
56325,1.0,Driver,North,Making Right Turn,Other,North,Proceeding Straight,Sideswipe,0,0,0,1,No Pedestrian Involved,POINT (-122.444156695 37.71631863),Other Motor Vehicle
56326,1.0,Driver,West,Proceeding Straight,Unknown,Unknown,Unknown,Overturned,0,0,0,1,No Pedestrian Involved,POINT (-122.432264914 37.789106553),Non-Collision
56327,,Driver,South,Making Left Turn,Driver,North,Proceeding Straight,Broadside,0,0,0,1,No Pedestrian Involved,POINT (-122.433074471 37.764195713),Other Motor Vehicle
56328,1.0,Driver,West,Parking Maneuver,Pedestrian,East,Stopped,Vehicle/Pedestrian,1,0,0,1,Not in Road,POINT (-122.396272842 37.72098153),Pedestrian
56329,1.0,Bicyclist,West,Proceeding Straight,Driver,South,Proceeding Straight,Broadside,0,1,0,1,No Pedestrian Involved,POINT (-122.415908178 37.77527206),Bicycle
56330,1.0,Driver,South,Proceeding Straight,Unknown,Unknown,Unknown,Sideswipe,0,0,0,1,No Pedestrian Involved,POINT (-122.469276484 37.709288434),Parked Motor Vehicle
56331,,Driver,North,Making Left Turn,Pedestrian,South,Proceeding Straight,Vehicle/Pedestrian,1,0,0,1,Crossing in Crosswalk at Intersection,POINT (-122.415308388 37.765314639),Pedestrian
56332,1.0,Pedestrian,North,Not Stated,Driver,West,Proceeding Straight,Vehicle/Pedestrian,1,0,0,1,Crossing Not in Crosswalk,POINT (-122.403876127 37.777426079),Pedestrian
56333,1.0,Driver,North,Proceeding Straight,Driver,North,Stopped,Rear End,0,0,0,1,No Pedestrian Involved,POINT (-122.40392686 37.805385811),Other Motor Vehicle
56334,1.0,Driver,North,Proceeding Straight,Unknown,Unknown,Unknown,Other,0,0,0,1,No Pedestrian Involved,,Not Stated
56335,1.0,Driver,East,Proceeding Straight,Driver,East,Stopped,Rear End,0,0,0,1,No Pedestrian Involved,POINT (-122.39805994 37.77956691),Other Motor Vehicle
56336,1.0,Driver,North,Making Right Turn,Bicyclist,North,Proceeding Straight,Sideswipe,0,1,0,1,No Pedestrian Involved,POINT (-122.424147154 37.73986923),Bicycle
56337,1.0,Bicyclist,West,Proceeding Straight,Pedestrian,North,Proceeding Straight,Broadside,1,0,0,0,Crossing in Crosswalk at Intersection,POINT (-122.447303265 37.805149965),Pedestrian
56338,1.0,Driver,West,Proceeding Straight,Other,North,Proceeding Straight,Head-On,0,1,0,1,No Pedestrian Involved,POINT (-122.412479935 37.770629854),Bicycle
56339,1.0,Driver,East,Proceeding Straight,Pedestrian,Not Stated,Other,Vehicle/Pedestrian,1,0,0,1,Not in Road,POINT (-122.42019618 37.783450965),Pedestrian
56340,1.0,Driver,East,Traveling Wrong Way,Parked Vehicle,West,Parked,Head-On,0,0,0,1,No Pedestrian Involved,POINT (-122.39618054 37.719983205),Parked Motor Vehicle
56341,,Driver,West,Proceeding Straight,Parked Vehicle,West,Parked,Overturned,0,0,0,1,No Pedestrian Involved,POINT (-122.410076847 37.772526444),Parked Motor Vehicle
56342,1.0,Driver,West,Making Right Turn,Pedestrian,Not Stated,Not Stated,Vehicle/Pedestrian,1,0,0,1,Not In Road,POINT (-122.370157958 37.728791687),Pedestrian
56343,1.0,Driver,East,Proceeding Straight,Driver,South,Proceeding Straight,Broadside,0,0,0,1,No Pedestrian Involved,POINT (-122.432328982 37.781428371),Motor Vehicle on Other Roadway
56344,,Driver,South,Making Left Turn,Driver,West,Proceeding Straight,Broadside,0,0,0,1,No Pedestrian Involved,POINT (-122.437457536 37.731589795),Other Motor Vehicle
56345,1.0,Driver,North,Proceeding Straight,Driver,West,Proceeding Straight,Broadside,0,0,0,1,No Pedestrian Involved,POINT (-122.419841317 37.758584926),Not Stated
56346,1.0,Driver,East,Proceeding Straight,Driver,South,Proceeding Straight,Sideswipe,0,0,0,1,No Pedestrian Involved,POINT (-122.399958736 37.793209101),Other Motor Vehicle
56347,1.0,Driver,North,Proceeding Straight,Driver,East,Proceeding Straight,Head-On,0,0,0,1,No Pedestrian Involved,POINT (-122.435566847 37.716523889),Other Motor Vehicle
56348,1.0,Driver,South,Making Left Turn,Pedestrian,East,Proceeding Straight,Vehicle/Pedestrian,1,0,0,1,Crossing in Crosswalk at Intersection,POINT (-122.424102684 37.764783452),Pedestrian
56349,1.0,Driver,East,Proceeding Straight,Driver,East,Stopped,Rear End,0,0,0,1,No Pedestrian Involved,POINT (-122.472843131 37.717585194),Other Motor Vehicle
56350,1.0,Driver,East,Making U Turn,Driver,South,Proceeding Straight,Broadside,0,0,0,1,No Pedestrian Involved,POINT (-122.407388294 37.764132035),Other Motor Vehicle
56351,1.0,Driver,North,Proceeding Straight,Driver,North,Proceeding Straight,Rear End,0,0,0,1,No Pedestrian Involved,POINT (-122.399144948 37.800842273),Motor Vehicle on Other Roadway
56352,1.0,Driver,South,Proceeding Straight,Unknown,Unknown,Unknown,Sideswipe,0,0,0,1,No Pedestrian Involved,POINT (-122.442731735 37.774245054),Parked Motor Vehicle
56353,1.0,Driver,South,Proceeding Straight,Parked Vehicle,South,Parked,Sideswipe,0,0,0,1,No Pedestrian Involved,POINT (-122.456535376 37.725120547),Parked Motor Vehicle
56354,1.0,Other,North,Proceeding Straight,Pedestrian,West,Proceeding Straight,Other,1,0,0,0,Not in Road,POINT (-122.41903571 37.758454524),Pedestrian
56355,1.0,Bicyclist,East,Stopped,Unknown,Unknown,Unknown,Overturned,0,0,0,0,No Pedestrian Involved,POINT (-122.496834943 37.75334282),Non-Collision
56356,1.0,Driver,North,Proceeding Straight,Bicyclist,East,Proceeding Straight,Broadside,0,1,0,1,No Pedestrian Involved,POINT (-122.403527035 37.764722871),Bicycle
56357,,Driver,East,Proceeding Straight,Driver,Not Stated,Proceeding Straight,Head-On,0,0,0,1,No Pedestrian Involved,POINT (-122.405181013 37.804801173),Other Motor Vehicle
56358,1.0,Driver,South,Proceeding Straight,Driver,North,Proceeding Straight,Broadside,0,0,0,1,No Pedestrian Involved,POINT (-122.471569341 37.734706811),Other Motor Vehicle
56359,1.0,Driver,South,Proceeding Straight,Driver,Not Stated,Proceeding Straight,Broadside,0,0,0,1,No Pedestrian Involved,POINT (-122.441317765 37.718634056),Other Motor Vehicle
56360,1.0,Driver,West,Proceeding Straight,Driver,South,Proceeding Straight,Broadside,0,0,0,1,No Pedestrian Involved,POINT (-122.420247184 37.780074697),Other Motor Vehicle
56361,1.0,Driver,East,Other,Driver,East,Proceeding Straight,Sideswipe,0,0,0,1,No Pedestrian Involved,POINT (-122.408766912 37.776015055),Other Motor Vehicle
56362,,Driver,East,Making Right Turn,Pedestrian,South,Entering Traffic,Vehicle/Pedestrian,1,0,0,1,Not Stated,POINT (-122.401274343 37.799527168),Not Stated
56363,1.0,Driver,East,Backing,Parked Vehicle,Not Stated,Parked,Hit Object,0,0,0,1,No Pedestrian Involved,POINT (-122.447766878 37.731505617),Fixed Object
56364,1.0,Driver,South,Making Right Turn,Other,East,Proceeding Straight,Broadside,0,0,0,1,No Pedestrian Involved,POINT (-122.414387601 37.755699464),Pedestrian
56365,1.0,Driver,East,Proceeding Straight,Driver,North,Stopped,Head-On,0,0,0,1,No Pedestrian Involved,POINT (-122.412611408 37.784887904),Not Stated
56366,1.0,Driver,North,Making Left Turn,Driver,East,Proceeding Straight,Broadside,0,0,0,1,No Pedestrian Involved,POINT (-122.481785355 37.771888004),Motor Vehicle on Other Roadway
56367,1.0,Driver,East,Making Left Turn,Driver,West,Proceeding Straight,Broadside,0,0,0,1,No Pedestrian Involved,POINT (-122.426309439 37.769602597),Other Motor Vehicle
56368,,Bicyclist,East,Proceeding Straight,Unknown,Unknown,Unknown,Other,0,0,0,0,No Pedestrian Involved,POINT (-122.440051933 37.77279964),Other Object
56369,1.0,Driver,North,Entering Traffic,Driver,West,Proceeding Straight,Broadside,0,0,0,1,No Pedestrian Involved,POINT (-122.434557721 37.792471637),Other Motor Vehicle
56370,1.0,Bicyclist,West,Entering Traffic,Driver,North,Proceeding Straight,Broadside,0,1,0,1,No Pedestrian Involved,POINT (-122.401973427 37.80407225),Bicycle
56371,1.0,Driver,West,Making Left Turn,Driver,West,Proceeding Straight,Sideswipe,0,0,0,1,No Pedestrian Involved,POINT (-122.411394404 37.730607897),Other Motor Vehicle
56372,1.0,Driver,North,Proceeding Straight,Pedestrian,West,Proceeding Straight,Vehicle/Pedestrian,1,0,0,1,Crossing in Crosswalk at Intersection,POINT (-122.40202542 37.786248152),Pedestrian
56373,1.0,Driver,South,Making Right Turn,Driver,West,Proceeding Straight,Sideswipe,0,0,0,1,No Pedestrian Involved,POINT (-122.445402197 37.787438165),Other Motor Vehicle
56374,1.0,Driver,Not Stated,Proceeding Straight,Driver,North,Stopped In Road,Broadside,0,0,0,1,No Pedestrian Involved,POINT (-122.418908045 37.806863031),Other Motor Vehicle
56375,1.0,Driver,South,Making Left Turn,Pedestrian,East,Proceeding Straight,Vehicle/Pedestrian,1,0,0,1,Crossing in Crosswalk at Intersection,POINT (-122.426477852 37.753359553),Animal
56376,1.0,Driver,South,Proceeding Straight,Unknown,Unknown,Unknown,Hit Object,0,0,0,1,No Pedestrian Involved,POINT (-122.424170564 37.799484532),Fixed Object
56377,1.0,Driver,West,Proceeding Straight,Pedestrian,West,Not Stated,Vehicle/Pedestrian,1,0,0,1,"In Road, Including Shoulder",POINT (-122.38456957 37.736956951),Animal
56378,1.0,Driver,North,Changing Lanes,Driver,North,Proceeding Straight,Sideswipe,0,0,0,1,No Pedestrian Involved,POINT (-122.408007203 37.76924401),Other Motor Vehicle
56379,1.0,Driver,West,Proceeding Straight,Driver,North,Making Left Turn,Sideswipe,0,0,0,1,No Pedestrian Involved,POINT (-122.442647897 37.79900005),Other Motor Vehicle
56380,1.0,Pedestrian,North,Proceeding Straight,Driver,South,Making Left Turn,Vehicle/Pedestrian,1,0,0,1,Not Stated,POINT (-122.404266873 37.784478745),Pedestrian
56381,1.0,Driver,East,Proceeding Straight,Parked Vehicle,East,Parked,Overturned,0,0,0,1,No Pedestrian Involved,POINT (-122.43569675 37.773352502),Parked Motor Vehicle
56382,,Driver,East,Proceeding Straight,Unknown,Unknown,Unknown,Hit Object,0,0,0,1,No Pedestrian Involved,POINT (-122.461327328 37.729350756),Fixed Object
56383,1.0,Bicyclist,South,Traveling Wrong Way,Driver,North,Entering Traffic,Head-On,0,1,0,1,No Pedestrian Involved,POINT (-122.405171159 37.796346246),Bicycle
56384,1.0,Other,North,Proceeding Straight,Unknown,Unknown,Unknown,Other,0,0,0,0,No Pedestrian Involved,POINT (-122.419364168 37.784029116),Other Object
56385,1.0,Driver,East,Proceeding Straight,Pedestrian,North,Proceeding Straight,Vehicle/Pedestrian,1,0,0,1,Crossing in Crosswalk at Intersection,POINT (-122.403751609 37.769786925),Pedestrian
56386,1.0,Pedestrian,Not Stated,Stopped,Driver,West,Proceeding Straight,Vehicle/Pedestrian,1,0,0,1,"In Road, Including Shoulder",POINT (-122.416786219 37.778672517),Pedestrian
56387,1.0,Driver,South,Changing Lanes,Driver,South,Stopped,Sideswipe,0,0,0,1,No Pedestrian Involved,POINT (-122.388556399 37.760491009),Other Motor Vehicle
56388,1.0,Driver,West,Proceeding Straight,Driver,West,Stopped,Rear End,0,0,0,1,No Pedestrian Involved,POINT (-122.417135215 37.755534039),Other Motor Vehicle
56389,1.0,Driver,South,Proceeding Straight,Driver,South,Making Left Turn,Sideswipe,0,0,0,1,No Pedestrian Involved,POINT (-122.416897987 37.771726275),Other Motor Vehicle
56390,1.0,Driver,South,Making Left Turn,Driver,North,Proceeding Straight,Not Stated,0,0,0,1,No Pedestrian Involved,POINT (-122.432648623 37.774692661),Other Motor Vehicle
56391,,Driver,West,Proceeding Straight,Driver,West,Proceeding Straight,Other,0,0,0,1,No Pedestrian Involved,POINT (-122.43667895 37.731538395),Other Motor Vehicle
56392,1.0,Driver,West,Making U Turn,Driver,West,Proceeding Straight,Broadside,0,0,0,1,No Pedestrian Involved,POINT (-122.400478912 37.766207088),Other Motor Vehicle
56393,1.0,Driver,East,Making Left Turn,Unknown,Unknown,Unknown,Hit Object,0,0,0,1,No Pedestrian Involved,POINT (-122.388779436 37.786898679),Fixed Object
56394,1.0,Driver,West,Making Left Turn,Driver,North,Proceeding Straight,Sideswipe,0,0,0,1,No Pedestrian Involved,POINT (-122.397385539 37.782553593),Other Motor Vehicle
56395,1.0,Other,East,Proceeding Straight,Driver,North,Proceeding Straight,Sideswipe,0,0,0,1,No Pedestrian Involved,POINT (-122.414817624 37.786574124),Other Motor Vehicle
56396,1.0,Driver,South,Changing Lanes,Driver,South,Proceeding Straight,Sideswipe,0,0,0,1,No Pedestrian Involved,POINT (-122.426926644 37.733135942),Other Motor Vehicle
56397,1.0,Pedestrian,South,Proceeding Straight,Driver,South,Changing Lanes,Sideswipe,1,0,0,1,No Pedestrian Involved,POINT (-122.406028532 37.797421728),Other Object
56398,1.0,Driver,West,Making Right Turn,Pedestrian,North,Proceeding Straight,Vehicle/Pedestrian,1,0,0,1,Crossing in Crosswalk at Intersection,POINT (-122.423413055 37.795737109),Pedestrian
56399,1.0,Driver,South,Proceeding Straight,Driver,South,Proceeding Straight,Rear End,0,0,0,1,No Pedestrian Involved,POINT (-122.422797906 37.741093385),Other Motor Vehicle
56400,1.0,Pedestrian,Not Stated,Stopped,Driver,West,Proceeding Straight,Vehicle/Pedestrian,1,0,0,1,"In Road, Including Shoulder",POINT (-122.417876921 37.752271366),Pedestrian
56401,1.0,Driver,East,Parking Maneuver,Pedestrian,Not Stated,Proceeding Straight,Vehicle/Pedestrian,1,0,0,1,Not Stated,POINT (-122.414192257 37.786598215),Pedestrian
56402,2.0,Driver,East,Proceeding Straight,Driver,East,Merging,Broadside,0,0,0,1,No Pedestrian Involved,POINT (-122.437710689 37.783657391),Other Motor Vehicle
56403,1.0,Bicyclist,East,Proceeding Straight,Driver,South,Making Left Turn,Broadside,0,1,0,1,No Pedestrian Involved,POINT (-122.448410648 37.721396869),Bicycle
56404,1.0,Driver,North,Making Right Turn,Driver,South,Proceeding Straight,Head-On,0,0,0,1,No Pedestrian Involved,POINT (-122.413157691 37.77745742),Other Motor Vehicle
56405,1.0,Bicyclist,West,Proceeding Straight,Driver,South,Proceeding Straight,Broadside,0,1,0,1,No Pedestrian Involved,POINT (-122.405831011 37.785743988),Bicycle
56406,1.0,Driver,East,Proceeding Straight,Parked Vehicle,East,Parked,Overturned,0,0,0,1,No Pedestrian Involved,POINT (-122.419320198 37.804899006),Parked Motor Vehicle
56407,1.0,Driver,East,Parking Maneuver,Parked Vehicle,West,Parked,Rear End,0,0,0,1,No Pedestrian Involved,POINT (-122.466991015 37.739723499),Parked Motor Vehicle
56408,1.0,Driver,South,Proceeding Straight,Unknown,Unknown,Unknown,Head-On,0,0,0,1,No Pedestrian Involved,POINT (-122.405626953 37.748971046),Fixed Object
56409,1.0,Driver,West,Making Left Turn,Driver,North,Proceeding Straight,Broadside,0,0,0,1,No Pedestrian Involved,POINT (-122.415842924 37.808965883),Other Motor Vehicle
56410,1.0,Driver,North,Traveling Wrong Way,Parked Vehicle,South,Not Stated,Head-On,0,0,0,1,No Pedestrian Involved,POINT (-122.48472544 37.779996658),Other Motor Vehicle
56411,1.0,Driver,West,Proceeding Straight,Driver,West,Stopped,Rear End,1,0,0,1,Crossing in Crosswalk at Intersection,POINT (-122.412649657 37.792552336),Other Motor Vehicle
56412,1.0,Driver,North,Proceeding Straight,Driver,North,Stopped,Rear End,0,0,0,1,No Pedestrian Involved,POINT (-122.425729392 37.758190672),Other Motor Vehicle
56413,1.0,Driver,Not Stated,Proceeding Straight,Driver,South,Proceeding Straight,Broadside,0,0,0,1,No Pedestrian Involved,POINT (-122.418598509 37.780260133),Other Motor Vehicle
56414,1.0,Driver,South,Making Right Turn,Bicyclist,South,Proceeding Straight,Broadside,0,1,0,1,No Pedestrian Involved,POINT (-122.402840618 37.779828524),Bicycle
56415,1.0,Driver,West,Making Right Turn,Pedestrian,North,Proceeding Straight,Vehicle/Pedestrian,1,0,0,1,Crossing in Crosswalk at Intersection,POINT (-122.442564963 37.714660619),Pedestrian
56416,1.0,Driver,South,Making U Turn,Driver,East,Proceeding Straight,Broadside,0,0,0,1,No Pedestrian Involved,POINT (-122.396530638 37.778326832),Other Motor Vehicle
56417,1.0,Driver,West,Making Left Turn,Pedestrian,South,Other,Not Stated,1,0,0,1,Crossing in Crosswalk at Intersection,POINT (-122.498911424 37.751378104),Pedestrian
56418,1.0,Driver,West,Making Right Turn,Pedestrian,South,Proceeding Straight,Vehicle/Pedestrian,1,0,0,1,Crossing in Crosswalk at Intersection,POINT (-122.390698494 37.762925747),Pedestrian
56419,,Driver,East,Not Stated,Driver,East,Not Stated,Sideswipe,0,0,0,1,No Pedestrian Involved,POINT (-122.394492267 37.746411662),Other Motor Vehicle
56420,1.0,Other,West,Proceeding Straight,Driver,South,Proceeding Straight,Broadside,0,0,0,1,No Pedestrian Involved,POINT (-122.430998943 37.783490104),Other Motor Vehicle